/*******************************************************************************
 * Size: 24 px
 * Bpp: 4
 * Opts: undefined
 ******************************************************************************/

#ifdef LV_LVGL_H_INCLUDE_SIMPLE
#include "lvgl.h"
#else
#include "lvgl.h"
#endif

#ifndef LV_FONT_MEDIUM_24
#define LV_FONT_MEDIUM_24 1
#endif

#if LV_FONT_MEDIUM_24

/*-----------------
 *    BITMAPS
 *----------------*/

/*Store the image of the glyphs*/
static LV_ATTRIBUTE_LARGE_CONST const uint8_t glyph_bitmap[] = {
    /* U+0021 "!" */
    0x4f, 0xf8, 0x3f, 0xf7, 0x3f, 0xf7, 0x2f, 0xf6,
    0x2f, 0xf6, 0x1f, 0xf5, 0xf, 0xf4, 0xf, 0xf4,
    0xf, 0xf3, 0xf, 0xf2, 0xe, 0xf2, 0xd, 0xf1,
    0xb, 0xe0, 0x0, 0x0, 0x2e, 0xf5, 0xaf, 0xfe,
    0x9f, 0xfe, 0x2d, 0xe4,

    /* U+0022 "\"" */
    0xdf, 0xf0, 0x9, 0xff, 0x4d, 0xff, 0x0, 0x9f,
    0xf3, 0xcf, 0xe0, 0x8, 0xff, 0x3b, 0xfd, 0x0,
    0x7f, 0xf2, 0x9f, 0xc0, 0x5, 0xff, 0x8, 0xfa,
    0x0, 0x3f, 0xe0, 0x6f, 0x80, 0x1, 0xfc, 0x3,
    0xd5, 0x0, 0xd, 0x90,

    /* U+0023 "#" */
    0x0, 0x0, 0x8f, 0x20, 0x7, 0xf3, 0x0, 0x0,
    0xa, 0xf0, 0x0, 0xaf, 0x10, 0x0, 0x0, 0xde,
    0x0, 0xc, 0xf0, 0x0, 0x0, 0xf, 0xb0, 0x0,
    0xec, 0x0, 0x8, 0xff, 0xff, 0xff, 0xff, 0xff,
    0xe0, 0x7f, 0xff, 0xff, 0xff, 0xff, 0xfd, 0x0,
    0x5, 0xf5, 0x0, 0x4f, 0x70, 0x0, 0x0, 0x7f,
    0x40, 0x6, 0xf5, 0x0, 0x0, 0x9, 0xf2, 0x0,
    0x8f, 0x30, 0x0, 0x0, 0xaf, 0x0, 0xa, 0xf1,
    0x0, 0xe, 0xef, 0xfe, 0xee, 0xff, 0xee, 0x41,
    0xff, 0xff, 0xff, 0xff, 0xff, 0xf5, 0x0, 0xf,
    0xb0, 0x0, 0xfc, 0x0, 0x0, 0x1, 0xf9, 0x0,
    0x1f, 0xa0, 0x0, 0x0, 0x3f, 0x70, 0x2, 0xf8,
    0x0, 0x0, 0x5, 0xf6, 0x0, 0x4f, 0x70, 0x0,
    0x0, 0x6f, 0x40, 0x6, 0xf5, 0x0, 0x0, 0x8,
    0xf2, 0x0, 0x8f, 0x30, 0x0,

    /* U+0024 "$" */
    0x0, 0x0, 0xf, 0xe0, 0x0, 0x0, 0x0, 0x0,
    0xf, 0xe0, 0x0, 0x0, 0x0, 0x0, 0x1f, 0xe1,
    0x0, 0x0, 0x0, 0x1a, 0xff, 0xff, 0xb2, 0x0,
    0x1, 0xdf, 0xff, 0xff, 0xff, 0x40, 0x9, 0xff,
    0xa3, 0x25, 0xdf, 0x40, 0xe, 0xfd, 0x0, 0x0,
    0x14, 0x0, 0xf, 0xfa, 0x0, 0x0, 0x0, 0x0,
    0xf, 0xfd, 0x0, 0x0, 0x0, 0x0, 0xa, 0xff,
    0xa0, 0x0, 0x0, 0x0, 0x1, 0xef, 0xfe, 0x60,
    0x0, 0x0, 0x0, 0x2c, 0xff, 0xfd, 0x40, 0x0,
    0x0, 0x0, 0x6e, 0xff, 0xf8, 0x0, 0x0, 0x0,
    0x0, 0x8f, 0xff, 0x50, 0x0, 0x0, 0x0, 0x5,
    0xff, 0xc0, 0x0, 0x0, 0x0, 0x0, 0xcf, 0xf0,
    0x0, 0x0, 0x0, 0x0, 0xaf, 0xf0, 0x8, 0x20,
    0x0, 0x0, 0xdf, 0xe0, 0x5f, 0xf9, 0x31, 0x3b,
    0xff, 0x80, 0x4e, 0xff, 0xff, 0xff, 0xfd, 0x0,
    0x1, 0x8e, 0xff, 0xff, 0x90, 0x0, 0x0, 0x0,
    0x3f, 0xe0, 0x0, 0x0, 0x0, 0x0, 0xf, 0xe0,
    0x0, 0x0, 0x0, 0x0, 0xf, 0xe0, 0x0, 0x0,

    /* U+0025 "%" */
    0x0, 0x2b, 0xff, 0xb2, 0x0, 0x0, 0x0, 0x1f,
    0xb0, 0x0, 0x0, 0x1, 0xef, 0xdd, 0xfe, 0x10,
    0x0, 0x0, 0x9f, 0x20, 0x0, 0x0, 0xa, 0xf9,
    0x0, 0x9f, 0x90, 0x0, 0x2, 0xf9, 0x0, 0x0,
    0x0, 0xe, 0xf1, 0x0, 0x1f, 0xe0, 0x0, 0xa,
    0xf1, 0x0, 0x0, 0x0, 0x1f, 0xe0, 0x0, 0xe,
    0xf1, 0x0, 0x3f, 0x80, 0x0, 0x0, 0x0, 0x1f,
    0xe0, 0x0, 0xe, 0xf1, 0x0, 0xbf, 0x10, 0x0,
    0x0, 0x0, 0xf, 0xf0, 0x0, 0xf, 0xf0, 0x4,
    0xf7, 0x1, 0x8a, 0x82, 0x0, 0xd, 0xf4, 0x0,
    0x4f, 0xd0, 0xc, 0xe0, 0x3e, 0xff, 0xff, 0x40,
    0x7, 0xfd, 0x22, 0xdf, 0x70, 0x5f, 0x60, 0xdf,
    0x81, 0x6f, 0xe0, 0x0, 0xbf, 0xff, 0xfb, 0x0,
    0xdd, 0x3, 0xfd, 0x0, 0xb, 0xf5, 0x0, 0x5,
    0x99, 0x50, 0x6, 0xf5, 0x7, 0xf8, 0x0, 0x7,
    0xf8, 0x0, 0x0, 0x0, 0x0, 0xe, 0xc0, 0x8,
    0xf7, 0x0, 0x5, 0xfa, 0x0, 0x0, 0x0, 0x0,
    0x8f, 0x40, 0x8, 0xf7, 0x0, 0x5, 0xfa, 0x0,
    0x0, 0x0, 0x1, 0xfb, 0x0, 0x7, 0xf8, 0x0,
    0x6, 0xf9, 0x0, 0x0, 0x0, 0x9, 0xf2, 0x0,
    0x4, 0xfb, 0x0, 0xa, 0xf6, 0x0, 0x0, 0x0,
    0x2f, 0xa0, 0x0, 0x0, 0xef, 0x40, 0x3f, 0xf1,
    0x0, 0x0, 0x0, 0xaf, 0x20, 0x0, 0x0, 0x5f,
    0xfc, 0xff, 0x70, 0x0, 0x0, 0x3, 0xf9, 0x0,
    0x0, 0x0, 0x5, 0xdf, 0xd6, 0x0,

    /* U+0026 "&" */
    0x0, 0x0, 0x19, 0xef, 0xd6, 0x0, 0x0, 0x0,
    0x0, 0x0, 0x1d, 0xff, 0xff, 0xf7, 0x0, 0x0,
    0x0, 0x0, 0x8, 0xff, 0x40, 0x8f, 0xf0, 0x0,
    0x0, 0x0, 0x0, 0xdf, 0x90, 0x1, 0xff, 0x10,
    0x0, 0x0, 0x0, 0xe, 0xf7, 0x0, 0x3f, 0xf0,
    0x0, 0x0, 0x0, 0x0, 0xcf, 0x80, 0xb, 0xf9,
    0x0, 0x0, 0x0, 0x0, 0x7, 0xfd, 0xb, 0xfc,
    0x0, 0x0, 0x0, 0x0, 0x0, 0x1f, 0xfe, 0xfb,
    0x0, 0x0, 0x0, 0x0, 0x0, 0x4, 0xff, 0xf8,
    0x0, 0x0, 0x4, 0xdd, 0x20, 0x7, 0xff, 0xff,
    0xd0, 0x0, 0x0, 0xbf, 0xc0, 0x5, 0xff, 0xb4,
    0xff, 0xb0, 0x0, 0x2f, 0xf6, 0x0, 0xdf, 0xe0,
    0x6, 0xff, 0xb1, 0xb, 0xfe, 0x0, 0x1f, 0xf8,
    0x0, 0x8, 0xff, 0xd7, 0xff, 0x60, 0x1, 0xff,
    0x90, 0x0, 0x7, 0xff, 0xff, 0xb0, 0x0, 0xe,
    0xfe, 0x20, 0x0, 0x9, 0xff, 0xfb, 0x20, 0x0,
    0x8f, 0xfe, 0x85, 0x6b, 0xff, 0xff, 0xff, 0xb3,
    0x0, 0xbf, 0xff, 0xff, 0xff, 0xc2, 0x8f, 0xff,
    0x30, 0x0, 0x5b, 0xef, 0xea, 0x50, 0x0, 0x18,
    0xc0,

    /* U+0027 "'" */
    0xdf, 0xfd, 0xff, 0xcf, 0xeb, 0xfd, 0x9f, 0xc8,
    0xfa, 0x6f, 0x83, 0xd5,

    /* U+0028 "(" */
    0x0, 0x3, 0x20, 0x0, 0xd, 0xf3, 0x0, 0x5f,
    0xd0, 0x0, 0xdf, 0x50, 0x3, 0xfe, 0x0, 0x9,
    0xfa, 0x0, 0xe, 0xf4, 0x0, 0x2f, 0xf1, 0x0,
    0x5f, 0xe0, 0x0, 0x9f, 0xb0, 0x0, 0xaf, 0x90,
    0x0, 0xbf, 0x80, 0x0, 0xdf, 0x70, 0x0, 0xdf,
    0x70, 0x0, 0xcf, 0x70, 0x0, 0xbf, 0x80, 0x0,
    0xaf, 0xa0, 0x0, 0x7f, 0xc0, 0x0, 0x4f, 0xf0,
    0x0, 0xf, 0xf2, 0x0, 0xb, 0xf7, 0x0, 0x6,
    0xfc, 0x0, 0x0, 0xff, 0x20, 0x0, 0x9f, 0x90,
    0x0, 0x1f, 0xf2, 0x0, 0x8, 0x91,

    /* U+0029 ")" */
    0x4, 0x0, 0x0, 0xaf, 0x50, 0x0, 0x5f, 0xd0,
    0x0, 0xd, 0xf5, 0x0, 0x6, 0xfb, 0x0, 0x1,
    0xff, 0x10, 0x0, 0xcf, 0x70, 0x0, 0x8f, 0xb0,
    0x0, 0x5f, 0xe0, 0x0, 0x2f, 0xf1, 0x0, 0xf,
    0xf3, 0x0, 0xf, 0xf4, 0x0, 0xe, 0xf5, 0x0,
    0xe, 0xf6, 0x0, 0xf, 0xf5, 0x0, 0xf, 0xf4,
    0x0, 0x1f, 0xf2, 0x0, 0x4f, 0xf0, 0x0, 0x7f,
    0xc0, 0x0, 0xaf, 0x90, 0x0, 0xef, 0x40, 0x4,
    0xfe, 0x0, 0x9, 0xf8, 0x0, 0x1f, 0xf2, 0x0,
    0x9f, 0x90, 0x0, 0x4c, 0x10, 0x0,

    /* U+002A "*" */
    0x0, 0x0, 0xf9, 0x0, 0x0, 0x0, 0x1, 0xfb,
    0x0, 0x0, 0x27, 0x33, 0xfc, 0x4, 0x60, 0x7f,
    0xff, 0xff, 0xff, 0xf1, 0x6, 0xdf, 0xff, 0xfb,
    0x30, 0x0, 0x2f, 0xff, 0xb0, 0x0, 0x0, 0xaf,
    0xbe, 0xf4, 0x0, 0x3, 0xfd, 0x4, 0xfd, 0x0,
    0x0, 0x72, 0x0, 0x54, 0x0,

    /* U+002B "+" */
    0x0, 0x0, 0x3, 0xdc, 0x0, 0x0, 0x0, 0x0,
    0x0, 0x3f, 0xe0, 0x0, 0x0, 0x0, 0x0, 0x3,
    0xfe, 0x0, 0x0, 0x0, 0x0, 0x0, 0x3f, 0xe0,
    0x0, 0x0, 0x0, 0x0, 0x3, 0xfe, 0x0, 0x0,
    0x0, 0x11, 0x11, 0x4f, 0xe1, 0x11, 0x10, 0x1f,
    0xff, 0xff, 0xff, 0xff, 0xff, 0xc1, 0xff, 0xff,
    0xff, 0xff, 0xff, 0xfc, 0x0, 0x0, 0x3, 0xfe,
    0x0, 0x0, 0x0, 0x0, 0x0, 0x3f, 0xe0, 0x0,
    0x0, 0x0, 0x0, 0x3, 0xfe, 0x0, 0x0, 0x0,
    0x0, 0x0, 0x3f, 0xe0, 0x0, 0x0, 0x0, 0x0,
    0x3, 0xfe, 0x0, 0x0, 0x0,

    /* U+002C "," */
    0x4, 0x96, 0x1, 0xff, 0xf6, 0x2f, 0xff, 0xb0,
    0x9f, 0xfd, 0x0, 0x3f, 0xb0, 0x8, 0xf7, 0x6,
    0xfe, 0x18, 0xff, 0x30, 0x4a, 0x20, 0x0,

    /* U+002D "-" */
    0x11, 0x11, 0x11, 0xe, 0xff, 0xff, 0xf7, 0xef,
    0xff, 0xff, 0x70,

    /* U+002E "." */
    0x0, 0x0, 0x0, 0xaf, 0xb0, 0x3f, 0xff, 0x52,
    0xff, 0xf5, 0x9, 0xfb, 0x0,

    /* U+002F "/" */
    0x0, 0x0, 0x0, 0x2f, 0xb0, 0x0, 0x0, 0x7,
    0xf7, 0x0, 0x0, 0x0, 0xbf, 0x20, 0x0, 0x0,
    0xf, 0xe0, 0x0, 0x0, 0x4, 0xfa, 0x0, 0x0,
    0x0, 0x8f, 0x50, 0x0, 0x0, 0xc, 0xf1, 0x0,
    0x0, 0x1, 0xfd, 0x0, 0x0, 0x0, 0x5f, 0x80,
    0x0, 0x0, 0x9, 0xf4, 0x0, 0x0, 0x0, 0xef,
    0x0, 0x0, 0x0, 0x2f, 0xb0, 0x0, 0x0, 0x7,
    0xf7, 0x0, 0x0, 0x0, 0xbf, 0x30, 0x0, 0x0,
    0xf, 0xe0, 0x0, 0x0, 0x4, 0xfa, 0x0, 0x0,
    0x0, 0x8f, 0x60, 0x0, 0x0, 0xc, 0xf2, 0x0,
    0x0, 0x1, 0xfd, 0x0, 0x0, 0x0, 0x5f, 0x90,
    0x0, 0x0, 0x9, 0xf5, 0x0, 0x0, 0x0, 0xef,
    0x0, 0x0, 0x0, 0x2f, 0xc0, 0x0, 0x0, 0x6,
    0xf8, 0x0, 0x0, 0x0, 0x58, 0x20, 0x0, 0x0,
    0x0,

    /* U+0030 "0" */
    0x0, 0x6, 0xcf, 0xeb, 0x30, 0x0, 0x0, 0xaf,
    0xff, 0xff, 0xf5, 0x0, 0x7, 0xff, 0xc5, 0x6e,
    0xff, 0x20, 0xf, 0xfd, 0x0, 0x2, 0xff, 0xa0,
    0x5f, 0xf6, 0x0, 0x0, 0xaf, 0xf0, 0x9f, 0xf1,
    0x0, 0x0, 0x6f, 0xf3, 0xbf, 0xe0, 0x0, 0x0,
    0x3f, 0xf6, 0xdf, 0xd0, 0x0, 0x0, 0x2f, 0xf7,
    0xdf, 0xd0, 0x0, 0x0, 0x1f, 0xf8, 0xdf, 0xd0,
    0x0, 0x0, 0x1f, 0xf8, 0xcf, 0xd0, 0x0, 0x0,
    0x2f, 0xf7, 0xbf, 0xf0, 0x0, 0x0, 0x3f, 0xf5,
    0x8f, 0xf2, 0x0, 0x0, 0x6f, 0xf3, 0x4f, 0xf6,
    0x0, 0x0, 0xbf, 0xf0, 0xe, 0xfd, 0x0, 0x3,
    0xff, 0x90, 0x6, 0xff, 0xc5, 0x7e, 0xff, 0x20,
    0x0, 0xaf, 0xff, 0xff, 0xf5, 0x0, 0x0, 0x6,
    0xcf, 0xeb, 0x30, 0x0,

    /* U+0031 "1" */
    0x0, 0x17, 0xef, 0xb0, 0x0, 0x2, 0xcf, 0xff,
    0xfb, 0x0, 0x0, 0x3f, 0xff, 0xff, 0xb0, 0x0,
    0x0, 0x22, 0x3f, 0xfb, 0x0, 0x0, 0x0, 0x1,
    0xff, 0xb0, 0x0, 0x0, 0x0, 0x1f, 0xfb, 0x0,
    0x0, 0x0, 0x1, 0xff, 0xb0, 0x0, 0x0, 0x0,
    0x1f, 0xfb, 0x0, 0x0, 0x0, 0x1, 0xff, 0xb0,
    0x0, 0x0, 0x0, 0x1f, 0xfb, 0x0, 0x0, 0x0,
    0x1, 0xff, 0xb0, 0x0, 0x0, 0x0, 0x1f, 0xfb,
    0x0, 0x0, 0x0, 0x1, 0xff, 0xb0, 0x0, 0x0,
    0x0, 0x1f, 0xfb, 0x0, 0x0, 0x0, 0x1, 0xff,
    0xb0, 0x0, 0x5, 0x55, 0x6f, 0xfc, 0x55, 0x50,
    0xff, 0xff, 0xff, 0xff, 0xff, 0x2f, 0xff, 0xff,
    0xff, 0xff, 0xf2,

    /* U+0032 "2" */
    0x0, 0x5, 0xbe, 0xfd, 0x91, 0x0, 0x0, 0xb,
    0xff, 0xff, 0xff, 0xe3, 0x0, 0xc, 0xff, 0xa6,
    0x6b, 0xff, 0xe0, 0x0, 0x4e, 0x40, 0x0, 0xa,
    0xff, 0x50, 0x0, 0x0, 0x0, 0x0, 0x3f, 0xf8,
    0x0, 0x0, 0x0, 0x0, 0x1, 0xff, 0x90, 0x0,
    0x0, 0x0, 0x0, 0x3f, 0xf7, 0x0, 0x0, 0x0,
    0x0, 0x7, 0xff, 0x30, 0x0, 0x0, 0x0, 0x0,
    0xef, 0xd0, 0x0, 0x0, 0x0, 0x0, 0x8f, 0xf5,
    0x0, 0x0, 0x0, 0x0, 0x4f, 0xfb, 0x0, 0x0,
    0x0, 0x0, 0x2e, 0xfe, 0x10, 0x0, 0x0, 0x0,
    0x1d, 0xff, 0x40, 0x0, 0x0, 0x0, 0x1d, 0xff,
    0x50, 0x0, 0x0, 0x0, 0x1d, 0xff, 0x60, 0x0,
    0x0, 0x0, 0x2e, 0xff, 0xa6, 0x77, 0x77, 0x73,
    0xe, 0xff, 0xff, 0xff, 0xff, 0xff, 0x70, 0xff,
    0xff, 0xff, 0xff, 0xff, 0xf7,

    /* U+0033 "3" */
    0x0, 0x5, 0xbe, 0xfe, 0xb5, 0x0, 0x0, 0x1b,
    0xff, 0xff, 0xff, 0xfa, 0x0, 0x6, 0xff, 0xa6,
    0x58, 0xff, 0xf5, 0x0, 0x6, 0x30, 0x0, 0x5,
    0xff, 0xa0, 0x0, 0x0, 0x0, 0x0, 0x1f, 0xfb,
    0x0, 0x0, 0x0, 0x0, 0x5, 0xff, 0x70, 0x0,
    0x0, 0x1, 0x38, 0xff, 0xc0, 0x0, 0x0, 0xa,
    0xff, 0xff, 0x80, 0x0, 0x0, 0x0, 0xaf, 0xff,
    0xfa, 0x20, 0x0, 0x0, 0x1, 0x35, 0x9f, 0xfe,
    0x30, 0x0, 0x0, 0x0, 0x0, 0x3f, 0xfd, 0x0,
    0x0, 0x0, 0x0, 0x0, 0xaf, 0xf3, 0x0, 0x0,
    0x0, 0x0, 0x8, 0xff, 0x50, 0x1, 0x0, 0x0,
    0x0, 0xaf, 0xf3, 0xa, 0xe3, 0x0, 0x0, 0x3f,
    0xff, 0x2, 0xff, 0xfb, 0x77, 0xaf, 0xff, 0x70,
    0x4, 0xef, 0xff, 0xff, 0xff, 0x90, 0x0, 0x0,
    0x7c, 0xef, 0xea, 0x40, 0x0,

    /* U+0034 "4" */
    0x0, 0x0, 0x0, 0xc, 0xff, 0xb0, 0x0, 0x0,
    0x0, 0x7, 0xff, 0xfb, 0x0, 0x0, 0x0, 0x1,
    0xff, 0xff, 0xb0, 0x0, 0x0, 0x0, 0xbf, 0xcc,
    0xfb, 0x0, 0x0, 0x0, 0x5f, 0xf4, 0xdf, 0xb0,
    0x0, 0x0, 0x1e, 0xfb, 0xd, 0xfb, 0x0, 0x0,
    0x9, 0xff, 0x10, 0xdf, 0xb0, 0x0, 0x3, 0xff,
    0x60, 0xd, 0xfb, 0x0, 0x0, 0xdf, 0xc0, 0x0,
    0xdf, 0xb0, 0x0, 0x8f, 0xf2, 0x0, 0xd, 0xfb,
    0x0, 0x2f, 0xfa, 0x33, 0x33, 0xef, 0xc3, 0x38,
    0xff, 0xff, 0xff, 0xff, 0xff, 0xff, 0x8f, 0xff,
    0xff, 0xff, 0xff, 0xff, 0xf0, 0x0, 0x0, 0x0,
    0xd, 0xfb, 0x0, 0x0, 0x0, 0x0, 0x0, 0xdf,
    0xb0, 0x0, 0x0, 0x0, 0x0, 0xd, 0xfb, 0x0,
    0x0, 0x0, 0x0, 0x0, 0xdf, 0xb0, 0x0, 0x0,
    0x0, 0x0, 0xd, 0xfb, 0x0,

    /* U+0035 "5" */
    0x0, 0x7f, 0xff, 0xff, 0xff, 0xf8, 0x0, 0x8,
    0xff, 0xff, 0xff, 0xff, 0x80, 0x0, 0x9f, 0xf6,
    0x66, 0x66, 0x63, 0x0, 0xa, 0xfe, 0x0, 0x0,
    0x0, 0x0, 0x0, 0xbf, 0xc0, 0x0, 0x0, 0x0,
    0x0, 0xc, 0xfa, 0x0, 0x0, 0x0, 0x0, 0x0,
    0xdf, 0xdd, 0xff, 0xe8, 0x0, 0x0, 0xe, 0xff,
    0xff, 0xff, 0xfd, 0x10, 0x0, 0x6d, 0x62, 0x4,
    0xdf, 0xfa, 0x0, 0x0, 0x0, 0x0, 0x1, 0xff,
    0xf1, 0x0, 0x0, 0x0, 0x0, 0x9, 0xff, 0x40,
    0x0, 0x0, 0x0, 0x0, 0x7f, 0xf5, 0x0, 0x0,
    0x0, 0x0, 0x8, 0xff, 0x40, 0x0, 0x0, 0x0,
    0x0, 0xcf, 0xf2, 0x9, 0xd2, 0x0, 0x0, 0x6f,
    0xfc, 0x2, 0xff, 0xfa, 0x76, 0xaf, 0xff, 0x40,
    0x4, 0xef, 0xff, 0xff, 0xff, 0x50, 0x0, 0x0,
    0x7c, 0xef, 0xd9, 0x20, 0x0,

    /* U+0036 "6" */
    0x0, 0x0, 0x7c, 0xff, 0xc6, 0x0, 0x0, 0x2d,
    0xff, 0xff, 0xff, 0xc1, 0x0, 0xdf, 0xfb, 0x66,
    0xaf, 0xb0, 0x8, 0xff, 0x50, 0x0, 0x2, 0x0,
    0xe, 0xf9, 0x0, 0x0, 0x0, 0x0, 0x4f, 0xf3,
    0x0, 0x0, 0x0, 0x0, 0x7f, 0xf0, 0x4c, 0xfe,
    0xa3, 0x0, 0x9f, 0xe8, 0xff, 0xff, 0xff, 0x50,
    0xaf, 0xff, 0xa3, 0x27, 0xff, 0xf0, 0xbf, 0xf8,
    0x0, 0x0, 0x7f, 0xf5, 0xaf, 0xf0, 0x0, 0x0,
    0x1f, 0xf9, 0x9f, 0xf0, 0x0, 0x0, 0xf, 0xfa,
    0x6f, 0xf3, 0x0, 0x0, 0xf, 0xf9, 0x2f, 0xf8,
    0x0, 0x0, 0x2f, 0xf7, 0xb, 0xff, 0x20, 0x0,
    0xaf, 0xf2, 0x2, 0xff, 0xe6, 0x49, 0xff, 0xa0,
    0x0, 0x4f, 0xff, 0xff, 0xfc, 0x10, 0x0, 0x2,
    0xad, 0xfd, 0x70, 0x0,

    /* U+0037 "7" */
    0xcf, 0xff, 0xff, 0xff, 0xff, 0xf8, 0xcf, 0xff,
    0xff, 0xff, 0xff, 0xf8, 0x56, 0x66, 0x66, 0x66,
    0xdf, 0xe1, 0x0, 0x0, 0x0, 0x3, 0xff, 0x40,
    0x0, 0x0, 0x0, 0xd, 0xfa, 0x0, 0x0, 0x0,
    0x0, 0x6f, 0xf1, 0x0, 0x0, 0x0, 0x0, 0xef,
    0x90, 0x0, 0x0, 0x0, 0x5, 0xff, 0x20, 0x0,
    0x0, 0x0, 0xb, 0xfc, 0x0, 0x0, 0x0, 0x0,
    0x1f, 0xf8, 0x0, 0x0, 0x0, 0x0, 0x4f, 0xf4,
    0x0, 0x0, 0x0, 0x0, 0x8f, 0xf1, 0x0, 0x0,
    0x0, 0x0, 0xbf, 0xe0, 0x0, 0x0, 0x0, 0x0,
    0xff, 0xc0, 0x0, 0x0, 0x0, 0x1, 0xff, 0xb0,
    0x0, 0x0, 0x0, 0x3, 0xff, 0x90, 0x0, 0x0,
    0x0, 0x4, 0xff, 0x80, 0x0, 0x0, 0x0, 0x5,
    0xff, 0x70, 0x0, 0x0,

    /* U+0038 "8" */
    0x0, 0x7, 0xcf, 0xfc, 0x60, 0x0, 0x1, 0xdf,
    0xff, 0xff, 0xfb, 0x0, 0x9, 0xff, 0x82, 0x29,
    0xff, 0x60, 0xf, 0xfa, 0x0, 0x0, 0xcf, 0xc0,
    0xf, 0xf6, 0x0, 0x0, 0x7f, 0xe0, 0xf, 0xf8,
    0x0, 0x0, 0x7f, 0xc0, 0x9, 0xfe, 0x10, 0x0,
    0xbf, 0x60, 0x0, 0xdf, 0xe4, 0x3, 0xfc, 0x0,
    0x0, 0x1e, 0xff, 0xde, 0xd0, 0x0, 0x2, 0xcf,
    0xad, 0xff, 0xf8, 0x0, 0xd, 0xf7, 0x0, 0x4c,
    0xff, 0x90, 0x8f, 0xd0, 0x0, 0x0, 0xbf, 0xf3,
    0xcf, 0x90, 0x0, 0x0, 0x2f, 0xf7, 0xdf, 0xa0,
    0x0, 0x0, 0x1f, 0xf8, 0xbf, 0xe1, 0x0, 0x0,
    0x6f, 0xf6, 0x4f, 0xfe, 0x62, 0x27, 0xff, 0xe0,
    0x6, 0xff, 0xff, 0xff, 0xfe, 0x30, 0x0, 0x29,
    0xdf, 0xfd, 0x81, 0x0,

    /* U+0039 "9" */
    0x0, 0x2a, 0xef, 0xd7, 0x10, 0x0, 0x5, 0xff,
    0xff, 0xff, 0xd2, 0x0, 0x2f, 0xfe, 0x63, 0x7f,
    0xfd, 0x0, 0x9f, 0xf3, 0x0, 0x4, 0xff, 0x70,
    0xdf, 0xc0, 0x0, 0x0, 0xbf, 0xd0, 0xff, 0xa0,
    0x0, 0x0, 0x6f, 0xf2, 0xef, 0xb0, 0x0, 0x0,
    0x4f, 0xf4, 0xbf, 0xf1, 0x0, 0x0, 0xbf, 0xf5,
    0x6f, 0xfd, 0x42, 0x4c, 0xff, 0xf6, 0xa, 0xff,
    0xff, 0xff, 0x7f, 0xf5, 0x0, 0x6c, 0xfe, 0xa2,
    0x4f, 0xf4, 0x0, 0x0, 0x0, 0x0, 0x7f, 0xf1,
    0x0, 0x0, 0x0, 0x0, 0xbf, 0xe0, 0x0, 0x0,
    0x0, 0x2, 0xff, 0x90, 0x5, 0x30, 0x0, 0xc,
    0xff, 0x20, 0x3f, 0xf9, 0x68, 0xef, 0xf8, 0x0,
    0x3e, 0xff, 0xff, 0xff, 0xa0, 0x0, 0x1, 0x8d,
    0xfe, 0xb5, 0x0, 0x0,

    /* U+003A ":" */
    0x9, 0xfa, 0x2, 0xff, 0xf5, 0x3f, 0xff, 0x50,
    0x9f, 0xb0, 0x0, 0x0, 0x0, 0x0, 0x0, 0x0,
    0x0, 0x0, 0x0, 0x0, 0x0, 0x0, 0x0, 0x0,
    0x0, 0xa, 0xfb, 0x3, 0xff, 0xf5, 0x2f, 0xff,
    0x50, 0x9f, 0xb0,

    /* U+003B ";" */
    0x9, 0xfa, 0x2, 0xff, 0xf5, 0x3f, 0xff, 0x50,
    0x9f, 0xb0, 0x0, 0x0, 0x0, 0x0, 0x0, 0x0,
    0x0, 0x0, 0x0, 0x0, 0x0, 0x0, 0x0, 0x0,
    0x0, 0x4, 0x96, 0x1, 0xff, 0xf6, 0x2f, 0xff,
    0xb0, 0x9f, 0xfd, 0x0, 0x3f, 0xb0, 0x8, 0xf7,
    0x6, 0xfe, 0x18, 0xff, 0x30, 0x4a, 0x20, 0x0,

    /* U+003C "<" */
    0x0, 0x0, 0x0, 0x0, 0x0, 0x0, 0x0, 0x0,
    0x0, 0x0, 0x0, 0x3, 0x9b, 0x0, 0x0, 0x0,
    0x0, 0x6c, 0xff, 0xc0, 0x0, 0x0, 0x39, 0xff,
    0xff, 0xc5, 0x0, 0x6, 0xcf, 0xff, 0xd8, 0x20,
    0x0, 0x9f, 0xff, 0xfa, 0x40, 0x0, 0x0, 0x1f,
    0xff, 0x60, 0x0, 0x0, 0x0, 0x1, 0xff, 0xfe,
    0x82, 0x0, 0x0, 0x0, 0x1, 0x7d, 0xff, 0xfc,
    0x61, 0x0, 0x0, 0x0, 0x3, 0xaf, 0xff, 0xfa,
    0x40, 0x0, 0x0, 0x0, 0x17, 0xdf, 0xff, 0xb0,
    0x0, 0x0, 0x0, 0x0, 0x4a, 0xfc, 0x0, 0x0,
    0x0, 0x0, 0x0, 0x1, 0x50,

    /* U+003D "=" */
    0x1f, 0xff, 0xff, 0xff, 0xff, 0xff, 0xc1, 0xff,
    0xff, 0xff, 0xff, 0xff, 0xfc, 0x1, 0x11, 0x11,
    0x11, 0x11, 0x11, 0x0, 0x0, 0x0, 0x0, 0x0,
    0x0, 0x0, 0x0, 0x0, 0x0, 0x0, 0x0, 0x0,
    0x0, 0x0, 0x0, 0x0, 0x0, 0x0, 0x0, 0x1f,
    0xff, 0xff, 0xff, 0xff, 0xff, 0xc1, 0xff, 0xff,
    0xff, 0xff, 0xff, 0xfc, 0x1, 0x11, 0x11, 0x11,
    0x11, 0x11, 0x10,

    /* U+003E ">" */
    0x0, 0x0, 0x0, 0x0, 0x0, 0x0, 0x1, 0xe7,
    0x10, 0x0, 0x0, 0x0, 0x0, 0x1f, 0xff, 0xa4,
    0x0, 0x0, 0x0, 0x0, 0x8d, 0xff, 0xfd, 0x71,
    0x0, 0x0, 0x0, 0x3, 0x9f, 0xff, 0xfa, 0x40,
    0x0, 0x0, 0x0, 0x5, 0xcf, 0xff, 0xd6, 0x0,
    0x0, 0x0, 0x0, 0x29, 0xff, 0xc0, 0x0, 0x0,
    0x0, 0x4a, 0xff, 0xfb, 0x0, 0x0, 0x28, 0xef,
    0xff, 0xb5, 0x0, 0x16, 0xcf, 0xff, 0xe8, 0x20,
    0x0, 0x1f, 0xff, 0xfb, 0x50, 0x0, 0x0, 0x1,
    0xfe, 0x82, 0x0, 0x0, 0x0, 0x0, 0x5, 0x0,
    0x0, 0x0, 0x0, 0x0, 0x0,

    /* U+003F "?" */
    0x0, 0x7d, 0xff, 0xc5, 0x0, 0x2d, 0xff, 0xff,
    0xff, 0x90, 0xaf, 0xe8, 0x68, 0xff, 0xf3, 0x7,
    0x10, 0x0, 0x6f, 0xf7, 0x0, 0x0, 0x0, 0x2f,
    0xf8, 0x0, 0x0, 0x0, 0x6f, 0xf4, 0x0, 0x0,
    0x2, 0xef, 0xb0, 0x0, 0x0, 0xd, 0xfd, 0x10,
    0x0, 0x0, 0xbf, 0xf2, 0x0, 0x0, 0x4, 0xff,
    0x60, 0x0, 0x0, 0xa, 0xfd, 0x0, 0x0, 0x0,
    0xb, 0xfb, 0x0, 0x0, 0x0, 0x0, 0x0, 0x0,
    0x0, 0x0, 0x0, 0x0, 0x0, 0x0, 0x0, 0xa,
    0xfb, 0x0, 0x0, 0x0, 0x3f, 0xff, 0x40, 0x0,
    0x0, 0x3f, 0xff, 0x40, 0x0, 0x0, 0x9, 0xfa,
    0x0, 0x0,

    /* U+0040 "@" */
    0x0, 0x0, 0x0, 0x1, 0x6b, 0xdf, 0xfd, 0xa5,
    0x0, 0x0, 0x0, 0x0, 0x0, 0x19, 0xff, 0xff,
    0xde, 0xff, 0xfd, 0x30, 0x0, 0x0, 0x0, 0x3e,
    0xfe, 0x82, 0x0, 0x0, 0x4b, 0xff, 0x50, 0x0,
    0x0, 0x3f, 0xfa, 0x10, 0x0, 0x0, 0x0, 0x6,
    0xff, 0x20, 0x0, 0x1e, 0xf8, 0x0, 0x0, 0x0,
    0x0, 0x0, 0x7, 0xfd, 0x0, 0xb, 0xfa, 0x0,
    0x0, 0x0, 0x0, 0x0, 0x0, 0xc, 0xf4, 0x4,
    0xfe, 0x0, 0x0, 0x19, 0xdd, 0x68, 0xf3, 0x0,
    0x6f, 0x90, 0xbf, 0x60, 0x0, 0x2e, 0xff, 0xff,
    0xef, 0x10, 0x1, 0xfd, 0xf, 0xf0, 0x0, 0xd,
    0xfb, 0x21, 0xbf, 0xe0, 0x0, 0xf, 0xe5, 0xfb,
    0x0, 0x7, 0xfd, 0x0, 0x5, 0xfb, 0x0, 0x0,
    0xef, 0x7f, 0x70, 0x0, 0xdf, 0x50, 0x0, 0x8f,
    0x80, 0x0, 0xf, 0xe9, 0xf6, 0x0, 0x1f, 0xf0,
    0x0, 0xb, 0xf5, 0x0, 0x1, 0xfc, 0xaf, 0x50,
    0x3, 0xff, 0x0, 0x0, 0xef, 0x20, 0x0, 0x6f,
    0x89, 0xf5, 0x0, 0x2f, 0xf1, 0x0, 0x3f, 0xf1,
    0x0, 0xe, 0xf2, 0x8f, 0x70, 0x0, 0xff, 0xa2,
    0x6f, 0xff, 0x60, 0x1c, 0xf8, 0x5, 0xfb, 0x0,
    0x7, 0xff, 0xff, 0xb5, 0xff, 0xef, 0xfa, 0x0,
    0x1f, 0xf1, 0x0, 0x8, 0xee, 0x90, 0x7, 0xef,
    0xc6, 0x0, 0x0, 0xaf, 0x90, 0x0, 0x0, 0x0,
    0x0, 0x0, 0x0, 0x0, 0x0, 0x2, 0xff, 0x50,
    0x0, 0x0, 0x0, 0x0, 0x0, 0x0, 0x0, 0x0,
    0x7, 0xff, 0x80, 0x0, 0x0, 0x0, 0x1, 0x0,
    0x0, 0x0, 0x0, 0x8, 0xff, 0xd7, 0x31, 0x1,
    0x5b, 0xd0, 0x0, 0x0, 0x0, 0x0, 0x4, 0xdf,
    0xff, 0xff, 0xff, 0xfd, 0x10, 0x0, 0x0, 0x0,
    0x0, 0x0, 0x48, 0xbd, 0xdc, 0x94, 0x0, 0x0,
    0x0, 0x0,

    /* U+0041 "A" */
    0x0, 0x0, 0x4, 0xff, 0xf3, 0x0, 0x0, 0x0,
    0x0, 0x0, 0xaf, 0xff, 0x90, 0x0, 0x0, 0x0,
    0x0, 0xe, 0xfc, 0xfe, 0x0, 0x0, 0x0, 0x0,
    0x4, 0xff, 0x4f, 0xf3, 0x0, 0x0, 0x0, 0x0,
    0x9f, 0xc0, 0xef, 0x80, 0x0, 0x0, 0x0, 0xe,
    0xf7, 0xa, 0xfd, 0x0, 0x0, 0x0, 0x4, 0xff,
    0x30, 0x6f, 0xf3, 0x0, 0x0, 0x0, 0x9f, 0xe0,
    0x1, 0xff, 0x80, 0x0, 0x0, 0xe, 0xfa, 0x0,
    0xc, 0xfd, 0x0, 0x0, 0x3, 0xff, 0x50, 0x0,
    0x8f, 0xf2, 0x0, 0x0, 0x8f, 0xf5, 0x44, 0x47,
    0xff, 0x70, 0x0, 0xe, 0xff, 0xff, 0xff, 0xff,
    0xfd, 0x0, 0x3, 0xff, 0xff, 0xff, 0xff, 0xff,
    0xf2, 0x0, 0x8f, 0xf3, 0x0, 0x0, 0x5, 0xff,
    0x70, 0xd, 0xfe, 0x0, 0x0, 0x0, 0x1f, 0xfc,
    0x3, 0xff, 0x90, 0x0, 0x0, 0x0, 0xcf, 0xf2,
    0x8f, 0xf4, 0x0, 0x0, 0x0, 0x7, 0xff, 0x7d,
    0xff, 0x0, 0x0, 0x0, 0x0, 0x2f, 0xfc,

    /* U+0042 "B" */
    0xaf, 0xff, 0xff, 0xfe, 0xb6, 0x0, 0xa, 0xff,
    0xff, 0xff, 0xff, 0xfd, 0x10, 0xaf, 0xf5, 0x44,
    0x57, 0xef, 0xfa, 0xa, 0xff, 0x10, 0x0, 0x1,
    0xef, 0xf0, 0xaf, 0xf1, 0x0, 0x0, 0xb, 0xff,
    0xa, 0xff, 0x10, 0x0, 0x0, 0xef, 0xc0, 0xaf,
    0xf1, 0x0, 0x3, 0xcf, 0xf4, 0xa, 0xff, 0xff,
    0xff, 0xff, 0xd4, 0x0, 0xaf, 0xff, 0xff, 0xff,
    0xff, 0xa1, 0xa, 0xff, 0x43, 0x33, 0x5a, 0xff,
    0xe1, 0xaf, 0xf1, 0x0, 0x0, 0x5, 0xff, 0x9a,
    0xff, 0x10, 0x0, 0x0, 0xd, 0xfd, 0xaf, 0xf1,
    0x0, 0x0, 0x0, 0xcf, 0xfa, 0xff, 0x10, 0x0,
    0x0, 0xe, 0xfd, 0xaf, 0xf1, 0x0, 0x0, 0x7,
    0xff, 0x9a, 0xff, 0x54, 0x45, 0x7c, 0xff, 0xf2,
    0xaf, 0xff, 0xff, 0xff, 0xff, 0xe3, 0xa, 0xff,
    0xff, 0xff, 0xeb, 0x70, 0x0,

    /* U+0043 "C" */
    0x0, 0x0, 0x17, 0xcf, 0xfd, 0x92, 0x0, 0x0,
    0x4, 0xef, 0xff, 0xff, 0xff, 0x70, 0x0, 0x6f,
    0xff, 0xea, 0x8a, 0xff, 0xf2, 0x2, 0xff, 0xf8,
    0x0, 0x0, 0x2c, 0x50, 0xb, 0xff, 0x80, 0x0,
    0x0, 0x0, 0x0, 0x2f, 0xfe, 0x0, 0x0, 0x0,
    0x0, 0x0, 0x6f, 0xf9, 0x0, 0x0, 0x0, 0x0,
    0x0, 0x8f, 0xf5, 0x0, 0x0, 0x0, 0x0, 0x0,
    0xaf, 0xf4, 0x0, 0x0, 0x0, 0x0, 0x0, 0xaf,
    0xf4, 0x0, 0x0, 0x0, 0x0, 0x0, 0x9f, 0xf5,
    0x0, 0x0, 0x0, 0x0, 0x0, 0x6f, 0xf9, 0x0,
    0x0, 0x0, 0x0, 0x0, 0x2f, 0xfe, 0x0, 0x0,
    0x0, 0x0, 0x0, 0xc, 0xff, 0x80, 0x0, 0x0,
    0x0, 0x10, 0x3, 0xff, 0xf7, 0x0, 0x0, 0x1b,
    0xe1, 0x0, 0x7f, 0xff, 0xea, 0x9b, 0xff, 0xf7,
    0x0, 0x5, 0xff, 0xff, 0xff, 0xff, 0x80, 0x0,
    0x0, 0x18, 0xcf, 0xfd, 0x92, 0x0,

    /* U+0044 "D" */
    0xaf, 0xff, 0xff, 0xeb, 0x60, 0x0, 0x0, 0xaf,
    0xff, 0xff, 0xff, 0xfe, 0x40, 0x0, 0xaf, 0xf6,
    0x56, 0x9e, 0xff, 0xf5, 0x0, 0xaf, 0xf1, 0x0,
    0x0, 0x8f, 0xff, 0x20, 0xaf, 0xf1, 0x0, 0x0,
    0x9, 0xff, 0x90, 0xaf, 0xf1, 0x0, 0x0, 0x1,
    0xff, 0xf0, 0xaf, 0xf1, 0x0, 0x0, 0x0, 0xbf,
    0xf3, 0xaf, 0xf1, 0x0, 0x0, 0x0, 0x8f, 0xf5,
    0xaf, 0xf1, 0x0, 0x0, 0x0, 0x7f, 0xf6, 0xaf,
    0xf1, 0x0, 0x0, 0x0, 0x7f, 0xf6, 0xaf, 0xf1,
    0x0, 0x0, 0x0, 0x9f, 0xf5, 0xaf, 0xf1, 0x0,
    0x0, 0x0, 0xcf, 0xf2, 0xaf, 0xf1, 0x0, 0x0,
    0x1, 0xff, 0xf0, 0xaf, 0xf1, 0x0, 0x0, 0xa,
    0xff, 0x90, 0xaf, 0xf1, 0x0, 0x0, 0x9f, 0xff,
    0x20, 0xaf, 0xf6, 0x56, 0x9e, 0xff, 0xf5, 0x0,
    0xaf, 0xff, 0xff, 0xff, 0xfe, 0x40, 0x0, 0xaf,
    0xff, 0xff, 0xeb, 0x60, 0x0, 0x0,

    /* U+0045 "E" */
    0xaf, 0xff, 0xff, 0xff, 0xff, 0xc0, 0xaf, 0xff,
    0xff, 0xff, 0xff, 0xc0, 0xaf, 0xf7, 0x66, 0x66,
    0x66, 0x50, 0xaf, 0xf1, 0x0, 0x0, 0x0, 0x0,
    0xaf, 0xf1, 0x0, 0x0, 0x0, 0x0, 0xaf, 0xf1,
    0x0, 0x0, 0x0, 0x0, 0xaf, 0xf1, 0x0, 0x0,
    0x0, 0x0, 0xaf, 0xff, 0xff, 0xff, 0xf9, 0x0,
    0xaf, 0xff, 0xff, 0xff, 0xf9, 0x0, 0xaf, 0xf7,
    0x77, 0x77, 0x74, 0x0, 0xaf, 0xf1, 0x0, 0x0,
    0x0, 0x0, 0xaf, 0xf1, 0x0, 0x0, 0x0, 0x0,
    0xaf, 0xf1, 0x0, 0x0, 0x0, 0x0, 0xaf, 0xf1,
    0x0, 0x0, 0x0, 0x0, 0xaf, 0xf1, 0x0, 0x0,
    0x0, 0x0, 0xaf, 0xf8, 0x77, 0x77, 0x77, 0x70,
    0xaf, 0xff, 0xff, 0xff, 0xff, 0xf0, 0xaf, 0xff,
    0xff, 0xff, 0xff, 0xf0,

    /* U+0046 "F" */
    0xaf, 0xff, 0xff, 0xff, 0xff, 0xca, 0xff, 0xff,
    0xff, 0xff, 0xfc, 0xaf, 0xf7, 0x66, 0x66, 0x66,
    0x5a, 0xff, 0x10, 0x0, 0x0, 0x0, 0xaf, 0xf1,
    0x0, 0x0, 0x0, 0xa, 0xff, 0x10, 0x0, 0x0,
    0x0, 0xaf, 0xf1, 0x0, 0x0, 0x0, 0xa, 0xff,
    0x76, 0x66, 0x66, 0x40, 0xaf, 0xff, 0xff, 0xff,
    0xfa, 0xa, 0xff, 0xff, 0xff, 0xff, 0xa0, 0xaf,
    0xf1, 0x0, 0x0, 0x0, 0xa, 0xff, 0x10, 0x0,
    0x0, 0x0, 0xaf, 0xf1, 0x0, 0x0, 0x0, 0xa,
    0xff, 0x10, 0x0, 0x0, 0x0, 0xaf, 0xf1, 0x0,
    0x0, 0x0, 0xa, 0xff, 0x10, 0x0, 0x0, 0x0,
    0xaf, 0xf1, 0x0, 0x0, 0x0, 0xa, 0xff, 0x10,
    0x0, 0x0, 0x0,

    /* U+0047 "G" */
    0x0, 0x0, 0x6, 0xbe, 0xfe, 0xb6, 0x0, 0x0,
    0x0, 0x3e, 0xff, 0xff, 0xff, 0xfc, 0x10, 0x0,
    0x5f, 0xff, 0xfa, 0x89, 0xdf, 0xf9, 0x0, 0x2f,
    0xff, 0x90, 0x0, 0x0, 0x5a, 0x0, 0xb, 0xff,
    0x90, 0x0, 0x0, 0x0, 0x0, 0x1, 0xff, 0xe0,
    0x0, 0x0, 0x0, 0x0, 0x0, 0x6f, 0xf9, 0x0,
    0x0, 0x0, 0x0, 0x0, 0x8, 0xff, 0x50, 0x0,
    0x0, 0x0, 0x0, 0x0, 0xaf, 0xf4, 0x0, 0x0,
    0xef, 0xff, 0xff, 0x2a, 0xff, 0x40, 0x0, 0xe,
    0xff, 0xff, 0xf2, 0x9f, 0xf5, 0x0, 0x0, 0x56,
    0x6a, 0xff, 0x26, 0xff, 0x80, 0x0, 0x0, 0x0,
    0x6f, 0xf2, 0x2f, 0xfe, 0x0, 0x0, 0x0, 0x6,
    0xff, 0x20, 0xcf, 0xf8, 0x0, 0x0, 0x0, 0x6f,
    0xf2, 0x2, 0xff, 0xf8, 0x0, 0x0, 0x8, 0xff,
    0x20, 0x6, 0xff, 0xff, 0xa9, 0xad, 0xff, 0xf1,
    0x0, 0x4, 0xef, 0xff, 0xff, 0xff, 0xe5, 0x0,
    0x0, 0x1, 0x7c, 0xef, 0xec, 0x71, 0x0,

    /* U+0048 "H" */
    0xaf, 0xf1, 0x0, 0x0, 0x0, 0x5f, 0xf7, 0xaf,
    0xf1, 0x0, 0x0, 0x0, 0x5f, 0xf7, 0xaf, 0xf1,
    0x0, 0x0, 0x0, 0x5f, 0xf7, 0xaf, 0xf1, 0x0,
    0x0, 0x0, 0x5f, 0xf7, 0xaf, 0xf1, 0x0, 0x0,
    0x0, 0x5f, 0xf7, 0xaf, 0xf1, 0x0, 0x0, 0x0,
    0x5f, 0xf7, 0xaf, 0xf1, 0x0, 0x0, 0x0, 0x5f,
    0xf7, 0xaf, 0xff, 0xff, 0xff, 0xff, 0xff, 0xf7,
    0xaf, 0xff, 0xff, 0xff, 0xff, 0xff, 0xf7, 0xaf,
    0xf9, 0x88, 0x88, 0x88, 0xaf, 0xf7, 0xaf, 0xf1,
    0x0, 0x0, 0x0, 0x5f, 0xf7, 0xaf, 0xf1, 0x0,
    0x0, 0x0, 0x5f, 0xf7, 0xaf, 0xf1, 0x0, 0x0,
    0x0, 0x5f, 0xf7, 0xaf, 0xf1, 0x0, 0x0, 0x0,
    0x5f, 0xf7, 0xaf, 0xf1, 0x0, 0x0, 0x0, 0x5f,
    0xf7, 0xaf, 0xf1, 0x0, 0x0, 0x0, 0x5f, 0xf7,
    0xaf, 0xf1, 0x0, 0x0, 0x0, 0x5f, 0xf7, 0xaf,
    0xf1, 0x0, 0x0, 0x0, 0x5f, 0xf7,

    /* U+0049 "I" */
    0xaf, 0xf1, 0xaf, 0xf1, 0xaf, 0xf1, 0xaf, 0xf1,
    0xaf, 0xf1, 0xaf, 0xf1, 0xaf, 0xf1, 0xaf, 0xf1,
    0xaf, 0xf1, 0xaf, 0xf1, 0xaf, 0xf1, 0xaf, 0xf1,
    0xaf, 0xf1, 0xaf, 0xf1, 0xaf, 0xf1, 0xaf, 0xf1,
    0xaf, 0xf1, 0xaf, 0xf1,

    /* U+004A "J" */
    0x0, 0x0, 0x0, 0x0, 0xdf, 0xf0, 0x0, 0x0,
    0x0, 0xd, 0xff, 0x0, 0x0, 0x0, 0x0, 0xdf,
    0xf0, 0x0, 0x0, 0x0, 0xd, 0xff, 0x0, 0x0,
    0x0, 0x0, 0xdf, 0xf0, 0x0, 0x0, 0x0, 0xd,
    0xff, 0x0, 0x0, 0x0, 0x0, 0xdf, 0xf0, 0x0,
    0x0, 0x0, 0xd, 0xff, 0x0, 0x0, 0x0, 0x0,
    0xdf, 0xf0, 0x0, 0x0, 0x0, 0xd, 0xff, 0x0,
    0x0, 0x0, 0x0, 0xdf, 0xf0, 0x0, 0x0, 0x0,
    0xd, 0xff, 0x0, 0x0, 0x0, 0x0, 0xdf, 0xf0,
    0x3, 0x0, 0x0, 0xf, 0xfd, 0x9, 0xf6, 0x0,
    0x7, 0xff, 0x90, 0xdf, 0xfc, 0x9b, 0xff, 0xf3,
    0x2, 0xef, 0xff, 0xff, 0xf8, 0x0, 0x1, 0x8d,
    0xfe, 0xc5, 0x0,

    /* U+004B "K" */
    0xaf, 0xf1, 0x0, 0x0, 0x8, 0xff, 0xa0, 0xaf,
    0xf1, 0x0, 0x0, 0x4f, 0xfc, 0x0, 0xaf, 0xf1,
    0x0, 0x2, 0xef, 0xe2, 0x0, 0xaf, 0xf1, 0x0,
    0xd, 0xff, 0x40, 0x0, 0xaf, 0xf1, 0x0, 0xaf,
    0xf7, 0x0, 0x0, 0xaf, 0xf1, 0x7, 0xff, 0xa0,
    0x0, 0x0, 0xaf, 0xf1, 0x3f, 0xfd, 0x0, 0x0,
    0x0, 0xaf, 0xf3, 0xef, 0xfd, 0x0, 0x0, 0x0,
    0xaf, 0xfd, 0xff, 0xff, 0x60, 0x0, 0x0, 0xaf,
    0xff, 0xfa, 0xef, 0xe1, 0x0, 0x0, 0xaf, 0xff,
    0xc0, 0x6f, 0xf9, 0x0, 0x0, 0xaf, 0xfe, 0x10,
    0xd, 0xff, 0x20, 0x0, 0xaf, 0xf3, 0x0, 0x4,
    0xff, 0xb0, 0x0, 0xaf, 0xf1, 0x0, 0x0, 0xbf,
    0xf5, 0x0, 0xaf, 0xf1, 0x0, 0x0, 0x2f, 0xfd,
    0x0, 0xaf, 0xf1, 0x0, 0x0, 0x9, 0xff, 0x70,
    0xaf, 0xf1, 0x0, 0x0, 0x1, 0xff, 0xf1, 0xaf,
    0xf1, 0x0, 0x0, 0x0, 0x7f, 0xfa,

    /* U+004C "L" */
    0xaf, 0xf1, 0x0, 0x0, 0x0, 0xa, 0xff, 0x10,
    0x0, 0x0, 0x0, 0xaf, 0xf1, 0x0, 0x0, 0x0,
    0xa, 0xff, 0x10, 0x0, 0x0, 0x0, 0xaf, 0xf1,
    0x0, 0x0, 0x0, 0xa, 0xff, 0x10, 0x0, 0x0,
    0x0, 0xaf, 0xf1, 0x0, 0x0, 0x0, 0xa, 0xff,
    0x10, 0x0, 0x0, 0x0, 0xaf, 0xf1, 0x0, 0x0,
    0x0, 0xa, 0xff, 0x10, 0x0, 0x0, 0x0, 0xaf,
    0xf1, 0x0, 0x0, 0x0, 0xa, 0xff, 0x10, 0x0,
    0x0, 0x0, 0xaf, 0xf1, 0x0, 0x0, 0x0, 0xa,
    0xff, 0x10, 0x0, 0x0, 0x0, 0xaf, 0xf1, 0x0,
    0x0, 0x0, 0xa, 0xff, 0x87, 0x77, 0x77, 0x74,
    0xaf, 0xff, 0xff, 0xff, 0xff, 0x9a, 0xff, 0xff,
    0xff, 0xff, 0xf9,

    /* U+004D "M" */
    0xaf, 0xfb, 0x0, 0x0, 0x0, 0x0, 0xcf, 0xf9,
    0xaf, 0xff, 0x10, 0x0, 0x0, 0x2, 0xff, 0xf9,
    0xaf, 0xff, 0x60, 0x0, 0x0, 0x7, 0xff, 0xf9,
    0xaf, 0xef, 0xc0, 0x0, 0x0, 0xd, 0xfe, 0xf9,
    0xaf, 0xaf, 0xf2, 0x0, 0x0, 0x3f, 0xfb, 0xf9,
    0xaf, 0xac, 0xf7, 0x0, 0x0, 0x8f, 0xac, 0xf9,
    0xaf, 0xb6, 0xfd, 0x0, 0x0, 0xef, 0x4d, 0xf9,
    0xaf, 0xc1, 0xff, 0x30, 0x3, 0xfe, 0xe, 0xf9,
    0xaf, 0xd0, 0xbf, 0x80, 0x9, 0xf9, 0xf, 0xf9,
    0xaf, 0xd0, 0x5f, 0xe0, 0xe, 0xf3, 0xf, 0xf9,
    0xaf, 0xd0, 0xf, 0xf3, 0x3f, 0xd0, 0xf, 0xf9,
    0xaf, 0xd0, 0xa, 0xf8, 0x8f, 0x80, 0xf, 0xf9,
    0xaf, 0xd0, 0x4, 0xfd, 0xdf, 0x20, 0xf, 0xf9,
    0xaf, 0xd0, 0x0, 0xef, 0xfc, 0x0, 0xf, 0xf9,
    0xaf, 0xd0, 0x0, 0x9f, 0xf7, 0x0, 0xf, 0xf9,
    0xaf, 0xd0, 0x0, 0x3f, 0xf1, 0x0, 0xf, 0xf9,
    0xaf, 0xd0, 0x0, 0x4, 0x30, 0x0, 0xf, 0xf9,
    0xaf, 0xd0, 0x0, 0x0, 0x0, 0x0, 0xf, 0xf9,

    /* U+004E "N" */
    0xaf, 0xf7, 0x0, 0x0, 0x0, 0x6f, 0xf4, 0xaf,
    0xff, 0x10, 0x0, 0x0, 0x6f, 0xf4, 0xaf, 0xff,
    0x90, 0x0, 0x0, 0x6f, 0xf4, 0xaf, 0xff, 0xf2,
    0x0, 0x0, 0x6f, 0xf4, 0xaf, 0xbd, 0xfa, 0x0,
    0x0, 0x6f, 0xf4, 0xaf, 0xc5, 0xff, 0x30, 0x0,
    0x6f, 0xf4, 0xaf, 0xd0, 0xdf, 0xc0, 0x0, 0x6f,
    0xf4, 0xaf, 0xe0, 0x5f, 0xf5, 0x0, 0x6f, 0xf4,
    0xaf, 0xe0, 0xc, 0xfd, 0x0, 0x5f, 0xf4, 0xaf,
    0xf0, 0x4, 0xff, 0x70, 0x5f, 0xf4, 0xaf, 0xf0,
    0x0, 0xbf, 0xe1, 0x4f, 0xf4, 0xaf, 0xf0, 0x0,
    0x2f, 0xf7, 0x3f, 0xf4, 0xaf, 0xf0, 0x0, 0x9,
    0xfe, 0x3f, 0xf4, 0xaf, 0xf0, 0x0, 0x1, 0xff,
    0x8f, 0xf4, 0xaf, 0xf0, 0x0, 0x0, 0x7f, 0xef,
    0xf4, 0xaf, 0xf0, 0x0, 0x0, 0xe, 0xff, 0xf4,
    0xaf, 0xf0, 0x0, 0x0, 0x6, 0xff, 0xf4, 0xaf,
    0xf0, 0x0, 0x0, 0x0, 0xdf, 0xf4,

    /* U+004F "O" */
    0x0, 0x0, 0x29, 0xdf, 0xfd, 0x93, 0x0, 0x0,
    0x0, 0x7, 0xff, 0xff, 0xff, 0xff, 0x80, 0x0,
    0x0, 0x8f, 0xff, 0xc9, 0x9c, 0xff, 0xfa, 0x0,
    0x4, 0xff, 0xf5, 0x0, 0x0, 0x4f, 0xff, 0x50,
    0xc, 0xff, 0x60, 0x0, 0x0, 0x4, 0xff, 0xe0,
    0x2f, 0xfd, 0x0, 0x0, 0x0, 0x0, 0xbf, 0xf3,
    0x6f, 0xf8, 0x0, 0x0, 0x0, 0x0, 0x6f, 0xf8,
    0x8f, 0xf5, 0x0, 0x0, 0x0, 0x0, 0x3f, 0xfa,
    0x9f, 0xf3, 0x0, 0x0, 0x0, 0x0, 0x2f, 0xfb,
    0x9f, 0xf4, 0x0, 0x0, 0x0, 0x0, 0x2f, 0xfb,
    0x8f, 0xf5, 0x0, 0x0, 0x0, 0x0, 0x3f, 0xf9,
    0x6f, 0xf9, 0x0, 0x0, 0x0, 0x0, 0x7f, 0xf7,
    0x1f, 0xfe, 0x0, 0x0, 0x0, 0x0, 0xcf, 0xf3,
    0xc, 0xff, 0x70, 0x0, 0x0, 0x5, 0xff, 0xd0,
    0x3, 0xff, 0xf6, 0x0, 0x0, 0x5f, 0xff, 0x40,
    0x0, 0x7f, 0xff, 0xd9, 0x9d, 0xff, 0xf9, 0x0,
    0x0, 0x6, 0xff, 0xff, 0xff, 0xff, 0x80, 0x0,
    0x0, 0x0, 0x29, 0xdf, 0xfd, 0x93, 0x0, 0x0,

    /* U+0050 "P" */
    0xaf, 0xff, 0xff, 0xfd, 0xa5, 0x0, 0xa, 0xff,
    0xff, 0xff, 0xff, 0xfc, 0x10, 0xaf, 0xf6, 0x55,
    0x69, 0xef, 0xfb, 0xa, 0xff, 0x10, 0x0, 0x1,
    0xdf, 0xf2, 0xaf, 0xf1, 0x0, 0x0, 0x6, 0xff,
    0x5a, 0xff, 0x10, 0x0, 0x0, 0x5f, 0xf6, 0xaf,
    0xf1, 0x0, 0x0, 0x7, 0xff, 0x4a, 0xff, 0x10,
    0x0, 0x2, 0xef, 0xf1, 0xaf, 0xf6, 0x55, 0x69,
    0xff, 0xf8, 0xa, 0xff, 0xff, 0xff, 0xff, 0xf9,
    0x0, 0xaf, 0xff, 0xff, 0xfd, 0x93, 0x0, 0xa,
    0xff, 0x10, 0x0, 0x0, 0x0, 0x0, 0xaf, 0xf1,
    0x0, 0x0, 0x0, 0x0, 0xa, 0xff, 0x10, 0x0,
    0x0, 0x0, 0x0, 0xaf, 0xf1, 0x0, 0x0, 0x0,
    0x0, 0xa, 0xff, 0x10, 0x0, 0x0, 0x0, 0x0,
    0xaf, 0xf1, 0x0, 0x0, 0x0, 0x0, 0xa, 0xff,
    0x10, 0x0, 0x0, 0x0, 0x0,

    /* U+0051 "Q" */
    0x0, 0x0, 0x29, 0xdf, 0xfd, 0x92, 0x0, 0x0,
    0x0, 0x0, 0x6f, 0xff, 0xff, 0xff, 0xf7, 0x0,
    0x0, 0x0, 0x7f, 0xff, 0xd9, 0x9c, 0xff, 0xf8,
    0x0, 0x0, 0x2f, 0xff, 0x60, 0x0, 0x5, 0xff,
    0xf3, 0x0, 0xb, 0xff, 0x70, 0x0, 0x0, 0x6,
    0xff, 0xc0, 0x0, 0xff, 0xe0, 0x0, 0x0, 0x0,
    0xd, 0xff, 0x20, 0x5f, 0xf9, 0x0, 0x0, 0x0,
    0x0, 0x7f, 0xf7, 0x7, 0xff, 0x50, 0x0, 0x0,
    0x0, 0x4, 0xff, 0x90, 0x9f, 0xf4, 0x0, 0x0,
    0x0, 0x0, 0x2f, 0xfa, 0xa, 0xff, 0x30, 0x0,
    0x0, 0x0, 0x1, 0xff, 0xb0, 0x9f, 0xf4, 0x0,
    0x0, 0x0, 0x0, 0x2f, 0xfa, 0x7, 0xff, 0x60,
    0x0, 0x0, 0x0, 0x4, 0xff, 0x90, 0x4f, 0xfa,
    0x0, 0x0, 0x0, 0x0, 0x8f, 0xf6, 0x0, 0xff,
    0xe0, 0x0, 0x0, 0x0, 0xd, 0xff, 0x10, 0x9,
    0xff, 0x70, 0x0, 0x0, 0x6, 0xff, 0xb0, 0x0,
    0x1f, 0xff, 0x60, 0x0, 0x4, 0xff, 0xf3, 0x0,
    0x0, 0x5f, 0xff, 0xc8, 0x8b, 0xff, 0xf7, 0x0,
    0x0, 0x0, 0x5e, 0xff, 0xff, 0xff, 0xf6, 0x0,
    0x0, 0x0, 0x0, 0x17, 0xdf, 0xff, 0x82, 0x0,
    0x0, 0x0, 0x0, 0x0, 0x0, 0xdf, 0xf4, 0x0,
    0x0, 0x0, 0x0, 0x0, 0x0, 0x4, 0xff, 0xf8,
    0x30, 0x2, 0x0, 0x0, 0x0, 0x0, 0x5, 0xff,
    0xff, 0xff, 0xf0, 0x0, 0x0, 0x0, 0x0, 0x3,
    0xcf, 0xff, 0xff, 0x30, 0x0, 0x0, 0x0, 0x0,
    0x0, 0x14, 0x54, 0x20,

    /* U+0052 "R" */
    0xaf, 0xff, 0xff, 0xfe, 0xb7, 0x0, 0x0, 0xaf,
    0xff, 0xff, 0xff, 0xff, 0xe2, 0x0, 0xaf, 0xf6,
    0x55, 0x68, 0xdf, 0xfd, 0x0, 0xaf, 0xf1, 0x0,
    0x0, 0xb, 0xff, 0x40, 0xaf, 0xf1, 0x0, 0x0,
    0x5, 0xff, 0x60, 0xaf, 0xf1, 0x0, 0x0, 0x5,
    0xff, 0x70, 0xaf, 0xf1, 0x0, 0x0, 0xa, 0xff,
    0x40, 0xaf, 0xf1, 0x0, 0x13, 0xaf, 0xfe, 0x0,
    0xaf, 0xff, 0xff, 0xff, 0xff, 0xe3, 0x0, 0xaf,
    0xff, 0xff, 0xff, 0xf9, 0x20, 0x0, 0xaf, 0xf6,
    0x55, 0xef, 0xf2, 0x0, 0x0, 0xaf, 0xf1, 0x0,
    0x6f, 0xfa, 0x0, 0x0, 0xaf, 0xf1, 0x0, 0xd,
    0xff, 0x30, 0x0, 0xaf, 0xf1, 0x0, 0x5, 0xff,
    0xb0, 0x0, 0xaf, 0xf1, 0x0, 0x0, 0xdf, 0xf4,
    0x0, 0xaf, 0xf1, 0x0, 0x0, 0x5f, 0xfc, 0x0,
    0xaf, 0xf1, 0x0, 0x0, 0xc, 0xff, 0x50, 0xaf,
    0xf1, 0x0, 0x0, 0x4, 0xff, 0xd0,

    /* U+0053 "S" */
    0x0, 0x4, 0xae, 0xfe, 0xb6, 0x0, 0x0, 0x9,
    0xff, 0xff, 0xff, 0xfd, 0x30, 0x7, 0xff, 0xfb,
    0x89, 0xdf, 0xfc, 0x0, 0xef, 0xf3, 0x0, 0x0,
    0x4c, 0x10, 0x1f, 0xfc, 0x0, 0x0, 0x0, 0x0,
    0x0, 0xff, 0xe0, 0x0, 0x0, 0x0, 0x0, 0xb,
    0xff, 0xc2, 0x0, 0x0, 0x0, 0x0, 0x2e, 0xff,
    0xfb, 0x40, 0x0, 0x0, 0x0, 0x2b, 0xff, 0xff,
    0xe6, 0x0, 0x0, 0x0, 0x3, 0xaf, 0xff, 0xfc,
    0x10, 0x0, 0x0, 0x0, 0x18, 0xff, 0xfd, 0x0,
    0x0, 0x0, 0x0, 0x1, 0xdf, 0xf5, 0x0, 0x0,
    0x0, 0x0, 0x5, 0xff, 0x80, 0x41, 0x0, 0x0,
    0x0, 0x6f, 0xf8, 0x4f, 0xd5, 0x0, 0x0, 0x1d,
    0xff, 0x49, 0xff, 0xfe, 0xa9, 0xaf, 0xff, 0xc0,
    0x7, 0xff, 0xff, 0xff, 0xff, 0xc1, 0x0, 0x1,
    0x7c, 0xef, 0xeb, 0x50, 0x0,

    /* U+0054 "T" */
    0x4f, 0xff, 0xff, 0xff, 0xff, 0xff, 0xfe, 0x4f,
    0xff, 0xff, 0xff, 0xff, 0xff, 0xfe, 0x16, 0x66,
    0x67, 0xff, 0xd6, 0x66, 0x66, 0x0, 0x0, 0x1,
    0xff, 0xb0, 0x0, 0x0, 0x0, 0x0, 0x1, 0xff,
    0xb0, 0x0, 0x0, 0x0, 0x0, 0x1, 0xff, 0xb0,
    0x0, 0x0, 0x0, 0x0, 0x1, 0xff, 0xb0, 0x0,
    0x0, 0x0, 0x0, 0x1, 0xff, 0xb0, 0x0, 0x0,
    0x0, 0x0, 0x1, 0xff, 0xb0, 0x0, 0x0, 0x0,
    0x0, 0x1, 0xff, 0xb0, 0x0, 0x0, 0x0, 0x0,
    0x1, 0xff, 0xb0, 0x0, 0x0, 0x0, 0x0, 0x1,
    0xff, 0xb0, 0x0, 0x0, 0x0, 0x0, 0x1, 0xff,
    0xb0, 0x0, 0x0, 0x0, 0x0, 0x1, 0xff, 0xb0,
    0x0, 0x0, 0x0, 0x0, 0x1, 0xff, 0xb0, 0x0,
    0x0, 0x0, 0x0, 0x1, 0xff, 0xb0, 0x0, 0x0,
    0x0, 0x0, 0x1, 0xff, 0xb0, 0x0, 0x0, 0x0,
    0x0, 0x1, 0xff, 0xb0, 0x0, 0x0,

    /* U+0055 "U" */
    0xcf, 0xf0, 0x0, 0x0, 0x0, 0x5f, 0xf5, 0xcf,
    0xf0, 0x0, 0x0, 0x0, 0x5f, 0xf5, 0xcf, 0xf0,
    0x0, 0x0, 0x0, 0x5f, 0xf5, 0xcf, 0xf0, 0x0,
    0x0, 0x0, 0x5f, 0xf5, 0xcf, 0xf0, 0x0, 0x0,
    0x0, 0x5f, 0xf5, 0xcf, 0xf0, 0x0, 0x0, 0x0,
    0x5f, 0xf5, 0xcf, 0xf0, 0x0, 0x0, 0x0, 0x5f,
    0xf5, 0xcf, 0xf0, 0x0, 0x0, 0x0, 0x5f, 0xf5,
    0xcf, 0xf0, 0x0, 0x0, 0x0, 0x5f, 0xf5, 0xcf,
    0xf0, 0x0, 0x0, 0x0, 0x5f, 0xf5, 0xcf, 0xf0,
    0x0, 0x0, 0x0, 0x5f, 0xf5, 0xbf, 0xf1, 0x0,
    0x0, 0x0, 0x6f, 0xf4, 0x9f, 0xf4, 0x0, 0x0,
    0x0, 0x9f, 0xf2, 0x5f, 0xf9, 0x0, 0x0, 0x0,
    0xef, 0xf0, 0xf, 0xff, 0x50, 0x0, 0xa, 0xff,
    0x90, 0x6, 0xff, 0xfc, 0x9a, 0xef, 0xfe, 0x10,
    0x0, 0x8f, 0xff, 0xff, 0xff, 0xe3, 0x0, 0x0,
    0x3, 0xad, 0xfe, 0xc7, 0x10, 0x0,

    /* U+0056 "V" */
    0xe, 0xff, 0x0, 0x0, 0x0, 0x0, 0xaf, 0xf2,
    0x9, 0xff, 0x50, 0x0, 0x0, 0x0, 0xef, 0xd0,
    0x4, 0xff, 0x90, 0x0, 0x0, 0x3, 0xff, 0x80,
    0x0, 0xff, 0xe0, 0x0, 0x0, 0x8, 0xff, 0x40,
    0x0, 0xaf, 0xf2, 0x0, 0x0, 0xc, 0xfe, 0x0,
    0x0, 0x5f, 0xf7, 0x0, 0x0, 0x1f, 0xfa, 0x0,
    0x0, 0x1f, 0xfb, 0x0, 0x0, 0x5f, 0xf5, 0x0,
    0x0, 0xb, 0xff, 0x0, 0x0, 0x9f, 0xf0, 0x0,
    0x0, 0x6, 0xff, 0x40, 0x0, 0xef, 0xb0, 0x0,
    0x0, 0x1, 0xff, 0x80, 0x2, 0xff, 0x60, 0x0,
    0x0, 0x0, 0xdf, 0xd0, 0x7, 0xff, 0x10, 0x0,
    0x0, 0x0, 0x8f, 0xf1, 0xb, 0xfc, 0x0, 0x0,
    0x0, 0x0, 0x3f, 0xf6, 0xf, 0xf7, 0x0, 0x0,
    0x0, 0x0, 0xe, 0xfa, 0x4f, 0xf2, 0x0, 0x0,
    0x0, 0x0, 0x9, 0xfe, 0x8f, 0xd0, 0x0, 0x0,
    0x0, 0x0, 0x4, 0xff, 0xff, 0x90, 0x0, 0x0,
    0x0, 0x0, 0x0, 0xff, 0xff, 0x40, 0x0, 0x0,
    0x0, 0x0, 0x0, 0xaf, 0xfe, 0x0, 0x0, 0x0,

    /* U+0057 "W" */
    0x5f, 0xf7, 0x0, 0x0, 0x8, 0xff, 0x20, 0x0,
    0x0, 0xef, 0xc2, 0xff, 0xa0, 0x0, 0x0, 0xcf,
    0xf6, 0x0, 0x0, 0xf, 0xf9, 0xf, 0xfd, 0x0,
    0x0, 0xf, 0xff, 0xa0, 0x0, 0x3, 0xff, 0x60,
    0xcf, 0xf0, 0x0, 0x4, 0xff, 0xfe, 0x0, 0x0,
    0x6f, 0xf3, 0x8, 0xff, 0x30, 0x0, 0x8f, 0xaf,
    0xf2, 0x0, 0x9, 0xff, 0x0, 0x5f, 0xf6, 0x0,
    0xb, 0xf5, 0xef, 0x60, 0x0, 0xcf, 0xd0, 0x2,
    0xff, 0x80, 0x0, 0xff, 0x2b, 0xfa, 0x0, 0xf,
    0xfa, 0x0, 0xf, 0xfb, 0x0, 0x3f, 0xf0, 0x8f,
    0xe0, 0x2, 0xff, 0x70, 0x0, 0xcf, 0xe0, 0x7,
    0xfb, 0x4, 0xff, 0x10, 0x5f, 0xf3, 0x0, 0x9,
    0xff, 0x10, 0xbf, 0x70, 0x1f, 0xf5, 0x7, 0xff,
    0x0, 0x0, 0x5f, 0xf3, 0xe, 0xf4, 0x0, 0xdf,
    0x90, 0xaf, 0xd0, 0x0, 0x2, 0xff, 0x62, 0xff,
    0x0, 0x9, 0xfc, 0xc, 0xfa, 0x0, 0x0, 0xf,
    0xf9, 0x5f, 0xc0, 0x0, 0x5f, 0xf0, 0xff, 0x70,
    0x0, 0x0, 0xcf, 0xb8, 0xf9, 0x0, 0x1, 0xff,
    0x4f, 0xf4, 0x0, 0x0, 0x9, 0xfe, 0xbf, 0x50,
    0x0, 0xd, 0xfa, 0xff, 0x10, 0x0, 0x0, 0x5f,
    0xff, 0xf1, 0x0, 0x0, 0xaf, 0xff, 0xe0, 0x0,
    0x0, 0x2, 0xff, 0xfd, 0x0, 0x0, 0x6, 0xff,
    0xfb, 0x0, 0x0, 0x0, 0xf, 0xff, 0xa0, 0x0,
    0x0, 0x2f, 0xff, 0x80, 0x0,

    /* U+0058 "X" */
    0x1f, 0xff, 0x10, 0x0, 0x0, 0x9f, 0xf5, 0x7,
    0xff, 0x80, 0x0, 0x1, 0xff, 0xc0, 0x0, 0xef,
    0xf1, 0x0, 0x8, 0xff, 0x40, 0x0, 0x6f, 0xf9,
    0x0, 0x1f, 0xfb, 0x0, 0x0, 0xd, 0xff, 0x10,
    0x8f, 0xf3, 0x0, 0x0, 0x4, 0xff, 0x90, 0xef,
    0xa0, 0x0, 0x0, 0x0, 0xcf, 0xf8, 0xff, 0x20,
    0x0, 0x0, 0x0, 0x3f, 0xff, 0xf9, 0x0, 0x0,
    0x0, 0x0, 0xb, 0xff, 0xf1, 0x0, 0x0, 0x0,
    0x0, 0xe, 0xff, 0xf4, 0x0, 0x0, 0x0, 0x0,
    0x8f, 0xfe, 0xfc, 0x0, 0x0, 0x0, 0x1, 0xff,
    0x87, 0xff, 0x50, 0x0, 0x0, 0x9, 0xff, 0x10,
    0xef, 0xe0, 0x0, 0x0, 0x2f, 0xf9, 0x0, 0x7f,
    0xf7, 0x0, 0x0, 0xbf, 0xf2, 0x0, 0xe, 0xff,
    0x10, 0x3, 0xff, 0x90, 0x0, 0x7, 0xff, 0x90,
    0xc, 0xff, 0x10, 0x0, 0x0, 0xef, 0xf2, 0x5f,
    0xf9, 0x0, 0x0, 0x0, 0x6f, 0xfa,

    /* U+0059 "Y" */
    0xd, 0xff, 0x20, 0x0, 0x0, 0xc, 0xff, 0x10,
    0x5f, 0xf8, 0x0, 0x0, 0x3, 0xff, 0xa0, 0x0,
    0xef, 0xe0, 0x0, 0x0, 0xaf, 0xf2, 0x0, 0x6,
    0xff, 0x60, 0x0, 0x1f, 0xfa, 0x0, 0x0, 0xe,
    0xfd, 0x0, 0x8, 0xff, 0x30, 0x0, 0x0, 0x7f,
    0xf3, 0x0, 0xef, 0xb0, 0x0, 0x0, 0x0, 0xff,
    0xa0, 0x5f, 0xf4, 0x0, 0x0, 0x0, 0x8, 0xff,
    0x1c, 0xfc, 0x0, 0x0, 0x0, 0x0, 0x1f, 0xfb,
    0xff, 0x40, 0x0, 0x0, 0x0, 0x0, 0x9f, 0xff,
    0xd0, 0x0, 0x0, 0x0, 0x0, 0x1, 0xff, 0xf5,
    0x0, 0x0, 0x0, 0x0, 0x0, 0xc, 0xff, 0x0,
    0x0, 0x0, 0x0, 0x0, 0x0, 0xcf, 0xf0, 0x0,
    0x0, 0x0, 0x0, 0x0, 0xc, 0xff, 0x0, 0x0,
    0x0, 0x0, 0x0, 0x0, 0xcf, 0xf0, 0x0, 0x0,
    0x0, 0x0, 0x0, 0xc, 0xff, 0x0, 0x0, 0x0,
    0x0, 0x0, 0x0, 0xcf, 0xf0, 0x0, 0x0, 0x0,
    0x0, 0x0, 0xc, 0xff, 0x0, 0x0, 0x0,

    /* U+005A "Z" */
    0xf, 0xff, 0xff, 0xff, 0xff, 0xff, 0x60, 0xff,
    0xff, 0xff, 0xff, 0xff, 0xf6, 0x6, 0x66, 0x66,
    0x66, 0x8f, 0xfe, 0x0, 0x0, 0x0, 0x0, 0xb,
    0xff, 0x40, 0x0, 0x0, 0x0, 0x5, 0xff, 0xa0,
    0x0, 0x0, 0x0, 0x1, 0xef, 0xe1, 0x0, 0x0,
    0x0, 0x0, 0xaf, 0xf5, 0x0, 0x0, 0x0, 0x0,
    0x4f, 0xfb, 0x0, 0x0, 0x0, 0x0, 0xd, 0xff,
    0x20, 0x0, 0x0, 0x0, 0x8, 0xff, 0x70, 0x0,
    0x0, 0x0, 0x3, 0xff, 0xc0, 0x0, 0x0, 0x0,
    0x0, 0xdf, 0xf2, 0x0, 0x0, 0x0, 0x0, 0x7f,
    0xf8, 0x0, 0x0, 0x0, 0x0, 0x2f, 0xfd, 0x0,
    0x0, 0x0, 0x0, 0xb, 0xff, 0x30, 0x0, 0x0,
    0x0, 0x6, 0xff, 0xd7, 0x77, 0x77, 0x77, 0x73,
    0xdf, 0xff, 0xff, 0xff, 0xff, 0xff, 0x8e, 0xff,
    0xff, 0xff, 0xff, 0xff, 0xf8,

    /* U+005B "[" */
    0x8f, 0xff, 0xf9, 0x8f, 0xd9, 0x95, 0x8f, 0x90,
    0x0, 0x8f, 0x90, 0x0, 0x8f, 0x90, 0x0, 0x8f,
    0x90, 0x0, 0x8f, 0x90, 0x0, 0x8f, 0x90, 0x0,
    0x8f, 0x90, 0x0, 0x8f, 0x90, 0x0, 0x8f, 0x90,
    0x0, 0x8f, 0x90, 0x0, 0x8f, 0x90, 0x0, 0x8f,
    0x90, 0x0, 0x8f, 0x90, 0x0, 0x8f, 0x90, 0x0,
    0x8f, 0x90, 0x0, 0x8f, 0x90, 0x0, 0x8f, 0x90,
    0x0, 0x8f, 0x90, 0x0, 0x8f, 0x90, 0x0, 0x8f,
    0x90, 0x0, 0x8f, 0xd9, 0x95, 0x8f, 0xff, 0xf9,

    /* U+005C "\\" */
    0x5f, 0x80, 0x0, 0x0, 0x0, 0x1f, 0xc0, 0x0,
    0x0, 0x0, 0xd, 0xf1, 0x0, 0x0, 0x0, 0x8,
    0xf5, 0x0, 0x0, 0x0, 0x4, 0xf9, 0x0, 0x0,
    0x0, 0x0, 0xfe, 0x0, 0x0, 0x0, 0x0, 0xbf,
    0x20, 0x0, 0x0, 0x0, 0x7f, 0x70, 0x0, 0x0,
    0x0, 0x3f, 0xb0, 0x0, 0x0, 0x0, 0xe, 0xf0,
    0x0, 0x0, 0x0, 0xa, 0xf4, 0x0, 0x0, 0x0,
    0x6, 0xf8, 0x0, 0x0, 0x0, 0x1, 0xfc, 0x0,
    0x0, 0x0, 0x0, 0xdf, 0x10, 0x0, 0x0, 0x0,
    0x9f, 0x50, 0x0, 0x0, 0x0, 0x4f, 0x90, 0x0,
    0x0, 0x0, 0xf, 0xe0, 0x0, 0x0, 0x0, 0xb,
    0xf2, 0x0, 0x0, 0x0, 0x7, 0xf6, 0x0, 0x0,
    0x0, 0x3, 0xfb, 0x0, 0x0, 0x0, 0x0, 0xef,
    0x0, 0x0, 0x0, 0x0, 0xaf, 0x30, 0x0, 0x0,
    0x0, 0x6f, 0x80, 0x0, 0x0, 0x0, 0x1f, 0xc0,
    0x0, 0x0, 0x0, 0x7, 0x70,

    /* U+005D "]" */
    0xf, 0xff, 0xff, 0x0, 0x99, 0x9f, 0xf0, 0x0,
    0x0, 0xff, 0x0, 0x0, 0xf, 0xf0, 0x0, 0x0,
    0xff, 0x0, 0x0, 0xf, 0xf0, 0x0, 0x0, 0xff,
    0x0, 0x0, 0xf, 0xf0, 0x0, 0x0, 0xff, 0x0,
    0x0, 0xf, 0xf0, 0x0, 0x0, 0xff, 0x0, 0x0,
    0xf, 0xf0, 0x0, 0x0, 0xff, 0x0, 0x0, 0xf,
    0xf0, 0x0, 0x0, 0xff, 0x0, 0x0, 0xf, 0xf0,
    0x0, 0x0, 0xff, 0x0, 0x0, 0xf, 0xf0, 0x0,
    0x0, 0xff, 0x0, 0x0, 0xf, 0xf0, 0x0, 0x0,
    0xff, 0x0, 0x0, 0xf, 0xf0, 0x9, 0x99, 0xff,
    0x0, 0xff, 0xff, 0xf0,

    /* U+005E "^" */
    0x0, 0x0, 0x8f, 0xf3, 0x0, 0x0, 0x0, 0x0,
    0xef, 0xf9, 0x0, 0x0, 0x0, 0x4, 0xfe, 0xfe,
    0x0, 0x0, 0x0, 0xa, 0xf8, 0xcf, 0x50, 0x0,
    0x0, 0x1f, 0xf2, 0x7f, 0xb0, 0x0, 0x0, 0x6f,
    0xd0, 0x2f, 0xf1, 0x0, 0x0, 0xcf, 0x70, 0xc,
    0xf7, 0x0, 0x2, 0xff, 0x20, 0x7, 0xfd, 0x0,
    0x8, 0xfc, 0x0, 0x1, 0xff, 0x30, 0xe, 0xf6,
    0x0, 0x0, 0xbf, 0x90, 0x4f, 0xf1, 0x0, 0x0,
    0x6f, 0xe0,

    /* U+005F "_" */
    0x8c, 0xcc, 0xcc, 0xcc, 0xcc, 0xcc, 0xc2, 0xaf,
    0xff, 0xff, 0xff, 0xff, 0xff, 0xf2,

    /* U+0060 "`" */
    0x0, 0x0, 0x0, 0xa, 0x90, 0x0, 0x9f, 0xf6,
    0x0, 0x2e, 0xff, 0x40, 0x2, 0xef, 0xe2, 0x0,
    0x1d, 0xfb, 0x0, 0x1, 0xc2,

    /* U+0061 "a" */
    0x0, 0x18, 0xce, 0xfd, 0x70, 0x0, 0x9f, 0xff,
    0xff, 0xff, 0xb0, 0xb, 0xfd, 0x75, 0x7e, 0xff,
    0x50, 0x35, 0x0, 0x0, 0x3f, 0xfb, 0x0, 0x0,
    0x0, 0x0, 0xef, 0xe0, 0x0, 0x2, 0x69, 0xbf,
    0xff, 0x0, 0x5c, 0xff, 0xff, 0xff, 0xf0, 0x9f,
    0xfd, 0x73, 0xc, 0xff, 0x4f, 0xf9, 0x0, 0x0,
    0xcf, 0xf9, 0xff, 0x0, 0x0, 0xc, 0xff, 0xaf,
    0xf1, 0x0, 0x4, 0xff, 0xf7, 0xff, 0xc6, 0x5a,
    0xff, 0xff, 0x1e, 0xff, 0xff, 0xfb, 0x9f, 0xf0,
    0x1a, 0xef, 0xc6, 0x5, 0xff,

    /* U+0062 "b" */
    0xef, 0xd0, 0x0, 0x0, 0x0, 0x0, 0xef, 0xd0,
    0x0, 0x0, 0x0, 0x0, 0xef, 0xd0, 0x0, 0x0,
    0x0, 0x0, 0xef, 0xd0, 0x0, 0x0, 0x0, 0x0,
    0xef, 0xd0, 0x0, 0x0, 0x0, 0x0, 0xef, 0xd0,
    0x0, 0x0, 0x0, 0x0, 0xef, 0xd0, 0x6c, 0xfe,
    0xa2, 0x0, 0xef, 0xdc, 0xff, 0xff, 0xff, 0x40,
    0xef, 0xff, 0xc7, 0x7c, 0xff, 0xe0, 0xef, 0xf6,
    0x0, 0x0, 0xbf, 0xf6, 0xef, 0xd0, 0x0, 0x0,
    0x4f, 0xfa, 0xef, 0xd0, 0x0, 0x0, 0x1f, 0xfd,
    0xef, 0xd0, 0x0, 0x0, 0xf, 0xfe, 0xef, 0xd0,
    0x0, 0x0, 0xf, 0xfd, 0xef, 0xd0, 0x0, 0x0,
    0x1f, 0xfc, 0xef, 0xd0, 0x0, 0x0, 0x7f, 0xf8,
    0xef, 0xe2, 0x0, 0x2, 0xef, 0xf2, 0xef, 0xff,
    0xa7, 0x8f, 0xff, 0x90, 0xef, 0xbe, 0xff, 0xff,
    0xfb, 0x0, 0xef, 0x51, 0x9e, 0xfc, 0x60, 0x0,

    /* U+0063 "c" */
    0x0, 0x2, 0x9d, 0xfe, 0xa2, 0x0, 0x7, 0xff,
    0xff, 0xff, 0xf4, 0x6, 0xff, 0xfa, 0x67, 0xec,
    0x1, 0xff, 0xf4, 0x0, 0x0, 0x10, 0x7f, 0xf9,
    0x0, 0x0, 0x0, 0xa, 0xff, 0x30, 0x0, 0x0,
    0x0, 0xcf, 0xf0, 0x0, 0x0, 0x0, 0xc, 0xff,
    0x0, 0x0, 0x0, 0x0, 0xbf, 0xf3, 0x0, 0x0,
    0x0, 0x7, 0xff, 0x80, 0x0, 0x0, 0x0, 0x1f,
    0xff, 0x30, 0x0, 0x5, 0x0, 0x8f, 0xff, 0x96,
    0x7d, 0xf4, 0x0, 0x9f, 0xff, 0xff, 0xff, 0x60,
    0x0, 0x4a, 0xef, 0xe9, 0x20,

    /* U+0064 "d" */
    0x0, 0x0, 0x0, 0x0, 0xb, 0xff, 0x10, 0x0,
    0x0, 0x0, 0x0, 0xbf, 0xf1, 0x0, 0x0, 0x0,
    0x0, 0xb, 0xff, 0x10, 0x0, 0x0, 0x0, 0x0,
    0xbf, 0xf1, 0x0, 0x0, 0x0, 0x0, 0xb, 0xff,
    0x10, 0x0, 0x0, 0x0, 0x0, 0xbf, 0xf1, 0x0,
    0x5, 0xcf, 0xea, 0x2a, 0xff, 0x10, 0xa, 0xff,
    0xff, 0xff, 0xdf, 0xf1, 0x7, 0xff, 0xf9, 0x69,
    0xef, 0xff, 0x11, 0xff, 0xf3, 0x0, 0x1, 0xdf,
    0xf1, 0x6f, 0xf8, 0x0, 0x0, 0xb, 0xff, 0x1a,
    0xff, 0x30, 0x0, 0x0, 0xbf, 0xf1, 0xbf, 0xf1,
    0x0, 0x0, 0xb, 0xff, 0x1c, 0xff, 0x10, 0x0,
    0x0, 0xbf, 0xf1, 0xbf, 0xf3, 0x0, 0x0, 0xb,
    0xff, 0x18, 0xff, 0x80, 0x0, 0x0, 0xbf, 0xf1,
    0x3f, 0xfe, 0x10, 0x0, 0x4f, 0xff, 0x10, 0xbf,
    0xfe, 0x87, 0xaf, 0xff, 0xf1, 0x1, 0xdf, 0xff,
    0xff, 0xe9, 0xff, 0x10, 0x1, 0x8d, 0xfe, 0x81,
    0x4f, 0xf1,

    /* U+0065 "e" */
    0x0, 0x4, 0xbe, 0xfd, 0x70, 0x0, 0x0, 0x8f,
    0xff, 0xff, 0xfc, 0x0, 0x7, 0xff, 0xd6, 0x59,
    0xff, 0x90, 0x1f, 0xfc, 0x0, 0x0, 0x7f, 0xf1,
    0x7f, 0xf3, 0x0, 0x0, 0xf, 0xf5, 0xaf, 0xf0,
    0x0, 0x0, 0xe, 0xf7, 0xcf, 0xff, 0xff, 0xff,
    0xff, 0xf8, 0xcf, 0xff, 0xff, 0xff, 0xff, 0xf7,
    0xaf, 0xf0, 0x0, 0x0, 0x0, 0x0, 0x7f, 0xf4,
    0x0, 0x0, 0x0, 0x0, 0x1f, 0xfe, 0x10, 0x0,
    0x0, 0x0, 0x7, 0xff, 0xf8, 0x55, 0x8e, 0x70,
    0x0, 0x8f, 0xff, 0xff, 0xff, 0xc0, 0x0, 0x3,
    0xad, 0xfe, 0xb5, 0x0,

    /* U+0066 "f" */
    0x0, 0x0, 0x8d, 0xfe, 0xb0, 0x0, 0x9, 0xff,
    0xff, 0xc0, 0x0, 0x1f, 0xfe, 0x65, 0x40, 0x0,
    0x5f, 0xf7, 0x0, 0x0, 0x0, 0x7f, 0xf5, 0x0,
    0x0, 0x0, 0x7f, 0xf5, 0x0, 0x0, 0x3e, 0xff,
    0xff, 0xff, 0x0, 0x4f, 0xff, 0xff, 0xff, 0x0,
    0x14, 0x9f, 0xf8, 0x44, 0x0, 0x0, 0x7f, 0xf5,
    0x0, 0x0, 0x0, 0x7f, 0xf5, 0x0, 0x0, 0x0,
    0x7f, 0xf5, 0x0, 0x0, 0x0, 0x7f, 0xf5, 0x0,
    0x0, 0x0, 0x7f, 0xf5, 0x0, 0x0, 0x0, 0x7f,
    0xf5, 0x0, 0x0, 0x0, 0x7f, 0xf5, 0x0, 0x0,
    0x0, 0x7f, 0xf5, 0x0, 0x0, 0x0, 0x7f, 0xf5,
    0x0, 0x0, 0x0, 0x7f, 0xf5, 0x0, 0x0, 0x0,
    0x7f, 0xf5, 0x0, 0x0,

    /* U+0067 "g" */
    0x0, 0x18, 0xdf, 0xff, 0xff, 0xff, 0x40, 0x2e,
    0xff, 0xff, 0xff, 0xff, 0xf4, 0xc, 0xff, 0x61,
    0x3d, 0xff, 0x32, 0x3, 0xff, 0x80, 0x0, 0x2f,
    0xf6, 0x0, 0x5f, 0xf4, 0x0, 0x0, 0xef, 0x90,
    0x5, 0xff, 0x40, 0x0, 0xe, 0xf8, 0x0, 0x2f,
    0xf8, 0x0, 0x2, 0xff, 0x60, 0x0, 0xbf, 0xf6,
    0x3, 0xdf, 0xe0, 0x0, 0x1, 0xdf, 0xff, 0xff,
    0xe3, 0x0, 0x0, 0x6f, 0xca, 0xdc, 0x81, 0x0,
    0x0, 0xf, 0xf3, 0x0, 0x0, 0x0, 0x0, 0x1,
    0xff, 0xb5, 0x44, 0x44, 0x20, 0x0, 0x9, 0xff,
    0xff, 0xff, 0xff, 0xd4, 0x0, 0x5f, 0xef, 0xff,
    0xff, 0xff, 0xf2, 0x4f, 0xe1, 0x0, 0x0, 0x2a,
    0xff, 0x7b, 0xf9, 0x0, 0x0, 0x0, 0x3f, 0xf7,
    0xdf, 0xa0, 0x0, 0x0, 0x7, 0xff, 0x39, 0xff,
    0x81, 0x0, 0x18, 0xff, 0xa0, 0x1d, 0xff, 0xff,
    0xff, 0xff, 0xa0, 0x0, 0x7, 0xce, 0xfe, 0xd9,
    0x30, 0x0,

    /* U+0068 "h" */
    0xef, 0xd0, 0x0, 0x0, 0x0, 0x0, 0xef, 0xd0,
    0x0, 0x0, 0x0, 0x0, 0xef, 0xd0, 0x0, 0x0,
    0x0, 0x0, 0xef, 0xd0, 0x0, 0x0, 0x0, 0x0,
    0xef, 0xd0, 0x0, 0x0, 0x0, 0x0, 0xef, 0xd0,
    0x0, 0x0, 0x0, 0x0, 0xef, 0xc0, 0x3b, 0xef,
    0xb3, 0x0, 0xef, 0xc7, 0xff, 0xff, 0xff, 0x20,
    0xef, 0xff, 0xe9, 0x9e, 0xff, 0x90, 0xef, 0xfb,
    0x0, 0x2, 0xff, 0xe0, 0xef, 0xe0, 0x0, 0x0,
    0xcf, 0xf0, 0xef, 0xd0, 0x0, 0x0, 0xbf, 0xf0,
    0xef, 0xd0, 0x0, 0x0, 0xbf, 0xf1, 0xef, 0xd0,
    0x0, 0x0, 0xbf, 0xf1, 0xef, 0xd0, 0x0, 0x0,
    0xbf, 0xf1, 0xef, 0xd0, 0x0, 0x0, 0xbf, 0xf1,
    0xef, 0xd0, 0x0, 0x0, 0xbf, 0xf1, 0xef, 0xd0,
    0x0, 0x0, 0xbf, 0xf1, 0xef, 0xd0, 0x0, 0x0,
    0xbf, 0xf1, 0xef, 0xd0, 0x0, 0x0, 0xbf, 0xf1,

    /* U+0069 "i" */
    0xa, 0xf9, 0x2, 0xff, 0xf2, 0x1f, 0xfe, 0x0,
    0x26, 0x20, 0x0, 0x0, 0x0, 0x0, 0x0, 0xe,
    0xfd, 0x0, 0xef, 0xd0, 0xe, 0xfd, 0x0, 0xef,
    0xd0, 0xe, 0xfd, 0x0, 0xef, 0xd0, 0xe, 0xfd,
    0x0, 0xef, 0xd0, 0xe, 0xfd, 0x0, 0xef, 0xd0,
    0xe, 0xfd, 0x0, 0xef, 0xd0, 0xe, 0xfd, 0x0,
    0xef, 0xd0,

    /* U+006A "j" */
    0x0, 0x0, 0xaf, 0x90, 0x0, 0x2, 0xff, 0xf2,
    0x0, 0x1, 0xff, 0xe0, 0x0, 0x0, 0x26, 0x20,
    0x0, 0x0, 0x0, 0x0, 0x0, 0x0, 0x0, 0x0,
    0x0, 0x0, 0xef, 0xe0, 0x0, 0x0, 0xef, 0xe0,
    0x0, 0x0, 0xef, 0xe0, 0x0, 0x0, 0xef, 0xe0,
    0x0, 0x0, 0xef, 0xe0, 0x0, 0x0, 0xef, 0xe0,
    0x0, 0x0, 0xef, 0xe0, 0x0, 0x0, 0xef, 0xe0,
    0x0, 0x0, 0xef, 0xe0, 0x0, 0x0, 0xef, 0xe0,
    0x0, 0x0, 0xef, 0xe0, 0x0, 0x0, 0xef, 0xe0,
    0x0, 0x0, 0xef, 0xe0, 0x0, 0x0, 0xef, 0xe0,
    0x0, 0x0, 0xef, 0xe0, 0x0, 0x0, 0xef, 0xd0,
    0x0, 0x1, 0xff, 0xb0, 0x4, 0x4a, 0xff, 0x70,
    0xe, 0xff, 0xfe, 0x10, 0xd, 0xfe, 0xb2, 0x0,

    /* U+006B "k" */
    0xef, 0xd0, 0x0, 0x0, 0x0, 0x0, 0xef, 0xd0,
    0x0, 0x0, 0x0, 0x0, 0xef, 0xd0, 0x0, 0x0,
    0x0, 0x0, 0xef, 0xd0, 0x0, 0x0, 0x0, 0x0,
    0xef, 0xd0, 0x0, 0x0, 0x0, 0x0, 0xef, 0xd0,
    0x0, 0x0, 0x0, 0x0, 0xef, 0xd0, 0x0, 0x5,
    0xff, 0xa0, 0xef, 0xd0, 0x0, 0x2f, 0xfd, 0x0,
    0xef, 0xd0, 0x0, 0xdf, 0xf2, 0x0, 0xef, 0xd0,
    0x9, 0xff, 0x50, 0x0, 0xef, 0xd0, 0x6f, 0xf8,
    0x0, 0x0, 0xef, 0xd2, 0xff, 0xd0, 0x0, 0x0,
    0xef, 0xdd, 0xff, 0xf1, 0x0, 0x0, 0xef, 0xff,
    0xff, 0xfa, 0x0, 0x0, 0xef, 0xff, 0x58, 0xff,
    0x40, 0x0, 0xef, 0xf8, 0x0, 0xef, 0xd0, 0x0,
    0xef, 0xd0, 0x0, 0x6f, 0xf7, 0x0, 0xef, 0xd0,
    0x0, 0xd, 0xff, 0x10, 0xef, 0xd0, 0x0, 0x4,
    0xff, 0xa0, 0xef, 0xd0, 0x0, 0x0, 0xbf, 0xf4,

    /* U+006C "l" */
    0xef, 0xd0, 0xe, 0xfd, 0x0, 0xef, 0xd0, 0xe,
    0xfd, 0x0, 0xef, 0xd0, 0xe, 0xfd, 0x0, 0xef,
    0xd0, 0xe, 0xfd, 0x0, 0xef, 0xd0, 0xe, 0xfd,
    0x0, 0xef, 0xd0, 0xe, 0xfd, 0x0, 0xef, 0xd0,
    0xe, 0xfd, 0x0, 0xef, 0xd0, 0xe, 0xfd, 0x0,
    0xef, 0xd0, 0xc, 0xff, 0x70, 0x8f, 0xff, 0x20,
    0xaf, 0xe3,

    /* U+006D "m" */
    0xef, 0x60, 0x5c, 0xfe, 0x91, 0x0, 0x5c, 0xfe,
    0x90, 0xe, 0xf8, 0x9f, 0xff, 0xff, 0xc0, 0x9f,
    0xff, 0xff, 0xb0, 0xef, 0xff, 0xe8, 0xaf, 0xff,
    0xcf, 0xd8, 0xaf, 0xff, 0x4e, 0xff, 0xa0, 0x0,
    0x6f, 0xff, 0x90, 0x0, 0x7f, 0xf8, 0xef, 0xe0,
    0x0, 0x1, 0xff, 0xd0, 0x0, 0x2, 0xff, 0xae,
    0xfd, 0x0, 0x0, 0xf, 0xfc, 0x0, 0x0, 0x1f,
    0xfb, 0xef, 0xd0, 0x0, 0x0, 0xff, 0xc0, 0x0,
    0x1, 0xff, 0xbe, 0xfd, 0x0, 0x0, 0xf, 0xfc,
    0x0, 0x0, 0x1f, 0xfb, 0xef, 0xd0, 0x0, 0x0,
    0xff, 0xc0, 0x0, 0x1, 0xff, 0xbe, 0xfd, 0x0,
    0x0, 0xf, 0xfc, 0x0, 0x0, 0x1f, 0xfb, 0xef,
    0xd0, 0x0, 0x0, 0xff, 0xc0, 0x0, 0x1, 0xff,
    0xbe, 0xfd, 0x0, 0x0, 0xf, 0xfc, 0x0, 0x0,
    0x1f, 0xfb, 0xef, 0xd0, 0x0, 0x0, 0xff, 0xc0,
    0x0, 0x1, 0xff, 0xbe, 0xfd, 0x0, 0x0, 0xf,
    0xfc, 0x0, 0x0, 0x1f, 0xfb,

    /* U+006E "n" */
    0xef, 0x60, 0x4b, 0xef, 0xb3, 0x0, 0xef, 0x89,
    0xff, 0xff, 0xff, 0x20, 0xef, 0xff, 0xe9, 0x9e,
    0xff, 0x90, 0xef, 0xfb, 0x0, 0x2, 0xff, 0xe0,
    0xef, 0xe0, 0x0, 0x0, 0xcf, 0xf0, 0xef, 0xd0,
    0x0, 0x0, 0xbf, 0xf0, 0xef, 0xd0, 0x0, 0x0,
    0xbf, 0xf1, 0xef, 0xd0, 0x0, 0x0, 0xbf, 0xf1,
    0xef, 0xd0, 0x0, 0x0, 0xbf, 0xf1, 0xef, 0xd0,
    0x0, 0x0, 0xbf, 0xf1, 0xef, 0xd0, 0x0, 0x0,
    0xbf, 0xf1, 0xef, 0xd0, 0x0, 0x0, 0xbf, 0xf1,
    0xef, 0xd0, 0x0, 0x0, 0xbf, 0xf1, 0xef, 0xd0,
    0x0, 0x0, 0xbf, 0xf1,

    /* U+006F "o" */
    0x0, 0x3, 0xae, 0xfd, 0x92, 0x0, 0x0, 0x8,
    0xff, 0xff, 0xff, 0xf5, 0x0, 0x7, 0xff, 0xe7,
    0x59, 0xff, 0xf3, 0x1, 0xff, 0xf2, 0x0, 0x4,
    0xff, 0xc0, 0x7f, 0xf8, 0x0, 0x0, 0xc, 0xff,
    0x3a, 0xff, 0x30, 0x0, 0x0, 0x6f, 0xf6, 0xcf,
    0xf1, 0x0, 0x0, 0x4, 0xff, 0x8c, 0xff, 0x10,
    0x0, 0x0, 0x4f, 0xf8, 0xaf, 0xf3, 0x0, 0x0,
    0x6, 0xff, 0x67, 0xff, 0x80, 0x0, 0x0, 0xcf,
    0xf3, 0x1f, 0xff, 0x20, 0x0, 0x5f, 0xfc, 0x0,
    0x7f, 0xfe, 0x86, 0x9f, 0xff, 0x30, 0x0, 0x8f,
    0xff, 0xff, 0xff, 0x50, 0x0, 0x0, 0x3a, 0xef,
    0xd9, 0x20, 0x0,

    /* U+0070 "p" */
    0xef, 0x60, 0x6c, 0xfe, 0xa2, 0x0, 0xef, 0xbc,
    0xff, 0xff, 0xff, 0x40, 0xef, 0xff, 0xc7, 0x7c,
    0xff, 0xe0, 0xef, 0xf7, 0x0, 0x0, 0xbf, 0xf6,
    0xef, 0xd0, 0x0, 0x0, 0x4f, 0xfa, 0xef, 0xd0,
    0x0, 0x0, 0x1f, 0xfd, 0xef, 0xd0, 0x0, 0x0,
    0xf, 0xfe, 0xef, 0xd0, 0x0, 0x0, 0xf, 0xfd,
    0xef, 0xd0, 0x0, 0x0, 0x1f, 0xfc, 0xef, 0xd0,
    0x0, 0x0, 0x7f, 0xf8, 0xef, 0xe2, 0x0, 0x2,
    0xef, 0xf2, 0xef, 0xff, 0xa7, 0x8f, 0xff, 0x90,
    0xef, 0xee, 0xff, 0xff, 0xfb, 0x0, 0xef, 0xc1,
    0x9e, 0xfc, 0x60, 0x0, 0xef, 0xd0, 0x0, 0x0,
    0x0, 0x0, 0xef, 0xd0, 0x0, 0x0, 0x0, 0x0,
    0xef, 0xd0, 0x0, 0x0, 0x0, 0x0, 0xef, 0xd0,
    0x0, 0x0, 0x0, 0x0, 0xef, 0xd0, 0x0, 0x0,
    0x0, 0x0, 0xef, 0xd0, 0x0, 0x0, 0x0, 0x0,

    /* U+0071 "q" */
    0x0, 0x5, 0xcf, 0xfb, 0x33, 0xff, 0x10, 0xa,
    0xff, 0xff, 0xff, 0xcf, 0xf1, 0x7, 0xff, 0xf9,
    0x69, 0xef, 0xff, 0x11, 0xff, 0xf3, 0x0, 0x1,
    0xdf, 0xf1, 0x6f, 0xf8, 0x0, 0x0, 0xb, 0xff,
    0x1a, 0xff, 0x30, 0x0, 0x0, 0xbf, 0xf1, 0xbf,
    0xf1, 0x0, 0x0, 0xb, 0xff, 0x1c, 0xff, 0x10,
    0x0, 0x0, 0xbf, 0xf1, 0xbf, 0xf3, 0x0, 0x0,
    0xb, 0xff, 0x18, 0xff, 0x80, 0x0, 0x0, 0xbf,
    0xf1, 0x3f, 0xfe, 0x10, 0x0, 0x4f, 0xff, 0x10,
    0xbf, 0xfe, 0x87, 0xaf, 0xff, 0xf1, 0x1, 0xdf,
    0xff, 0xff, 0xdc, 0xff, 0x10, 0x1, 0x8d, 0xfe,
    0x80, 0xaf, 0xf1, 0x0, 0x0, 0x0, 0x0, 0xb,
    0xff, 0x10, 0x0, 0x0, 0x0, 0x0, 0xbf, 0xf1,
    0x0, 0x0, 0x0, 0x0, 0xb, 0xff, 0x10, 0x0,
    0x0, 0x0, 0x0, 0xbf, 0xf1, 0x0, 0x0, 0x0,
    0x0, 0xb, 0xff, 0x10, 0x0, 0x0, 0x0, 0x0,
    0xbf, 0xf1,

    /* U+0072 "r" */
    0xef, 0x60, 0x5d, 0xfc, 0xef, 0x77, 0xff, 0xf9,
    0xef, 0xcf, 0xfa, 0x95, 0xef, 0xfe, 0x20, 0x0,
    0xef, 0xf5, 0x0, 0x0, 0xef, 0xe0, 0x0, 0x0,
    0xef, 0xd0, 0x0, 0x0, 0xef, 0xd0, 0x0, 0x0,
    0xef, 0xd0, 0x0, 0x0, 0xef, 0xd0, 0x0, 0x0,
    0xef, 0xd0, 0x0, 0x0, 0xef, 0xd0, 0x0, 0x0,
    0xef, 0xd0, 0x0, 0x0, 0xef, 0xd0, 0x0, 0x0,

    /* U+0073 "s" */
    0x0, 0x6, 0xcf, 0xfd, 0x81, 0x0, 0xa, 0xff,
    0xff, 0xff, 0xe2, 0x4, 0xff, 0xc4, 0x36, 0xeb,
    0x0, 0x8f, 0xf2, 0x0, 0x0, 0x10, 0x7, 0xff,
    0x50, 0x0, 0x0, 0x0, 0x2f, 0xff, 0xa3, 0x0,
    0x0, 0x0, 0x4e, 0xff, 0xfc, 0x50, 0x0, 0x0,
    0x7, 0xdf, 0xff, 0xa0, 0x0, 0x0, 0x0, 0x5e,
    0xff, 0x50, 0x0, 0x0, 0x0, 0x1f, 0xf9, 0x2,
    0x60, 0x0, 0x1, 0xff, 0x90, 0xdf, 0xc6, 0x34,
    0xcf, 0xf4, 0xa, 0xff, 0xff, 0xff, 0xfa, 0x0,
    0x3, 0x9e, 0xfe, 0xc5, 0x0,

    /* U+0074 "t" */
    0x0, 0xf, 0xf4, 0x0, 0x0, 0x0, 0x2f, 0xf4,
    0x0, 0x0, 0x0, 0x3f, 0xf4, 0x0, 0x0, 0x0,
    0x4f, 0xf4, 0x0, 0x0, 0x5e, 0xff, 0xff, 0xff,
    0xb0, 0x6f, 0xff, 0xff, 0xff, 0xb0, 0x14, 0xaf,
    0xf7, 0x44, 0x30, 0x0, 0x7f, 0xf4, 0x0, 0x0,
    0x0, 0x7f, 0xf4, 0x0, 0x0, 0x0, 0x7f, 0xf4,
    0x0, 0x0, 0x0, 0x7f, 0xf4, 0x0, 0x0, 0x0,
    0x7f, 0xf4, 0x0, 0x0, 0x0, 0x7f, 0xf4, 0x0,
    0x0, 0x0, 0x7f, 0xf4, 0x0, 0x0, 0x0, 0x5f,
    0xf7, 0x0, 0x0, 0x0, 0x1f, 0xff, 0x75, 0x60,
    0x0, 0xa, 0xff, 0xff, 0xe0, 0x0, 0x0, 0x9e,
    0xfe, 0xa0,

    /* U+0075 "u" */
    0x1f, 0xfa, 0x0, 0x0, 0xf, 0xfd, 0x1f, 0xfa,
    0x0, 0x0, 0xf, 0xfd, 0x1f, 0xfa, 0x0, 0x0,
    0xf, 0xfd, 0x1f, 0xfa, 0x0, 0x0, 0xf, 0xfd,
    0x1f, 0xfa, 0x0, 0x0, 0xf, 0xfd, 0x1f, 0xfa,
    0x0, 0x0, 0xf, 0xfd, 0x1f, 0xfa, 0x0, 0x0,
    0xf, 0xfd, 0x1f, 0xfa, 0x0, 0x0, 0xf, 0xfd,
    0x1f, 0xfb, 0x0, 0x0, 0xf, 0xfd, 0xf, 0xfc,
    0x0, 0x0, 0x1f, 0xfd, 0xe, 0xff, 0x20, 0x1,
    0xcf, 0xfd, 0xa, 0xff, 0xe9, 0x9e, 0xfe, 0xfd,
    0x2, 0xff, 0xff, 0xff, 0x69, 0xfd, 0x0, 0x3c,
    0xfe, 0xb3, 0x7, 0xfd,

    /* U+0076 "v" */
    0x7f, 0xf4, 0x0, 0x0, 0x1, 0xff, 0x92, 0xff,
    0x90, 0x0, 0x0, 0x6f, 0xf3, 0xd, 0xfe, 0x0,
    0x0, 0xa, 0xfe, 0x0, 0x8f, 0xf3, 0x0, 0x0,
    0xff, 0x90, 0x2, 0xff, 0x70, 0x0, 0x4f, 0xf4,
    0x0, 0xd, 0xfc, 0x0, 0x9, 0xfe, 0x0, 0x0,
    0x8f, 0xf1, 0x0, 0xdf, 0xa0, 0x0, 0x2, 0xff,
    0x60, 0x2f, 0xf4, 0x0, 0x0, 0xd, 0xfa, 0x7,
    0xff, 0x0, 0x0, 0x0, 0x8f, 0xe0, 0xbf, 0xa0,
    0x0, 0x0, 0x3, 0xff, 0x3f, 0xf5, 0x0, 0x0,
    0x0, 0xd, 0xfc, 0xff, 0x0, 0x0, 0x0, 0x0,
    0x8f, 0xff, 0xa0, 0x0, 0x0, 0x0, 0x3, 0xff,
    0xf5, 0x0, 0x0,

    /* U+0077 "w" */
    0x3f, 0xf8, 0x0, 0x0, 0x6f, 0xf6, 0x0, 0x0,
    0x7f, 0xf2, 0xf, 0xfc, 0x0, 0x0, 0xaf, 0xfa,
    0x0, 0x0, 0xbf, 0xe0, 0xb, 0xff, 0x0, 0x0,
    0xef, 0xfe, 0x0, 0x0, 0xef, 0xa0, 0x7, 0xff,
    0x30, 0x2, 0xfc, 0xef, 0x20, 0x2, 0xff, 0x60,
    0x3, 0xff, 0x70, 0x5, 0xf9, 0xbf, 0x60, 0x6,
    0xff, 0x20, 0x0, 0xff, 0xb0, 0x9, 0xf6, 0x8f,
    0xa0, 0x9, 0xfe, 0x0, 0x0, 0xbf, 0xe0, 0xd,
    0xf2, 0x4f, 0xe0, 0xd, 0xfa, 0x0, 0x0, 0x7f,
    0xf2, 0x1f, 0xf0, 0x1f, 0xf2, 0xf, 0xf6, 0x0,
    0x0, 0x3f, 0xf5, 0x5f, 0xb0, 0xd, 0xf5, 0x4f,
    0xf2, 0x0, 0x0, 0xe, 0xf8, 0x8f, 0x70, 0x9,
    0xf9, 0x7f, 0xe0, 0x0, 0x0, 0xb, 0xfb, 0xcf,
    0x30, 0x5, 0xfd, 0xaf, 0xa0, 0x0, 0x0, 0x6,
    0xfe, 0xff, 0x0, 0x1, 0xff, 0xef, 0x70, 0x0,
    0x0, 0x2, 0xff, 0xfc, 0x0, 0x0, 0xdf, 0xff,
    0x30, 0x0, 0x0, 0x0, 0xef, 0xf8, 0x0, 0x0,
    0x9f, 0xff, 0x0, 0x0,

    /* U+0078 "x" */
    0x1f, 0xfe, 0x0, 0x0, 0x2f, 0xfa, 0x0, 0x7f,
    0xf8, 0x0, 0xa, 0xff, 0x20, 0x0, 0xdf, 0xf1,
    0x2, 0xff, 0x80, 0x0, 0x4, 0xff, 0x90, 0xaf,
    0xe0, 0x0, 0x0, 0xa, 0xff, 0x4f, 0xf6, 0x0,
    0x0, 0x0, 0x1f, 0xff, 0xfd, 0x0, 0x0, 0x0,
    0x0, 0x8f, 0xff, 0x40, 0x0, 0x0, 0x0, 0xd,
    0xff, 0xf4, 0x0, 0x0, 0x0, 0x6, 0xff, 0xef,
    0xd0, 0x0, 0x0, 0x1, 0xef, 0x85, 0xff, 0x80,
    0x0, 0x0, 0x9f, 0xf1, 0xc, 0xff, 0x20, 0x0,
    0x2f, 0xf9, 0x0, 0x3f, 0xfb, 0x0, 0xb, 0xff,
    0x10, 0x0, 0xaf, 0xf5, 0x5, 0xff, 0x80, 0x0,
    0x1, 0xff, 0xe0,

    /* U+0079 "y" */
    0x7f, 0xf4, 0x0, 0x0, 0x1, 0xff, 0x91, 0xff,
    0xa0, 0x0, 0x0, 0x5f, 0xf3, 0xb, 0xff, 0x0,
    0x0, 0xa, 0xfe, 0x0, 0x5f, 0xf4, 0x0, 0x0,
    0xef, 0x90, 0x0, 0xff, 0xa0, 0x0, 0x3f, 0xf4,
    0x0, 0x9, 0xfe, 0x0, 0x8, 0xfe, 0x0, 0x0,
    0x3f, 0xf4, 0x0, 0xdf, 0xa0, 0x0, 0x0, 0xdf,
    0x90, 0x1f, 0xf5, 0x0, 0x0, 0x8, 0xfe, 0x5,
    0xff, 0x0, 0x0, 0x0, 0x2f, 0xf3, 0xaf, 0xa0,
    0x0, 0x0, 0x0, 0xcf, 0x8e, 0xf5, 0x0, 0x0,
    0x0, 0x6, 0xff, 0xff, 0x0, 0x0, 0x0, 0x0,
    0xf, 0xff, 0xb0, 0x0, 0x0, 0x0, 0x0, 0xaf,
    0xf6, 0x0, 0x0, 0x0, 0x0, 0x9, 0xff, 0x10,
    0x0, 0x0, 0x0, 0x0, 0xef, 0xb0, 0x0, 0x0,
    0x0, 0x0, 0x6f, 0xf4, 0x0, 0x0, 0x0, 0x35,
    0x8f, 0xfb, 0x0, 0x0, 0x0, 0xa, 0xff, 0xfe,
    0x10, 0x0, 0x0, 0x0, 0xcf, 0xe9, 0x10, 0x0,
    0x0, 0x0,

    /* U+007A "z" */
    0x6, 0xff, 0xff, 0xff, 0xff, 0xe0, 0x6, 0xff,
    0xff, 0xff, 0xff, 0xc0, 0x1, 0x44, 0x44, 0x4e,
    0xff, 0x40, 0x0, 0x0, 0x0, 0x6f, 0xf9, 0x0,
    0x0, 0x0, 0x1, 0xef, 0xe1, 0x0, 0x0, 0x0,
    0xa, 0xff, 0x50, 0x0, 0x0, 0x0, 0x4f, 0xfb,
    0x0, 0x0, 0x0, 0x0, 0xef, 0xf1, 0x0, 0x0,
    0x0, 0x9, 0xff, 0x60, 0x0, 0x0, 0x0, 0x3f,
    0xfc, 0x0, 0x0, 0x0, 0x0, 0xdf, 0xf2, 0x0,
    0x0, 0x0, 0x8, 0xff, 0xb4, 0x44, 0x44, 0x40,
    0x1f, 0xff, 0xff, 0xff, 0xff, 0xf1, 0x1f, 0xff,
    0xff, 0xff, 0xff, 0xf1,

    /* U+007B "{" */
    0x0, 0x1, 0x9e, 0xf9, 0x0, 0xa, 0xff, 0xa5,
    0x0, 0xf, 0xf7, 0x0, 0x0, 0xf, 0xf4, 0x0,
    0x0, 0xf, 0xf3, 0x0, 0x0, 0xf, 0xf4, 0x0,
    0x0, 0xf, 0xf4, 0x0, 0x0, 0xe, 0xf5, 0x0,
    0x0, 0xd, 0xf5, 0x0, 0x0, 0xe, 0xf4, 0x0,
    0x0, 0x5f, 0xf2, 0x0, 0xd, 0xff, 0x80, 0x0,
    0x1f, 0xfe, 0x40, 0x0, 0x1, 0x8f, 0xf1, 0x0,
    0x0, 0xe, 0xf4, 0x0, 0x0, 0xd, 0xf5, 0x0,
    0x0, 0xe, 0xf5, 0x0, 0x0, 0xe, 0xf4, 0x0,
    0x0, 0xf, 0xf4, 0x0, 0x0, 0xf, 0xf3, 0x0,
    0x0, 0xf, 0xf4, 0x0, 0x0, 0xf, 0xf7, 0x0,
    0x0, 0xa, 0xff, 0xa5, 0x0, 0x1, 0xae, 0xf9,

    /* U+007C "|" */
    0x8f, 0x58, 0xf5, 0x8f, 0x58, 0xf5, 0x8f, 0x58,
    0xf5, 0x8f, 0x58, 0xf5, 0x8f, 0x58, 0xf5, 0x8f,
    0x58, 0xf5, 0x8f, 0x58, 0xf5, 0x8f, 0x58, 0xf5,
    0x8f, 0x58, 0xf5, 0x8f, 0x58, 0xf5, 0x8f, 0x58,
    0xf5, 0x8f, 0x58, 0xf5, 0x8f, 0x58, 0xf5, 0x8f,
    0x58, 0xf5,

    /* U+007D "}" */
    0xf, 0xfd, 0x50, 0x0, 0x9, 0xcf, 0xf2, 0x0,
    0x0, 0xe, 0xf7, 0x0, 0x0, 0xb, 0xf8, 0x0,
    0x0, 0xb, 0xf8, 0x0, 0x0, 0xb, 0xf8, 0x0,
    0x0, 0xc, 0xf7, 0x0, 0x0, 0xc, 0xf6, 0x0,
    0x0, 0xc, 0xf5, 0x0, 0x0, 0xc, 0xf6, 0x0,
    0x0, 0x9, 0xfc, 0x0, 0x0, 0x2, 0xdf, 0xf8,
    0x0, 0x0, 0xaf, 0xfa, 0x0, 0x8, 0xfe, 0x30,
    0x0, 0xc, 0xf7, 0x0, 0x0, 0xc, 0xf5, 0x0,
    0x0, 0xc, 0xf6, 0x0, 0x0, 0xc, 0xf6, 0x0,
    0x0, 0xb, 0xf8, 0x0, 0x0, 0xb, 0xf8, 0x0,
    0x0, 0xb, 0xf8, 0x0, 0x0, 0xe, 0xf7, 0x0,
    0x9, 0xdf, 0xf3, 0x0, 0xf, 0xfd, 0x50, 0x0,

    /* U+007E "~" */
    0x0, 0x0, 0x10, 0x0, 0x0, 0x0, 0x0, 0x6,
    0xef, 0xe7, 0x0, 0x0, 0x40, 0x7, 0xff, 0xef,
    0xfd, 0x42, 0xaf, 0x70, 0xae, 0x30, 0x3d, 0xff,
    0xff, 0xe2, 0x0, 0x20, 0x0, 0x8, 0xef, 0xa1,
    0x0,

    /* U+5965 "奥" */
    0x0, 0x0, 0x0, 0x0, 0x0, 0x23, 0x0, 0x0,
    0x0, 0x0, 0x0, 0x0, 0x0, 0x0, 0x0, 0x0,
    0x0, 0xbf, 0xd0, 0x0, 0x0, 0x0, 0x0, 0x0,
    0x0, 0x3, 0x44, 0x44, 0x45, 0xff, 0xa4, 0x44,
    0x44, 0x44, 0x0, 0x0, 0x0, 0xa, 0xff, 0xff,
    0xff, 0xff, 0xff, 0xff, 0xff, 0xff, 0x30, 0x0,
    0x0, 0xa, 0xfc, 0x99, 0x99, 0x99, 0x99, 0x99,
    0x99, 0xff, 0x30, 0x0, 0x0, 0xa, 0xf7, 0x4,
    0x50, 0x3f, 0xa0, 0x38, 0x10, 0xff, 0x30, 0x0,
    0x0, 0xa, 0xf7, 0xc, 0xf2, 0x4f, 0xb0, 0xcf,
    0x40, 0xff, 0x30, 0x0, 0x0, 0xa, 0xf7, 0x2,
    0xf9, 0x4f, 0xb5, 0xf7, 0x0, 0xff, 0x30, 0x0,
    0x0, 0xa, 0xf7, 0x69, 0xc9, 0xaf, 0xd9, 0xc9,
    0x91, 0xff, 0x30, 0x0, 0x0, 0xa, 0xf7, 0xaf,
    0xff, 0xff, 0xff, 0xff, 0xf2, 0xff, 0x30, 0x0,
    0x0, 0xa, 0xf7, 0x0, 0x4f, 0xff, 0xb4, 0x80,
    0x0, 0xff, 0x30, 0x0, 0x0, 0xa, 0xf7, 0x7,
    0xfe, 0x6f, 0xb9, 0xfd, 0x30, 0xff, 0x30, 0x0,
    0x0, 0xa, 0xf7, 0xbf, 0xd2, 0x4f, 0xb0, 0x4e,
    0xe0, 0xff, 0x30, 0x0, 0x0, 0xa, 0xf7, 0x2a,
    0x10, 0x25, 0x40, 0x1, 0x20, 0xff, 0x30, 0x0,
    0x0, 0x1, 0x21, 0x0, 0x0, 0xcf, 0xa0, 0x0,
    0x0, 0x22, 0x0, 0x0, 0xd, 0xee, 0xee, 0xee,
    0xee, 0xff, 0xfe, 0xee, 0xee, 0xee, 0xee, 0x60,
    0xe, 0xff, 0xff, 0xff, 0xff, 0xff, 0xff, 0xff,
    0xff, 0xff, 0xff, 0x70, 0x0, 0x0, 0x0, 0x0,
    0x1d, 0xfd, 0xff, 0x80, 0x0, 0x0, 0x0, 0x0,
    0x0, 0x0, 0x0, 0x0, 0xbf, 0xf4, 0x6f, 0xf8,
    0x0, 0x0, 0x0, 0x0, 0x0, 0x0, 0x0, 0x5e,
    0xff, 0x70, 0x8, 0xff, 0xd5, 0x0, 0x0, 0x0,
    0x0, 0x36, 0xae, 0xff, 0xf5, 0x0, 0x0, 0x7f,
    0xff, 0xea, 0x74, 0x20, 0x2f, 0xff, 0xff, 0xe8,
    0x10, 0x0, 0x0, 0x2, 0xaf, 0xff, 0xff, 0x90,
    0x9, 0xeb, 0x84, 0x0, 0x0, 0x0, 0x0, 0x0,
    0x1, 0x6a, 0xde, 0x0, 0x0, 0x0, 0x0, 0x0,
    0x0, 0x0, 0x0, 0x0, 0x0, 0x0, 0x0, 0x0,

    /* U+5DDE "州" */
    0x0, 0x0, 0x3, 0xa9, 0x0, 0x0, 0x1, 0x10,
    0x0, 0x3, 0xba, 0x0, 0x0, 0x5, 0xfe, 0x0,
    0x0, 0x5f, 0xe0, 0x0, 0x5, 0xfe, 0x0, 0x0,
    0x5, 0xfe, 0x0, 0x0, 0x5f, 0xe0, 0x0, 0x5,
    0xfe, 0x0, 0x0, 0x5, 0xfe, 0x0, 0x0, 0x5f,
    0xe0, 0x0, 0x5, 0xfe, 0x0, 0x0, 0x5, 0xfe,
    0x0, 0x0, 0x5f, 0xe0, 0x0, 0x5, 0xfe, 0x0,
    0x0, 0x5, 0xfe, 0x0, 0x0, 0x5f, 0xe0, 0x0,
    0x5, 0xfe, 0x0, 0x5e, 0x75, 0xfe, 0x28, 0x10,
    0x5f, 0xe5, 0xb0, 0x5, 0xfe, 0x0, 0x8f, 0x75,
    0xfe, 0xaf, 0x70, 0x5f, 0xeb, 0xf7, 0x5, 0xfe,
    0x0, 0xcf, 0x45, 0xfe, 0x4f, 0xe0, 0x5f, 0xe3,
    0xfe, 0x5, 0xfe, 0x1, 0xff, 0x6, 0xfd, 0xf,
    0xf3, 0x5f, 0xe0, 0xcf, 0x65, 0xfe, 0x6, 0xfb,
    0x7, 0xfc, 0xa, 0xf8, 0x5f, 0xe0, 0x5f, 0xc5,
    0xfe, 0xd, 0xf6, 0x8, 0xfc, 0x6, 0xfd, 0x5f,
    0xe0, 0xf, 0xf8, 0xfe, 0x1b, 0xe0, 0xa, 0xfa,
    0x2, 0xe8, 0x5f, 0xe0, 0x9, 0x76, 0xfe, 0x0,
    0x0, 0xd, 0xf8, 0x0, 0x0, 0x5f, 0xe0, 0x0,
    0x5, 0xfe, 0x0, 0x0, 0x1f, 0xf4, 0x0, 0x0,
    0x5f, 0xe0, 0x0, 0x5, 0xfe, 0x0, 0x0, 0x6f,
    0xf1, 0x0, 0x0, 0x5f, 0xe0, 0x0, 0x5, 0xfe,
    0x0, 0x0, 0xcf, 0xb0, 0x0, 0x0, 0x5f, 0xe0,
    0x0, 0x5, 0xfe, 0x0, 0x4, 0xff, 0x50, 0x0,
    0x0, 0x5f, 0xe0, 0x0, 0x5, 0xfe, 0x0, 0xe,
    0xfd, 0x0, 0x0, 0x0, 0x5f, 0xe0, 0x0, 0x5,
    0xfe, 0x0, 0xbf, 0xf4, 0x0, 0x0, 0x0, 0x5f,
    0xe0, 0x0, 0x5, 0xfe, 0x6, 0xff, 0x90, 0x0,
    0x0, 0x0, 0x39, 0x80, 0x0, 0x5, 0xfe, 0x0,
    0xaa, 0x0, 0x0, 0x0, 0x0, 0x0, 0x0, 0x0,
    0x5, 0xfe, 0x0, 0x0, 0x0, 0x0, 0x0, 0x0,
    0x0, 0x0, 0x0, 0x0, 0x0,

    /* U+5FB7 "德" */
    0x0, 0x0, 0x0, 0x0, 0x0, 0x0, 0x0, 0x11,
    0x0, 0x0, 0x0, 0x0, 0x0, 0x0, 0xb, 0xa3,
    0x0, 0x0, 0x0, 0xaf, 0xb0, 0x0, 0x0, 0x0,
    0x0, 0x0, 0x8f, 0xf2, 0x33, 0x33, 0x33, 0xcf,
    0xa3, 0x33, 0x33, 0x30, 0x0, 0x7, 0xff, 0x41,
    0xff, 0xff, 0xff, 0xff, 0xff, 0xff, 0xff, 0xf0,
    0x0, 0x6f, 0xf6, 0x0, 0xaa, 0xaa, 0xaa, 0xff,
    0xba, 0xaa, 0xaa, 0xa0, 0x8, 0xff, 0x70, 0x0,
    0x0, 0x0, 0x2, 0xff, 0x10, 0x0, 0x0, 0x0,
    0x1e, 0xf6, 0x4, 0xd7, 0x1f, 0xff, 0xff, 0xff,
    0xff, 0xff, 0xff, 0x30, 0x6, 0x50, 0xd, 0xf9,
    0x1f, 0xe9, 0xbf, 0xc9, 0xcf, 0xa9, 0xdf, 0x30,
    0x0, 0x0, 0x7f, 0xf1, 0x1f, 0xb0, 0x3f, 0x60,
    0x7f, 0x20, 0xaf, 0x30, 0x0, 0x3, 0xff, 0x60,
    0x1f, 0xb0, 0x3f, 0x60, 0x7f, 0x20, 0xaf, 0x30,
    0x0, 0x1d, 0xff, 0x20, 0x1f, 0xea, 0xbf, 0xca,
    0xcf, 0xaa, 0xef, 0x30, 0x0, 0xbf, 0xff, 0x20,
    0x1f, 0xff, 0xff, 0xff, 0xff, 0xff, 0xff, 0x30,
    0xb, 0xff, 0xff, 0x20, 0x0, 0x0, 0x0, 0x0,
    0x0, 0x0, 0x0, 0x0, 0x2f, 0xf7, 0xff, 0x23,
    0xcc, 0xcc, 0xcc, 0xcc, 0xcc, 0xcc, 0xcc, 0xc1,
    0x8, 0x90, 0xff, 0x25, 0xff, 0xff, 0xff, 0xff,
    0xff, 0xff, 0xff, 0xf2, 0x0, 0x0, 0xff, 0x20,
    0x11, 0x11, 0x13, 0xb9, 0x11, 0x11, 0x11, 0x10,
    0x0, 0x0, 0xff, 0x20, 0x0, 0x0, 0x0, 0xef,
    0x10, 0x0, 0x30, 0x0, 0x0, 0x0, 0xff, 0x20,
    0x8b, 0x2a, 0xb1, 0x7f, 0x90, 0xa, 0xf5, 0x0,
    0x0, 0x0, 0xff, 0x20, 0xdf, 0x2e, 0xf1, 0xe,
    0x90, 0x3, 0xfe, 0x0, 0x0, 0x0, 0xff, 0x23,
    0xfc, 0xe, 0xf1, 0x0, 0x1, 0x93, 0xbf, 0x70,
    0x0, 0x0, 0xff, 0x2b, 0xf6, 0xe, 0xf1, 0x0,
    0x4, 0xf9, 0x3f, 0xe0, 0x0, 0x0, 0xff, 0x4e,
    0xe0, 0xc, 0xfd, 0xcc, 0xce, 0xf6, 0xc, 0xb1,
    0x0, 0x0, 0xff, 0x20, 0x30, 0x4, 0xdf, 0xff,
    0xff, 0xb0, 0x0, 0x0,

    /* U+60A8 "您" */
    0x0, 0x0, 0x0, 0x20, 0x0, 0x1, 0x0, 0x0,
    0x0, 0x0, 0x0, 0x0, 0x0, 0x0, 0x2f, 0xd2,
    0x3, 0xfc, 0x0, 0x0, 0x0, 0x0, 0x0, 0x0,
    0x0, 0xb, 0xfb, 0x0, 0xaf, 0xc0, 0x0, 0x0,
    0x0, 0x1, 0x0, 0x0, 0x6, 0xff, 0x20, 0x3f,
    0xff, 0xff, 0xff, 0xff, 0xff, 0xfa, 0x0, 0x3,
    0xff, 0x60, 0xd, 0xfe, 0xee, 0xee, 0xee, 0xee,
    0xff, 0x50, 0x2, 0xef, 0xf4, 0xa, 0xff, 0x10,
    0x1, 0x43, 0x0, 0x4f, 0xe0, 0x2, 0xef, 0xff,
    0x47, 0xff, 0x50, 0x0, 0x5f, 0xe0, 0xa, 0xf8,
    0x2, 0xff, 0xef, 0xf4, 0xa, 0x80, 0x30, 0x5,
    0xfe, 0x0, 0x67, 0x10, 0xb, 0xe3, 0xef, 0x40,
    0x0, 0x6f, 0xd0, 0x5f, 0xe0, 0xcf, 0x40, 0x0,
    0x12, 0xe, 0xf4, 0x0, 0x1e, 0xf7, 0x5, 0xfe,
    0x6, 0xfe, 0x10, 0x0, 0x0, 0xef, 0x40, 0xb,
    0xfd, 0x0, 0x5f, 0xe0, 0xc, 0xfb, 0x0, 0x0,
    0xe, 0xf4, 0xa, 0xff, 0x30, 0x5, 0xfe, 0x0,
    0x2f, 0xf4, 0x0, 0x0, 0xef, 0x40, 0x5f, 0x50,
    0x33, 0x8f, 0xe0, 0x0, 0xad, 0x40, 0x0, 0xe,
    0xf4, 0x0, 0x10, 0xc, 0xff, 0xfb, 0x0, 0x1,
    0x0, 0x0, 0x0, 0xcd, 0x30, 0x0, 0x4b, 0x7b,
    0xa8, 0x10, 0x0, 0x0, 0x0, 0x0, 0x0, 0x0,
    0x0, 0xb, 0xfe, 0x20, 0x0, 0x0, 0x12, 0x0,
    0x0, 0xa, 0x50, 0xef, 0x50, 0xc, 0xfd, 0x0,
    0x0, 0x6f, 0xc0, 0x0, 0x4, 0xff, 0x1f, 0xf6,
    0x0, 0x1e, 0xf9, 0x0, 0x2, 0xff, 0x50, 0x0,
    0xaf, 0xb0, 0xff, 0x60, 0x0, 0x5f, 0xa0, 0x18,
    0x29, 0xfd, 0x0, 0x1f, 0xf5, 0xf, 0xf6, 0x0,
    0x0, 0x20, 0x3, 0xfe, 0x2f, 0xf4, 0x9, 0xfe,
    0x0, 0xef, 0x91, 0x11, 0x11, 0x11, 0x9f, 0xb0,
    0xbf, 0xa0, 0xcf, 0x70, 0xb, 0xff, 0xff, 0xff,
    0xff, 0xff, 0xf6, 0x6, 0xd6, 0x0, 0x30, 0x0,
    0x2a, 0xef, 0xff, 0xff, 0xff, 0xe9, 0x0, 0x0,
    0x0,

    /* U+65AF "斯" */
    0x0, 0x2, 0x20, 0x0, 0x2, 0x20, 0x0, 0x0,
    0x0, 0x0, 0x13, 0x0, 0x0, 0xe, 0xf3, 0x0,
    0xe, 0xf3, 0x0, 0x0, 0x0, 0x28, 0xff, 0x30,
    0x0, 0xe, 0xf3, 0x0, 0xe, 0xf3, 0x0, 0x1,
    0x6c, 0xff, 0xff, 0x90, 0x0, 0xe, 0xf3, 0x0,
    0xe, 0xf3, 0x3, 0xdf, 0xff, 0xfd, 0x71, 0x0,
    0xc, 0xff, 0xff, 0xff, 0xff, 0xff, 0xc4, 0xff,
    0xb6, 0x10, 0x0, 0x0, 0xb, 0xff, 0xff, 0xff,
    0xff, 0xff, 0xc4, 0xfc, 0x0, 0x0, 0x0, 0x0,
    0x0, 0xe, 0xf3, 0x0, 0xe, 0xf3, 0x4, 0xfc,
    0x0, 0x0, 0x0, 0x0, 0x0, 0xe, 0xf4, 0x22,
    0x2e, 0xf3, 0x4, 0xfc, 0x0, 0x0, 0x0, 0x0,
    0x0, 0xe, 0xff, 0xff, 0xff, 0xf3, 0x4, 0xfc,
    0x0, 0x0, 0x0, 0x0, 0x0, 0xe, 0xfb, 0xaa,
    0xaf, 0xf3, 0x4, 0xff, 0xff, 0xff, 0xff, 0xf2,
    0x0, 0xe, 0xf3, 0x0, 0xe, 0xf3, 0x4, 0xff,
    0xdd, 0xef, 0xfd, 0xd2, 0x0, 0xe, 0xfc, 0xbb,
    0xbf, 0xf3, 0x4, 0xfc, 0x0, 0x3f, 0xe0, 0x0,
    0x0, 0xe, 0xff, 0xff, 0xff, 0xf3, 0x5, 0xfc,
    0x0, 0x3f, 0xe0, 0x0, 0x0, 0xe, 0xf3, 0x0,
    0xe, 0xf3, 0x6, 0xfb, 0x0, 0x3f, 0xe0, 0x0,
    0x0, 0xe, 0xf3, 0x0, 0xe, 0xf3, 0x7, 0xfa,
    0x0, 0x3f, 0xe0, 0x0, 0x1f, 0xff, 0xff, 0xff,
    0xff, 0xff, 0xe8, 0xf9, 0x0, 0x3f, 0xe0, 0x0,
    0x1f, 0xff, 0xff, 0xff, 0xff, 0xff, 0xeb, 0xf7,
    0x0, 0x3f, 0xe0, 0x0, 0x0, 0x1, 0x73, 0x0,
    0x34, 0x0, 0xe, 0xf4, 0x0, 0x3f, 0xe0, 0x0,
    0x0, 0x7, 0xff, 0x13, 0xff, 0x20, 0x3f, 0xf0,
    0x0, 0x3f, 0xe0, 0x0, 0x0, 0x2f, 0xf8, 0x0,
    0xaf, 0xc0, 0xbf, 0xa0, 0x0, 0x3f, 0xe0, 0x0,
    0x1, 0xdf, 0xd0, 0x0, 0x1e, 0xf8, 0xff, 0x40,
    0x0, 0x3f, 0xe0, 0x0, 0x9, 0xff, 0x20, 0x0,
    0x4, 0x3e, 0xfb, 0x0, 0x0, 0x3f, 0xe0, 0x0,
    0x0, 0x73, 0x0, 0x0, 0x0, 0xa, 0xe1, 0x0,
    0x0, 0x3f, 0xe0, 0x0, 0x0, 0x0, 0x0, 0x0,
    0x0, 0x0, 0x20, 0x0, 0x0, 0x0, 0x0, 0x0,

    /* U+672C "本" */
    0x0, 0x0, 0x0, 0x0, 0x0, 0x4, 0x41, 0x0,
    0x0, 0x0, 0x0, 0x0, 0x0, 0x0, 0x0, 0x0,
    0x0, 0xf, 0xf6, 0x0, 0x0, 0x0, 0x0, 0x0,
    0x0, 0x0, 0x0, 0x0, 0x0, 0xf, 0xf6, 0x0,
    0x0, 0x0, 0x0, 0x0, 0x0, 0x0, 0x0, 0x0,
    0x0, 0xf, 0xf6, 0x0, 0x0, 0x0, 0x0, 0x0,
    0x0, 0x0, 0x0, 0x0, 0x0, 0xf, 0xf6, 0x0,
    0x0, 0x0, 0x0, 0x0, 0x1, 0x66, 0x66, 0x66,
    0x66, 0x6f, 0xf9, 0x66, 0x66, 0x66, 0x66, 0x40,
    0x4, 0xff, 0xff, 0xff, 0xff, 0xff, 0xff, 0xff,
    0xff, 0xff, 0xff, 0xc0, 0x4, 0xff, 0xff, 0xff,
    0xff, 0xff, 0xff, 0xff, 0xff, 0xff, 0xff, 0xb0,
    0x0, 0x0, 0x0, 0x0, 0xdf, 0x7f, 0xf8, 0xff,
    0x30, 0x0, 0x0, 0x0, 0x0, 0x0, 0x0, 0x5,
    0xff, 0x1f, 0xf6, 0xbf, 0xa0, 0x0, 0x0, 0x0,
    0x0, 0x0, 0x0, 0xd, 0xf9, 0xf, 0xf6, 0x4f,
    0xf3, 0x0, 0x0, 0x0, 0x0, 0x0, 0x0, 0x6f,
    0xf2, 0xf, 0xf6, 0xc, 0xfc, 0x0, 0x0, 0x0,
    0x0, 0x0, 0x1, 0xff, 0x90, 0xf, 0xf6, 0x4,
    0xff, 0x70, 0x0, 0x0, 0x0, 0x0, 0xb, 0xfe,
    0x0, 0xf, 0xf6, 0x0, 0xaf, 0xf3, 0x0, 0x0,
    0x0, 0x0, 0x8f, 0xf5, 0x0, 0xf, 0xf6, 0x0,
    0x1e, 0xfe, 0x10, 0x0, 0x0, 0x7, 0xff, 0x90,
    0x0, 0xf, 0xf6, 0x0, 0x4, 0xff, 0xd2, 0x0,
    0x0, 0x7f, 0xfe, 0x65, 0x55, 0x5f, 0xf9, 0x55,
    0x55, 0xcf, 0xfe, 0x30, 0xa, 0xff, 0xd6, 0xff,
    0xff, 0xff, 0xff, 0xff, 0xff, 0xc9, 0xff, 0xf2,
    0x3, 0xfc, 0x15, 0xff, 0xff, 0xff, 0xff, 0xff,
    0xff, 0xb0, 0x7f, 0x60, 0x0, 0x30, 0x0, 0x0,
    0x0, 0xf, 0xf6, 0x0, 0x0, 0x0, 0x2, 0x0,
    0x0, 0x0, 0x0, 0x0, 0x0, 0xf, 0xf6, 0x0,
    0x0, 0x0, 0x0, 0x0, 0x0, 0x0, 0x0, 0x0,
    0x0, 0xf, 0xf6, 0x0, 0x0, 0x0, 0x0, 0x0,
    0x0, 0x0, 0x0, 0x0, 0x0, 0xf, 0xf6, 0x0,
    0x0, 0x0, 0x0, 0x0,

    /* U+676D "杭" */
    0x0, 0x0, 0x14, 0x30, 0x0, 0x0, 0x0, 0x15,
    0x0, 0x0, 0x0, 0x0, 0x0, 0x0, 0x4f, 0xc0,
    0x0, 0x0, 0x2, 0xff, 0x40, 0x0, 0x0, 0x0,
    0x0, 0x0, 0x4f, 0xc0, 0x0, 0x0, 0x0, 0xcf,
    0xb0, 0x0, 0x0, 0x0, 0x0, 0x0, 0x4f, 0xc0,
    0x0, 0x0, 0x0, 0x5f, 0xf2, 0x0, 0x0, 0x0,
    0x0, 0x0, 0x4f, 0xc0, 0x0, 0x0, 0x0, 0x1d,
    0x82, 0x0, 0x0, 0x0, 0x1, 0x22, 0x6f, 0xd2,
    0x22, 0xff, 0xff, 0xff, 0xff, 0xff, 0xff, 0xf1,
    0x9, 0xff, 0xff, 0xff, 0xf4, 0xff, 0xff, 0xff,
    0xff, 0xff, 0xff, 0xf1, 0x9, 0xff, 0xff, 0xff,
    0xf2, 0x22, 0x22, 0x22, 0x22, 0x22, 0x22, 0x20,
    0x0, 0x0, 0xaf, 0xd0, 0x0, 0x0, 0x0, 0x0,
    0x0, 0x0, 0x0, 0x0, 0x0, 0x0, 0xff, 0xf7,
    0x0, 0x5, 0xff, 0xff, 0xff, 0xff, 0x10, 0x0,
    0x0, 0x4, 0xff, 0xff, 0x40, 0x6, 0xff, 0xff,
    0xff, 0xff, 0x10, 0x0, 0x0, 0xb, 0xff, 0xff,
    0xe1, 0x6, 0xfe, 0x22, 0x24, 0xff, 0x10, 0x0,
    0x0, 0x3f, 0xdf, 0xca, 0xfb, 0x6, 0xfe, 0x0,
    0x2, 0xff, 0x10, 0x0, 0x0, 0xaf, 0x7f, 0xc1,
    0xfb, 0x6, 0xfd, 0x0, 0x2, 0xff, 0x10, 0x0,
    0x4, 0xfb, 0x4f, 0xc0, 0x71, 0x7, 0xfc, 0x0,
    0x2, 0xff, 0x10, 0x0, 0xe, 0xf5, 0x4f, 0xc0,
    0x0, 0x8, 0xfb, 0x0, 0x2, 0xff, 0x10, 0x0,
    0xb, 0xc0, 0x4f, 0xc0, 0x0, 0xb, 0xf9, 0x0,
    0x2, 0xff, 0x10, 0x0, 0x4, 0x30, 0x4f, 0xc0,
    0x0, 0xf, 0xf5, 0x0, 0x2, 0xff, 0x12, 0x91,
    0x0, 0x0, 0x4f, 0xc0, 0x0, 0x6f, 0xf1, 0x0,
    0x2, 0xff, 0x12, 0xf8, 0x0, 0x0, 0x4f, 0xc0,
    0x1, 0xef, 0x90, 0x0, 0x2, 0xff, 0x12, 0xf8,
    0x0, 0x0, 0x4f, 0xc0, 0x1d, 0xfe, 0x10, 0x0,
    0x2, 0xff, 0x35, 0xf7, 0x0, 0x0, 0x4f, 0xc0,
    0xef, 0xf4, 0x0, 0x0, 0x0, 0xff, 0xff, 0xf4,
    0x0, 0x0, 0x4f, 0xc0, 0x5e, 0x40, 0x0, 0x0,
    0x0, 0x6e, 0xff, 0x90, 0x0, 0x0, 0x0, 0x0,
    0x0, 0x0, 0x0, 0x0, 0x0, 0x0, 0x0, 0x0,

    /* U+68AF "梯" */
    0x0, 0x0, 0x34, 0x0, 0x0, 0x0, 0x0, 0x0,
    0x0, 0x1, 0x0, 0x0, 0x0, 0xd, 0xf3, 0x0,
    0x0, 0xbf, 0x20, 0x0, 0x6, 0xfc, 0x0, 0x0,
    0x0, 0xdf, 0x30, 0x0, 0x9, 0xfb, 0x0, 0x0,
    0xcf, 0x70, 0x0, 0x0, 0xd, 0xf3, 0x0, 0x0,
    0x1f, 0xf3, 0x0, 0x4f, 0xd0, 0x0, 0x0, 0x0,
    0xdf, 0x30, 0x5, 0x88, 0xdf, 0xa8, 0x8d, 0xfc,
    0x87, 0x2, 0xee, 0xef, 0xfe, 0xea, 0xbf, 0xff,
    0xff, 0xff, 0xff, 0xff, 0xf0, 0x2f, 0xff, 0xff,
    0xff, 0xb3, 0x55, 0x55, 0x7f, 0xf5, 0x56, 0xff,
    0x0, 0x33, 0x5f, 0xf6, 0x32, 0x0, 0x0, 0x3,
    0xfe, 0x0, 0x2f, 0xf0, 0x0, 0x6, 0xff, 0x70,
    0x0, 0x0, 0x0, 0x3f, 0xe0, 0x2, 0xff, 0x0,
    0x0, 0xaf, 0xff, 0x20, 0xc, 0xee, 0xee, 0xff,
    0xee, 0xef, 0xf0, 0x0, 0xf, 0xff, 0xfc, 0x0,
    0xff, 0xff, 0xff, 0xff, 0xff, 0xfe, 0x0, 0x5,
    0xff, 0xfc, 0xf6, 0x1f, 0xe0, 0x3, 0xfe, 0x0,
    0x0, 0x0, 0x0, 0xcf, 0xef, 0x5f, 0xd4, 0xfc,
    0x0, 0x3f, 0xe0, 0x0, 0x0, 0x0, 0x2f, 0xbd,
    0xf3, 0x73, 0x6f, 0xfd, 0xdd, 0xff, 0xdd, 0xdd,
    0xd7, 0xa, 0xf5, 0xdf, 0x30, 0x8, 0xff, 0xff,
    0xff, 0xff, 0xff, 0xff, 0x94, 0xff, 0xd, 0xf3,
    0x0, 0x0, 0x0, 0x8f, 0xfe, 0x0, 0x8, 0xf8,
    0x5f, 0x80, 0xdf, 0x30, 0x0, 0x0, 0x4f, 0xff,
    0xe0, 0x0, 0x9f, 0x70, 0xc1, 0xd, 0xf3, 0x0,
    0x0, 0x4f, 0xfb, 0xfe, 0x0, 0xa, 0xf5, 0x0,
    0x0, 0xdf, 0x30, 0x0, 0x6f, 0xf9, 0x3f, 0xe0,
    0x0, 0xdf, 0x30, 0x0, 0xd, 0xf3, 0x2, 0xbf,
    0xf9, 0x3, 0xfe, 0xe, 0xff, 0xf0, 0x0, 0x0,
    0xdf, 0x30, 0xef, 0xf7, 0x0, 0x3f, 0xe0, 0xaf,
    0xf7, 0x0, 0x0, 0xd, 0xf3, 0x3, 0xc3, 0x0,
    0x3, 0xfe, 0x0, 0x0, 0x0, 0x0, 0x0, 0xdf,
    0x30, 0x0, 0x0, 0x0, 0x3f, 0xe0, 0x0, 0x0,
    0x0,

    /* U+6B22 "欢" */
    0x0, 0x0, 0x0, 0x0, 0x0, 0x0, 0x15, 0x30,
    0x0, 0x0, 0x0, 0x0, 0x0, 0x0, 0x0, 0x0,
    0x0, 0x0, 0x4f, 0xe0, 0x0, 0x0, 0x0, 0x0,
    0x0, 0x0, 0x0, 0x0, 0x0, 0x0, 0x7f, 0xb0,
    0x0, 0x0, 0x0, 0x0, 0xb, 0xcc, 0xcc, 0xcc,
    0xca, 0x20, 0x9f, 0x80, 0x0, 0x0, 0x0, 0x0,
    0xe, 0xff, 0xff, 0xff, 0xff, 0x30, 0xdf, 0xff,
    0xff, 0xff, 0xff, 0x90, 0x3, 0x44, 0x44, 0x44,
    0xff, 0x11, 0xff, 0xff, 0xff, 0xff, 0xff, 0x90,
    0x0, 0x20, 0x0, 0x4, 0xfe, 0x6, 0xfd, 0x22,
    0x22, 0x22, 0xdf, 0x50, 0x7, 0xf5, 0x0, 0x7,
    0xfa, 0xc, 0xf7, 0x9, 0x90, 0x0, 0xff, 0x10,
    0x7, 0xff, 0x20, 0xb, 0xf7, 0x4f, 0xf1, 0xf,
    0xf1, 0x5, 0xfb, 0x0, 0x0, 0xbf, 0xd0, 0x1f,
    0xf2, 0xcf, 0xa0, 0x1f, 0xf1, 0x6, 0xe5, 0x0,
    0x0, 0x1e, 0xf9, 0x6f, 0xd0, 0x9, 0x20, 0x2f,
    0xf1, 0x0, 0x0, 0x0, 0x0, 0x5, 0xff, 0xef,
    0x80, 0x0, 0x0, 0x3f, 0xf3, 0x0, 0x0, 0x0,
    0x0, 0x0, 0xaf, 0xff, 0x20, 0x0, 0x0, 0x5f,
    0xf7, 0x0, 0x0, 0x0, 0x0, 0x0, 0x1f, 0xfd,
    0x0, 0x0, 0x0, 0x8f, 0xfc, 0x0, 0x0, 0x0,
    0x0, 0x0, 0x3f, 0xff, 0x30, 0x0, 0x0, 0xdf,
    0xff, 0x10, 0x0, 0x0, 0x0, 0x0, 0xdf, 0xff,
    0xd0, 0x0, 0x3, 0xff, 0xdf, 0x80, 0x0, 0x0,
    0x0, 0x8, 0xff, 0x5f, 0xf6, 0x0, 0xb, 0xfb,
    0x4f, 0xe0, 0x0, 0x0, 0x0, 0x6f, 0xf8, 0x9,
    0xfd, 0x0, 0x5f, 0xf4, 0xd, 0xf9, 0x0, 0x0,
    0x5, 0xff, 0xb0, 0x2, 0xd2, 0x2, 0xef, 0xa0,
    0x5, 0xff, 0x40, 0x0, 0x3f, 0xfc, 0x0, 0x0,
    0x0, 0x2e, 0xfe, 0x10, 0x0, 0xbf, 0xf5, 0x0,
    0x8, 0xb1, 0x0, 0x0, 0x6, 0xff, 0xe2, 0x0,
    0x0, 0x1d, 0xff, 0xa1, 0x0, 0x0, 0x0, 0x0,
    0x2f, 0xfd, 0x20, 0x0, 0x0, 0x1, 0xdf, 0xd1,
    0x0, 0x0, 0x0, 0x0, 0x3, 0x90, 0x0, 0x0,
    0x0, 0x0, 0x8, 0x20,

    /* U+6C83 "沃" */
    0x0, 0x0, 0x0, 0x0, 0x0, 0x0, 0x0, 0x0,
    0x0, 0x0, 0x0, 0x0, 0x0, 0x2e, 0x81, 0x0,
    0x0, 0x0, 0x0, 0x0, 0x3, 0x7d, 0x90, 0x0,
    0x0, 0x9f, 0xff, 0x70, 0x0, 0x2, 0x46, 0x9c,
    0xff, 0xff, 0xf9, 0x0, 0x0, 0x4, 0xdf, 0xf8,
    0xae, 0xff, 0xff, 0xff, 0xfe, 0xb7, 0x20, 0x0,
    0x0, 0x0, 0x7, 0xd0, 0x7f, 0xfe, 0xcc, 0xff,
    0x20, 0x0, 0x0, 0x0, 0x0, 0x0, 0x0, 0x0,
    0x1, 0x0, 0x4, 0xff, 0x10, 0x0, 0x0, 0x0,
    0x0, 0x0, 0x0, 0x0, 0x0, 0x0, 0x4, 0xff,
    0x10, 0x0, 0x0, 0x0, 0x0, 0x20, 0x0, 0x0,
    0x0, 0x0, 0x4, 0xff, 0x10, 0x0, 0x0, 0x0,
    0xa, 0xfa, 0x20, 0x0, 0x0, 0x0, 0x4, 0xff,
    0x0, 0x0, 0x0, 0x0, 0xb, 0xff, 0xf9, 0x11,
    0x11, 0x11, 0x16, 0xff, 0x21, 0x11, 0x11, 0x10,
    0x0, 0x3c, 0xff, 0x2a, 0xff, 0xff, 0xff, 0xff,
    0xff, 0xff, 0xff, 0xf0, 0x0, 0x0, 0x66, 0xa,
    0xff, 0xff, 0xff, 0xff, 0xff, 0xff, 0xff, 0xf0,
    0x0, 0x0, 0x0, 0x0, 0x11, 0x11, 0x1a, 0xff,
    0xc1, 0x11, 0x11, 0x10, 0x0, 0x0, 0x1, 0x10,
    0x0, 0x0, 0xd, 0xff, 0xf1, 0x0, 0x0, 0x0,
    0x0, 0x0, 0x8, 0xd2, 0x0, 0x0, 0x2f, 0xff,
    0xf7, 0x0, 0x0, 0x0, 0x0, 0x0, 0x1f, 0xf6,
    0x0, 0x0, 0x8f, 0xd6, 0xfd, 0x0, 0x0, 0x0,
    0x0, 0x0, 0x9f, 0xe0, 0x0, 0x1, 0xff, 0x70,
    0xff, 0x70, 0x0, 0x0, 0x0, 0x2, 0xff, 0x60,
    0x0, 0xb, 0xfe, 0x0, 0x8f, 0xe1, 0x0, 0x0,
    0x0, 0xb, 0xfe, 0x0, 0x0, 0x9f, 0xf4, 0x0,
    0xe, 0xfc, 0x0, 0x0, 0x0, 0x4f, 0xf6, 0x0,
    0x9, 0xff, 0x90, 0x0, 0x4, 0xff, 0xb0, 0x0,
    0x0, 0xef, 0xd0, 0x2, 0xcf, 0xfa, 0x0, 0x0,
    0x0, 0x7f, 0xfd, 0x30, 0x2, 0xdf, 0x40, 0x1e,
    0xff, 0x90, 0x0, 0x0, 0x0, 0x7, 0xff, 0xd0,
    0x0, 0x16, 0x0, 0x3, 0xd5, 0x0, 0x0, 0x0,
    0x0, 0x0, 0x3d, 0x20, 0x0, 0x0, 0x0, 0x0,
    0x0, 0x0, 0x0, 0x0, 0x0, 0x0, 0x0, 0x0,

    /* U+7535 "电" */
    0x0, 0x0, 0x0, 0x0, 0x5d, 0xd0, 0x0, 0x0,
    0x0, 0x0, 0x0, 0x0, 0x0, 0x0, 0x0, 0x6f,
    0xf0, 0x0, 0x0, 0x0, 0x0, 0x0, 0x0, 0x0,
    0x0, 0x0, 0x6f, 0xf0, 0x0, 0x0, 0x0, 0x0,
    0x0, 0x2f, 0xff, 0xff, 0xff, 0xff, 0xff, 0xff,
    0xff, 0xff, 0xe0, 0x0, 0x2f, 0xff, 0xff, 0xff,
    0xff, 0xff, 0xff, 0xff, 0xff, 0xe0, 0x0, 0x2f,
    0xf6, 0x44, 0x44, 0x8f, 0xf4, 0x44, 0x44, 0x9f,
    0xe0, 0x0, 0x2f, 0xf3, 0x0, 0x0, 0x6f, 0xf0,
    0x0, 0x0, 0x6f, 0xe0, 0x0, 0x2f, 0xf3, 0x0,
    0x0, 0x6f, 0xf0, 0x0, 0x0, 0x6f, 0xe0, 0x0,
    0x2f, 0xfd, 0xdd, 0xdd, 0xef, 0xfd, 0xdd, 0xdd,
    0xef, 0xe0, 0x0, 0x2f, 0xff, 0xff, 0xff, 0xff,
    0xff, 0xff, 0xff, 0xff, 0xe0, 0x0, 0x2f, 0xf6,
    0x44, 0x44, 0x8f, 0xf4, 0x44, 0x44, 0x9f, 0xe0,
    0x0, 0x2f, 0xf3, 0x0, 0x0, 0x6f, 0xf0, 0x0,
    0x0, 0x6f, 0xe0, 0x0, 0x2f, 0xf3, 0x0, 0x0,
    0x6f, 0xf0, 0x0, 0x0, 0x6f, 0xe0, 0x0, 0x2f,
    0xf7, 0x55, 0x55, 0x9f, 0xf6, 0x55, 0x55, 0xaf,
    0xe0, 0x0, 0x2f, 0xff, 0xff, 0xff, 0xff, 0xff,
    0xff, 0xff, 0xff, 0xe0, 0x0, 0x2f, 0xfe, 0xdd,
    0xdd, 0xef, 0xfd, 0xdd, 0xdd, 0xdd, 0xc0, 0x0,
    0x2e, 0xe2, 0x0, 0x0, 0x6f, 0xf0, 0x0, 0x0,
    0x0, 0x1e, 0x91, 0x0, 0x0, 0x0, 0x0, 0x6f,
    0xf0, 0x0, 0x0, 0x0, 0x2f, 0xf2, 0x0, 0x0,
    0x0, 0x0, 0x5f, 0xf1, 0x0, 0x0, 0x0, 0x5f,
    0xf0, 0x0, 0x0, 0x0, 0x0, 0x4f, 0xf9, 0x44,
    0x44, 0x45, 0xdf, 0xc0, 0x0, 0x0, 0x0, 0x0,
    0xe, 0xff, 0xff, 0xff, 0xff, 0xff, 0x50, 0x0,
    0x0, 0x0, 0x0, 0x3, 0xcf, 0xff, 0xff, 0xff,
    0xd7, 0x0,

    /* U+897F "西" */
    0xdf, 0xff, 0xff, 0xff, 0xff, 0xff, 0xff, 0xff,
    0xff, 0xff, 0xf6, 0xef, 0xff, 0xff, 0xff, 0xff,
    0xff, 0xff, 0xff, 0xff, 0xff, 0xf6, 0x34, 0x44,
    0x44, 0x4e, 0xf6, 0x44, 0xdf, 0x84, 0x44, 0x44,
    0x41, 0x0, 0x0, 0x0, 0xe, 0xf2, 0x0, 0xcf,
    0x60, 0x0, 0x0, 0x0, 0x0, 0x0, 0x0, 0xe,
    0xf2, 0x0, 0xcf, 0x60, 0x0, 0x0, 0x0, 0x3,
    0x44, 0x44, 0x4e, 0xf6, 0x44, 0xdf, 0x84, 0x44,
    0x44, 0x20, 0xa, 0xff, 0xff, 0xff, 0xff, 0xff,
    0xff, 0xff, 0xff, 0xff, 0x60, 0xa, 0xfe, 0xcc,
    0xcf, 0xfd, 0xcc, 0xff, 0xdc, 0xcc, 0xff, 0x60,
    0xa, 0xf9, 0x0, 0xf, 0xf0, 0x0, 0xcf, 0x60,
    0x0, 0xdf, 0x60, 0xa, 0xf9, 0x0, 0x4f, 0xe0,
    0x0, 0xcf, 0x60, 0x0, 0xdf, 0x60, 0xa, 0xf9,
    0x0, 0xbf, 0x90, 0x0, 0xcf, 0x60, 0x0, 0xdf,
    0x60, 0xa, 0xf9, 0x7, 0xff, 0x20, 0x0, 0xcf,
    0x93, 0x33, 0xef, 0x60, 0xa, 0xfa, 0xaf, 0xf7,
    0x0, 0x0, 0x9f, 0xff, 0xff, 0xff, 0x60, 0xa,
    0xfd, 0xff, 0x60, 0x0, 0x0, 0x2c, 0xef, 0xff,
    0xff, 0x60, 0xa, 0xf9, 0x62, 0x0, 0x0, 0x0,
    0x0, 0x0, 0x0, 0xdf, 0x60, 0xa, 0xf9, 0x0,
    0x0, 0x0, 0x0, 0x0, 0x0, 0x0, 0xdf, 0x60,
    0xa, 0xf9, 0x0, 0x0, 0x0, 0x0, 0x0, 0x0,
    0x0, 0xdf, 0x60, 0xa, 0xfe, 0xdd, 0xdd, 0xdd,
    0xdd, 0xdd, 0xdd, 0xdd, 0xff, 0x60, 0xa, 0xff,
    0xff, 0xff, 0xff, 0xff, 0xff, 0xff, 0xff, 0xff,
    0x60, 0xa, 0xfa, 0x44, 0x44, 0x44, 0x44, 0x44,
    0x44, 0x44, 0xef, 0x60, 0xa, 0xf9, 0x0, 0x0,
    0x0, 0x0, 0x0, 0x0, 0x0, 0xdf, 0x60, 0x0,
    0x0, 0x0, 0x0, 0x0, 0x0, 0x0, 0x0, 0x0,
    0x0, 0x0,

    /* U+8FCE "迎" */
    0x0, 0x0, 0x0, 0x0, 0x0, 0x0, 0x4, 0x0,
    0x0, 0x0, 0x0, 0x0, 0x0, 0x0, 0x0, 0x0,
    0x0, 0x5, 0xdf, 0x40, 0x0, 0x0, 0x0, 0x0,
    0x0, 0xbc, 0x20, 0x0, 0x7, 0xef, 0xfd, 0x7d,
    0xdd, 0xdd, 0xdd, 0x20, 0x2, 0xef, 0xf6, 0x0,
    0x5f, 0xfb, 0x50, 0x2f, 0xff, 0xff, 0xff, 0x30,
    0x0, 0x1a, 0xff, 0xa0, 0x5f, 0xc0, 0x0, 0x2f,
    0xe1, 0x11, 0xef, 0x30, 0x0, 0x0, 0x7f, 0xb0,
    0x5f, 0xc0, 0x0, 0x2f, 0xe0, 0x0, 0xef, 0x30,
    0x0, 0x0, 0x5, 0x0, 0x5f, 0xc0, 0x0, 0x2f,
    0xe0, 0x0, 0xef, 0x30, 0x0, 0x0, 0x0, 0x0,
    0x5f, 0xc0, 0x0, 0x2f, 0xe0, 0x0, 0xef, 0x30,
    0x0, 0x0, 0x0, 0x0, 0x5f, 0xc0, 0x0, 0x2f,
    0xe0, 0x0, 0xef, 0x30, 0xd, 0xff, 0xff, 0x30,
    0x5f, 0xc0, 0x0, 0x2f, 0xe0, 0x0, 0xef, 0x30,
    0xe, 0xff, 0xff, 0x30, 0x5f, 0xc0, 0x0, 0x2f,
    0xe0, 0x0, 0xef, 0x30, 0x2, 0x22, 0xff, 0x30,
    0x5f, 0xc0, 0x0, 0x2f, 0xe0, 0x0, 0xef, 0x30,
    0x0, 0x0, 0xff, 0x30, 0x5f, 0xc0, 0x0, 0x2f,
    0xe0, 0x0, 0xef, 0x30, 0x0, 0x0, 0xff, 0x30,
    0x5f, 0xc1, 0x5a, 0x9f, 0xe0, 0x0, 0xef, 0x30,
    0x0, 0x0, 0xff, 0x30, 0x9f, 0xff, 0xff, 0xbf,
    0xe0, 0x0, 0xef, 0x30, 0x0, 0x0, 0xff, 0x36,
    0xff, 0xff, 0xb6, 0x4f, 0xe2, 0xef, 0xff, 0x10,
    0x0, 0x0, 0xff, 0x31, 0xeb, 0x61, 0x0, 0x2f,
    0xe0, 0xcf, 0xd7, 0x0, 0x0, 0x0, 0xff, 0x30,
    0x10, 0x0, 0x0, 0x2f, 0xe0, 0x0, 0x0, 0x0,
    0x0, 0x4, 0xff, 0xa0, 0x0, 0x0, 0x0, 0x2f,
    0xe0, 0x0, 0x0, 0x0, 0x0, 0x7f, 0xff, 0xfc,
    0x20, 0x0, 0x0, 0x17, 0x60, 0x0, 0x0, 0x0,
    0x5, 0xff, 0x92, 0xaf, 0xf9, 0x52, 0x0, 0x0,
    0x1, 0x24, 0x58, 0xa0, 0xe, 0xfa, 0x0, 0x7,
    0xff, 0xff, 0xff, 0xff, 0xff, 0xff, 0xff, 0xa0,
    0x6, 0xe1, 0x0, 0x0, 0x18, 0xcf, 0xff, 0xff,
    0xff, 0xff, 0xfe, 0x60, 0x0, 0x20, 0x0, 0x0,
    0x0, 0x0, 0x1, 0x11, 0x11, 0x0, 0x0, 0x0,

    /* U+F001 "" */
    0x0, 0x0, 0x0, 0x0, 0x0, 0x0, 0x0, 0x0,
    0x0, 0x0, 0x0, 0x0, 0x0, 0x0, 0x0, 0x0,
    0x0, 0x0, 0x0, 0x0, 0x0, 0x2, 0x7b, 0xe8,
    0x0, 0x0, 0x0, 0x0, 0x0, 0x0, 0x0, 0x0,
    0x49, 0xdf, 0xff, 0xff, 0x0, 0x0, 0x0, 0x0,
    0x0, 0x0, 0x16, 0xbf, 0xff, 0xff, 0xff, 0xff,
    0x0, 0x0, 0x0, 0x0, 0x3, 0x8c, 0xff, 0xff,
    0xff, 0xff, 0xff, 0xff, 0x0, 0x0, 0x0, 0x3a,
    0xef, 0xff, 0xff, 0xff, 0xff, 0xff, 0xff, 0xff,
    0x0, 0x0, 0x0, 0xef, 0xff, 0xff, 0xff, 0xff,
    0xff, 0xff, 0xff, 0xff, 0x0, 0x0, 0x0, 0xff,
    0xff, 0xff, 0xff, 0xff, 0xff, 0xff, 0xaf, 0xff,
    0x0, 0x0, 0x0, 0xff, 0xff, 0xff, 0xff, 0xff,
    0xd8, 0x40, 0xf, 0xff, 0x0, 0x0, 0x0, 0xff,
    0xff, 0xff, 0xfb, 0x62, 0x0, 0x0, 0xf, 0xff,
    0x0, 0x0, 0x0, 0xff, 0xfe, 0x94, 0x0, 0x0,
    0x0, 0x0, 0xf, 0xff, 0x0, 0x0, 0x0, 0xff,
    0xf0, 0x0, 0x0, 0x0, 0x0, 0x0, 0xf, 0xff,
    0x0, 0x0, 0x0, 0xff, 0xf0, 0x0, 0x0, 0x0,
    0x0, 0x0, 0xf, 0xff, 0x0, 0x0, 0x0, 0xff,
    0xf0, 0x0, 0x0, 0x0, 0x0, 0x0, 0xf, 0xff,
    0x0, 0x0, 0x0, 0xff, 0xf0, 0x0, 0x0, 0x0,
    0x0, 0x0, 0xf, 0xff, 0x0, 0x0, 0x0, 0xff,
    0xf0, 0x0, 0x0, 0x0, 0x0, 0x0, 0xf, 0xff,
    0x0, 0x0, 0x0, 0xff, 0xf0, 0x0, 0x0, 0x0,
    0x3a, 0xdf, 0xdf, 0xff, 0x0, 0x0, 0x0, 0xff,
    0xf0, 0x0, 0x0, 0x6, 0xff, 0xff, 0xff, 0xff,
    0x0, 0x0, 0x0, 0xff, 0xf0, 0x0, 0x0, 0xe,
    0xff, 0xff, 0xff, 0xff, 0x3, 0xad, 0xfd, 0xff,
    0xf0, 0x0, 0x0, 0xe, 0xff, 0xff, 0xff, 0xfe,
    0x6f, 0xff, 0xff, 0xff, 0xf0, 0x0, 0x0, 0x6,
    0xff, 0xff, 0xff, 0xf6, 0xef, 0xff, 0xff, 0xff,
    0xf0, 0x0, 0x0, 0x0, 0x3a, 0xef, 0xea, 0x30,
    0xef, 0xff, 0xff, 0xff, 0xe0, 0x0, 0x0, 0x0,
    0x0, 0x0, 0x0, 0x0, 0x6f, 0xff, 0xff, 0xff,
    0x60, 0x0, 0x0, 0x0, 0x0, 0x0, 0x0, 0x0,
    0x3, 0xae, 0xfe, 0xa3, 0x0, 0x0, 0x0, 0x0,
    0x0, 0x0, 0x0, 0x0,

    /* U+F008 "" */
    0xb7, 0x0, 0xbf, 0xff, 0xff, 0xff, 0xff, 0xff,
    0xff, 0xf4, 0x0, 0x7b, 0xfd, 0x88, 0xef, 0xff,
    0xff, 0xff, 0xff, 0xff, 0xff, 0xfb, 0x88, 0xdf,
    0xff, 0xff, 0xff, 0xb4, 0x44, 0x44, 0x44, 0x44,
    0x5f, 0xff, 0xff, 0xff, 0xf9, 0x0, 0xcf, 0x80,
    0x0, 0x0, 0x0, 0x0, 0xf, 0xf5, 0x0, 0x9f,
    0xf8, 0x0, 0xbf, 0x80, 0x0, 0x0, 0x0, 0x0,
    0xf, 0xf4, 0x0, 0x8f, 0xf9, 0x0, 0xcf, 0x80,
    0x0, 0x0, 0x0, 0x0, 0xf, 0xf5, 0x0, 0x9f,
    0xff, 0xff, 0xff, 0x80, 0x0, 0x0, 0x0, 0x0,
    0xf, 0xff, 0xff, 0xff, 0xfd, 0x88, 0xef, 0xa2,
    0x22, 0x22, 0x22, 0x22, 0x3f, 0xfb, 0x88, 0xdf,
    0xf8, 0x0, 0xbf, 0xff, 0xff, 0xff, 0xff, 0xff,
    0xff, 0xf4, 0x0, 0x8f, 0xf8, 0x0, 0xbf, 0xff,
    0xff, 0xff, 0xff, 0xff, 0xff, 0xf4, 0x0, 0x8f,
    0xfd, 0x88, 0xef, 0xa2, 0x22, 0x22, 0x22, 0x22,
    0x3f, 0xfb, 0x88, 0xdf, 0xff, 0xff, 0xff, 0x80,
    0x0, 0x0, 0x0, 0x0, 0xf, 0xff, 0xff, 0xff,
    0xf9, 0x0, 0xcf, 0x80, 0x0, 0x0, 0x0, 0x0,
    0xf, 0xf5, 0x0, 0x9f, 0xf8, 0x0, 0xbf, 0x80,
    0x0, 0x0, 0x0, 0x0, 0xf, 0xf4, 0x0, 0x8f,
    0xf9, 0x0, 0xcf, 0x80, 0x0, 0x0, 0x0, 0x0,
    0xf, 0xf5, 0x0, 0x9f, 0xff, 0xff, 0xff, 0xb4,
    0x44, 0x44, 0x44, 0x44, 0x5f, 0xff, 0xff, 0xff,
    0xfd, 0x88, 0xef, 0xff, 0xff, 0xff, 0xff, 0xff,
    0xff, 0xfb, 0x88, 0xdf, 0xb7, 0x0, 0xbf, 0xff,
    0xff, 0xff, 0xff, 0xff, 0xff, 0xf4, 0x0, 0x7b,

    /* U+F00B "" */
    0x14, 0x44, 0x44, 0x10, 0x3, 0x44, 0x44, 0x44,
    0x44, 0x44, 0x44, 0x41, 0xef, 0xff, 0xff, 0xe0,
    0x6f, 0xff, 0xff, 0xff, 0xff, 0xff, 0xff, 0xfe,
    0xff, 0xff, 0xff, 0xf0, 0x8f, 0xff, 0xff, 0xff,
    0xff, 0xff, 0xff, 0xff, 0xff, 0xff, 0xff, 0xf0,
    0x8f, 0xff, 0xff, 0xff, 0xff, 0xff, 0xff, 0xff,
    0xff, 0xff, 0xff, 0xf0, 0x8f, 0xff, 0xff, 0xff,
    0xff, 0xff, 0xff, 0xff, 0xff, 0xff, 0xff, 0xf0,
    0x8f, 0xff, 0xff, 0xff, 0xff, 0xff, 0xff, 0xff,
    0x7b, 0xbb, 0xbb, 0x60, 0x2a, 0xbb, 0xbb, 0xbb,
    0xbb, 0xbb, 0xbb, 0xb7, 0x0, 0x0, 0x0, 0x0,
    0x0, 0x0, 0x0, 0x0, 0x0, 0x0, 0x0, 0x0,
    0xbf, 0xff, 0xff, 0xb0, 0x4f, 0xff, 0xff, 0xff,
    0xff, 0xff, 0xff, 0xfb, 0xff, 0xff, 0xff, 0xf0,
    0x8f, 0xff, 0xff, 0xff, 0xff, 0xff, 0xff, 0xff,
    0xff, 0xff, 0xff, 0xf0, 0x8f, 0xff, 0xff, 0xff,
    0xff, 0xff, 0xff, 0xff, 0xff, 0xff, 0xff, 0xf0,
    0x8f, 0xff, 0xff, 0xff, 0xff, 0xff, 0xff, 0xff,
    0xff, 0xff, 0xff, 0xf0, 0x8f, 0xff, 0xff, 0xff,
    0xff, 0xff, 0xff, 0xff, 0xbf, 0xff, 0xff, 0xb0,
    0x4f, 0xff, 0xff, 0xff, 0xff, 0xff, 0xff, 0xfb,
    0x0, 0x0, 0x0, 0x0, 0x0, 0x0, 0x0, 0x0,
    0x0, 0x0, 0x0, 0x0, 0x14, 0x44, 0x44, 0x10,
    0x3, 0x44, 0x44, 0x44, 0x44, 0x44, 0x44, 0x41,
    0xef, 0xff, 0xff, 0xe0, 0x6f, 0xff, 0xff, 0xff,
    0xff, 0xff, 0xff, 0xfe, 0xff, 0xff, 0xff, 0xf0,
    0x8f, 0xff, 0xff, 0xff, 0xff, 0xff, 0xff, 0xff,
    0xff, 0xff, 0xff, 0xf0, 0x8f, 0xff, 0xff, 0xff,
    0xff, 0xff, 0xff, 0xff, 0xff, 0xff, 0xff, 0xf0,
    0x8f, 0xff, 0xff, 0xff, 0xff, 0xff, 0xff, 0xff,
    0xff, 0xff, 0xff, 0xf0, 0x8f, 0xff, 0xff, 0xff,
    0xff, 0xff, 0xff, 0xff, 0x7b, 0xbb, 0xbb, 0x60,
    0x2a, 0xbb, 0xbb, 0xbb, 0xbb, 0xbb, 0xbb, 0xb7,

    /* U+F00C "" */
    0x0, 0x0, 0x0, 0x0, 0x0, 0x0, 0x0, 0x0,
    0x0, 0x0, 0xbd, 0x20, 0x0, 0x0, 0x0, 0x0,
    0x0, 0x0, 0x0, 0x0, 0x0, 0xc, 0xff, 0xe2,
    0x0, 0x0, 0x0, 0x0, 0x0, 0x0, 0x0, 0x0,
    0x0, 0xcf, 0xff, 0xfd, 0x0, 0x0, 0x0, 0x0,
    0x0, 0x0, 0x0, 0x0, 0xc, 0xff, 0xff, 0xfd,
    0x0, 0x0, 0x0, 0x0, 0x0, 0x0, 0x0, 0x0,
    0xcf, 0xff, 0xff, 0xd1, 0x0, 0x0, 0x0, 0x0,
    0x0, 0x0, 0x0, 0xc, 0xff, 0xff, 0xfd, 0x10,
    0x2, 0xdb, 0x0, 0x0, 0x0, 0x0, 0x0, 0xcf,
    0xff, 0xff, 0xd1, 0x0, 0x2e, 0xff, 0xc0, 0x0,
    0x0, 0x0, 0xc, 0xff, 0xff, 0xfd, 0x10, 0x0,
    0xdf, 0xff, 0xfc, 0x0, 0x0, 0x0, 0xcf, 0xff,
    0xff, 0xd1, 0x0, 0x0, 0xdf, 0xff, 0xff, 0xc0,
    0x0, 0xc, 0xff, 0xff, 0xfd, 0x10, 0x0, 0x0,
    0x1d, 0xff, 0xff, 0xfc, 0x0, 0xcf, 0xff, 0xff,
    0xd1, 0x0, 0x0, 0x0, 0x1, 0xdf, 0xff, 0xff,
    0xcc, 0xff, 0xff, 0xfd, 0x10, 0x0, 0x0, 0x0,
    0x0, 0x1d, 0xff, 0xff, 0xff, 0xff, 0xff, 0xd1,
    0x0, 0x0, 0x0, 0x0, 0x0, 0x1, 0xdf, 0xff,
    0xff, 0xff, 0xfd, 0x10, 0x0, 0x0, 0x0, 0x0,
    0x0, 0x0, 0x1d, 0xff, 0xff, 0xff, 0xd1, 0x0,
    0x0, 0x0, 0x0, 0x0, 0x0, 0x0, 0x1, 0xdf,
    0xff, 0xfd, 0x10, 0x0, 0x0, 0x0, 0x0, 0x0,
    0x0, 0x0, 0x0, 0x1d, 0xff, 0xd1, 0x0, 0x0,
    0x0, 0x0, 0x0, 0x0, 0x0, 0x0, 0x0, 0x1,
    0xcc, 0x10, 0x0, 0x0, 0x0, 0x0, 0x0, 0x0,

    /* U+F00D "" */
    0x1, 0x41, 0x0, 0x0, 0x0, 0x0, 0x3, 0x30,
    0x1, 0xdf, 0xd1, 0x0, 0x0, 0x0, 0x7, 0xff,
    0x70, 0xcf, 0xff, 0xd1, 0x0, 0x0, 0x7, 0xff,
    0xff, 0x4e, 0xff, 0xff, 0xd1, 0x0, 0x7, 0xff,
    0xff, 0xf6, 0x4f, 0xff, 0xff, 0xd1, 0x7, 0xff,
    0xff, 0xfb, 0x0, 0x4f, 0xff, 0xff, 0xd8, 0xff,
    0xff, 0xfb, 0x0, 0x0, 0x4f, 0xff, 0xff, 0xff,
    0xff, 0xfb, 0x0, 0x0, 0x0, 0x4f, 0xff, 0xff,
    0xff, 0xfb, 0x0, 0x0, 0x0, 0x0, 0x4f, 0xff,
    0xff, 0xfc, 0x0, 0x0, 0x0, 0x0, 0x7, 0xff,
    0xff, 0xff, 0xd1, 0x0, 0x0, 0x0, 0x7, 0xff,
    0xff, 0xff, 0xff, 0xd1, 0x0, 0x0, 0x7, 0xff,
    0xff, 0xff, 0xff, 0xff, 0xd1, 0x0, 0x7, 0xff,
    0xff, 0xfb, 0x5f, 0xff, 0xff, 0xd1, 0x7, 0xff,
    0xff, 0xfb, 0x0, 0x4f, 0xff, 0xff, 0xd1, 0xff,
    0xff, 0xfb, 0x0, 0x0, 0x4f, 0xff, 0xff, 0x7a,
    0xff, 0xfb, 0x0, 0x0, 0x0, 0x4f, 0xff, 0xf3,
    0xb, 0xfb, 0x0, 0x0, 0x0, 0x0, 0x4f, 0xf4,
    0x0, 0x1, 0x0, 0x0, 0x0, 0x0, 0x0, 0x0,
    0x0,

    /* U+F011 "" */
    0x0, 0x0, 0x0, 0x0, 0x0, 0xaf, 0xf8, 0x0,
    0x0, 0x0, 0x0, 0x0, 0x0, 0x0, 0x0, 0x0,
    0x0, 0xef, 0xfd, 0x0, 0x0, 0x0, 0x0, 0x0,
    0x0, 0x0, 0x8, 0x60, 0x0, 0xef, 0xfd, 0x0,
    0x7, 0x70, 0x0, 0x0, 0x0, 0x1, 0xcf, 0xf3,
    0x0, 0xef, 0xfd, 0x0, 0x5f, 0xfb, 0x0, 0x0,
    0x0, 0xc, 0xff, 0xfb, 0x0, 0xef, 0xfd, 0x0,
    0xcf, 0xff, 0xb0, 0x0, 0x0, 0x9f, 0xff, 0xf6,
    0x0, 0xef, 0xfd, 0x0, 0x7f, 0xff, 0xf7, 0x0,
    0x3, 0xff, 0xff, 0x60, 0x0, 0xef, 0xfd, 0x0,
    0x8, 0xff, 0xff, 0x20, 0xa, 0xff, 0xf9, 0x0,
    0x0, 0xef, 0xfd, 0x0, 0x0, 0xbf, 0xff, 0x90,
    0x1f, 0xff, 0xe0, 0x0, 0x0, 0xef, 0xfd, 0x0,
    0x0, 0x1f, 0xff, 0xf0, 0x5f, 0xff, 0x90, 0x0,
    0x0, 0xef, 0xfd, 0x0, 0x0, 0xa, 0xff, 0xf3,
    0x8f, 0xff, 0x40, 0x0, 0x0, 0xef, 0xfd, 0x0,
    0x0, 0x6, 0xff, 0xf6, 0x9f, 0xff, 0x20, 0x0,
    0x0, 0xef, 0xfd, 0x0, 0x0, 0x4, 0xff, 0xf8,
    0x9f, 0xff, 0x20, 0x0, 0x0, 0xef, 0xfc, 0x0,
    0x0, 0x4, 0xff, 0xf7, 0x8f, 0xff, 0x40, 0x0,
    0x0, 0x37, 0x72, 0x0, 0x0, 0x6, 0xff, 0xf6,
    0x5f, 0xff, 0x80, 0x0, 0x0, 0x0, 0x0, 0x0,
    0x0, 0xa, 0xff, 0xf4, 0x1f, 0xff, 0xe0, 0x0,
    0x0, 0x0, 0x0, 0x0, 0x0, 0x1f, 0xff, 0xf0,
    0xb, 0xff, 0xf8, 0x0, 0x0, 0x0, 0x0, 0x0,
    0x0, 0xaf, 0xff, 0xa0, 0x3, 0xff, 0xff, 0x60,
    0x0, 0x0, 0x0, 0x0, 0x7, 0xff, 0xff, 0x20,
    0x0, 0xaf, 0xff, 0xf8, 0x0, 0x0, 0x0, 0x1,
    0x9f, 0xff, 0xf8, 0x0, 0x0, 0xd, 0xff, 0xff,
    0xe8, 0x42, 0x24, 0x9e, 0xff, 0xff, 0xb0, 0x0,
    0x0, 0x1, 0xdf, 0xff, 0xff, 0xff, 0xff, 0xff,
    0xff, 0xfb, 0x10, 0x0, 0x0, 0x0, 0xa, 0xff,
    0xff, 0xff, 0xff, 0xff, 0xff, 0x90, 0x0, 0x0,
    0x0, 0x0, 0x0, 0x3b, 0xff, 0xff, 0xff, 0xff,
    0xb3, 0x0, 0x0, 0x0, 0x0, 0x0, 0x0, 0x0,
    0x15, 0x89, 0x97, 0x51, 0x0, 0x0, 0x0, 0x0,

    /* U+F013 "" */
    0x0, 0x0, 0x0, 0x0, 0x4, 0x89, 0x98, 0x40,
    0x0, 0x0, 0x0, 0x0, 0x0, 0x0, 0x0, 0x0,
    0xf, 0xff, 0xff, 0xf0, 0x0, 0x0, 0x0, 0x0,
    0x0, 0x0, 0x0, 0x0, 0xf, 0xff, 0xff, 0xf0,
    0x0, 0x0, 0x0, 0x0, 0x0, 0x0, 0x0, 0x0,
    0x4f, 0xff, 0xff, 0xf4, 0x0, 0x0, 0x0, 0x0,
    0x0, 0xc, 0xc3, 0x2c, 0xff, 0xff, 0xff, 0xff,
    0xc2, 0x3c, 0xc0, 0x0, 0x0, 0x8f, 0xff, 0xff,
    0xff, 0xff, 0xff, 0xff, 0xff, 0xff, 0xf8, 0x0,
    0x3, 0xff, 0xff, 0xff, 0xff, 0xff, 0xff, 0xff,
    0xff, 0xff, 0xff, 0x30, 0xa, 0xff, 0xff, 0xff,
    0xff, 0xff, 0xff, 0xff, 0xff, 0xff, 0xff, 0xa0,
    0xf, 0xff, 0xff, 0xff, 0xff, 0x94, 0x49, 0xff,
    0xff, 0xff, 0xff, 0xf0, 0x6, 0xef, 0xff, 0xff,
    0xf4, 0x0, 0x0, 0x4f, 0xff, 0xff, 0xfe, 0x60,
    0x0, 0x1e, 0xff, 0xff, 0x90, 0x0, 0x0, 0x9,
    0xff, 0xff, 0xe1, 0x0, 0x0, 0xf, 0xff, 0xff,
    0x40, 0x0, 0x0, 0x4, 0xff, 0xff, 0xf0, 0x0,
    0x0, 0xf, 0xff, 0xff, 0x40, 0x0, 0x0, 0x4,
    0xff, 0xff, 0xf0, 0x0, 0x0, 0x1e, 0xff, 0xff,
    0x90, 0x0, 0x0, 0x9, 0xff, 0xff, 0xe1, 0x0,
    0x6, 0xef, 0xff, 0xff, 0xf4, 0x0, 0x0, 0x4f,
    0xff, 0xff, 0xfe, 0x60, 0xf, 0xff, 0xff, 0xff,
    0xff, 0x94, 0x49, 0xff, 0xff, 0xff, 0xff, 0xf0,
    0xa, 0xff, 0xff, 0xff, 0xff, 0xff, 0xff, 0xff,
    0xff, 0xff, 0xff, 0xa0, 0x3, 0xff, 0xff, 0xff,
    0xff, 0xff, 0xff, 0xff, 0xff, 0xff, 0xff, 0x30,
    0x0, 0x8f, 0xff, 0xff, 0xff, 0xff, 0xff, 0xff,
    0xff, 0xff, 0xf8, 0x0, 0x0, 0xc, 0xc3, 0x2c,
    0xff, 0xff, 0xff, 0xff, 0xc2, 0x3c, 0xc0, 0x0,
    0x0, 0x0, 0x0, 0x0, 0x4f, 0xff, 0xff, 0xf4,
    0x0, 0x0, 0x0, 0x0, 0x0, 0x0, 0x0, 0x0,
    0xf, 0xff, 0xff, 0xf0, 0x0, 0x0, 0x0, 0x0,
    0x0, 0x0, 0x0, 0x0, 0xf, 0xff, 0xff, 0xf0,
    0x0, 0x0, 0x0, 0x0, 0x0, 0x0, 0x0, 0x0,
    0x4, 0x89, 0x98, 0x40, 0x0, 0x0, 0x0, 0x0,

    /* U+F015 "" */
    0x0, 0x0, 0x0, 0x0, 0x0, 0x0, 0x13, 0x10,
    0x0, 0x2, 0x44, 0x20, 0x0, 0x0, 0x0, 0x0,
    0x0, 0x0, 0x0, 0x5f, 0xfe, 0x40, 0x0, 0xdf,
    0xfd, 0x0, 0x0, 0x0, 0x0, 0x0, 0x0, 0x0,
    0x7f, 0xff, 0xff, 0x70, 0xe, 0xff, 0xe0, 0x0,
    0x0, 0x0, 0x0, 0x0, 0x0, 0xaf, 0xff, 0xff,
    0xff, 0xa0, 0xef, 0xfe, 0x0, 0x0, 0x0, 0x0,
    0x0, 0x1, 0xcf, 0xff, 0xb3, 0xbf, 0xff, 0xce,
    0xff, 0xe0, 0x0, 0x0, 0x0, 0x0, 0x3, 0xef,
    0xff, 0x90, 0x0, 0x9f, 0xff, 0xff, 0xfe, 0x0,
    0x0, 0x0, 0x0, 0x6, 0xff, 0xff, 0x60, 0x5d,
    0x50, 0x6f, 0xff, 0xff, 0xe0, 0x0, 0x0, 0x0,
    0x8, 0xff, 0xfe, 0x30, 0x8f, 0xff, 0x80, 0x3e,
    0xff, 0xfe, 0x0, 0x0, 0x0, 0x1b, 0xff, 0xfd,
    0x20, 0xaf, 0xff, 0xff, 0xa0, 0x2d, 0xff, 0xfb,
    0x0, 0x0, 0x2d, 0xff, 0xfb, 0x1, 0xcf, 0xff,
    0xff, 0xff, 0xc1, 0xb, 0xff, 0xfd, 0x20, 0x4f,
    0xff, 0xf8, 0x3, 0xef, 0xff, 0xff, 0xff, 0xff,
    0xe3, 0x8, 0xff, 0xfe, 0x4e, 0xff, 0xf5, 0x5,
    0xff, 0xff, 0xff, 0xff, 0xff, 0xff, 0xf5, 0x5,
    0xff, 0xfe, 0x4f, 0xe3, 0x8, 0xff, 0xff, 0xff,
    0xff, 0xff, 0xff, 0xff, 0xf8, 0x3, 0xef, 0x40,
    0x41, 0x7, 0xff, 0xff, 0xff, 0xff, 0xff, 0xff,
    0xff, 0xff, 0xf7, 0x1, 0x40, 0x0, 0x0, 0x8f,
    0xff, 0xff, 0xff, 0xff, 0xff, 0xff, 0xff, 0xff,
    0x80, 0x0, 0x0, 0x0, 0x8, 0xff, 0xff, 0xff,
    0xeb, 0xbb, 0xef, 0xff, 0xff, 0xf8, 0x0, 0x0,
    0x0, 0x0, 0x8f, 0xff, 0xff, 0xf4, 0x0, 0x4,
    0xff, 0xff, 0xff, 0x80, 0x0, 0x0, 0x0, 0x8,
    0xff, 0xff, 0xff, 0x40, 0x0, 0x4f, 0xff, 0xff,
    0xf8, 0x0, 0x0, 0x0, 0x0, 0x8f, 0xff, 0xff,
    0xf4, 0x0, 0x4, 0xff, 0xff, 0xff, 0x80, 0x0,
    0x0, 0x0, 0x8, 0xff, 0xff, 0xff, 0x40, 0x0,
    0x4f, 0xff, 0xff, 0xf8, 0x0, 0x0, 0x0, 0x0,
    0x7f, 0xff, 0xff, 0xf3, 0x0, 0x3, 0xff, 0xff,
    0xff, 0x70, 0x0, 0x0, 0x0, 0x3, 0xbb, 0xbb,
    0xba, 0x10, 0x0, 0x1a, 0xbb, 0xbb, 0xb3, 0x0,
    0x0,

    /* U+F019 "" */
    0x0, 0x0, 0x0, 0x0, 0x9, 0xdd, 0xdd, 0x90,
    0x0, 0x0, 0x0, 0x0, 0x0, 0x0, 0x0, 0x0,
    0xf, 0xff, 0xff, 0xf0, 0x0, 0x0, 0x0, 0x0,
    0x0, 0x0, 0x0, 0x0, 0xf, 0xff, 0xff, 0xf0,
    0x0, 0x0, 0x0, 0x0, 0x0, 0x0, 0x0, 0x0,
    0xf, 0xff, 0xff, 0xf0, 0x0, 0x0, 0x0, 0x0,
    0x0, 0x0, 0x0, 0x0, 0xf, 0xff, 0xff, 0xf0,
    0x0, 0x0, 0x0, 0x0, 0x0, 0x0, 0x0, 0x0,
    0xf, 0xff, 0xff, 0xf0, 0x0, 0x0, 0x0, 0x0,
    0x0, 0x0, 0x0, 0x0, 0xf, 0xff, 0xff, 0xf0,
    0x0, 0x0, 0x0, 0x0, 0x0, 0x0, 0x0, 0x0,
    0xf, 0xff, 0xff, 0xf0, 0x0, 0x0, 0x0, 0x0,
    0x0, 0x0, 0x0, 0x0, 0xf, 0xff, 0xff, 0xf0,
    0x0, 0x0, 0x0, 0x0, 0x0, 0x0, 0xad, 0xdd,
    0xdf, 0xff, 0xff, 0xfd, 0xdd, 0xda, 0x0, 0x0,
    0x0, 0x0, 0xdf, 0xff, 0xff, 0xff, 0xff, 0xff,
    0xff, 0xfd, 0x0, 0x0, 0x0, 0x0, 0x1d, 0xff,
    0xff, 0xff, 0xff, 0xff, 0xff, 0xd1, 0x0, 0x0,
    0x0, 0x0, 0x1, 0xdf, 0xff, 0xff, 0xff, 0xff,
    0xfd, 0x10, 0x0, 0x0, 0x0, 0x0, 0x0, 0x1d,
    0xff, 0xff, 0xff, 0xff, 0xd1, 0x0, 0x0, 0x0,
    0x0, 0x0, 0x0, 0x1, 0xdf, 0xff, 0xff, 0xfd,
    0x10, 0x0, 0x0, 0x0, 0x0, 0x0, 0x0, 0x0,
    0x1d, 0xff, 0xff, 0xd1, 0x0, 0x0, 0x0, 0x0,
    0x25, 0x55, 0x55, 0x55, 0x11, 0xdf, 0xfd, 0x11,
    0x55, 0x55, 0x55, 0x52, 0xef, 0xff, 0xff, 0xff,
    0xd1, 0x1d, 0xd1, 0x1d, 0xff, 0xff, 0xff, 0xfe,
    0xff, 0xff, 0xff, 0xff, 0xfd, 0x10, 0x1, 0xdf,
    0xff, 0xff, 0xff, 0xff, 0xff, 0xff, 0xff, 0xff,
    0xff, 0xf9, 0x9f, 0xff, 0xff, 0xff, 0xff, 0xff,
    0xff, 0xff, 0xff, 0xff, 0xff, 0xff, 0xff, 0xff,
    0xff, 0xff, 0xff, 0xff, 0xff, 0xff, 0xff, 0xff,
    0xff, 0xff, 0xff, 0xff, 0x71, 0xe7, 0x1e, 0xff,
    0xff, 0xff, 0xff, 0xff, 0xff, 0xff, 0xff, 0xff,
    0xb6, 0xfb, 0x6f, 0xff, 0xbf, 0xff, 0xff, 0xff,
    0xff, 0xff, 0xff, 0xff, 0xff, 0xff, 0xff, 0xfb,

    /* U+F01C "" */
    0x0, 0x0, 0x3, 0xcf, 0xff, 0xff, 0xff, 0xff,
    0xff, 0xff, 0xd3, 0x0, 0x0, 0x0, 0x0, 0x1,
    0xef, 0xff, 0xff, 0xff, 0xff, 0xff, 0xff, 0xff,
    0xe1, 0x0, 0x0, 0x0, 0x0, 0xaf, 0xff, 0xff,
    0xff, 0xff, 0xff, 0xff, 0xff, 0xff, 0xa0, 0x0,
    0x0, 0x0, 0x5f, 0xff, 0x40, 0x0, 0x0, 0x0,
    0x0, 0x0, 0x4f, 0xff, 0x50, 0x0, 0x0, 0x1e,
    0xff, 0x90, 0x0, 0x0, 0x0, 0x0, 0x0, 0x0,
    0x9f, 0xfe, 0x10, 0x0, 0xa, 0xff, 0xe0, 0x0,
    0x0, 0x0, 0x0, 0x0, 0x0, 0x0, 0xef, 0xfa,
    0x0, 0x5, 0xff, 0xf4, 0x0, 0x0, 0x0, 0x0,
    0x0, 0x0, 0x0, 0x4, 0xff, 0xf5, 0x1, 0xef,
    0xf9, 0x0, 0x0, 0x0, 0x0, 0x0, 0x0, 0x0,
    0x0, 0x9, 0xff, 0xe1, 0xaf, 0xfe, 0x0, 0x0,
    0x0, 0x0, 0x0, 0x0, 0x0, 0x0, 0x0, 0xe,
    0xff, 0xaf, 0xff, 0xff, 0xff, 0xff, 0x90, 0x0,
    0x0, 0x0, 0xaf, 0xff, 0xff, 0xff, 0xff, 0xff,
    0xff, 0xff, 0xff, 0xff, 0x20, 0x0, 0x0, 0x2f,
    0xff, 0xff, 0xff, 0xff, 0xff, 0xff, 0xff, 0xff,
    0xff, 0xf9, 0x0, 0x0, 0xa, 0xff, 0xff, 0xff,
    0xff, 0xff, 0xff, 0xff, 0xff, 0xff, 0xff, 0xff,
    0xff, 0xff, 0xff, 0xff, 0xff, 0xff, 0xff, 0xff,
    0xff, 0xff, 0xff, 0xff, 0xff, 0xff, 0xff, 0xff,
    0xff, 0xff, 0xff, 0xff, 0xff, 0xff, 0xff, 0xff,
    0xff, 0xff, 0xff, 0xff, 0xff, 0xff, 0xff, 0xff,
    0xff, 0xff, 0xff, 0xff, 0xff, 0xff, 0xff, 0xff,
    0xff, 0xff, 0xff, 0xff, 0xff, 0xff, 0xff, 0xff,
    0xdf, 0xff, 0xff, 0xff, 0xff, 0xff, 0xff, 0xff,
    0xff, 0xff, 0xff, 0xff, 0xff, 0xd3, 0xdf, 0xff,
    0xff, 0xff, 0xff, 0xff, 0xff, 0xff, 0xff, 0xff,
    0xff, 0xff, 0xd3,

    /* U+F021 "" */
    0x0, 0x0, 0x0, 0x0, 0x0, 0x0, 0x0, 0x0,
    0x0, 0x0, 0x3, 0x32, 0x0, 0x0, 0x0, 0x0,
    0x3, 0x67, 0x75, 0x20, 0x0, 0x0, 0x4f, 0xff,
    0x0, 0x0, 0x0, 0x29, 0xff, 0xff, 0xff, 0xfd,
    0x70, 0x0, 0x4f, 0xff, 0x0, 0x0, 0x8, 0xff,
    0xff, 0xff, 0xff, 0xff, 0xfe, 0x60, 0x3f, 0xff,
    0x0, 0x1, 0xcf, 0xff, 0xff, 0xfe, 0xef, 0xff,
    0xff, 0xfb, 0x3f, 0xff, 0x0, 0xd, 0xff, 0xff,
    0xb4, 0x0, 0x0, 0x5b, 0xff, 0xff, 0xdf, 0xff,
    0x0, 0xaf, 0xff, 0xe4, 0x0, 0x0, 0x0, 0x0,
    0x4d, 0xff, 0xff, 0xff, 0x4, 0xff, 0xfd, 0x10,
    0x0, 0x0, 0x0, 0x0, 0x0, 0xcf, 0xff, 0xff,
    0xc, 0xff, 0xf2, 0x0, 0x0, 0x0, 0x6, 0xff,
    0xee, 0xef, 0xff, 0xff, 0x1f, 0xff, 0x80, 0x0,
    0x0, 0x0, 0x8, 0xff, 0xff, 0xff, 0xff, 0xff,
    0x5f, 0xff, 0x10, 0x0, 0x0, 0x0, 0x7, 0xff,
    0xff, 0xff, 0xff, 0xff, 0x4, 0x43, 0x0, 0x0,
    0x0, 0x0, 0x1, 0x44, 0x44, 0x44, 0x44, 0x43,
    0x0, 0x0, 0x0, 0x0, 0x0, 0x0, 0x0, 0x0,
    0x0, 0x0, 0x0, 0x0, 0x0, 0x0, 0x0, 0x0,
    0x0, 0x0, 0x0, 0x0, 0x0, 0x0, 0x0, 0x0,
    0x34, 0x44, 0x44, 0x44, 0x44, 0x0, 0x0, 0x0,
    0x0, 0x0, 0x34, 0x40, 0xff, 0xff, 0xff, 0xff,
    0xff, 0x70, 0x0, 0x0, 0x0, 0x1, 0xff, 0xf5,
    0xff, 0xff, 0xff, 0xff, 0xff, 0x80, 0x0, 0x0,
    0x0, 0x8, 0xff, 0xf1, 0xff, 0xff, 0xfd, 0xee,
    0xff, 0x60, 0x0, 0x0, 0x0, 0x2f, 0xff, 0xb0,
    0xff, 0xff, 0xfb, 0x0, 0x0, 0x0, 0x0, 0x0,
    0x1, 0xdf, 0xff, 0x40, 0xff, 0xff, 0xff, 0xd3,
    0x0, 0x0, 0x0, 0x0, 0x4e, 0xff, 0xfa, 0x0,
    0xff, 0xfe, 0xff, 0xff, 0xb5, 0x0, 0x0, 0x4b,
    0xff, 0xff, 0xd0, 0x0, 0xff, 0xf3, 0xbf, 0xff,
    0xff, 0xfe, 0xef, 0xff, 0xff, 0xfc, 0x10, 0x0,
    0xff, 0xf3, 0x6, 0xff, 0xff, 0xff, 0xff, 0xff,
    0xff, 0x80, 0x0, 0x0, 0xff, 0xf4, 0x0, 0x17,
    0xdf, 0xff, 0xff, 0xff, 0xa2, 0x0, 0x0, 0x0,
    0xff, 0xf4, 0x0, 0x0, 0x2, 0x67, 0x76, 0x30,
    0x0, 0x0, 0x0, 0x0, 0x23, 0x30, 0x0, 0x0,
    0x0, 0x0, 0x0, 0x0, 0x0, 0x0, 0x0, 0x0,

    /* U+F026 "" */
    0x0, 0x0, 0x0, 0x0, 0x1, 0xa7, 0x0, 0x0,
    0x0, 0x0, 0x1c, 0xff, 0x0, 0x0, 0x0, 0x1,
    0xcf, 0xff, 0x0, 0x0, 0x0, 0x1c, 0xff, 0xff,
    0x14, 0x44, 0x44, 0xcf, 0xff, 0xff, 0xef, 0xff,
    0xff, 0xff, 0xff, 0xff, 0xff, 0xff, 0xff, 0xff,
    0xff, 0xff, 0xff, 0xff, 0xff, 0xff, 0xff, 0xff,
    0xff, 0xff, 0xff, 0xff, 0xff, 0xff, 0xff, 0xff,
    0xff, 0xff, 0xff, 0xff, 0xff, 0xff, 0xff, 0xff,
    0xff, 0xff, 0xff, 0xff, 0xff, 0xff, 0xff, 0xff,
    0xff, 0xff, 0xff, 0xff, 0xff, 0xff, 0x7b, 0xbb,
    0xbb, 0xff, 0xff, 0xff, 0x0, 0x0, 0x0, 0x5f,
    0xff, 0xff, 0x0, 0x0, 0x0, 0x5, 0xff, 0xff,
    0x0, 0x0, 0x0, 0x0, 0x5f, 0xff, 0x0, 0x0,
    0x0, 0x0, 0x5, 0xfd, 0x0, 0x0, 0x0, 0x0,
    0x0, 0x10,

    /* U+F027 "" */
    0x0, 0x0, 0x0, 0x0, 0x0, 0x96, 0x0, 0x0,
    0x0, 0x0, 0x0, 0x0, 0x0, 0xc, 0xff, 0x0,
    0x0, 0x0, 0x0, 0x0, 0x0, 0x0, 0xcf, 0xff,
    0x0, 0x0, 0x0, 0x0, 0x0, 0x0, 0xc, 0xff,
    0xff, 0x0, 0x0, 0x0, 0x13, 0x33, 0x33, 0xcf,
    0xff, 0xff, 0x0, 0x0, 0x0, 0xdf, 0xff, 0xff,
    0xff, 0xff, 0xff, 0x0, 0x4a, 0x20, 0xff, 0xff,
    0xff, 0xff, 0xff, 0xff, 0x0, 0xcf, 0xe1, 0xff,
    0xff, 0xff, 0xff, 0xff, 0xff, 0x0, 0x3e, 0xfa,
    0xff, 0xff, 0xff, 0xff, 0xff, 0xff, 0x0, 0x6,
    0xfe, 0xff, 0xff, 0xff, 0xff, 0xff, 0xff, 0x0,
    0x5, 0xfe, 0xff, 0xff, 0xff, 0xff, 0xff, 0xff,
    0x0, 0x2e, 0xfa, 0xff, 0xff, 0xff, 0xff, 0xff,
    0xff, 0x0, 0xcf, 0xf2, 0xff, 0xff, 0xff, 0xff,
    0xff, 0xff, 0x0, 0x5b, 0x30, 0x7c, 0xcc, 0xcc,
    0xff, 0xff, 0xff, 0x0, 0x0, 0x0, 0x0, 0x0,
    0x0, 0x5f, 0xff, 0xff, 0x0, 0x0, 0x0, 0x0,
    0x0, 0x0, 0x5, 0xff, 0xff, 0x0, 0x0, 0x0,
    0x0, 0x0, 0x0, 0x0, 0x5f, 0xff, 0x0, 0x0,
    0x0, 0x0, 0x0, 0x0, 0x0, 0x5, 0xfd, 0x0,
    0x0, 0x0, 0x0, 0x0, 0x0, 0x0, 0x0, 0x21,
    0x0, 0x0, 0x0,

    /* U+F028 "" */
    0x0, 0x0, 0x0, 0x0, 0x0, 0x0, 0x0, 0x0,
    0x0, 0x0, 0x30, 0x0, 0x0, 0x0, 0x0, 0x0,
    0x0, 0x0, 0x0, 0x0, 0x0, 0x0, 0x0, 0xaf,
    0xb1, 0x0, 0x0, 0x0, 0x0, 0x0, 0x0, 0x0,
    0x0, 0x0, 0x0, 0x0, 0x7, 0xff, 0xd1, 0x0,
    0x0, 0x0, 0x0, 0x0, 0x0, 0x1a, 0x70, 0x0,
    0x0, 0x0, 0x6, 0xff, 0xd0, 0x0, 0x0, 0x0,
    0x0, 0x0, 0x1c, 0xff, 0x0, 0x0, 0x6, 0x30,
    0x5, 0xff, 0xa0, 0x0, 0x0, 0x0, 0x0, 0x1c,
    0xff, 0xf0, 0x0, 0x3, 0xff, 0x70, 0x8, 0xff,
    0x40, 0x0, 0x0, 0x0, 0x1c, 0xff, 0xff, 0x0,
    0x0, 0xc, 0xff, 0x70, 0xc, 0xfc, 0x1, 0x44,
    0x44, 0x4c, 0xff, 0xff, 0xf0, 0x0, 0x0, 0xa,
    0xff, 0x30, 0x4f, 0xf3, 0xef, 0xff, 0xff, 0xff,
    0xff, 0xff, 0x0, 0x5a, 0x20, 0xc, 0xfb, 0x0,
    0xdf, 0x8f, 0xff, 0xff, 0xff, 0xff, 0xff, 0xf0,
    0xc, 0xfe, 0x20, 0x4f, 0xf1, 0x8, 0xfb, 0xff,
    0xff, 0xff, 0xff, 0xff, 0xff, 0x0, 0x2e, 0xfa,
    0x0, 0xff, 0x50, 0x5f, 0xef, 0xff, 0xff, 0xff,
    0xff, 0xff, 0xf0, 0x0, 0x6f, 0xe0, 0xc, 0xf7,
    0x4, 0xff, 0xff, 0xff, 0xff, 0xff, 0xff, 0xff,
    0x0, 0x6, 0xfe, 0x0, 0xcf, 0x70, 0x4f, 0xff,
    0xff, 0xff, 0xff, 0xff, 0xff, 0xf0, 0x2, 0xef,
    0xa0, 0xf, 0xf5, 0x6, 0xfe, 0xff, 0xff, 0xff,
    0xff, 0xff, 0xff, 0x0, 0xcf, 0xe2, 0x4, 0xff,
    0x10, 0x9f, 0xbf, 0xff, 0xff, 0xff, 0xff, 0xff,
    0xf0, 0x4, 0xa2, 0x0, 0xcf, 0xb0, 0xd, 0xf8,
    0x7b, 0xbb, 0xbb, 0xff, 0xff, 0xff, 0x0, 0x0,
    0x0, 0xaf, 0xf3, 0x4, 0xff, 0x30, 0x0, 0x0,
    0x5, 0xff, 0xff, 0xf0, 0x0, 0x0, 0xcf, 0xf7,
    0x0, 0xcf, 0xc0, 0x0, 0x0, 0x0, 0x5, 0xff,
    0xff, 0x0, 0x0, 0x3f, 0xf7, 0x0, 0x6f, 0xf4,
    0x0, 0x0, 0x0, 0x0, 0x5, 0xff, 0xf0, 0x0,
    0x0, 0x53, 0x0, 0x4f, 0xfa, 0x0, 0x0, 0x0,
    0x0, 0x0, 0x5, 0xfd, 0x0, 0x0, 0x0, 0x0,
    0x6f, 0xfd, 0x0, 0x0, 0x0, 0x0, 0x0, 0x0,
    0x1, 0x0, 0x0, 0x0, 0x0, 0x7f, 0xfd, 0x10,
    0x0, 0x0, 0x0, 0x0, 0x0, 0x0, 0x0, 0x0,
    0x0, 0x0, 0x9, 0xfb, 0x10, 0x0, 0x0, 0x0,
    0x0, 0x0, 0x0, 0x0, 0x0, 0x0, 0x0, 0x0,
    0x3, 0x0, 0x0, 0x0,

    /* U+F03E "" */
    0x3d, 0xff, 0xff, 0xff, 0xff, 0xff, 0xff, 0xff,
    0xff, 0xff, 0xff, 0xd3, 0xdf, 0xff, 0xff, 0xff,
    0xff, 0xff, 0xff, 0xff, 0xff, 0xff, 0xff, 0xfd,
    0xff, 0xff, 0xca, 0xef, 0xff, 0xff, 0xff, 0xff,
    0xff, 0xff, 0xff, 0xff, 0xff, 0xf6, 0x0, 0x1d,
    0xff, 0xff, 0xff, 0xff, 0xff, 0xff, 0xff, 0xff,
    0xff, 0xc0, 0x0, 0x4, 0xff, 0xff, 0xff, 0xff,
    0xff, 0xff, 0xff, 0xff, 0xff, 0xa0, 0x0, 0x2,
    0xff, 0xff, 0xff, 0xff, 0x9f, 0xff, 0xff, 0xff,
    0xff, 0xe1, 0x0, 0x8, 0xff, 0xff, 0xff, 0xf4,
    0x4, 0xff, 0xff, 0xff, 0xff, 0xfc, 0x42, 0x8f,
    0xff, 0xff, 0xff, 0x40, 0x0, 0x4f, 0xff, 0xff,
    0xff, 0xff, 0xff, 0xff, 0xff, 0xff, 0xf4, 0x0,
    0x0, 0x4, 0xff, 0xff, 0xff, 0xff, 0xff, 0x6b,
    0xff, 0xff, 0x40, 0x0, 0x0, 0x0, 0x4f, 0xff,
    0xff, 0xff, 0xf4, 0x0, 0xbf, 0xf4, 0x0, 0x0,
    0x0, 0x0, 0xf, 0xff, 0xff, 0xff, 0x40, 0x0,
    0xb, 0x40, 0x0, 0x0, 0x0, 0x0, 0xf, 0xff,
    0xff, 0xf4, 0x0, 0x0, 0x0, 0x0, 0x0, 0x0,
    0x0, 0x0, 0xf, 0xff, 0xff, 0xf0, 0x0, 0x0,
    0x0, 0x0, 0x0, 0x0, 0x0, 0x0, 0xf, 0xff,
    0xff, 0xf0, 0x0, 0x0, 0x0, 0x0, 0x0, 0x0,
    0x0, 0x0, 0xf, 0xff, 0xff, 0xff, 0xff, 0xff,
    0xff, 0xff, 0xff, 0xff, 0xff, 0xff, 0xff, 0xff,
    0xdf, 0xff, 0xff, 0xff, 0xff, 0xff, 0xff, 0xff,
    0xff, 0xff, 0xff, 0xfd, 0x3d, 0xff, 0xff, 0xff,
    0xff, 0xff, 0xff, 0xff, 0xff, 0xff, 0xff, 0xd3,

    /* U+F043 "" */
    0x0, 0x0, 0x0, 0xc, 0xe3, 0x0, 0x0, 0x0,
    0x0, 0x0, 0x0, 0x5, 0xff, 0xa0, 0x0, 0x0,
    0x0, 0x0, 0x0, 0x0, 0xbf, 0xff, 0x0, 0x0,
    0x0, 0x0, 0x0, 0x0, 0x2f, 0xff, 0xf6, 0x0,
    0x0, 0x0, 0x0, 0x0, 0x9, 0xff, 0xff, 0xd0,
    0x0, 0x0, 0x0, 0x0, 0x1, 0xff, 0xff, 0xff,
    0x50, 0x0, 0x0, 0x0, 0x0, 0xaf, 0xff, 0xff,
    0xfe, 0x0, 0x0, 0x0, 0x0, 0x4f, 0xff, 0xff,
    0xff, 0xf8, 0x0, 0x0, 0x0, 0x1e, 0xff, 0xff,
    0xff, 0xff, 0xf4, 0x0, 0x0, 0xa, 0xff, 0xff,
    0xff, 0xff, 0xff, 0xe0, 0x0, 0x5, 0xff, 0xff,
    0xff, 0xff, 0xff, 0xff, 0x90, 0x0, 0xdf, 0xff,
    0xff, 0xff, 0xff, 0xff, 0xff, 0x20, 0x5f, 0xff,
    0xff, 0xff, 0xff, 0xff, 0xff, 0xf9, 0xa, 0xff,
    0xff, 0xff, 0xff, 0xff, 0xff, 0xff, 0xe0, 0xef,
    0xff, 0xff, 0xff, 0xff, 0xff, 0xff, 0xff, 0x2f,
    0xff, 0x2d, 0xff, 0xff, 0xff, 0xff, 0xff, 0xf4,
    0xef, 0xf1, 0xaf, 0xff, 0xff, 0xff, 0xff, 0xff,
    0x3c, 0xff, 0x44, 0xff, 0xff, 0xff, 0xff, 0xff,
    0xf1, 0x8f, 0xfc, 0x7, 0xff, 0xff, 0xff, 0xff,
    0xfc, 0x1, 0xff, 0xf9, 0x2, 0x7c, 0xff, 0xff,
    0xff, 0x50, 0x7, 0xff, 0xfb, 0x40, 0x6f, 0xff,
    0xff, 0xb0, 0x0, 0xa, 0xff, 0xff, 0xff, 0xff,
    0xff, 0xd1, 0x0, 0x0, 0x8, 0xff, 0xff, 0xff,
    0xff, 0xb0, 0x0, 0x0, 0x0, 0x2, 0x8d, 0xff,
    0xda, 0x40, 0x0, 0x0,

    /* U+F048 "" */
    0x34, 0x40, 0x0, 0x0, 0x0, 0x0, 0x4, 0xf,
    0xff, 0x50, 0x0, 0x0, 0x0, 0x1d, 0xfb, 0xff,
    0xf6, 0x0, 0x0, 0x0, 0x2d, 0xff, 0xff, 0xff,
    0x60, 0x0, 0x0, 0x2e, 0xff, 0xff, 0xff, 0xf6,
    0x0, 0x0, 0x3f, 0xff, 0xff, 0xff, 0xff, 0x60,
    0x0, 0x4f, 0xff, 0xff, 0xff, 0xff, 0xf6, 0x0,
    0x5f, 0xff, 0xff, 0xff, 0xff, 0xff, 0x60, 0x6f,
    0xff, 0xff, 0xff, 0xff, 0xff, 0xf6, 0x8f, 0xff,
    0xff, 0xff, 0xff, 0xff, 0xff, 0xdf, 0xff, 0xff,
    0xff, 0xff, 0xff, 0xff, 0xff, 0xff, 0xff, 0xff,
    0xff, 0xff, 0xff, 0xff, 0xff, 0xff, 0xff, 0xff,
    0xff, 0xff, 0xff, 0xff, 0xff, 0xff, 0xff, 0xff,
    0xff, 0xff, 0xff, 0x8e, 0xff, 0xff, 0xff, 0xff,
    0xff, 0xff, 0xf6, 0x1d, 0xff, 0xff, 0xff, 0xff,
    0xff, 0xff, 0x60, 0x1c, 0xff, 0xff, 0xff, 0xff,
    0xff, 0xf6, 0x0, 0xb, 0xff, 0xff, 0xff, 0xff,
    0xff, 0x60, 0x0, 0xa, 0xff, 0xff, 0xff, 0xff,
    0xf6, 0x0, 0x0, 0x9, 0xff, 0xff, 0xff, 0xff,
    0x60, 0x0, 0x0, 0x7, 0xff, 0xff, 0xff, 0xf6,
    0x0, 0x0, 0x0, 0x6, 0xff, 0xea, 0xbb, 0x30,
    0x0, 0x0, 0x0, 0x5, 0xb4,

    /* U+F04B "" */
    0x0, 0x0, 0x0, 0x0, 0x0, 0x0, 0x0, 0x0,
    0x0, 0x0, 0x3, 0xdf, 0x91, 0x0, 0x0, 0x0,
    0x0, 0x0, 0x0, 0x0, 0x0, 0xdf, 0xff, 0xe6,
    0x0, 0x0, 0x0, 0x0, 0x0, 0x0, 0x0, 0xf,
    0xff, 0xff, 0xfc, 0x30, 0x0, 0x0, 0x0, 0x0,
    0x0, 0x0, 0xff, 0xff, 0xff, 0xff, 0xa1, 0x0,
    0x0, 0x0, 0x0, 0x0, 0xf, 0xff, 0xff, 0xff,
    0xff, 0xf7, 0x0, 0x0, 0x0, 0x0, 0x0, 0xff,
    0xff, 0xff, 0xff, 0xff, 0xfd, 0x40, 0x0, 0x0,
    0x0, 0xf, 0xff, 0xff, 0xff, 0xff, 0xff, 0xff,
    0xa2, 0x0, 0x0, 0x0, 0xff, 0xff, 0xff, 0xff,
    0xff, 0xff, 0xff, 0xf8, 0x0, 0x0, 0xf, 0xff,
    0xff, 0xff, 0xff, 0xff, 0xff, 0xff, 0xfe, 0x50,
    0x0, 0xff, 0xff, 0xff, 0xff, 0xff, 0xff, 0xff,
    0xff, 0xff, 0xb2, 0xf, 0xff, 0xff, 0xff, 0xff,
    0xff, 0xff, 0xff, 0xff, 0xff, 0xf5, 0xff, 0xff,
    0xff, 0xff, 0xff, 0xff, 0xff, 0xff, 0xff, 0xff,
    0xef, 0xff, 0xff, 0xff, 0xff, 0xff, 0xff, 0xff,
    0xff, 0xff, 0xfe, 0xff, 0xff, 0xff, 0xff, 0xff,
    0xff, 0xff, 0xff, 0xff, 0xff, 0x6f, 0xff, 0xff,
    0xff, 0xff, 0xff, 0xff, 0xff, 0xff, 0xfb, 0x20,
    0xff, 0xff, 0xff, 0xff, 0xff, 0xff, 0xff, 0xff,
    0xe5, 0x0, 0xf, 0xff, 0xff, 0xff, 0xff, 0xff,
    0xff, 0xff, 0x80, 0x0, 0x0, 0xff, 0xff, 0xff,
    0xff, 0xff, 0xff, 0xfb, 0x20, 0x0, 0x0, 0xf,
    0xff, 0xff, 0xff, 0xff, 0xff, 0xd4, 0x0, 0x0,
    0x0, 0x0, 0xff, 0xff, 0xff, 0xff, 0xff, 0x70,
    0x0, 0x0, 0x0, 0x0, 0xf, 0xff, 0xff, 0xff,
    0xfa, 0x10, 0x0, 0x0, 0x0, 0x0, 0x0, 0xff,
    0xff, 0xff, 0xd3, 0x0, 0x0, 0x0, 0x0, 0x0,
    0x0, 0xd, 0xff, 0xfe, 0x60, 0x0, 0x0, 0x0,
    0x0, 0x0, 0x0, 0x0, 0x3d, 0xf9, 0x10, 0x0,
    0x0, 0x0, 0x0, 0x0, 0x0, 0x0, 0x0, 0x0,
    0x0, 0x0, 0x0, 0x0, 0x0, 0x0, 0x0, 0x0,
    0x0,

    /* U+F04C "" */
    0x19, 0xcc, 0xcc, 0xc9, 0x10, 0x0, 0x19, 0xcc,
    0xcc, 0xc9, 0x1b, 0xff, 0xff, 0xff, 0xfb, 0x0,
    0xb, 0xff, 0xff, 0xff, 0xfb, 0xff, 0xff, 0xff,
    0xff, 0xf0, 0x0, 0xff, 0xff, 0xff, 0xff, 0xff,
    0xff, 0xff, 0xff, 0xff, 0x0, 0xf, 0xff, 0xff,
    0xff, 0xff, 0xff, 0xff, 0xff, 0xff, 0xf0, 0x0,
    0xff, 0xff, 0xff, 0xff, 0xff, 0xff, 0xff, 0xff,
    0xff, 0x0, 0xf, 0xff, 0xff, 0xff, 0xff, 0xff,
    0xff, 0xff, 0xff, 0xf0, 0x0, 0xff, 0xff, 0xff,
    0xff, 0xff, 0xff, 0xff, 0xff, 0xff, 0x0, 0xf,
    0xff, 0xff, 0xff, 0xff, 0xff, 0xff, 0xff, 0xff,
    0xf0, 0x0, 0xff, 0xff, 0xff, 0xff, 0xff, 0xff,
    0xff, 0xff, 0xff, 0x0, 0xf, 0xff, 0xff, 0xff,
    0xff, 0xff, 0xff, 0xff, 0xff, 0xf0, 0x0, 0xff,
    0xff, 0xff, 0xff, 0xff, 0xff, 0xff, 0xff, 0xff,
    0x0, 0xf, 0xff, 0xff, 0xff, 0xff, 0xff, 0xff,
    0xff, 0xff, 0xf0, 0x0, 0xff, 0xff, 0xff, 0xff,
    0xff, 0xff, 0xff, 0xff, 0xff, 0x0, 0xf, 0xff,
    0xff, 0xff, 0xff, 0xff, 0xff, 0xff, 0xff, 0xf0,
    0x0, 0xff, 0xff, 0xff, 0xff, 0xff, 0xff, 0xff,
    0xff, 0xff, 0x0, 0xf, 0xff, 0xff, 0xff, 0xff,
    0xff, 0xff, 0xff, 0xff, 0xf0, 0x0, 0xff, 0xff,
    0xff, 0xff, 0xff, 0xff, 0xff, 0xff, 0xff, 0x0,
    0xf, 0xff, 0xff, 0xff, 0xff, 0xff, 0xff, 0xff,
    0xff, 0xf0, 0x0, 0xff, 0xff, 0xff, 0xff, 0xfe,
    0xff, 0xff, 0xff, 0xfe, 0x0, 0xe, 0xff, 0xff,
    0xff, 0xfe, 0x5f, 0xff, 0xff, 0xff, 0x50, 0x0,
    0x5f, 0xff, 0xff, 0xff, 0x50, 0x13, 0x33, 0x33,
    0x10, 0x0, 0x0, 0x13, 0x33, 0x33, 0x10,

    /* U+F04D "" */
    0x1, 0x44, 0x44, 0x44, 0x44, 0x44, 0x44, 0x44,
    0x44, 0x41, 0x6, 0xff, 0xff, 0xff, 0xff, 0xff,
    0xff, 0xff, 0xff, 0xff, 0xf6, 0xef, 0xff, 0xff,
    0xff, 0xff, 0xff, 0xff, 0xff, 0xff, 0xff, 0xef,
    0xff, 0xff, 0xff, 0xff, 0xff, 0xff, 0xff, 0xff,
    0xff, 0xff, 0xff, 0xff, 0xff, 0xff, 0xff, 0xff,
    0xff, 0xff, 0xff, 0xff, 0xff, 0xff, 0xff, 0xff,
    0xff, 0xff, 0xff, 0xff, 0xff, 0xff, 0xff, 0xff,
    0xff, 0xff, 0xff, 0xff, 0xff, 0xff, 0xff, 0xff,
    0xff, 0xff, 0xff, 0xff, 0xff, 0xff, 0xff, 0xff,
    0xff, 0xff, 0xff, 0xff, 0xff, 0xff, 0xff, 0xff,
    0xff, 0xff, 0xff, 0xff, 0xff, 0xff, 0xff, 0xff,
    0xff, 0xff, 0xff, 0xff, 0xff, 0xff, 0xff, 0xff,
    0xff, 0xff, 0xff, 0xff, 0xff, 0xff, 0xff, 0xff,
    0xff, 0xff, 0xff, 0xff, 0xff, 0xff, 0xff, 0xff,
    0xff, 0xff, 0xff, 0xff, 0xff, 0xff, 0xff, 0xff,
    0xff, 0xff, 0xff, 0xff, 0xff, 0xff, 0xff, 0xff,
    0xff, 0xff, 0xff, 0xff, 0xff, 0xff, 0xff, 0xff,
    0xff, 0xff, 0xff, 0xff, 0xff, 0xff, 0xff, 0xff,
    0xff, 0xff, 0xff, 0xff, 0xff, 0xff, 0xff, 0xff,
    0xff, 0xff, 0xff, 0xff, 0xff, 0xff, 0xff, 0xff,
    0xff, 0xff, 0xff, 0xff, 0xff, 0xff, 0xff, 0xff,
    0xff, 0xff, 0xff, 0xff, 0xff, 0xff, 0xff, 0xff,
    0xff, 0xff, 0xff, 0xff, 0xff, 0xff, 0xff, 0xff,
    0xff, 0xff, 0xff, 0xff, 0xff, 0xff, 0xff, 0xff,
    0xff, 0xff, 0xff, 0xff, 0xff, 0xff, 0xff, 0xff,
    0xff, 0xff, 0xbf, 0xff, 0xff, 0xff, 0xff, 0xff,
    0xff, 0xff, 0xff, 0xff, 0xb1, 0x8b, 0xbb, 0xbb,
    0xbb, 0xbb, 0xbb, 0xbb, 0xbb, 0xbb, 0x81,

    /* U+F051 "" */
    0x4, 0x0, 0x0, 0x0, 0x0, 0x0, 0x44, 0x3b,
    0xfd, 0x10, 0x0, 0x0, 0x0, 0x5f, 0xff, 0xff,
    0xfd, 0x20, 0x0, 0x0, 0x6, 0xff, 0xff, 0xff,
    0xfe, 0x30, 0x0, 0x0, 0x6f, 0xff, 0xff, 0xff,
    0xff, 0x40, 0x0, 0x6, 0xff, 0xff, 0xff, 0xff,
    0xff, 0x50, 0x0, 0x6f, 0xff, 0xff, 0xff, 0xff,
    0xff, 0x60, 0x6, 0xff, 0xff, 0xff, 0xff, 0xff,
    0xff, 0x70, 0x6f, 0xff, 0xff, 0xff, 0xff, 0xff,
    0xff, 0x86, 0xff, 0xff, 0xff, 0xff, 0xff, 0xff,
    0xff, 0xdf, 0xff, 0xff, 0xff, 0xff, 0xff, 0xff,
    0xff, 0xff, 0xff, 0xff, 0xff, 0xff, 0xff, 0xff,
    0xff, 0xff, 0xff, 0xff, 0xff, 0xff, 0xff, 0xff,
    0xff, 0xff, 0xff, 0xff, 0xff, 0xff, 0xfd, 0x8f,
    0xff, 0xff, 0xff, 0xff, 0xff, 0xfc, 0x16, 0xff,
    0xff, 0xff, 0xff, 0xff, 0xfc, 0x0, 0x6f, 0xff,
    0xff, 0xff, 0xff, 0xfb, 0x0, 0x6, 0xff, 0xff,
    0xff, 0xff, 0xfa, 0x0, 0x0, 0x6f, 0xff, 0xff,
    0xff, 0xf8, 0x0, 0x0, 0x6, 0xff, 0xff, 0xff,
    0xf7, 0x0, 0x0, 0x0, 0x6f, 0xff, 0xef, 0xf6,
    0x0, 0x0, 0x0, 0x6, 0xff, 0xf4, 0xb5, 0x0,
    0x0, 0x0, 0x0, 0x3b, 0xba,

    /* U+F052 "" */
    0x0, 0x0, 0x0, 0x0, 0x0, 0x37, 0x30, 0x0,
    0x0, 0x0, 0x0, 0x0, 0x0, 0x0, 0x0, 0x0,
    0x5f, 0xff, 0x50, 0x0, 0x0, 0x0, 0x0, 0x0,
    0x0, 0x0, 0x0, 0x4f, 0xff, 0xff, 0x40, 0x0,
    0x0, 0x0, 0x0, 0x0, 0x0, 0x0, 0x3f, 0xff,
    0xff, 0xff, 0x30, 0x0, 0x0, 0x0, 0x0, 0x0,
    0x0, 0x2f, 0xff, 0xff, 0xff, 0xfe, 0x20, 0x0,
    0x0, 0x0, 0x0, 0x0, 0x2e, 0xff, 0xff, 0xff,
    0xff, 0xfe, 0x20, 0x0, 0x0, 0x0, 0x0, 0x1d,
    0xff, 0xff, 0xff, 0xff, 0xff, 0xfd, 0x10, 0x0,
    0x0, 0x0, 0xc, 0xff, 0xff, 0xff, 0xff, 0xff,
    0xff, 0xfc, 0x0, 0x0, 0x0, 0xc, 0xff, 0xff,
    0xff, 0xff, 0xff, 0xff, 0xff, 0xfc, 0x0, 0x0,
    0xb, 0xff, 0xff, 0xff, 0xff, 0xff, 0xff, 0xff,
    0xff, 0xfb, 0x0, 0x8, 0xff, 0xff, 0xff, 0xff,
    0xff, 0xff, 0xff, 0xff, 0xff, 0xf8, 0x0, 0xff,
    0xff, 0xff, 0xff, 0xff, 0xff, 0xff, 0xff, 0xff,
    0xff, 0xf0, 0xd, 0xff, 0xff, 0xff, 0xff, 0xff,
    0xff, 0xff, 0xff, 0xff, 0xfd, 0x0, 0x3d, 0xff,
    0xff, 0xff, 0xff, 0xff, 0xff, 0xff, 0xff, 0xfd,
    0x30, 0x0, 0x0, 0x0, 0x0, 0x0, 0x0, 0x0,
    0x0, 0x0, 0x0, 0x0, 0x0, 0x4, 0x44, 0x44,
    0x44, 0x44, 0x44, 0x44, 0x44, 0x44, 0x44, 0x0,
    0xb, 0xff, 0xff, 0xff, 0xff, 0xff, 0xff, 0xff,
    0xff, 0xff, 0xfb, 0x0, 0xff, 0xff, 0xff, 0xff,
    0xff, 0xff, 0xff, 0xff, 0xff, 0xff, 0xf0, 0xf,
    0xff, 0xff, 0xff, 0xff, 0xff, 0xff, 0xff, 0xff,
    0xff, 0xff, 0x0, 0xff, 0xff, 0xff, 0xff, 0xff,
    0xff, 0xff, 0xff, 0xff, 0xff, 0xf0, 0xe, 0xff,
    0xff, 0xff, 0xff, 0xff, 0xff, 0xff, 0xff, 0xff,
    0xfe, 0x0, 0x4b, 0xbb, 0xbb, 0xbb, 0xbb, 0xbb,
    0xbb, 0xbb, 0xbb, 0xbb, 0x40,

    /* U+F053 "" */
    0x0, 0x0, 0x0, 0x0, 0x0, 0x20, 0x0, 0x0,
    0x0, 0x0, 0x0, 0xaf, 0xb0, 0x0, 0x0, 0x0,
    0x0, 0xaf, 0xff, 0x80, 0x0, 0x0, 0x0, 0xaf,
    0xff, 0xf8, 0x0, 0x0, 0x0, 0xaf, 0xff, 0xfa,
    0x0, 0x0, 0x0, 0xaf, 0xff, 0xfa, 0x0, 0x0,
    0x0, 0xaf, 0xff, 0xfa, 0x0, 0x0, 0x0, 0xaf,
    0xff, 0xfa, 0x0, 0x0, 0x0, 0xaf, 0xff, 0xfa,
    0x0, 0x0, 0x0, 0xaf, 0xff, 0xfa, 0x0, 0x0,
    0x0, 0x8f, 0xff, 0xfa, 0x0, 0x0, 0x0, 0x8,
    0xff, 0xff, 0xa0, 0x0, 0x0, 0x0, 0xa, 0xff,
    0xff, 0xa0, 0x0, 0x0, 0x0, 0xa, 0xff, 0xff,
    0xa0, 0x0, 0x0, 0x0, 0xa, 0xff, 0xff, 0xa0,
    0x0, 0x0, 0x0, 0xa, 0xff, 0xff, 0xa0, 0x0,
    0x0, 0x0, 0xa, 0xff, 0xff, 0xa0, 0x0, 0x0,
    0x0, 0xa, 0xff, 0xff, 0xa0, 0x0, 0x0, 0x0,
    0xa, 0xff, 0xff, 0x80, 0x0, 0x0, 0x0, 0xa,
    0xff, 0xf8, 0x0, 0x0, 0x0, 0x0, 0xa, 0xfb,
    0x0, 0x0, 0x0, 0x0, 0x0, 0x2, 0x0,

    /* U+F054 "" */
    0x0, 0x20, 0x0, 0x0, 0x0, 0x0, 0x0, 0xbf,
    0xa0, 0x0, 0x0, 0x0, 0x0, 0x8f, 0xff, 0xa0,
    0x0, 0x0, 0x0, 0x8, 0xff, 0xff, 0xa0, 0x0,
    0x0, 0x0, 0xa, 0xff, 0xff, 0xa0, 0x0, 0x0,
    0x0, 0xa, 0xff, 0xff, 0xa0, 0x0, 0x0, 0x0,
    0xa, 0xff, 0xff, 0xa0, 0x0, 0x0, 0x0, 0xa,
    0xff, 0xff, 0xa0, 0x0, 0x0, 0x0, 0xa, 0xff,
    0xff, 0xa0, 0x0, 0x0, 0x0, 0xa, 0xff, 0xff,
    0xa0, 0x0, 0x0, 0x0, 0xa, 0xff, 0xff, 0x80,
    0x0, 0x0, 0x0, 0xaf, 0xff, 0xf8, 0x0, 0x0,
    0x0, 0xaf, 0xff, 0xfa, 0x0, 0x0, 0x0, 0xaf,
    0xff, 0xfa, 0x0, 0x0, 0x0, 0xaf, 0xff, 0xfa,
    0x0, 0x0, 0x0, 0xaf, 0xff, 0xfa, 0x0, 0x0,
    0x0, 0xaf, 0xff, 0xfa, 0x0, 0x0, 0x0, 0xaf,
    0xff, 0xfa, 0x0, 0x0, 0x0, 0x8f, 0xff, 0xfa,
    0x0, 0x0, 0x0, 0x8, 0xff, 0xfa, 0x0, 0x0,
    0x0, 0x0, 0xb, 0xfa, 0x0, 0x0, 0x0, 0x0,
    0x0, 0x2, 0x0, 0x0, 0x0, 0x0, 0x0,

    /* U+F067 "" */
    0x0, 0x0, 0x0, 0x0, 0x3, 0x43, 0x0, 0x0,
    0x0, 0x0, 0x0, 0x0, 0x0, 0x0, 0x7, 0xff,
    0xf7, 0x0, 0x0, 0x0, 0x0, 0x0, 0x0, 0x0,
    0x0, 0xbf, 0xff, 0xb0, 0x0, 0x0, 0x0, 0x0,
    0x0, 0x0, 0x0, 0xc, 0xff, 0xfc, 0x0, 0x0,
    0x0, 0x0, 0x0, 0x0, 0x0, 0x0, 0xcf, 0xff,
    0xc0, 0x0, 0x0, 0x0, 0x0, 0x0, 0x0, 0x0,
    0xc, 0xff, 0xfc, 0x0, 0x0, 0x0, 0x0, 0x0,
    0x0, 0x0, 0x0, 0xcf, 0xff, 0xc0, 0x0, 0x0,
    0x0, 0x0, 0x0, 0x0, 0x0, 0xc, 0xff, 0xfc,
    0x0, 0x0, 0x0, 0x0, 0x0, 0x0, 0x0, 0x0,
    0xcf, 0xff, 0xc0, 0x0, 0x0, 0x0, 0x8, 0xff,
    0xff, 0xff, 0xff, 0xff, 0xff, 0xff, 0xff, 0xff,
    0xf8, 0xff, 0xff, 0xff, 0xff, 0xff, 0xff, 0xff,
    0xff, 0xff, 0xff, 0xff, 0xff, 0xff, 0xff, 0xff,
    0xff, 0xff, 0xff, 0xff, 0xff, 0xff, 0xdf, 0xff,
    0xff, 0xff, 0xff, 0xff, 0xff, 0xff, 0xff, 0xff,
    0xd1, 0x77, 0x77, 0x77, 0x7d, 0xff, 0xfd, 0x77,
    0x77, 0x77, 0x71, 0x0, 0x0, 0x0, 0x0, 0xcf,
    0xff, 0xc0, 0x0, 0x0, 0x0, 0x0, 0x0, 0x0,
    0x0, 0xc, 0xff, 0xfc, 0x0, 0x0, 0x0, 0x0,
    0x0, 0x0, 0x0, 0x0, 0xcf, 0xff, 0xc0, 0x0,
    0x0, 0x0, 0x0, 0x0, 0x0, 0x0, 0xc, 0xff,
    0xfc, 0x0, 0x0, 0x0, 0x0, 0x0, 0x0, 0x0,
    0x0, 0xcf, 0xff, 0xc0, 0x0, 0x0, 0x0, 0x0,
    0x0, 0x0, 0x0, 0xc, 0xff, 0xfc, 0x0, 0x0,
    0x0, 0x0, 0x0, 0x0, 0x0, 0x0, 0xaf, 0xff,
    0xa0, 0x0, 0x0, 0x0, 0x0, 0x0, 0x0, 0x0,
    0x2, 0xab, 0xa2, 0x0, 0x0, 0x0, 0x0,

    /* U+F068 "" */
    0x16, 0x77, 0x77, 0x77, 0x77, 0x77, 0x77, 0x77,
    0x77, 0x76, 0x1d, 0xff, 0xff, 0xff, 0xff, 0xff,
    0xff, 0xff, 0xff, 0xff, 0xfd, 0xff, 0xff, 0xff,
    0xff, 0xff, 0xff, 0xff, 0xff, 0xff, 0xff, 0xff,
    0xff, 0xff, 0xff, 0xff, 0xff, 0xff, 0xff, 0xff,
    0xff, 0xff, 0x9f, 0xff, 0xff, 0xff, 0xff, 0xff,
    0xff, 0xff, 0xff, 0xff, 0x80, 0x0, 0x0, 0x0,
    0x0, 0x0, 0x0, 0x0, 0x0, 0x0, 0x0,

    /* U+F06E "" */
    0x0, 0x0, 0x0, 0x0, 0x16, 0xad, 0xef, 0xed,
    0xa6, 0x10, 0x0, 0x0, 0x0, 0x0, 0x0, 0x0,
    0x2, 0xbf, 0xff, 0xff, 0xff, 0xff, 0xff, 0xb2,
    0x0, 0x0, 0x0, 0x0, 0x0, 0x9, 0xff, 0xff,
    0xe9, 0x54, 0x59, 0xef, 0xff, 0xf9, 0x0, 0x0,
    0x0, 0x0, 0x2d, 0xff, 0xff, 0x90, 0x0, 0x0,
    0x0, 0x9f, 0xff, 0xfd, 0x20, 0x0, 0x0, 0x2e,
    0xff, 0xff, 0x70, 0x0, 0x14, 0x20, 0x0, 0x7f,
    0xff, 0xfe, 0x20, 0x0, 0x1e, 0xff, 0xff, 0xb0,
    0x0, 0x6, 0xff, 0xc2, 0x0, 0xbf, 0xff, 0xfe,
    0x10, 0xb, 0xff, 0xff, 0xf3, 0x0, 0x0, 0x5f,
    0xff, 0xe2, 0x3, 0xff, 0xff, 0xfb, 0x6, 0xff,
    0xff, 0xfe, 0x0, 0x0, 0x1c, 0xff, 0xff, 0xa0,
    0xe, 0xff, 0xff, 0xf5, 0xef, 0xff, 0xff, 0xc0,
    0xd, 0xcf, 0xff, 0xff, 0xfe, 0x0, 0xcf, 0xff,
    0xff, 0xee, 0xff, 0xff, 0xfc, 0x0, 0xff, 0xff,
    0xff, 0xff, 0xf0, 0xc, 0xff, 0xff, 0xfe, 0x5f,
    0xff, 0xff, 0xe0, 0xc, 0xff, 0xff, 0xff, 0xfc,
    0x0, 0xef, 0xff, 0xff, 0x50, 0xbf, 0xff, 0xff,
    0x30, 0x4f, 0xff, 0xff, 0xff, 0x50, 0x3f, 0xff,
    0xff, 0xb0, 0x1, 0xdf, 0xff, 0xfb, 0x0, 0x7f,
    0xff, 0xff, 0x80, 0xb, 0xff, 0xff, 0xe1, 0x0,
    0x2, 0xef, 0xff, 0xf7, 0x0, 0x39, 0xb9, 0x30,
    0x7, 0xff, 0xff, 0xe2, 0x0, 0x0, 0x2, 0xcf,
    0xff, 0xf9, 0x0, 0x0, 0x0, 0x9, 0xff, 0xff,
    0xd2, 0x0, 0x0, 0x0, 0x0, 0x9f, 0xff, 0xfe,
    0x95, 0x45, 0x9e, 0xff, 0xff, 0x90, 0x0, 0x0,
    0x0, 0x0, 0x0, 0x2a, 0xff, 0xff, 0xff, 0xff,
    0xff, 0xfb, 0x30, 0x0, 0x0, 0x0, 0x0, 0x0,
    0x0, 0x1, 0x6a, 0xdf, 0xfe, 0xda, 0x71, 0x0,
    0x0, 0x0, 0x0,

    /* U+F070 "" */
    0x5, 0xe6, 0x0, 0x0, 0x0, 0x0, 0x0, 0x0,
    0x0, 0x0, 0x0, 0x0, 0x0, 0x0, 0x0, 0x1,
    0xff, 0xf9, 0x0, 0x0, 0x0, 0x0, 0x0, 0x0,
    0x0, 0x0, 0x0, 0x0, 0x0, 0x0, 0x0, 0xd,
    0xff, 0xfc, 0x20, 0x0, 0x0, 0x0, 0x0, 0x0,
    0x0, 0x0, 0x0, 0x0, 0x0, 0x0, 0x0, 0xa,
    0xff, 0xfe, 0x40, 0x0, 0x48, 0xce, 0xff, 0xeb,
    0x72, 0x0, 0x0, 0x0, 0x0, 0x0, 0x0, 0x6,
    0xff, 0xff, 0x88, 0xef, 0xff, 0xff, 0xff, 0xff,
    0xfc, 0x40, 0x0, 0x0, 0x0, 0x0, 0x0, 0x3,
    0xef, 0xff, 0xff, 0xff, 0xb6, 0x45, 0x7d, 0xff,
    0xff, 0xb1, 0x0, 0x0, 0x0, 0x0, 0x0, 0x1,
    0xbf, 0xff, 0xfd, 0x20, 0x0, 0x0, 0x6, 0xff,
    0xff, 0xe4, 0x0, 0x0, 0x0, 0x0, 0x0, 0x0,
    0x8f, 0xff, 0xf6, 0x1, 0x76, 0x20, 0x4, 0xff,
    0xff, 0xf4, 0x0, 0x0, 0x0, 0x0, 0x10, 0x0,
    0x4e, 0xff, 0xfa, 0x1f, 0xff, 0x90, 0x8, 0xff,
    0xff, 0xf3, 0x0, 0x0, 0x0, 0x6e, 0x40, 0x0,
    0x2c, 0xff, 0xfd, 0xff, 0xff, 0x80, 0xf, 0xff,
    0xff, 0xe1, 0x0, 0x0, 0x2f, 0xff, 0x70, 0x0,
    0x9, 0xff, 0xff, 0xff, 0xff, 0x0, 0xbf, 0xff,
    0xff, 0x90, 0x0, 0x9, 0xff, 0xff, 0xb1, 0x0,
    0x6, 0xff, 0xff, 0xff, 0xf3, 0x9, 0xff, 0xff,
    0xff, 0x10, 0x0, 0x9f, 0xff, 0xff, 0xd1, 0x0,
    0x3, 0xdf, 0xff, 0xff, 0x30, 0x9f, 0xff, 0xff,
    0xf1, 0x0, 0x2, 0xff, 0xff, 0xff, 0x40, 0x0,
    0x1, 0xbf, 0xff, 0xf4, 0xb, 0xff, 0xff, 0xf9,
    0x0, 0x0, 0x7, 0xff, 0xff, 0xf9, 0x0, 0x0,
    0x0, 0x7f, 0xff, 0xf8, 0xff, 0xff, 0xfd, 0x0,
    0x0, 0x0, 0xa, 0xff, 0xff, 0xf1, 0x0, 0x0,
    0x0, 0x4e, 0xff, 0xff, 0xff, 0xff, 0x20, 0x0,
    0x0, 0x0, 0xb, 0xff, 0xff, 0xc0, 0x0, 0x0,
    0x0, 0x1c, 0xff, 0xff, 0xff, 0x40, 0x0, 0x0,
    0x0, 0x0, 0xa, 0xff, 0xff, 0xc2, 0x0, 0x0,
    0x0, 0x9, 0xff, 0xff, 0x80, 0x0, 0x0, 0x0,
    0x0, 0x0, 0x6, 0xff, 0xff, 0xfb, 0x64, 0x51,
    0x0, 0x5, 0xff, 0xff, 0x80, 0x0, 0x0, 0x0,
    0x0, 0x0, 0x1, 0x9f, 0xff, 0xff, 0xff, 0xe3,
    0x0, 0x2, 0xdf, 0xff, 0xc1, 0x0, 0x0, 0x0,
    0x0, 0x0, 0x0, 0x5, 0x9d, 0xef, 0xfe, 0xb1,
    0x0, 0x0, 0xaf, 0xff, 0xe4, 0x0, 0x0, 0x0,
    0x0, 0x0, 0x0, 0x0, 0x0, 0x0, 0x0, 0x0,
    0x0, 0x0, 0x7f, 0xff, 0xf6, 0x0, 0x0, 0x0,
    0x0, 0x0, 0x0, 0x0, 0x0, 0x0, 0x0, 0x0,
    0x0, 0x0, 0x3e, 0xff, 0x80, 0x0, 0x0, 0x0,
    0x0, 0x0, 0x0, 0x0, 0x0, 0x0, 0x0, 0x0,
    0x0, 0x0, 0x1b, 0xc0,

    /* U+F071 "" */
    0x0, 0x0, 0x0, 0x0, 0x0, 0x0, 0x1c, 0xfc,
    0x10, 0x0, 0x0, 0x0, 0x0, 0x0, 0x0, 0x0,
    0x0, 0x0, 0x0, 0x0, 0xa, 0xff, 0xfa, 0x0,
    0x0, 0x0, 0x0, 0x0, 0x0, 0x0, 0x0, 0x0,
    0x0, 0x0, 0x4, 0xff, 0xff, 0xf4, 0x0, 0x0,
    0x0, 0x0, 0x0, 0x0, 0x0, 0x0, 0x0, 0x0,
    0x0, 0xdf, 0xff, 0xff, 0xd0, 0x0, 0x0, 0x0,
    0x0, 0x0, 0x0, 0x0, 0x0, 0x0, 0x0, 0x6f,
    0xff, 0xff, 0xff, 0x60, 0x0, 0x0, 0x0, 0x0,
    0x0, 0x0, 0x0, 0x0, 0x0, 0x1e, 0xff, 0xff,
    0xff, 0xfe, 0x10, 0x0, 0x0, 0x0, 0x0, 0x0,
    0x0, 0x0, 0x0, 0x9, 0xff, 0xff, 0xff, 0xff,
    0xf9, 0x0, 0x0, 0x0, 0x0, 0x0, 0x0, 0x0,
    0x0, 0x2, 0xff, 0xff, 0xff, 0xff, 0xff, 0xf2,
    0x0, 0x0, 0x0, 0x0, 0x0, 0x0, 0x0, 0x0,
    0xbf, 0xff, 0xa4, 0x44, 0xaf, 0xff, 0xb0, 0x0,
    0x0, 0x0, 0x0, 0x0, 0x0, 0x0, 0x4f, 0xff,
    0xf7, 0x0, 0x7, 0xff, 0xff, 0x40, 0x0, 0x0,
    0x0, 0x0, 0x0, 0x0, 0xd, 0xff, 0xff, 0x80,
    0x0, 0x8f, 0xff, 0xfd, 0x0, 0x0, 0x0, 0x0,
    0x0, 0x0, 0x7, 0xff, 0xff, 0xf9, 0x0, 0x9,
    0xff, 0xff, 0xf7, 0x0, 0x0, 0x0, 0x0, 0x0,
    0x1, 0xff, 0xff, 0xff, 0xa0, 0x0, 0xaf, 0xff,
    0xff, 0xf1, 0x0, 0x0, 0x0, 0x0, 0x0, 0x9f,
    0xff, 0xff, 0xfb, 0x0, 0xb, 0xff, 0xff, 0xff,
    0x90, 0x0, 0x0, 0x0, 0x0, 0x3f, 0xff, 0xff,
    0xff, 0xc0, 0x0, 0xcf, 0xff, 0xff, 0xff, 0x30,
    0x0, 0x0, 0x0, 0xc, 0xff, 0xff, 0xff, 0xfd,
    0x0, 0xd, 0xff, 0xff, 0xff, 0xfc, 0x0, 0x0,
    0x0, 0x5, 0xff, 0xff, 0xff, 0xff, 0xff, 0xdf,
    0xff, 0xff, 0xff, 0xff, 0xf5, 0x0, 0x0, 0x0,
    0xef, 0xff, 0xff, 0xff, 0xfd, 0x10, 0x2d, 0xff,
    0xff, 0xff, 0xff, 0xe0, 0x0, 0x0, 0x7f, 0xff,
    0xff, 0xff, 0xff, 0x60, 0x0, 0x6f, 0xff, 0xff,
    0xff, 0xff, 0x70, 0x0, 0x1f, 0xff, 0xff, 0xff,
    0xff, 0xf8, 0x0, 0x8, 0xff, 0xff, 0xff, 0xff,
    0xff, 0x10, 0xa, 0xff, 0xff, 0xff, 0xff, 0xff,
    0xf5, 0x26, 0xff, 0xff, 0xff, 0xff, 0xff, 0xfa,
    0x0, 0xff, 0xff, 0xff, 0xff, 0xff, 0xff, 0xff,
    0xff, 0xff, 0xff, 0xff, 0xff, 0xff, 0xf0, 0xd,
    0xff, 0xff, 0xff, 0xff, 0xff, 0xff, 0xff, 0xff,
    0xff, 0xff, 0xff, 0xff, 0xfd, 0x0, 0x3d, 0xff,
    0xff, 0xff, 0xff, 0xff, 0xff, 0xff, 0xff, 0xff,
    0xff, 0xff, 0xfd, 0x30,

    /* U+F074 "" */
    0x0, 0x0, 0x0, 0x0, 0x0, 0x0, 0x0, 0x0,
    0x0, 0x69, 0x0, 0x0, 0x0, 0x0, 0x0, 0x0,
    0x0, 0x0, 0x0, 0x0, 0x0, 0xff, 0xc0, 0x0,
    0x0, 0x0, 0x0, 0x0, 0x0, 0x0, 0x0, 0x0,
    0x0, 0xff, 0xfc, 0x0, 0x9b, 0xbb, 0xbb, 0x30,
    0x0, 0x0, 0x0, 0x3b, 0xbb, 0xff, 0xff, 0xc0,
    0xff, 0xff, 0xff, 0xf3, 0x0, 0x0, 0x2, 0xef,
    0xff, 0xff, 0xff, 0xfb, 0xff, 0xff, 0xff, 0xfe,
    0x20, 0x0, 0x1e, 0xff, 0xff, 0xff, 0xff, 0xfe,
    0xff, 0xff, 0xff, 0xff, 0xe1, 0x1, 0xdf, 0xff,
    0xff, 0xff, 0xff, 0xe3, 0x0, 0x0, 0x3e, 0xff,
    0xe2, 0xc, 0xff, 0xfe, 0x20, 0xff, 0xfe, 0x30,
    0x0, 0x0, 0x3, 0xff, 0x30, 0xaf, 0xff, 0xf3,
    0x0, 0xff, 0xe3, 0x0, 0x0, 0x0, 0x0, 0x54,
    0x9, 0xff, 0xff, 0x40, 0x0, 0xbe, 0x30, 0x0,
    0x0, 0x0, 0x0, 0x0, 0x7f, 0xff, 0xf6, 0x0,
    0x0, 0x0, 0x0, 0x0, 0x0, 0x0, 0x0, 0x6,
    0xff, 0xff, 0x70, 0x0, 0x0, 0x0, 0x0, 0x0,
    0x0, 0x0, 0x0, 0x4f, 0xff, 0xf9, 0x4, 0x50,
    0x0, 0xbe, 0x30, 0x0, 0x0, 0x0, 0x3, 0xff,
    0xff, 0xa0, 0x3f, 0xf3, 0x0, 0xff, 0xe3, 0x0,
    0x0, 0x0, 0x2e, 0xff, 0xfc, 0x2, 0xef, 0xfe,
    0x30, 0xff, 0xfe, 0x30, 0xff, 0xff, 0xff, 0xff,
    0xd1, 0x1, 0xef, 0xff, 0xff, 0xff, 0xff, 0xe3,
    0xff, 0xff, 0xff, 0xfe, 0x10, 0x0, 0x2e, 0xff,
    0xff, 0xff, 0xff, 0xfe, 0xff, 0xff, 0xff, 0xe2,
    0x0, 0x0, 0x3, 0xff, 0xff, 0xff, 0xff, 0xfb,
    0x9b, 0xbb, 0xbb, 0x30, 0x0, 0x0, 0x0, 0x3b,
    0xbb, 0xff, 0xff, 0xc0, 0x0, 0x0, 0x0, 0x0,
    0x0, 0x0, 0x0, 0x0, 0x0, 0xff, 0xfc, 0x0,
    0x0, 0x0, 0x0, 0x0, 0x0, 0x0, 0x0, 0x0,
    0x0, 0xff, 0xc0, 0x0, 0x0, 0x0, 0x0, 0x0,
    0x0, 0x0, 0x0, 0x0, 0x0, 0x69, 0x0, 0x0,

    /* U+F077 "" */
    0x0, 0x0, 0x0, 0x0, 0x0, 0x20, 0x0, 0x0,
    0x0, 0x0, 0x0, 0x0, 0x0, 0x0, 0x0, 0xaf,
    0x90, 0x0, 0x0, 0x0, 0x0, 0x0, 0x0, 0x0,
    0x0, 0xaf, 0xff, 0x90, 0x0, 0x0, 0x0, 0x0,
    0x0, 0x0, 0x0, 0xaf, 0xff, 0xff, 0x90, 0x0,
    0x0, 0x0, 0x0, 0x0, 0x0, 0xaf, 0xff, 0xff,
    0xff, 0x90, 0x0, 0x0, 0x0, 0x0, 0x0, 0xaf,
    0xff, 0xfd, 0xff, 0xff, 0x90, 0x0, 0x0, 0x0,
    0x0, 0xaf, 0xff, 0xf9, 0xa, 0xff, 0xff, 0x90,
    0x0, 0x0, 0x0, 0xaf, 0xff, 0xf9, 0x0, 0xa,
    0xff, 0xff, 0x90, 0x0, 0x0, 0xaf, 0xff, 0xf9,
    0x0, 0x0, 0xa, 0xff, 0xff, 0x90, 0x0, 0xaf,
    0xff, 0xf9, 0x0, 0x0, 0x0, 0xa, 0xff, 0xff,
    0x90, 0x9f, 0xff, 0xf9, 0x0, 0x0, 0x0, 0x0,
    0xa, 0xff, 0xff, 0x79, 0xff, 0xf9, 0x0, 0x0,
    0x0, 0x0, 0x0, 0xa, 0xff, 0xf8, 0xb, 0xf9,
    0x0, 0x0, 0x0, 0x0, 0x0, 0x0, 0xa, 0xfa,
    0x0, 0x2, 0x0, 0x0, 0x0, 0x0, 0x0, 0x0,
    0x0, 0x2, 0x0,

    /* U+F078 "" */
    0x0, 0x20, 0x0, 0x0, 0x0, 0x0, 0x0, 0x0,
    0x0, 0x20, 0x0, 0xbf, 0x90, 0x0, 0x0, 0x0,
    0x0, 0x0, 0x0, 0xaf, 0xa0, 0x9f, 0xff, 0x90,
    0x0, 0x0, 0x0, 0x0, 0x0, 0xaf, 0xff, 0x89,
    0xff, 0xff, 0x90, 0x0, 0x0, 0x0, 0x0, 0xaf,
    0xff, 0xf7, 0xa, 0xff, 0xff, 0x90, 0x0, 0x0,
    0x0, 0xaf, 0xff, 0xf9, 0x0, 0xa, 0xff, 0xff,
    0x90, 0x0, 0x0, 0xaf, 0xff, 0xf9, 0x0, 0x0,
    0xa, 0xff, 0xff, 0x90, 0x0, 0xaf, 0xff, 0xf9,
    0x0, 0x0, 0x0, 0xa, 0xff, 0xff, 0x90, 0xaf,
    0xff, 0xf9, 0x0, 0x0, 0x0, 0x0, 0xa, 0xff,
    0xff, 0xdf, 0xff, 0xf9, 0x0, 0x0, 0x0, 0x0,
    0x0, 0xa, 0xff, 0xff, 0xff, 0xf9, 0x0, 0x0,
    0x0, 0x0, 0x0, 0x0, 0xa, 0xff, 0xff, 0xf9,
    0x0, 0x0, 0x0, 0x0, 0x0, 0x0, 0x0, 0xa,
    0xff, 0xf9, 0x0, 0x0, 0x0, 0x0, 0x0, 0x0,
    0x0, 0x0, 0xa, 0xf9, 0x0, 0x0, 0x0, 0x0,
    0x0, 0x0, 0x0, 0x0, 0x0, 0x2, 0x0, 0x0,
    0x0, 0x0, 0x0,

    /* U+F079 "" */
    0x0, 0x0, 0x3, 0xd9, 0x0, 0x0, 0x0, 0x0,
    0x0, 0x0, 0x0, 0x0, 0x0, 0x0, 0x0, 0x0,
    0x0, 0x3, 0xef, 0xfa, 0x0, 0x0, 0x34, 0x44,
    0x44, 0x44, 0x44, 0x44, 0x10, 0x0, 0x0, 0x0,
    0x3, 0xef, 0xff, 0xfa, 0x0, 0x7f, 0xff, 0xff,
    0xff, 0xff, 0xff, 0xff, 0x0, 0x0, 0x0, 0x3,
    0xef, 0xff, 0xff, 0xfa, 0x5, 0xff, 0xff, 0xff,
    0xff, 0xff, 0xff, 0xf1, 0x0, 0x0, 0x3, 0xff,
    0xff, 0xff, 0xff, 0xfb, 0x5, 0xbb, 0xbb, 0xbb,
    0xbb, 0xbf, 0xff, 0x10, 0x0, 0x0, 0xef, 0xfe,
    0xdf, 0xfb, 0xff, 0xf8, 0x0, 0x0, 0x0, 0x0,
    0x0, 0xef, 0xf1, 0x0, 0x0, 0xd, 0xfe, 0x2b,
    0xff, 0x48, 0xff, 0x60, 0x0, 0x0, 0x0, 0x0,
    0xe, 0xff, 0x10, 0x0, 0x0, 0x17, 0x20, 0xbf,
    0xf4, 0x5, 0x50, 0x0, 0x0, 0x0, 0x0, 0x0,
    0xef, 0xf1, 0x0, 0x0, 0x0, 0x0, 0xb, 0xff,
    0x40, 0x0, 0x0, 0x0, 0x0, 0x0, 0x0, 0xe,
    0xff, 0x10, 0x0, 0x0, 0x0, 0x0, 0xbf, 0xf4,
    0x0, 0x0, 0x0, 0x0, 0x0, 0x0, 0x0, 0xef,
    0xf1, 0x0, 0x0, 0x0, 0x0, 0xb, 0xff, 0x40,
    0x0, 0x0, 0x0, 0x0, 0x0, 0x0, 0xe, 0xff,
    0x10, 0x0, 0x0, 0x0, 0x0, 0xbf, 0xf4, 0x0,
    0x0, 0x0, 0x0, 0x0, 0xaf, 0x70, 0xef, 0xf1,
    0x4f, 0xc0, 0x0, 0x0, 0xb, 0xff, 0x40, 0x0,
    0x0, 0x0, 0x0, 0x3f, 0xff, 0x6e, 0xff, 0x5f,
    0xff, 0x60, 0x0, 0x0, 0xbf, 0xf7, 0x44, 0x44,
    0x44, 0x44, 0x20, 0xcf, 0xff, 0xff, 0xff, 0xff,
    0xd1, 0x0, 0x0, 0xb, 0xff, 0xff, 0xff, 0xff,
    0xff, 0xff, 0x50, 0xbf, 0xff, 0xff, 0xff, 0xd1,
    0x0, 0x0, 0x0, 0xbf, 0xff, 0xff, 0xff, 0xff,
    0xff, 0xfe, 0x0, 0xbf, 0xff, 0xff, 0xd1, 0x0,
    0x0, 0x0, 0x4, 0xbb, 0xbb, 0xbb, 0xbb, 0xbb,
    0xbb, 0x60, 0x0, 0xbf, 0xff, 0xd1, 0x0, 0x0,
    0x0, 0x0, 0x0, 0x0, 0x0, 0x0, 0x0, 0x0,
    0x0, 0x0, 0x0, 0xbf, 0xd1, 0x0, 0x0, 0x0,
    0x0, 0x0, 0x0, 0x0, 0x0, 0x0, 0x0, 0x0,
    0x0, 0x0, 0x0, 0x40, 0x0, 0x0, 0x0,

    /* U+F07B "" */
    0x3d, 0xff, 0xff, 0xff, 0xff, 0x40, 0x0, 0x0,
    0x0, 0x0, 0x0, 0x0, 0xdf, 0xff, 0xff, 0xff,
    0xff, 0xf4, 0x0, 0x0, 0x0, 0x0, 0x0, 0x0,
    0xff, 0xff, 0xff, 0xff, 0xff, 0xff, 0x40, 0x0,
    0x0, 0x0, 0x0, 0x0, 0xff, 0xff, 0xff, 0xff,
    0xff, 0xff, 0xff, 0xff, 0xff, 0xff, 0xff, 0xd3,
    0xff, 0xff, 0xff, 0xff, 0xff, 0xff, 0xff, 0xff,
    0xff, 0xff, 0xff, 0xfd, 0xff, 0xff, 0xff, 0xff,
    0xff, 0xff, 0xff, 0xff, 0xff, 0xff, 0xff, 0xff,
    0xff, 0xff, 0xff, 0xff, 0xff, 0xff, 0xff, 0xff,
    0xff, 0xff, 0xff, 0xff, 0xff, 0xff, 0xff, 0xff,
    0xff, 0xff, 0xff, 0xff, 0xff, 0xff, 0xff, 0xff,
    0xff, 0xff, 0xff, 0xff, 0xff, 0xff, 0xff, 0xff,
    0xff, 0xff, 0xff, 0xff, 0xff, 0xff, 0xff, 0xff,
    0xff, 0xff, 0xff, 0xff, 0xff, 0xff, 0xff, 0xff,
    0xff, 0xff, 0xff, 0xff, 0xff, 0xff, 0xff, 0xff,
    0xff, 0xff, 0xff, 0xff, 0xff, 0xff, 0xff, 0xff,
    0xff, 0xff, 0xff, 0xff, 0xff, 0xff, 0xff, 0xff,
    0xff, 0xff, 0xff, 0xff, 0xff, 0xff, 0xff, 0xff,
    0xff, 0xff, 0xff, 0xff, 0xff, 0xff, 0xff, 0xff,
    0xff, 0xff, 0xff, 0xff, 0xff, 0xff, 0xff, 0xff,
    0xff, 0xff, 0xff, 0xff, 0xff, 0xff, 0xff, 0xff,
    0xff, 0xff, 0xff, 0xff, 0xff, 0xff, 0xff, 0xff,
    0xff, 0xff, 0xff, 0xff, 0xff, 0xff, 0xff, 0xff,
    0xdf, 0xff, 0xff, 0xff, 0xff, 0xff, 0xff, 0xff,
    0xff, 0xff, 0xff, 0xfd, 0x3d, 0xff, 0xff, 0xff,
    0xff, 0xff, 0xff, 0xff, 0xff, 0xff, 0xff, 0xd3,

    /* U+F093 "" */
    0x0, 0x0, 0x0, 0x0, 0x0, 0xa, 0xa0, 0x0,
    0x0, 0x0, 0x0, 0x0, 0x0, 0x0, 0x0, 0x0,
    0x0, 0xbf, 0xfb, 0x0, 0x0, 0x0, 0x0, 0x0,
    0x0, 0x0, 0x0, 0x0, 0xb, 0xff, 0xff, 0xb0,
    0x0, 0x0, 0x0, 0x0, 0x0, 0x0, 0x0, 0x0,
    0xbf, 0xff, 0xff, 0xfb, 0x0, 0x0, 0x0, 0x0,
    0x0, 0x0, 0x0, 0xb, 0xff, 0xff, 0xff, 0xff,
    0xb0, 0x0, 0x0, 0x0, 0x0, 0x0, 0x0, 0xbf,
    0xff, 0xff, 0xff, 0xff, 0xfb, 0x0, 0x0, 0x0,
    0x0, 0x0, 0xb, 0xff, 0xff, 0xff, 0xff, 0xff,
    0xff, 0xb0, 0x0, 0x0, 0x0, 0x0, 0xbf, 0xff,
    0xff, 0xff, 0xff, 0xff, 0xff, 0xfa, 0x0, 0x0,
    0x0, 0x0, 0xef, 0xff, 0xff, 0xff, 0xff, 0xff,
    0xff, 0xfe, 0x0, 0x0, 0x0, 0x0, 0x2, 0x22,
    0x2f, 0xff, 0xff, 0xf2, 0x22, 0x20, 0x0, 0x0,
    0x0, 0x0, 0x0, 0x0, 0xf, 0xff, 0xff, 0xf0,
    0x0, 0x0, 0x0, 0x0, 0x0, 0x0, 0x0, 0x0,
    0xf, 0xff, 0xff, 0xf0, 0x0, 0x0, 0x0, 0x0,
    0x0, 0x0, 0x0, 0x0, 0xf, 0xff, 0xff, 0xf0,
    0x0, 0x0, 0x0, 0x0, 0x0, 0x0, 0x0, 0x0,
    0xf, 0xff, 0xff, 0xf0, 0x0, 0x0, 0x0, 0x0,
    0x0, 0x0, 0x0, 0x0, 0xf, 0xff, 0xff, 0xf0,
    0x0, 0x0, 0x0, 0x0, 0x0, 0x0, 0x0, 0x0,
    0xf, 0xff, 0xff, 0xf0, 0x0, 0x0, 0x0, 0x0,
    0x25, 0x55, 0x55, 0x52, 0xf, 0xff, 0xff, 0xf0,
    0x25, 0x55, 0x55, 0x52, 0xef, 0xff, 0xff, 0xf9,
    0xc, 0xff, 0xff, 0xc0, 0x9f, 0xff, 0xff, 0xfe,
    0xff, 0xff, 0xff, 0xff, 0x20, 0x1, 0x10, 0x2,
    0xff, 0xff, 0xff, 0xff, 0xff, 0xff, 0xff, 0xff,
    0xf9, 0x88, 0x88, 0x9f, 0xff, 0xff, 0xff, 0xff,
    0xff, 0xff, 0xff, 0xff, 0xff, 0xff, 0xff, 0xff,
    0xff, 0xff, 0xff, 0xff, 0xff, 0xff, 0xff, 0xff,
    0xff, 0xff, 0xff, 0xff, 0x71, 0xe7, 0x1e, 0xff,
    0xff, 0xff, 0xff, 0xff, 0xff, 0xff, 0xff, 0xff,
    0xb6, 0xfb, 0x6f, 0xff, 0xbf, 0xff, 0xff, 0xff,
    0xff, 0xff, 0xff, 0xff, 0xff, 0xff, 0xff, 0xfb,

    /* U+F095 "" */
    0x0, 0x0, 0x0, 0x0, 0x0, 0x0, 0x0, 0x0,
    0x0, 0x0, 0x0, 0x0, 0x0, 0x0, 0x0, 0x0,
    0x0, 0x0, 0x0, 0x0, 0x0, 0xd, 0xea, 0x63,
    0x0, 0x0, 0x0, 0x0, 0x0, 0x0, 0x0, 0x0,
    0x0, 0x6, 0xff, 0xff, 0xff, 0x80, 0x0, 0x0,
    0x0, 0x0, 0x0, 0x0, 0x0, 0x0, 0xdf, 0xff,
    0xff, 0xff, 0x0, 0x0, 0x0, 0x0, 0x0, 0x0,
    0x0, 0x0, 0x4f, 0xff, 0xff, 0xff, 0xf0, 0x0,
    0x0, 0x0, 0x0, 0x0, 0x0, 0x0, 0xa, 0xff,
    0xff, 0xff, 0xfe, 0x0, 0x0, 0x0, 0x0, 0x0,
    0x0, 0x0, 0x1, 0xff, 0xff, 0xff, 0xff, 0xc0,
    0x0, 0x0, 0x0, 0x0, 0x0, 0x0, 0x0, 0x4f,
    0xff, 0xff, 0xff, 0xf9, 0x0, 0x0, 0x0, 0x0,
    0x0, 0x0, 0x0, 0x0, 0x9f, 0xff, 0xff, 0xff,
    0x60, 0x0, 0x0, 0x0, 0x0, 0x0, 0x0, 0x0,
    0x0, 0x6f, 0xff, 0xff, 0xf2, 0x0, 0x0, 0x0,
    0x0, 0x0, 0x0, 0x0, 0x0, 0x0, 0x6f, 0xff,
    0xfc, 0x0, 0x0, 0x0, 0x0, 0x0, 0x0, 0x0,
    0x0, 0x0, 0xa, 0xff, 0xff, 0x60, 0x0, 0x0,
    0x0, 0x0, 0x0, 0x0, 0x0, 0x0, 0x4, 0xff,
    0xff, 0xe0, 0x0, 0x0, 0x0, 0x0, 0x0, 0x0,
    0x0, 0x0, 0x1, 0xdf, 0xff, 0xf7, 0x0, 0x0,
    0x0, 0x0, 0x0, 0x0, 0x0, 0x0, 0x0, 0xbf,
    0xff, 0xfd, 0x0, 0x0, 0x0, 0x0, 0x1, 0x40,
    0x0, 0x0, 0x0, 0xaf, 0xff, 0xff, 0x30, 0x0,
    0x0, 0x0, 0x3a, 0xff, 0xa0, 0x0, 0x1, 0xbf,
    0xff, 0xff, 0x70, 0x0, 0x0, 0x5, 0xcf, 0xff,
    0xff, 0x70, 0x3, 0xdf, 0xff, 0xff, 0xa0, 0x0,
    0x0, 0xd, 0xff, 0xff, 0xff, 0xff, 0x6a, 0xff,
    0xff, 0xff, 0xb0, 0x0, 0x0, 0x0, 0xef, 0xff,
    0xff, 0xff, 0xff, 0xff, 0xff, 0xff, 0xa0, 0x0,
    0x0, 0x0, 0xa, 0xff, 0xff, 0xff, 0xff, 0xff,
    0xff, 0xff, 0x70, 0x0, 0x0, 0x0, 0x0, 0x6f,
    0xff, 0xff, 0xff, 0xff, 0xff, 0xfd, 0x30, 0x0,
    0x0, 0x0, 0x0, 0x3, 0xff, 0xff, 0xff, 0xff,
    0xff, 0xe7, 0x0, 0x0, 0x0, 0x0, 0x0, 0x0,
    0xf, 0xff, 0xff, 0xff, 0xfc, 0x60, 0x0, 0x0,
    0x0, 0x0, 0x0, 0x0, 0x0, 0x8f, 0xfe, 0xc9,
    0x62, 0x0, 0x0, 0x0, 0x0, 0x0, 0x0, 0x0,
    0x0,

    /* U+F0C4 "" */
    0x0, 0x2, 0x42, 0x0, 0x0, 0x0, 0x0, 0x0,
    0x0, 0x0, 0x0, 0x2, 0xcf, 0xff, 0xc2, 0x0,
    0x0, 0x0, 0x0, 0x37, 0x73, 0x0, 0x2e, 0xff,
    0xff, 0xfe, 0x20, 0x0, 0x0, 0x8, 0xff, 0xff,
    0x90, 0xaf, 0xff, 0xcf, 0xff, 0xa0, 0x0, 0x0,
    0x9f, 0xff, 0xff, 0xb0, 0xef, 0xf4, 0x4, 0xff,
    0xe0, 0x0, 0x9, 0xff, 0xff, 0xfb, 0x0, 0xff,
    0xf1, 0x1, 0xff, 0xf0, 0x0, 0x9f, 0xff, 0xff,
    0xb0, 0x0, 0xcf, 0xfb, 0x5b, 0xff, 0xc0, 0x9,
    0xff, 0xff, 0xfb, 0x0, 0x0, 0x5f, 0xff, 0xff,
    0xff, 0xf5, 0x9f, 0xff, 0xff, 0xb0, 0x0, 0x0,
    0x8, 0xff, 0xff, 0xff, 0xff, 0xff, 0xff, 0xfb,
    0x0, 0x0, 0x0, 0x0, 0x39, 0xbe, 0xff, 0xff,
    0xff, 0xff, 0xb0, 0x0, 0x0, 0x0, 0x0, 0x0,
    0x2, 0xef, 0xff, 0xff, 0xfb, 0x0, 0x0, 0x0,
    0x0, 0x0, 0x0, 0x0, 0xaf, 0xff, 0xff, 0xf5,
    0x0, 0x0, 0x0, 0x0, 0x0, 0x2, 0x4a, 0xff,
    0xff, 0xff, 0xff, 0x50, 0x0, 0x0, 0x0, 0x2,
    0xcf, 0xff, 0xff, 0xff, 0xff, 0xff, 0xf5, 0x0,
    0x0, 0x0, 0x2e, 0xff, 0xff, 0xff, 0xfb, 0xef,
    0xff, 0xff, 0x50, 0x0, 0x0, 0xaf, 0xff, 0xcf,
    0xff, 0xd0, 0x2e, 0xff, 0xff, 0xf5, 0x0, 0x0,
    0xef, 0xf4, 0x4, 0xff, 0xe0, 0x2, 0xef, 0xff,
    0xff, 0x50, 0x0, 0xff, 0xf1, 0x1, 0xff, 0xf0,
    0x0, 0x2e, 0xff, 0xff, 0xf5, 0x0, 0xcf, 0xfb,
    0x5b, 0xff, 0xc0, 0x0, 0x2, 0xef, 0xff, 0xff,
    0x50, 0x5f, 0xff, 0xff, 0xff, 0x50, 0x0, 0x0,
    0x2e, 0xff, 0xff, 0xd0, 0x8, 0xff, 0xff, 0xf8,
    0x0, 0x0, 0x0, 0x1, 0xae, 0xea, 0x20, 0x0,
    0x39, 0xb9, 0x30, 0x0, 0x0, 0x0, 0x0, 0x0,
    0x0, 0x0,

    /* U+F0C5 "" */
    0x0, 0x0, 0x0, 0xbf, 0xff, 0xff, 0xff, 0xf0,
    0x7a, 0x0, 0x0, 0x0, 0x0, 0xf, 0xff, 0xff,
    0xff, 0xff, 0x8, 0xfb, 0x0, 0x0, 0x0, 0x0,
    0xff, 0xff, 0xff, 0xff, 0xf0, 0x8f, 0xfb, 0x0,
    0x0, 0x0, 0xf, 0xff, 0xff, 0xff, 0xff, 0x8,
    0xff, 0xfa, 0x47, 0x88, 0x40, 0xff, 0xff, 0xff,
    0xff, 0xf0, 0x48, 0x88, 0x7f, 0xff, 0xf8, 0xf,
    0xff, 0xff, 0xff, 0xff, 0x40, 0x0, 0x0, 0xff,
    0xff, 0x80, 0xff, 0xff, 0xff, 0xff, 0xff, 0xff,
    0xff, 0xff, 0xff, 0xf8, 0xf, 0xff, 0xff, 0xff,
    0xff, 0xff, 0xff, 0xff, 0xff, 0xff, 0x80, 0xff,
    0xff, 0xff, 0xff, 0xff, 0xff, 0xff, 0xff, 0xff,
    0xf8, 0xf, 0xff, 0xff, 0xff, 0xff, 0xff, 0xff,
    0xff, 0xff, 0xff, 0x80, 0xff, 0xff, 0xff, 0xff,
    0xff, 0xff, 0xff, 0xff, 0xff, 0xf8, 0xf, 0xff,
    0xff, 0xff, 0xff, 0xff, 0xff, 0xff, 0xff, 0xff,
    0x80, 0xff, 0xff, 0xff, 0xff, 0xff, 0xff, 0xff,
    0xff, 0xff, 0xf8, 0xf, 0xff, 0xff, 0xff, 0xff,
    0xff, 0xff, 0xff, 0xff, 0xff, 0x80, 0xff, 0xff,
    0xff, 0xff, 0xff, 0xff, 0xff, 0xff, 0xff, 0xf8,
    0xf, 0xff, 0xff, 0xff, 0xff, 0xff, 0xff, 0xff,
    0xff, 0xff, 0x80, 0xff, 0xff, 0xff, 0xff, 0xff,
    0xff, 0xff, 0xff, 0xff, 0xf8, 0xf, 0xff, 0xff,
    0xff, 0xff, 0xff, 0xff, 0xff, 0xff, 0xff, 0x80,
    0xff, 0xff, 0xff, 0xff, 0xff, 0xff, 0xff, 0xff,
    0xff, 0xfc, 0x4, 0x78, 0x88, 0x88, 0x88, 0x88,
    0x88, 0x74, 0xff, 0xff, 0xfa, 0x10, 0x0, 0x0,
    0x0, 0x0, 0x0, 0x0, 0xf, 0xff, 0xff, 0xff,
    0xff, 0xff, 0xff, 0xff, 0x0, 0x0, 0x0, 0xff,
    0xff, 0xff, 0xff, 0xff, 0xff, 0xff, 0xf0, 0x0,
    0x0, 0xb, 0xff, 0xff, 0xff, 0xff, 0xff, 0xff,
    0xfb, 0x0, 0x0, 0x0,

    /* U+F0C7 "" */
    0x1, 0x44, 0x44, 0x44, 0x44, 0x44, 0x44, 0x42,
    0x0, 0x0, 0x6, 0xff, 0xff, 0xff, 0xff, 0xff,
    0xff, 0xff, 0xf8, 0x0, 0x0, 0xef, 0xff, 0xff,
    0xff, 0xff, 0xff, 0xff, 0xff, 0xf8, 0x0, 0xf,
    0xff, 0xcb, 0xbb, 0xbb, 0xbb, 0xbb, 0xbd, 0xff,
    0xf8, 0x0, 0xff, 0xf0, 0x0, 0x0, 0x0, 0x0,
    0x0, 0xf, 0xff, 0xf8, 0xf, 0xff, 0x0, 0x0,
    0x0, 0x0, 0x0, 0x0, 0xff, 0xff, 0xf7, 0xff,
    0xf0, 0x0, 0x0, 0x0, 0x0, 0x0, 0xf, 0xff,
    0xff, 0xef, 0xff, 0x0, 0x0, 0x0, 0x0, 0x0,
    0x0, 0xff, 0xff, 0xff, 0xff, 0xf0, 0x0, 0x0,
    0x0, 0x0, 0x0, 0xf, 0xff, 0xff, 0xff, 0xff,
    0x54, 0x44, 0x44, 0x44, 0x44, 0x45, 0xff, 0xff,
    0xff, 0xff, 0xff, 0xff, 0xff, 0xff, 0xff, 0xff,
    0xff, 0xff, 0xff, 0xff, 0xff, 0xff, 0xff, 0xff,
    0xff, 0xff, 0xff, 0xff, 0xff, 0xff, 0xff, 0xff,
    0xff, 0xff, 0xfe, 0xce, 0xff, 0xff, 0xff, 0xff,
    0xff, 0xff, 0xff, 0xff, 0xf8, 0x0, 0x8, 0xff,
    0xff, 0xff, 0xff, 0xff, 0xff, 0xff, 0xfc, 0x0,
    0x0, 0xc, 0xff, 0xff, 0xff, 0xff, 0xff, 0xff,
    0xff, 0x80, 0x0, 0x0, 0x8f, 0xff, 0xff, 0xff,
    0xff, 0xff, 0xff, 0xfa, 0x0, 0x0, 0xa, 0xff,
    0xff, 0xff, 0xff, 0xff, 0xff, 0xff, 0xf2, 0x0,
    0x2, 0xff, 0xff, 0xff, 0xff, 0xff, 0xff, 0xff,
    0xff, 0xf7, 0x57, 0xff, 0xff, 0xff, 0xff, 0xff,
    0xff, 0xff, 0xff, 0xff, 0xff, 0xff, 0xff, 0xff,
    0xff, 0xff, 0xbf, 0xff, 0xff, 0xff, 0xff, 0xff,
    0xff, 0xff, 0xff, 0xff, 0xb1, 0x8b, 0xbb, 0xbb,
    0xbb, 0xbb, 0xbb, 0xbb, 0xbb, 0xbb, 0x81,

    /* U+F0C9 "" */
    0x13, 0x33, 0x33, 0x33, 0x33, 0x33, 0x33, 0x33,
    0x33, 0x33, 0x1f, 0xff, 0xff, 0xff, 0xff, 0xff,
    0xff, 0xff, 0xff, 0xff, 0xfe, 0xff, 0xff, 0xff,
    0xff, 0xff, 0xff, 0xff, 0xff, 0xff, 0xff, 0xff,
    0xff, 0xff, 0xff, 0xff, 0xff, 0xff, 0xff, 0xff,
    0xff, 0xfe, 0x13, 0x33, 0x33, 0x33, 0x33, 0x33,
    0x33, 0x33, 0x33, 0x33, 0x10, 0x0, 0x0, 0x0,
    0x0, 0x0, 0x0, 0x0, 0x0, 0x0, 0x0, 0x0,
    0x0, 0x0, 0x0, 0x0, 0x0, 0x0, 0x0, 0x0,
    0x0, 0x0, 0x0, 0x0, 0x0, 0x0, 0x0, 0x0,
    0x0, 0x0, 0x0, 0x0, 0x57, 0x77, 0x77, 0x77,
    0x77, 0x77, 0x77, 0x77, 0x77, 0x77, 0x5f, 0xff,
    0xff, 0xff, 0xff, 0xff, 0xff, 0xff, 0xff, 0xff,
    0xff, 0xff, 0xff, 0xff, 0xff, 0xff, 0xff, 0xff,
    0xff, 0xff, 0xff, 0xfc, 0xee, 0xee, 0xee, 0xee,
    0xee, 0xee, 0xee, 0xee, 0xee, 0xeb, 0x0, 0x0,
    0x0, 0x0, 0x0, 0x0, 0x0, 0x0, 0x0, 0x0,
    0x0, 0x0, 0x0, 0x0, 0x0, 0x0, 0x0, 0x0,
    0x0, 0x0, 0x0, 0x0, 0x0, 0x0, 0x0, 0x0,
    0x0, 0x0, 0x0, 0x0, 0x0, 0x1, 0x33, 0x33,
    0x33, 0x33, 0x33, 0x33, 0x33, 0x33, 0x33, 0x31,
    0xff, 0xff, 0xff, 0xff, 0xff, 0xff, 0xff, 0xff,
    0xff, 0xff, 0xef, 0xff, 0xff, 0xff, 0xff, 0xff,
    0xff, 0xff, 0xff, 0xff, 0xff, 0xff, 0xff, 0xff,
    0xff, 0xff, 0xff, 0xff, 0xff, 0xff, 0xff, 0xe1,
    0x33, 0x33, 0x33, 0x33, 0x33, 0x33, 0x33, 0x33,
    0x33, 0x31,

    /* U+F0E0 "" */
    0x3d, 0xff, 0xff, 0xff, 0xff, 0xff, 0xff, 0xff,
    0xff, 0xff, 0xff, 0xd3, 0xdf, 0xff, 0xff, 0xff,
    0xff, 0xff, 0xff, 0xff, 0xff, 0xff, 0xff, 0xfd,
    0xff, 0xff, 0xff, 0xff, 0xff, 0xff, 0xff, 0xff,
    0xff, 0xff, 0xff, 0xff, 0xef, 0xff, 0xff, 0xff,
    0xff, 0xff, 0xff, 0xff, 0xff, 0xff, 0xff, 0xfe,
    0x2d, 0xff, 0xff, 0xff, 0xff, 0xff, 0xff, 0xff,
    0xff, 0xff, 0xff, 0xd2, 0x0, 0x9f, 0xff, 0xff,
    0xff, 0xff, 0xff, 0xff, 0xff, 0xff, 0xf9, 0x0,
    0xe4, 0x5, 0xff, 0xff, 0xff, 0xff, 0xff, 0xff,
    0xff, 0xff, 0x50, 0x4e, 0xff, 0x80, 0x2c, 0xff,
    0xff, 0xff, 0xff, 0xff, 0xff, 0xc2, 0x8, 0xff,
    0xff, 0xfc, 0x20, 0x8f, 0xff, 0xff, 0xff, 0xff,
    0xf9, 0x1, 0xcf, 0xff, 0xff, 0xff, 0xf5, 0x4,
    0xef, 0xff, 0xff, 0xfe, 0x40, 0x5e, 0xff, 0xff,
    0xff, 0xff, 0xff, 0x90, 0x1c, 0xff, 0xff, 0xb1,
    0x9, 0xff, 0xff, 0xff, 0xff, 0xff, 0xff, 0xfd,
    0x20, 0x6d, 0xd6, 0x2, 0xdf, 0xff, 0xff, 0xff,
    0xff, 0xff, 0xff, 0xff, 0xf6, 0x0, 0x0, 0x6f,
    0xff, 0xff, 0xff, 0xff, 0xff, 0xff, 0xff, 0xff,
    0xff, 0xd9, 0x9d, 0xff, 0xff, 0xff, 0xff, 0xff,
    0xff, 0xff, 0xff, 0xff, 0xff, 0xff, 0xff, 0xff,
    0xff, 0xff, 0xff, 0xff, 0xff, 0xff, 0xff, 0xff,
    0xff, 0xff, 0xff, 0xff, 0xff, 0xff, 0xff, 0xff,
    0xdf, 0xff, 0xff, 0xff, 0xff, 0xff, 0xff, 0xff,
    0xff, 0xff, 0xff, 0xfd, 0x3d, 0xff, 0xff, 0xff,
    0xff, 0xff, 0xff, 0xff, 0xff, 0xff, 0xff, 0xd3,

    /* U+F0E7 "" */
    0x0, 0x4f, 0xff, 0xff, 0xff, 0xf3, 0x0, 0x0,
    0x0, 0x9, 0xff, 0xff, 0xff, 0xff, 0x60, 0x0,
    0x0, 0x0, 0xbf, 0xff, 0xff, 0xff, 0xf1, 0x0,
    0x0, 0x0, 0xd, 0xff, 0xff, 0xff, 0xfc, 0x0,
    0x0, 0x0, 0x0, 0xff, 0xff, 0xff, 0xff, 0x70,
    0x0, 0x0, 0x0, 0x1f, 0xff, 0xff, 0xff, 0xf2,
    0x0, 0x0, 0x0, 0x3, 0xff, 0xff, 0xff, 0xfc,
    0x0, 0x0, 0x0, 0x0, 0x5f, 0xff, 0xff, 0xff,
    0xc8, 0x88, 0x87, 0x30, 0x8, 0xff, 0xff, 0xff,
    0xff, 0xff, 0xff, 0xff, 0x0, 0xaf, 0xff, 0xff,
    0xff, 0xff, 0xff, 0xff, 0xa0, 0xc, 0xff, 0xff,
    0xff, 0xff, 0xff, 0xff, 0xf2, 0x0, 0xef, 0xff,
    0xff, 0xff, 0xff, 0xff, 0xf8, 0x0, 0xf, 0xff,
    0xff, 0xff, 0xff, 0xff, 0xfe, 0x0, 0x0, 0x37,
    0x88, 0x88, 0xaf, 0xff, 0xff, 0x50, 0x0, 0x0,
    0x0, 0x0, 0x8, 0xff, 0xff, 0xc0, 0x0, 0x0,
    0x0, 0x0, 0x0, 0xcf, 0xff, 0xf3, 0x0, 0x0,
    0x0, 0x0, 0x0, 0xf, 0xff, 0xfa, 0x0, 0x0,
    0x0, 0x0, 0x0, 0x3, 0xff, 0xff, 0x10, 0x0,
    0x0, 0x0, 0x0, 0x0, 0x7f, 0xff, 0x70, 0x0,
    0x0, 0x0, 0x0, 0x0, 0xb, 0xff, 0xd0, 0x0,
    0x0, 0x0, 0x0, 0x0, 0x0, 0xff, 0xf4, 0x0,
    0x0, 0x0, 0x0, 0x0, 0x0, 0x3f, 0xfb, 0x0,
    0x0, 0x0, 0x0, 0x0, 0x0, 0x6, 0xff, 0x20,
    0x0, 0x0, 0x0, 0x0, 0x0, 0x0, 0x4f, 0x70,
    0x0, 0x0, 0x0, 0x0,

    /* U+F0EA "" */
    0x0, 0x0, 0x3, 0xdf, 0xd3, 0x0, 0x0, 0x0,
    0x0, 0x0, 0x4, 0x78, 0x88, 0xff, 0xef, 0xf8,
    0x88, 0x74, 0x0, 0x0, 0x0, 0xff, 0xff, 0xff,
    0x90, 0x9f, 0xff, 0xff, 0xf0, 0x0, 0x0, 0xf,
    0xff, 0xff, 0xf9, 0x9, 0xff, 0xff, 0xff, 0x0,
    0x0, 0x0, 0xff, 0xff, 0xff, 0xfe, 0xff, 0xff,
    0xff, 0xf0, 0x0, 0x0, 0xf, 0xff, 0xff, 0xff,
    0xff, 0xff, 0xff, 0xff, 0x0, 0x0, 0x0, 0xff,
    0xff, 0xff, 0xe5, 0x0, 0x0, 0x0, 0x0, 0x0,
    0x0, 0xf, 0xff, 0xff, 0xf4, 0x7, 0x88, 0x88,
    0x88, 0x3, 0x30, 0x0, 0xff, 0xff, 0xff, 0x7,
    0xff, 0xff, 0xff, 0xf0, 0x8f, 0x40, 0xf, 0xff,
    0xff, 0xf0, 0x8f, 0xff, 0xff, 0xff, 0x8, 0xff,
    0x40, 0xff, 0xff, 0xff, 0x8, 0xff, 0xff, 0xff,
    0xf0, 0x8f, 0xff, 0x4f, 0xff, 0xff, 0xf0, 0x8f,
    0xff, 0xff, 0xff, 0x8, 0xff, 0xfe, 0xff, 0xff,
    0xff, 0x8, 0xff, 0xff, 0xff, 0xf0, 0x0, 0x0,
    0xf, 0xff, 0xff, 0xf0, 0x8f, 0xff, 0xff, 0xff,
    0xb8, 0x88, 0x88, 0xff, 0xff, 0xff, 0x8, 0xff,
    0xff, 0xff, 0xff, 0xff, 0xff, 0xff, 0xff, 0xff,
    0xf0, 0x8f, 0xff, 0xff, 0xff, 0xff, 0xff, 0xff,
    0xff, 0xff, 0xff, 0x8, 0xff, 0xff, 0xff, 0xff,
    0xff, 0xff, 0xff, 0xff, 0xff, 0xf0, 0x8f, 0xff,
    0xff, 0xff, 0xff, 0xff, 0xff, 0xff, 0xff, 0xff,
    0x8, 0xff, 0xff, 0xff, 0xff, 0xff, 0xff, 0xf4,
    0x78, 0x88, 0x80, 0x8f, 0xff, 0xff, 0xff, 0xff,
    0xff, 0xff, 0x0, 0x0, 0x0, 0x8, 0xff, 0xff,
    0xff, 0xff, 0xff, 0xff, 0xf0, 0x0, 0x0, 0x0,
    0x8f, 0xff, 0xff, 0xff, 0xff, 0xff, 0xff, 0x0,
    0x0, 0x0, 0x7, 0xff, 0xff, 0xff, 0xff, 0xff,
    0xff, 0xf0, 0x0, 0x0, 0x0, 0x4f, 0xff, 0xff,
    0xff, 0xff, 0xff, 0xfb,

    /* U+F0F3 "" */
    0x0, 0x0, 0x0, 0x0, 0x8, 0xf8, 0x0, 0x0,
    0x0, 0x0, 0x0, 0x0, 0x0, 0x0, 0x0, 0xff,
    0xf0, 0x0, 0x0, 0x0, 0x0, 0x0, 0x0, 0x0,
    0x1, 0x5f, 0xff, 0x51, 0x0, 0x0, 0x0, 0x0,
    0x0, 0x0, 0x8, 0xff, 0xff, 0xff, 0xf8, 0x0,
    0x0, 0x0, 0x0, 0x0, 0xc, 0xff, 0xff, 0xff,
    0xff, 0xfb, 0x0, 0x0, 0x0, 0x0, 0xa, 0xff,
    0xff, 0xff, 0xff, 0xff, 0xf9, 0x0, 0x0, 0x0,
    0x4, 0xff, 0xff, 0xff, 0xff, 0xff, 0xff, 0xf3,
    0x0, 0x0, 0x0, 0xaf, 0xff, 0xff, 0xff, 0xff,
    0xff, 0xff, 0x90, 0x0, 0x0, 0xe, 0xff, 0xff,
    0xff, 0xff, 0xff, 0xff, 0xfd, 0x0, 0x0, 0x0,
    0xff, 0xff, 0xff, 0xff, 0xff, 0xff, 0xff, 0xf0,
    0x0, 0x0, 0xf, 0xff, 0xff, 0xff, 0xff, 0xff,
    0xff, 0xff, 0x0, 0x0, 0x1, 0xff, 0xff, 0xff,
    0xff, 0xff, 0xff, 0xff, 0xf1, 0x0, 0x0, 0x4f,
    0xff, 0xff, 0xff, 0xff, 0xff, 0xff, 0xff, 0x40,
    0x0, 0x8, 0xff, 0xff, 0xff, 0xff, 0xff, 0xff,
    0xff, 0xf8, 0x0, 0x0, 0xdf, 0xff, 0xff, 0xff,
    0xff, 0xff, 0xff, 0xff, 0xd0, 0x0, 0x5f, 0xff,
    0xff, 0xff, 0xff, 0xff, 0xff, 0xff, 0xff, 0x50,
    0x3f, 0xff, 0xff, 0xff, 0xff, 0xff, 0xff, 0xff,
    0xff, 0xff, 0x3d, 0xff, 0xff, 0xff, 0xff, 0xff,
    0xff, 0xff, 0xff, 0xff, 0xfd, 0xdf, 0xff, 0xff,
    0xff, 0xff, 0xff, 0xff, 0xff, 0xff, 0xff, 0xd2,
    0x78, 0x88, 0x88, 0x88, 0x88, 0x88, 0x88, 0x88,
    0x88, 0x72, 0x0, 0x0, 0x0, 0x0, 0x0, 0x0,
    0x0, 0x0, 0x0, 0x0, 0x0, 0x0, 0x0, 0x0,
    0x6f, 0xff, 0xff, 0x60, 0x0, 0x0, 0x0, 0x0,
    0x0, 0x0, 0x1, 0xff, 0xff, 0xe1, 0x0, 0x0,
    0x0, 0x0, 0x0, 0x0, 0x0, 0x3, 0xcf, 0xc3,
    0x0, 0x0, 0x0, 0x0,

    /* U+F11C "" */
    0x3d, 0xff, 0xff, 0xff, 0xff, 0xff, 0xff, 0xff,
    0xff, 0xff, 0xff, 0xff, 0xfd, 0x3d, 0xff, 0xff,
    0xff, 0xff, 0xff, 0xff, 0xff, 0xff, 0xff, 0xff,
    0xff, 0xff, 0xfd, 0xff, 0xff, 0xff, 0xff, 0xff,
    0xff, 0xff, 0xff, 0xff, 0xff, 0xff, 0xff, 0xff,
    0xff, 0xff, 0x10, 0x1f, 0x90, 0x9, 0xf1, 0x1,
    0xf9, 0x0, 0x9f, 0x10, 0x1f, 0xff, 0xff, 0xf0,
    0x0, 0xf8, 0x0, 0x8f, 0x0, 0xf, 0x80, 0x8,
    0xf0, 0x0, 0xff, 0xff, 0xff, 0x10, 0x1f, 0x90,
    0x9, 0xf1, 0x1, 0xf9, 0x0, 0x9f, 0x10, 0x1f,
    0xff, 0xff, 0xff, 0xff, 0xff, 0xff, 0xff, 0xff,
    0xff, 0xff, 0xff, 0xff, 0xff, 0xff, 0xff, 0xff,
    0xff, 0xb8, 0x8f, 0xe8, 0x8b, 0xfb, 0x88, 0xfe,
    0x88, 0xbf, 0xff, 0xff, 0xff, 0xff, 0xf4, 0x0,
    0xcc, 0x0, 0x4f, 0x40, 0xc, 0xc0, 0x4, 0xff,
    0xff, 0xff, 0xff, 0xff, 0x40, 0xc, 0xc0, 0x4,
    0xf4, 0x0, 0xcc, 0x0, 0x4f, 0xff, 0xff, 0xff,
    0xff, 0xfb, 0x88, 0xfe, 0x88, 0xbf, 0xb8, 0x8f,
    0xe8, 0x8b, 0xff, 0xff, 0xff, 0xff, 0xff, 0xff,
    0xff, 0xff, 0xff, 0xff, 0xff, 0xff, 0xff, 0xff,
    0xff, 0xff, 0xff, 0xf1, 0x1, 0xf9, 0x0, 0x0,
    0x0, 0x0, 0x0, 0x9, 0xf1, 0x1, 0xff, 0xff,
    0xff, 0x0, 0xf, 0x80, 0x0, 0x0, 0x0, 0x0,
    0x0, 0x8f, 0x0, 0xf, 0xff, 0xff, 0xf1, 0x1,
    0xf9, 0x0, 0x0, 0x0, 0x0, 0x0, 0x9, 0xf1,
    0x1, 0xff, 0xff, 0xff, 0xff, 0xff, 0xff, 0xff,
    0xff, 0xff, 0xff, 0xff, 0xff, 0xff, 0xff, 0xff,
    0xdf, 0xff, 0xff, 0xff, 0xff, 0xff, 0xff, 0xff,
    0xff, 0xff, 0xff, 0xff, 0xff, 0xd3, 0xdf, 0xff,
    0xff, 0xff, 0xff, 0xff, 0xff, 0xff, 0xff, 0xff,
    0xff, 0xff, 0xd3,

    /* U+F124 "" */
    0x0, 0x0, 0x0, 0x0, 0x0, 0x0, 0x0, 0x0,
    0x0, 0x0, 0x0, 0x0, 0x0, 0x0, 0x0, 0x0,
    0x0, 0x0, 0x0, 0x0, 0x0, 0x0, 0x0, 0x3a,
    0xfc, 0x20, 0x0, 0x0, 0x0, 0x0, 0x0, 0x0,
    0x0, 0x0, 0x0, 0x4b, 0xff, 0xff, 0xc0, 0x0,
    0x0, 0x0, 0x0, 0x0, 0x0, 0x0, 0x0, 0x5c,
    0xff, 0xff, 0xff, 0xf0, 0x0, 0x0, 0x0, 0x0,
    0x0, 0x0, 0x0, 0x6e, 0xff, 0xff, 0xff, 0xff,
    0xa0, 0x0, 0x0, 0x0, 0x0, 0x0, 0x1, 0x8e,
    0xff, 0xff, 0xff, 0xff, 0xff, 0x30, 0x0, 0x0,
    0x0, 0x0, 0x2, 0x9f, 0xff, 0xff, 0xff, 0xff,
    0xff, 0xfb, 0x0, 0x0, 0x0, 0x0, 0x3, 0xaf,
    0xff, 0xff, 0xff, 0xff, 0xff, 0xff, 0xf4, 0x0,
    0x0, 0x0, 0x4, 0xcf, 0xff, 0xff, 0xff, 0xff,
    0xff, 0xff, 0xff, 0xc0, 0x0, 0x0, 0x6, 0xdf,
    0xff, 0xff, 0xff, 0xff, 0xff, 0xff, 0xff, 0xff,
    0x50, 0x0, 0x3, 0xef, 0xff, 0xff, 0xff, 0xff,
    0xff, 0xff, 0xff, 0xff, 0xfe, 0x0, 0x0, 0xd,
    0xff, 0xff, 0xff, 0xff, 0xff, 0xff, 0xff, 0xff,
    0xff, 0xf6, 0x0, 0x0, 0xf, 0xff, 0xff, 0xff,
    0xff, 0xff, 0xff, 0xff, 0xff, 0xff, 0xe0, 0x0,
    0x0, 0x9, 0xff, 0xff, 0xff, 0xff, 0xff, 0xff,
    0xff, 0xff, 0xff, 0x80, 0x0, 0x0, 0x0, 0x57,
    0x88, 0x88, 0x88, 0x8c, 0xff, 0xff, 0xff, 0xff,
    0x10, 0x0, 0x0, 0x0, 0x0, 0x0, 0x0, 0x0,
    0x8, 0xff, 0xff, 0xff, 0xf9, 0x0, 0x0, 0x0,
    0x0, 0x0, 0x0, 0x0, 0x0, 0x8, 0xff, 0xff,
    0xff, 0xf2, 0x0, 0x0, 0x0, 0x0, 0x0, 0x0,
    0x0, 0x0, 0x8, 0xff, 0xff, 0xff, 0xa0, 0x0,
    0x0, 0x0, 0x0, 0x0, 0x0, 0x0, 0x0, 0x8,
    0xff, 0xff, 0xff, 0x30, 0x0, 0x0, 0x0, 0x0,
    0x0, 0x0, 0x0, 0x0, 0x8, 0xff, 0xff, 0xfc,
    0x0, 0x0, 0x0, 0x0, 0x0, 0x0, 0x0, 0x0,
    0x0, 0x8, 0xff, 0xff, 0xf4, 0x0, 0x0, 0x0,
    0x0, 0x0, 0x0, 0x0, 0x0, 0x0, 0x8, 0xff,
    0xff, 0xd0, 0x0, 0x0, 0x0, 0x0, 0x0, 0x0,
    0x0, 0x0, 0x0, 0x7, 0xff, 0xff, 0x60, 0x0,
    0x0, 0x0, 0x0, 0x0, 0x0, 0x0, 0x0, 0x0,
    0x5, 0xff, 0xfe, 0x0, 0x0, 0x0, 0x0, 0x0,
    0x0, 0x0, 0x0, 0x0, 0x0, 0x0, 0x9f, 0xd3,
    0x0, 0x0, 0x0, 0x0, 0x0, 0x0, 0x0, 0x0,
    0x0, 0x0, 0x0, 0x0, 0x0, 0x0, 0x0, 0x0,
    0x0, 0x0,

    /* U+F15B "" */
    0xbf, 0xff, 0xff, 0xff, 0xff, 0x80, 0xe4, 0x0,
    0x0, 0xff, 0xff, 0xff, 0xff, 0xff, 0x80, 0xff,
    0x40, 0x0, 0xff, 0xff, 0xff, 0xff, 0xff, 0x80,
    0xff, 0xf4, 0x0, 0xff, 0xff, 0xff, 0xff, 0xff,
    0x80, 0xff, 0xff, 0x40, 0xff, 0xff, 0xff, 0xff,
    0xff, 0x80, 0xff, 0xff, 0xf4, 0xff, 0xff, 0xff,
    0xff, 0xff, 0x80, 0xff, 0xff, 0xfe, 0xff, 0xff,
    0xff, 0xff, 0xff, 0x80, 0x0, 0x0, 0x0, 0xff,
    0xff, 0xff, 0xff, 0xff, 0xf8, 0x88, 0x88, 0x88,
    0xff, 0xff, 0xff, 0xff, 0xff, 0xff, 0xff, 0xff,
    0xff, 0xff, 0xff, 0xff, 0xff, 0xff, 0xff, 0xff,
    0xff, 0xff, 0xff, 0xff, 0xff, 0xff, 0xff, 0xff,
    0xff, 0xff, 0xff, 0xff, 0xff, 0xff, 0xff, 0xff,
    0xff, 0xff, 0xff, 0xff, 0xff, 0xff, 0xff, 0xff,
    0xff, 0xff, 0xff, 0xff, 0xff, 0xff, 0xff, 0xff,
    0xff, 0xff, 0xff, 0xff, 0xff, 0xff, 0xff, 0xff,
    0xff, 0xff, 0xff, 0xff, 0xff, 0xff, 0xff, 0xff,
    0xff, 0xff, 0xff, 0xff, 0xff, 0xff, 0xff, 0xff,
    0xff, 0xff, 0xff, 0xff, 0xff, 0xff, 0xff, 0xff,
    0xff, 0xff, 0xff, 0xff, 0xff, 0xff, 0xff, 0xff,
    0xff, 0xff, 0xff, 0xff, 0xff, 0xff, 0xff, 0xff,
    0xff, 0xff, 0xff, 0xff, 0xff, 0xff, 0xff, 0xff,
    0xff, 0xff, 0xff, 0xff, 0xff, 0xff, 0xff, 0xff,
    0xff, 0xff, 0xff, 0xff, 0xff, 0xff, 0xff, 0xff,
    0xff, 0xff, 0xff, 0xff, 0xff, 0xff, 0xff, 0xff,
    0xff, 0xff, 0xff, 0xff, 0xff, 0xff, 0xff, 0xbf,
    0xff, 0xff, 0xff, 0xff, 0xff, 0xff, 0xff, 0xfb,

    /* U+F1EB "" */
    0x0, 0x0, 0x0, 0x0, 0x0, 0x0, 0x0, 0x0,
    0x0, 0x0, 0x0, 0x0, 0x0, 0x0, 0x0, 0x0,
    0x0, 0x0, 0x0, 0x0, 0x3, 0x56, 0x77, 0x65,
    0x30, 0x0, 0x0, 0x0, 0x0, 0x0, 0x0, 0x0,
    0x0, 0x2, 0x7c, 0xff, 0xff, 0xff, 0xff, 0xff,
    0xc7, 0x20, 0x0, 0x0, 0x0, 0x0, 0x0, 0x5,
    0xcf, 0xff, 0xff, 0xff, 0xff, 0xff, 0xff, 0xff,
    0xfc, 0x50, 0x0, 0x0, 0x0, 0x3, 0xdf, 0xff,
    0xff, 0xff, 0xff, 0xff, 0xff, 0xff, 0xff, 0xff,
    0xfd, 0x30, 0x0, 0x0, 0x8f, 0xff, 0xff, 0xff,
    0xc9, 0x65, 0x44, 0x56, 0x9c, 0xff, 0xff, 0xff,
    0xf8, 0x0, 0x1c, 0xff, 0xff, 0xfd, 0x61, 0x0,
    0x0, 0x0, 0x0, 0x0, 0x16, 0xdf, 0xff, 0xff,
    0xc1, 0xdf, 0xff, 0xfe, 0x50, 0x0, 0x0, 0x0,
    0x0, 0x0, 0x0, 0x0, 0x5, 0xef, 0xff, 0xfd,
    0x9f, 0xff, 0x90, 0x0, 0x0, 0x0, 0x0, 0x0,
    0x0, 0x0, 0x0, 0x0, 0x9, 0xff, 0xf9, 0x9,
    0xf6, 0x0, 0x0, 0x0, 0x48, 0xcd, 0xff, 0xdc,
    0x84, 0x0, 0x0, 0x0, 0x6f, 0x90, 0x0, 0x10,
    0x0, 0x0, 0x6e, 0xff, 0xff, 0xff, 0xff, 0xff,
    0xe6, 0x0, 0x0, 0x1, 0x0, 0x0, 0x0, 0x0,
    0x3d, 0xff, 0xff, 0xff, 0xff, 0xff, 0xff, 0xff,
    0xd3, 0x0, 0x0, 0x0, 0x0, 0x0, 0x5, 0xff,
    0xff, 0xff, 0xfe, 0xcc, 0xef, 0xff, 0xff, 0xff,
    0x50, 0x0, 0x0, 0x0, 0x0, 0x8, 0xff, 0xff,
    0xc5, 0x10, 0x0, 0x1, 0x5c, 0xff, 0xff, 0x80,
    0x0, 0x0, 0x0, 0x0, 0x0, 0xaf, 0xe4, 0x0,
    0x0, 0x0, 0x0, 0x0, 0x4e, 0xfa, 0x0, 0x0,
    0x0, 0x0, 0x0, 0x0, 0x6, 0x10, 0x0, 0x0,
    0x0, 0x0, 0x0, 0x1, 0x60, 0x0, 0x0, 0x0,
    0x0, 0x0, 0x0, 0x0, 0x0, 0x0, 0x0, 0x22,
    0x0, 0x0, 0x0, 0x0, 0x0, 0x0, 0x0, 0x0,
    0x0, 0x0, 0x0, 0x0, 0x0, 0x1d, 0xff, 0xc1,
    0x0, 0x0, 0x0, 0x0, 0x0, 0x0, 0x0, 0x0,
    0x0, 0x0, 0x0, 0x0, 0xbf, 0xff, 0xfb, 0x0,
    0x0, 0x0, 0x0, 0x0, 0x0, 0x0, 0x0, 0x0,
    0x0, 0x0, 0x0, 0xff, 0xff, 0xff, 0x0, 0x0,
    0x0, 0x0, 0x0, 0x0, 0x0, 0x0, 0x0, 0x0,
    0x0, 0x0, 0xdf, 0xff, 0xfd, 0x0, 0x0, 0x0,
    0x0, 0x0, 0x0, 0x0, 0x0, 0x0, 0x0, 0x0,
    0x0, 0x5f, 0xff, 0xf5, 0x0, 0x0, 0x0, 0x0,
    0x0, 0x0, 0x0, 0x0, 0x0, 0x0, 0x0, 0x0,
    0x4, 0xaa, 0x40, 0x0, 0x0, 0x0, 0x0, 0x0,
    0x0,

    /* U+F240 "" */
    0x1, 0x44, 0x44, 0x44, 0x44, 0x44, 0x44, 0x44,
    0x44, 0x44, 0x44, 0x44, 0x44, 0x30, 0x0, 0x6f,
    0xff, 0xff, 0xff, 0xff, 0xff, 0xff, 0xff, 0xff,
    0xff, 0xff, 0xff, 0xff, 0xfd, 0x0, 0xef, 0xff,
    0xff, 0xff, 0xff, 0xff, 0xff, 0xff, 0xff, 0xff,
    0xff, 0xff, 0xff, 0xff, 0x60, 0xff, 0xfb, 0xbb,
    0xbb, 0xbb, 0xbb, 0xbb, 0xbb, 0xbb, 0xbb, 0xbb,
    0xbb, 0xbd, 0xff, 0xa1, 0xff, 0xf0, 0x0, 0x0,
    0x0, 0x0, 0x0, 0x0, 0x0, 0x0, 0x0, 0x0,
    0x8, 0xff, 0xfe, 0xff, 0xf0, 0x8f, 0xff, 0xff,
    0xff, 0xff, 0xff, 0xff, 0xff, 0xff, 0xff, 0x8,
    0xff, 0xff, 0xff, 0xf0, 0x8f, 0xff, 0xff, 0xff,
    0xff, 0xff, 0xff, 0xff, 0xff, 0xff, 0x5, 0xbf,
    0xff, 0xff, 0xf0, 0x8f, 0xff, 0xff, 0xff, 0xff,
    0xff, 0xff, 0xff, 0xff, 0xff, 0x0, 0xf, 0xff,
    0xff, 0xf0, 0x8f, 0xff, 0xff, 0xff, 0xff, 0xff,
    0xff, 0xff, 0xff, 0xff, 0x0, 0xf, 0xff, 0xff,
    0xf0, 0x8f, 0xff, 0xff, 0xff, 0xff, 0xff, 0xff,
    0xff, 0xff, 0xff, 0x2, 0x4f, 0xff, 0xff, 0xf0,
    0x8f, 0xff, 0xff, 0xff, 0xff, 0xff, 0xff, 0xff,
    0xff, 0xff, 0x8, 0xff, 0xff, 0xff, 0xf0, 0x0,
    0x0, 0x0, 0x0, 0x0, 0x0, 0x0, 0x0, 0x0,
    0x0, 0x8, 0xff, 0xff, 0xff, 0xf4, 0x44, 0x44,
    0x44, 0x44, 0x44, 0x44, 0x44, 0x44, 0x44, 0x44,
    0x4a, 0xff, 0xd7, 0xff, 0xff, 0xff, 0xff, 0xff,
    0xff, 0xff, 0xff, 0xff, 0xff, 0xff, 0xff, 0xff,
    0xff, 0x70, 0xbf, 0xff, 0xff, 0xff, 0xff, 0xff,
    0xff, 0xff, 0xff, 0xff, 0xff, 0xff, 0xff, 0xff,
    0x30, 0x18, 0xbb, 0xbb, 0xbb, 0xbb, 0xbb, 0xbb,
    0xbb, 0xbb, 0xbb, 0xbb, 0xbb, 0xbb, 0xa4, 0x0,

    /* U+F241 "" */
    0x1, 0x44, 0x44, 0x44, 0x44, 0x44, 0x44, 0x44,
    0x44, 0x44, 0x44, 0x44, 0x44, 0x30, 0x0, 0x6f,
    0xff, 0xff, 0xff, 0xff, 0xff, 0xff, 0xff, 0xff,
    0xff, 0xff, 0xff, 0xff, 0xfd, 0x0, 0xef, 0xff,
    0xff, 0xff, 0xff, 0xff, 0xff, 0xff, 0xff, 0xff,
    0xff, 0xff, 0xff, 0xff, 0x60, 0xff, 0xfb, 0xbb,
    0xbb, 0xbb, 0xbb, 0xbb, 0xbb, 0xbb, 0xbb, 0xbb,
    0xbb, 0xbd, 0xff, 0xa1, 0xff, 0xf0, 0x0, 0x0,
    0x0, 0x0, 0x0, 0x0, 0x0, 0x0, 0x0, 0x0,
    0x8, 0xff, 0xfe, 0xff, 0xf0, 0xbf, 0xff, 0xff,
    0xff, 0xff, 0xff, 0xff, 0xf4, 0x0, 0x0, 0x8,
    0xff, 0xff, 0xff, 0xf0, 0xbf, 0xff, 0xff, 0xff,
    0xff, 0xff, 0xff, 0xf4, 0x0, 0x0, 0x5, 0xbf,
    0xff, 0xff, 0xf0, 0xbf, 0xff, 0xff, 0xff, 0xff,
    0xff, 0xff, 0xf4, 0x0, 0x0, 0x0, 0xf, 0xff,
    0xff, 0xf0, 0xbf, 0xff, 0xff, 0xff, 0xff, 0xff,
    0xff, 0xf4, 0x0, 0x0, 0x0, 0xf, 0xff, 0xff,
    0xf0, 0xbf, 0xff, 0xff, 0xff, 0xff, 0xff, 0xff,
    0xf4, 0x0, 0x0, 0x2, 0x4f, 0xff, 0xff, 0xf0,
    0xbf, 0xff, 0xff, 0xff, 0xff, 0xff, 0xff, 0xf4,
    0x0, 0x0, 0x8, 0xff, 0xff, 0xff, 0xf0, 0x0,
    0x0, 0x0, 0x0, 0x0, 0x0, 0x0, 0x0, 0x0,
    0x0, 0x8, 0xff, 0xff, 0xff, 0xf4, 0x44, 0x44,
    0x44, 0x44, 0x44, 0x44, 0x44, 0x44, 0x44, 0x44,
    0x4a, 0xff, 0xd7, 0xff, 0xff, 0xff, 0xff, 0xff,
    0xff, 0xff, 0xff, 0xff, 0xff, 0xff, 0xff, 0xff,
    0xff, 0x70, 0xbf, 0xff, 0xff, 0xff, 0xff, 0xff,
    0xff, 0xff, 0xff, 0xff, 0xff, 0xff, 0xff, 0xff,
    0x30, 0x18, 0xbb, 0xbb, 0xbb, 0xbb, 0xbb, 0xbb,
    0xbb, 0xbb, 0xbb, 0xbb, 0xbb, 0xbb, 0xa4, 0x0,

    /* U+F242 "" */
    0x1, 0x44, 0x44, 0x44, 0x44, 0x44, 0x44, 0x44,
    0x44, 0x44, 0x44, 0x44, 0x44, 0x30, 0x0, 0x6f,
    0xff, 0xff, 0xff, 0xff, 0xff, 0xff, 0xff, 0xff,
    0xff, 0xff, 0xff, 0xff, 0xfd, 0x0, 0xef, 0xff,
    0xff, 0xff, 0xff, 0xff, 0xff, 0xff, 0xff, 0xff,
    0xff, 0xff, 0xff, 0xff, 0x60, 0xff, 0xfb, 0xbb,
    0xbb, 0xbb, 0xbb, 0xbb, 0xbb, 0xbb, 0xbb, 0xbb,
    0xbb, 0xbd, 0xff, 0xa1, 0xff, 0xf0, 0x0, 0x0,
    0x0, 0x0, 0x0, 0x0, 0x0, 0x0, 0x0, 0x0,
    0x8, 0xff, 0xfe, 0xff, 0xf0, 0x8f, 0xff, 0xff,
    0xff, 0xff, 0xf0, 0x0, 0x0, 0x0, 0x0, 0x8,
    0xff, 0xff, 0xff, 0xf0, 0x8f, 0xff, 0xff, 0xff,
    0xff, 0xf0, 0x0, 0x0, 0x0, 0x0, 0x5, 0xbf,
    0xff, 0xff, 0xf0, 0x8f, 0xff, 0xff, 0xff, 0xff,
    0xf0, 0x0, 0x0, 0x0, 0x0, 0x0, 0xf, 0xff,
    0xff, 0xf0, 0x8f, 0xff, 0xff, 0xff, 0xff, 0xf0,
    0x0, 0x0, 0x0, 0x0, 0x0, 0xf, 0xff, 0xff,
    0xf0, 0x8f, 0xff, 0xff, 0xff, 0xff, 0xf0, 0x0,
    0x0, 0x0, 0x0, 0x2, 0x4f, 0xff, 0xff, 0xf0,
    0x8f, 0xff, 0xff, 0xff, 0xff, 0xf0, 0x0, 0x0,
    0x0, 0x0, 0x8, 0xff, 0xff, 0xff, 0xf0, 0x0,
    0x0, 0x0, 0x0, 0x0, 0x0, 0x0, 0x0, 0x0,
    0x0, 0x8, 0xff, 0xff, 0xff, 0xf4, 0x44, 0x44,
    0x44, 0x44, 0x44, 0x44, 0x44, 0x44, 0x44, 0x44,
    0x4a, 0xff, 0xd7, 0xff, 0xff, 0xff, 0xff, 0xff,
    0xff, 0xff, 0xff, 0xff, 0xff, 0xff, 0xff, 0xff,
    0xff, 0x70, 0xbf, 0xff, 0xff, 0xff, 0xff, 0xff,
    0xff, 0xff, 0xff, 0xff, 0xff, 0xff, 0xff, 0xff,
    0x30, 0x18, 0xbb, 0xbb, 0xbb, 0xbb, 0xbb, 0xbb,
    0xbb, 0xbb, 0xbb, 0xbb, 0xbb, 0xbb, 0xa4, 0x0,

    /* U+F243 "" */
    0x1, 0x44, 0x44, 0x44, 0x44, 0x44, 0x44, 0x44,
    0x44, 0x44, 0x44, 0x44, 0x44, 0x30, 0x0, 0x6f,
    0xff, 0xff, 0xff, 0xff, 0xff, 0xff, 0xff, 0xff,
    0xff, 0xff, 0xff, 0xff, 0xfd, 0x0, 0xef, 0xff,
    0xff, 0xff, 0xff, 0xff, 0xff, 0xff, 0xff, 0xff,
    0xff, 0xff, 0xff, 0xff, 0x60, 0xff, 0xfb, 0xbb,
    0xbb, 0xbb, 0xbb, 0xbb, 0xbb, 0xbb, 0xbb, 0xbb,
    0xbb, 0xbd, 0xff, 0xa1, 0xff, 0xf0, 0x0, 0x0,
    0x0, 0x0, 0x0, 0x0, 0x0, 0x0, 0x0, 0x0,
    0x8, 0xff, 0xfe, 0xff, 0xf0, 0xbf, 0xff, 0xff,
    0x40, 0x0, 0x0, 0x0, 0x0, 0x0, 0x0, 0x8,
    0xff, 0xff, 0xff, 0xf0, 0xbf, 0xff, 0xff, 0x40,
    0x0, 0x0, 0x0, 0x0, 0x0, 0x0, 0x5, 0xbf,
    0xff, 0xff, 0xf0, 0xbf, 0xff, 0xff, 0x40, 0x0,
    0x0, 0x0, 0x0, 0x0, 0x0, 0x0, 0xf, 0xff,
    0xff, 0xf0, 0xbf, 0xff, 0xff, 0x40, 0x0, 0x0,
    0x0, 0x0, 0x0, 0x0, 0x0, 0xf, 0xff, 0xff,
    0xf0, 0xbf, 0xff, 0xff, 0x40, 0x0, 0x0, 0x0,
    0x0, 0x0, 0x0, 0x2, 0x4f, 0xff, 0xff, 0xf0,
    0xbf, 0xff, 0xff, 0x40, 0x0, 0x0, 0x0, 0x0,
    0x0, 0x0, 0x8, 0xff, 0xff, 0xff, 0xf0, 0x0,
    0x0, 0x0, 0x0, 0x0, 0x0, 0x0, 0x0, 0x0,
    0x0, 0x8, 0xff, 0xff, 0xff, 0xf4, 0x44, 0x44,
    0x44, 0x44, 0x44, 0x44, 0x44, 0x44, 0x44, 0x44,
    0x4a, 0xff, 0xd7, 0xff, 0xff, 0xff, 0xff, 0xff,
    0xff, 0xff, 0xff, 0xff, 0xff, 0xff, 0xff, 0xff,
    0xff, 0x70, 0xbf, 0xff, 0xff, 0xff, 0xff, 0xff,
    0xff, 0xff, 0xff, 0xff, 0xff, 0xff, 0xff, 0xff,
    0x30, 0x18, 0xbb, 0xbb, 0xbb, 0xbb, 0xbb, 0xbb,
    0xbb, 0xbb, 0xbb, 0xbb, 0xbb, 0xbb, 0xa4, 0x0,

    /* U+F244 "" */
    0x1, 0x44, 0x44, 0x44, 0x44, 0x44, 0x44, 0x44,
    0x44, 0x44, 0x44, 0x44, 0x44, 0x30, 0x0, 0x6f,
    0xff, 0xff, 0xff, 0xff, 0xff, 0xff, 0xff, 0xff,
    0xff, 0xff, 0xff, 0xff, 0xfd, 0x0, 0xef, 0xff,
    0xff, 0xff, 0xff, 0xff, 0xff, 0xff, 0xff, 0xff,
    0xff, 0xff, 0xff, 0xff, 0x60, 0xff, 0xfb, 0xbb,
    0xbb, 0xbb, 0xbb, 0xbb, 0xbb, 0xbb, 0xbb, 0xbb,
    0xbb, 0xbd, 0xff, 0xa1, 0xff, 0xf0, 0x0, 0x0,
    0x0, 0x0, 0x0, 0x0, 0x0, 0x0, 0x0, 0x0,
    0x8, 0xff, 0xfe, 0xff, 0xf0, 0x0, 0x0, 0x0,
    0x0, 0x0, 0x0, 0x0, 0x0, 0x0, 0x0, 0x8,
    0xff, 0xff, 0xff, 0xf0, 0x0, 0x0, 0x0, 0x0,
    0x0, 0x0, 0x0, 0x0, 0x0, 0x0, 0x5, 0xbf,
    0xff, 0xff, 0xf0, 0x0, 0x0, 0x0, 0x0, 0x0,
    0x0, 0x0, 0x0, 0x0, 0x0, 0x0, 0xf, 0xff,
    0xff, 0xf0, 0x0, 0x0, 0x0, 0x0, 0x0, 0x0,
    0x0, 0x0, 0x0, 0x0, 0x0, 0xf, 0xff, 0xff,
    0xf0, 0x0, 0x0, 0x0, 0x0, 0x0, 0x0, 0x0,
    0x0, 0x0, 0x0, 0x2, 0x4f, 0xff, 0xff, 0xf0,
    0x0, 0x0, 0x0, 0x0, 0x0, 0x0, 0x0, 0x0,
    0x0, 0x0, 0x8, 0xff, 0xff, 0xff, 0xf0, 0x0,
    0x0, 0x0, 0x0, 0x0, 0x0, 0x0, 0x0, 0x0,
    0x0, 0x8, 0xff, 0xff, 0xff, 0xf4, 0x44, 0x44,
    0x44, 0x44, 0x44, 0x44, 0x44, 0x44, 0x44, 0x44,
    0x4a, 0xff, 0xd7, 0xff, 0xff, 0xff, 0xff, 0xff,
    0xff, 0xff, 0xff, 0xff, 0xff, 0xff, 0xff, 0xff,
    0xff, 0x70, 0xbf, 0xff, 0xff, 0xff, 0xff, 0xff,
    0xff, 0xff, 0xff, 0xff, 0xff, 0xff, 0xff, 0xff,
    0x30, 0x18, 0xbb, 0xbb, 0xbb, 0xbb, 0xbb, 0xbb,
    0xbb, 0xbb, 0xbb, 0xbb, 0xbb, 0xbb, 0xa4, 0x0,

    /* U+F287 "" */
    0x0, 0x0, 0x0, 0x0, 0x0, 0x0, 0x0, 0x0,
    0x1, 0x0, 0x0, 0x0, 0x0, 0x0, 0x0, 0x0,
    0x0, 0x0, 0x0, 0x0, 0x0, 0x0, 0x0, 0x2d,
    0xfe, 0x30, 0x0, 0x0, 0x0, 0x0, 0x0, 0x0,
    0x0, 0x0, 0x0, 0x0, 0x0, 0x27, 0x7d, 0xff,
    0xfd, 0x0, 0x0, 0x0, 0x0, 0x0, 0x0, 0x0,
    0x0, 0x0, 0x0, 0x0, 0x4f, 0xff, 0xff, 0xff,
    0xf0, 0x0, 0x0, 0x0, 0x0, 0x0, 0x0, 0x0,
    0x0, 0x0, 0x0, 0xe, 0xf5, 0x3a, 0xff, 0xfb,
    0x0, 0x0, 0x0, 0x0, 0x0, 0x0, 0x0, 0x0,
    0x0, 0x0, 0x7, 0xf6, 0x0, 0x9, 0xda, 0x0,
    0x0, 0x0, 0x0, 0x0, 0x0, 0x0, 0x2, 0x0,
    0x0, 0x0, 0xed, 0x0, 0x0, 0x0, 0x0, 0x0,
    0x0, 0x0, 0x0, 0x0, 0x0, 0x9f, 0xfe, 0x50,
    0x0, 0x6f, 0x60, 0x0, 0x0, 0x0, 0x0, 0x0,
    0x0, 0xa4, 0x0, 0x0, 0x8f, 0xff, 0xff, 0x30,
    0x1e, 0xe0, 0x0, 0x0, 0x0, 0x0, 0x0, 0x0,
    0xf, 0xfa, 0x10, 0xe, 0xff, 0xff, 0xfd, 0xbe,
    0xfe, 0xbb, 0xbb, 0xbb, 0xbb, 0xbb, 0xbb, 0xbb,
    0xff, 0xff, 0x60, 0xef, 0xff, 0xff, 0xff, 0xff,
    0xff, 0xff, 0xff, 0xff, 0xff, 0xff, 0xff, 0xff,
    0xff, 0xfb, 0xa, 0xff, 0xff, 0xf5, 0x0, 0x0,
    0x1c, 0xf3, 0x0, 0x0, 0x0, 0x0, 0x0, 0xff,
    0xd4, 0x0, 0x1c, 0xff, 0xf9, 0x0, 0x0, 0x0,
    0x2f, 0xa0, 0x0, 0x0, 0x0, 0x0, 0xe, 0x70,
    0x0, 0x0, 0x4, 0x63, 0x0, 0x0, 0x0, 0x0,
    0xbf, 0x20, 0x0, 0x0, 0x0, 0x0, 0x0, 0x0,
    0x0, 0x0, 0x0, 0x0, 0x0, 0x0, 0x0, 0x3,
    0xfb, 0x0, 0x8f, 0xff, 0xf5, 0x0, 0x0, 0x0,
    0x0, 0x0, 0x0, 0x0, 0x0, 0x0, 0x0, 0xa,
    0xf8, 0x4b, 0xff, 0xff, 0x60, 0x0, 0x0, 0x0,
    0x0, 0x0, 0x0, 0x0, 0x0, 0x0, 0x0, 0xb,
    0xff, 0xff, 0xff, 0xf6, 0x0, 0x0, 0x0, 0x0,
    0x0, 0x0, 0x0, 0x0, 0x0, 0x0, 0x0, 0x3,
    0x5c, 0xff, 0xff, 0x60, 0x0, 0x0, 0x0, 0x0,
    0x0, 0x0, 0x0, 0x0, 0x0, 0x0, 0x0, 0x0,
    0x9f, 0xff, 0xf5, 0x0, 0x0, 0x0, 0x0, 0x0,
    0x0, 0x0, 0x0, 0x0, 0x0, 0x0, 0x0, 0x0,
    0x11, 0x10, 0x0, 0x0, 0x0, 0x0,

    /* U+F293 "" */
    0x0, 0x0, 0x2, 0x8c, 0xef, 0xfe, 0xa6, 0x0,
    0x0, 0x0, 0x0, 0x9, 0xff, 0xff, 0xff, 0xff,
    0xfe, 0x30, 0x0, 0x0, 0xc, 0xff, 0xff, 0xf4,
    0xff, 0xff, 0xff, 0x40, 0x0, 0xa, 0xff, 0xff,
    0xff, 0x5, 0xff, 0xff, 0xfe, 0x10, 0x2, 0xff,
    0xff, 0xff, 0xf0, 0x5, 0xff, 0xff, 0xf8, 0x0,
    0x9f, 0xff, 0xff, 0xff, 0x0, 0x6, 0xff, 0xff,
    0xe0, 0xe, 0xff, 0xfc, 0xff, 0xf0, 0x16, 0x7,
    0xff, 0xff, 0x21, 0xff, 0xf8, 0x9, 0xff, 0x1,
    0xf6, 0x7, 0xff, 0xf5, 0x4f, 0xff, 0xd1, 0x9,
    0xf0, 0x1f, 0x70, 0x6f, 0xff, 0x86, 0xff, 0xff,
    0xd1, 0x7, 0x1, 0x70, 0x5f, 0xff, 0xf9, 0x7f,
    0xff, 0xff, 0xd1, 0x0, 0x0, 0x3f, 0xff, 0xff,
    0xa7, 0xff, 0xff, 0xff, 0xc1, 0x0, 0x2e, 0xff,
    0xff, 0xfb, 0x7f, 0xff, 0xff, 0xff, 0x30, 0x5,
    0xff, 0xff, 0xff, 0xb7, 0xff, 0xff, 0xff, 0x40,
    0x0, 0x6, 0xff, 0xff, 0xfa, 0x6f, 0xff, 0xff,
    0x40, 0x30, 0x3, 0x7, 0xff, 0xff, 0xa4, 0xff,
    0xff, 0x40, 0x4e, 0x1, 0xe2, 0x8, 0xff, 0xf8,
    0x2f, 0xff, 0x70, 0x4f, 0xf0, 0x1f, 0x90, 0x2f,
    0xff, 0x60, 0xef, 0xff, 0x7f, 0xff, 0x1, 0xb0,
    0x2e, 0xff, 0xf3, 0xa, 0xff, 0xff, 0xff, 0xf0,
    0x0, 0x2e, 0xff, 0xff, 0x0, 0x4f, 0xff, 0xff,
    0xff, 0x0, 0x2e, 0xff, 0xff, 0x90, 0x0, 0xbf,
    0xff, 0xff, 0xf0, 0x2e, 0xff, 0xff, 0xf2, 0x0,
    0x1, 0xdf, 0xff, 0xff, 0x3e, 0xff, 0xff, 0xf7,
    0x0, 0x0, 0x0, 0xaf, 0xff, 0xff, 0xff, 0xff,
    0xf7, 0x0, 0x0, 0x0, 0x0, 0x28, 0xce, 0xff,
    0xec, 0x82, 0x0, 0x0,

    /* U+F2ED "" */
    0x0, 0x0, 0x0, 0x1a, 0xcc, 0xcc, 0xca, 0x10,
    0x0, 0x0, 0x2, 0x44, 0x44, 0x49, 0xff, 0xff,
    0xff, 0xf9, 0x44, 0x44, 0x42, 0xff, 0xff, 0xff,
    0xff, 0xff, 0xff, 0xff, 0xff, 0xff, 0xff, 0xff,
    0xff, 0xff, 0xff, 0xff, 0xff, 0xff, 0xff, 0xff,
    0xff, 0xff, 0x9b, 0xbb, 0xbb, 0xbb, 0xbb, 0xbb,
    0xbb, 0xbb, 0xbb, 0xbb, 0x80, 0x0, 0x0, 0x0,
    0x0, 0x0, 0x0, 0x0, 0x0, 0x0, 0x0, 0x8,
    0xff, 0xff, 0xff, 0xff, 0xff, 0xff, 0xff, 0xff,
    0xf8, 0x0, 0x8f, 0xff, 0xff, 0xff, 0xff, 0xff,
    0xff, 0xff, 0xff, 0x80, 0x8, 0xff, 0xff, 0xff,
    0xff, 0xff, 0xff, 0xff, 0xff, 0xf8, 0x0, 0x8f,
    0xff, 0x66, 0xff, 0xd1, 0xdf, 0xf6, 0x6f, 0xff,
    0x80, 0x8, 0xff, 0xf4, 0x4f, 0xfc, 0xc, 0xff,
    0x44, 0xff, 0xf8, 0x0, 0x8f, 0xff, 0x44, 0xff,
    0xc0, 0xcf, 0xf4, 0x4f, 0xff, 0x80, 0x8, 0xff,
    0xf4, 0x4f, 0xfc, 0xc, 0xff, 0x44, 0xff, 0xf8,
    0x0, 0x8f, 0xff, 0x44, 0xff, 0xc0, 0xcf, 0xf4,
    0x4f, 0xff, 0x80, 0x8, 0xff, 0xf4, 0x4f, 0xfc,
    0xc, 0xff, 0x44, 0xff, 0xf8, 0x0, 0x8f, 0xff,
    0x44, 0xff, 0xc0, 0xcf, 0xf4, 0x4f, 0xff, 0x80,
    0x8, 0xff, 0xf4, 0x4f, 0xfc, 0xc, 0xff, 0x44,
    0xff, 0xf8, 0x0, 0x8f, 0xff, 0x44, 0xff, 0xc0,
    0xcf, 0xf4, 0x4f, 0xff, 0x80, 0x8, 0xff, 0xf4,
    0x4f, 0xfc, 0xc, 0xff, 0x44, 0xff, 0xf8, 0x0,
    0x8f, 0xff, 0x44, 0xff, 0xc0, 0xcf, 0xf4, 0x4f,
    0xff, 0x80, 0x8, 0xff, 0xf6, 0x6f, 0xfd, 0x1d,
    0xff, 0x66, 0xff, 0xf8, 0x0, 0x7f, 0xff, 0xff,
    0xff, 0xff, 0xff, 0xff, 0xff, 0xff, 0x70, 0x5,
    0xff, 0xff, 0xff, 0xff, 0xff, 0xff, 0xff, 0xff,
    0xf5, 0x0, 0x9, 0xff, 0xff, 0xff, 0xff, 0xff,
    0xff, 0xff, 0xf9, 0x0,

    /* U+F304 "" */
    0x0, 0x0, 0x0, 0x0, 0x0, 0x0, 0x0, 0x0,
    0x0, 0x6e, 0xe5, 0x0, 0x0, 0x0, 0x0, 0x0,
    0x0, 0x0, 0x0, 0x0, 0x0, 0x7f, 0xff, 0xf6,
    0x0, 0x0, 0x0, 0x0, 0x0, 0x0, 0x0, 0x0,
    0x0, 0x7f, 0xff, 0xff, 0xf6, 0x0, 0x0, 0x0,
    0x0, 0x0, 0x0, 0x0, 0x0, 0x1f, 0xff, 0xff,
    0xff, 0xf5, 0x0, 0x0, 0x0, 0x0, 0x0, 0x0,
    0x0, 0x50, 0x3f, 0xff, 0xff, 0xff, 0xe0, 0x0,
    0x0, 0x0, 0x0, 0x0, 0x0, 0x7f, 0xb0, 0x3f,
    0xff, 0xff, 0xfe, 0x0, 0x0, 0x0, 0x0, 0x0,
    0x0, 0x7f, 0xff, 0xb0, 0x3f, 0xff, 0xff, 0x60,
    0x0, 0x0, 0x0, 0x0, 0x0, 0x7f, 0xff, 0xff,
    0xb0, 0x3f, 0xff, 0x70, 0x0, 0x0, 0x0, 0x0,
    0x0, 0x7f, 0xff, 0xff, 0xff, 0xb0, 0x3f, 0x70,
    0x0, 0x0, 0x0, 0x0, 0x0, 0x7f, 0xff, 0xff,
    0xff, 0xff, 0xb0, 0x10, 0x0, 0x0, 0x0, 0x0,
    0x0, 0x7f, 0xff, 0xff, 0xff, 0xff, 0xff, 0x50,
    0x0, 0x0, 0x0, 0x0, 0x0, 0x7f, 0xff, 0xff,
    0xff, 0xff, 0xff, 0x70, 0x0, 0x0, 0x0, 0x0,
    0x0, 0x7f, 0xff, 0xff, 0xff, 0xff, 0xff, 0x70,
    0x0, 0x0, 0x0, 0x0, 0x0, 0x7f, 0xff, 0xff,
    0xff, 0xff, 0xff, 0x70, 0x0, 0x0, 0x0, 0x0,
    0x0, 0x7f, 0xff, 0xff, 0xff, 0xff, 0xff, 0x70,
    0x0, 0x0, 0x0, 0x0, 0x0, 0x7f, 0xff, 0xff,
    0xff, 0xff, 0xff, 0x70, 0x0, 0x0, 0x0, 0x0,
    0x0, 0x7f, 0xff, 0xff, 0xff, 0xff, 0xff, 0x70,
    0x0, 0x0, 0x0, 0x0, 0x0, 0x5f, 0xff, 0xff,
    0xff, 0xff, 0xff, 0x70, 0x0, 0x0, 0x0, 0x0,
    0x0, 0x8, 0xff, 0xff, 0xff, 0xff, 0xff, 0x70,
    0x0, 0x0, 0x0, 0x0, 0x0, 0x0, 0xaf, 0xff,
    0xff, 0xff, 0xff, 0x70, 0x0, 0x0, 0x0, 0x0,
    0x0, 0x0, 0xb, 0xff, 0xff, 0xff, 0xff, 0x70,
    0x0, 0x0, 0x0, 0x0, 0x0, 0x0, 0x0, 0xdf,
    0xff, 0xff, 0xff, 0x70, 0x0, 0x0, 0x0, 0x0,
    0x0, 0x0, 0x0, 0xf, 0xff, 0xff, 0xff, 0x70,
    0x0, 0x0, 0x0, 0x0, 0x0, 0x0, 0x0, 0x0,
    0xbf, 0xdb, 0xa8, 0x50, 0x0, 0x0, 0x0, 0x0,
    0x0, 0x0, 0x0, 0x0, 0x0, 0x0, 0x0, 0x0,
    0x0, 0x0, 0x0, 0x0, 0x0, 0x0, 0x0, 0x0,
    0x0,

    /* U+F55A "" */
    0x0, 0x0, 0x0, 0x2, 0xbf, 0xff, 0xff, 0xff,
    0xff, 0xff, 0xff, 0xff, 0xff, 0xfe, 0x80, 0x0,
    0x0, 0x0, 0x3e, 0xff, 0xff, 0xff, 0xff, 0xff,
    0xff, 0xff, 0xff, 0xff, 0xff, 0xf8, 0x0, 0x0,
    0x3, 0xef, 0xff, 0xff, 0xff, 0xff, 0xff, 0xff,
    0xff, 0xff, 0xff, 0xff, 0xfe, 0x0, 0x0, 0x3e,
    0xff, 0xff, 0xff, 0xff, 0xcf, 0xff, 0xff, 0xfc,
    0xff, 0xff, 0xff, 0xff, 0x0, 0x3, 0xef, 0xff,
    0xff, 0xff, 0xf7, 0x6, 0xff, 0xff, 0x60, 0x8f,
    0xff, 0xff, 0xff, 0x0, 0x3e, 0xff, 0xff, 0xff,
    0xff, 0xc0, 0x0, 0x6f, 0xf6, 0x0, 0xc, 0xff,
    0xff, 0xff, 0x3, 0xef, 0xff, 0xff, 0xff, 0xff,
    0xf6, 0x0, 0x6, 0x60, 0x0, 0x6f, 0xff, 0xff,
    0xff, 0x3f, 0xff, 0xff, 0xff, 0xff, 0xff, 0xff,
    0x60, 0x0, 0x0, 0x6, 0xff, 0xff, 0xff, 0xff,
    0xdf, 0xff, 0xff, 0xff, 0xff, 0xff, 0xff, 0xf6,
    0x0, 0x0, 0x6f, 0xff, 0xff, 0xff, 0xff, 0xdf,
    0xff, 0xff, 0xff, 0xff, 0xff, 0xff, 0xf6, 0x0,
    0x0, 0x6f, 0xff, 0xff, 0xff, 0xff, 0x3f, 0xff,
    0xff, 0xff, 0xff, 0xff, 0xff, 0x60, 0x0, 0x0,
    0x6, 0xff, 0xff, 0xff, 0xff, 0x3, 0xff, 0xff,
    0xff, 0xff, 0xff, 0xf6, 0x0, 0x6, 0x60, 0x0,
    0x6f, 0xff, 0xff, 0xff, 0x0, 0x3e, 0xff, 0xff,
    0xff, 0xff, 0xc0, 0x0, 0x6f, 0xf6, 0x0, 0xc,
    0xff, 0xff, 0xff, 0x0, 0x3, 0xef, 0xff, 0xff,
    0xff, 0xf8, 0x6, 0xff, 0xff, 0x60, 0x7f, 0xff,
    0xff, 0xff, 0x0, 0x0, 0x3e, 0xff, 0xff, 0xff,
    0xff, 0xcf, 0xff, 0xff, 0xfc, 0xff, 0xff, 0xff,
    0xff, 0x0, 0x0, 0x3, 0xef, 0xff, 0xff, 0xff,
    0xff, 0xff, 0xff, 0xff, 0xff, 0xff, 0xff, 0xfe,
    0x0, 0x0, 0x0, 0x3e, 0xff, 0xff, 0xff, 0xff,
    0xff, 0xff, 0xff, 0xff, 0xff, 0xff, 0xf8, 0x0,
    0x0, 0x0, 0x2, 0xbf, 0xff, 0xff, 0xff, 0xff,
    0xff, 0xff, 0xff, 0xff, 0xfe, 0x80,

    /* U+F7C2 "" */
    0x0, 0x0, 0x7, 0xff, 0xff, 0xff, 0xff, 0xfe,
    0x80, 0x0, 0x0, 0x7f, 0xff, 0xff, 0xff, 0xff,
    0xff, 0xf8, 0x0, 0x7, 0xff, 0xff, 0xff, 0xff,
    0xff, 0xff, 0xfe, 0x0, 0x7f, 0xf4, 0x8, 0xf0,
    0xe, 0x90, 0xf, 0xff, 0x7, 0xff, 0xf4, 0x8,
    0xf0, 0xe, 0x90, 0xf, 0xff, 0x7f, 0xff, 0xf4,
    0x8, 0xf0, 0xe, 0x90, 0xf, 0xff, 0xff, 0xff,
    0xf4, 0x8, 0xf0, 0xe, 0x90, 0xf, 0xff, 0xff,
    0xff, 0xfa, 0x8c, 0xf8, 0x8f, 0xc8, 0x8f, 0xff,
    0xff, 0xff, 0xff, 0xff, 0xff, 0xff, 0xff, 0xff,
    0xff, 0xff, 0xff, 0xff, 0xff, 0xff, 0xff, 0xff,
    0xff, 0xff, 0xff, 0xff, 0xff, 0xff, 0xff, 0xff,
    0xff, 0xff, 0xff, 0xff, 0xff, 0xff, 0xff, 0xff,
    0xff, 0xff, 0xff, 0xff, 0xff, 0xff, 0xff, 0xff,
    0xff, 0xff, 0xff, 0xff, 0xff, 0xff, 0xff, 0xff,
    0xff, 0xff, 0xff, 0xff, 0xff, 0xff, 0xff, 0xff,
    0xff, 0xff, 0xff, 0xff, 0xff, 0xff, 0xff, 0xff,
    0xff, 0xff, 0xff, 0xff, 0xff, 0xff, 0xff, 0xff,
    0xff, 0xff, 0xff, 0xff, 0xff, 0xff, 0xff, 0xff,
    0xff, 0xff, 0xff, 0xff, 0xff, 0xff, 0xff, 0xff,
    0xff, 0xff, 0xff, 0xff, 0xff, 0xff, 0xff, 0xff,
    0xff, 0xff, 0xff, 0xff, 0xff, 0xff, 0xff, 0xff,
    0xff, 0xff, 0xff, 0xff, 0xff, 0xff, 0xff, 0xff,
    0xff, 0xff, 0xff, 0xff, 0xff, 0xef, 0xff, 0xff,
    0xff, 0xff, 0xff, 0xff, 0xff, 0xfe, 0x8f, 0xff,
    0xff, 0xff, 0xff, 0xff, 0xff, 0xff, 0xf8, 0x8,
    0xef, 0xff, 0xff, 0xff, 0xff, 0xff, 0xfe, 0x80,

    /* U+F8A2 "" */
    0x0, 0x0, 0x0, 0x0, 0x0, 0x0, 0x0, 0x0,
    0x0, 0x0, 0x0, 0x2, 0x0, 0x0, 0x0, 0x0,
    0x0, 0x0, 0x0, 0x0, 0x0, 0x0, 0x0, 0x7,
    0xf1, 0x0, 0x0, 0x0, 0x0, 0x0, 0x0, 0x0,
    0x0, 0x0, 0x0, 0x7, 0xff, 0x10, 0x0, 0x0,
    0x3, 0x0, 0x0, 0x0, 0x0, 0x0, 0x0, 0x6,
    0xff, 0xf1, 0x0, 0x0, 0x1c, 0xf7, 0x0, 0x0,
    0x0, 0x0, 0x0, 0x0, 0xaf, 0xff, 0x10, 0x0,
    0x1d, 0xff, 0x90, 0x0, 0x0, 0x0, 0x0, 0x0,
    0xa, 0xff, 0xf1, 0x0, 0x2d, 0xff, 0xf9, 0x0,
    0x0, 0x0, 0x0, 0x0, 0x0, 0xaf, 0xff, 0x10,
    0x2e, 0xff, 0xff, 0xa2, 0x22, 0x22, 0x22, 0x22,
    0x22, 0x2b, 0xff, 0xf1, 0x3e, 0xff, 0xff, 0xff,
    0xff, 0xff, 0xff, 0xff, 0xff, 0xff, 0xff, 0xff,
    0x1d, 0xff, 0xff, 0xff, 0xff, 0xff, 0xff, 0xff,
    0xff, 0xff, 0xff, 0xff, 0xf1, 0x8f, 0xff, 0xff,
    0xff, 0xff, 0xff, 0xff, 0xff, 0xff, 0xff, 0xff,
    0xff, 0x0, 0x8f, 0xff, 0xff, 0xd9, 0x99, 0x99,
    0x99, 0x99, 0x99, 0x99, 0x99, 0x60, 0x0, 0x7f,
    0xff, 0xf9, 0x0, 0x0, 0x0, 0x0, 0x0, 0x0,
    0x0, 0x0, 0x0, 0x0, 0x6f, 0xff, 0x90, 0x0,
    0x0, 0x0, 0x0, 0x0, 0x0, 0x0, 0x0, 0x0,
    0x0, 0x5f, 0xf8, 0x0, 0x0, 0x0, 0x0, 0x0,
    0x0, 0x0, 0x0, 0x0, 0x0, 0x0, 0x4a, 0x20,
    0x0, 0x0, 0x0, 0x0, 0x0, 0x0, 0x0, 0x0
};


/*---------------------
 *  GLYPH DESCRIPTION
 *--------------------*/

static const lv_font_fmt_txt_glyph_dsc_t glyph_dsc[] = {
    {.bitmap_index = 0, .adv_w = 0, .box_w = 0, .box_h = 0, .ofs_x = 0, .ofs_y = 0} /* id = 0 reserved */,
    {.bitmap_index = 0, .adv_w = 132, .box_w = 4, .box_h = 18, .ofs_x = 2, .ofs_y = 0},
    {.bitmap_index = 36, .adv_w = 199, .box_w = 9, .box_h = 8, .ofs_x = 2, .ofs_y = 12},
    {.bitmap_index = 72, .adv_w = 219, .box_w = 13, .box_h = 18, .ofs_x = 0, .ofs_y = 0},
    {.bitmap_index = 189, .adv_w = 219, .box_w = 12, .box_h = 24, .ofs_x = 1, .ofs_y = -3},
    {.bitmap_index = 333, .adv_w = 361, .box_w = 22, .box_h = 18, .ofs_x = 0, .ofs_y = 0},
    {.bitmap_index = 531, .adv_w = 271, .box_w = 17, .box_h = 18, .ofs_x = 0, .ofs_y = 0},
    {.bitmap_index = 684, .adv_w = 114, .box_w = 3, .box_h = 8, .ofs_x = 2, .ofs_y = 12},
    {.bitmap_index = 696, .adv_w = 137, .box_w = 6, .box_h = 26, .ofs_x = 2, .ofs_y = -5},
    {.bitmap_index = 774, .adv_w = 137, .box_w = 6, .box_h = 26, .ofs_x = 1, .ofs_y = -5},
    {.bitmap_index = 852, .adv_w = 186, .box_w = 10, .box_h = 9, .ofs_x = 1, .ofs_y = 11},
    {.bitmap_index = 897, .adv_w = 219, .box_w = 13, .box_h = 13, .ofs_x = 0, .ofs_y = 3},
    {.bitmap_index = 982, .adv_w = 114, .box_w = 5, .box_h = 9, .ofs_x = 1, .ofs_y = -5},
    {.bitmap_index = 1005, .adv_w = 137, .box_w = 7, .box_h = 3, .ofs_x = 1, .ofs_y = 6},
    {.bitmap_index = 1016, .adv_w = 114, .box_w = 5, .box_h = 5, .ofs_x = 1, .ofs_y = 0},
    {.bitmap_index = 1029, .adv_w = 150, .box_w = 9, .box_h = 25, .ofs_x = 0, .ofs_y = -5},
    {.bitmap_index = 1142, .adv_w = 219, .box_w = 12, .box_h = 18, .ofs_x = 1, .ofs_y = 0},
    {.bitmap_index = 1250, .adv_w = 219, .box_w = 11, .box_h = 18, .ofs_x = 2, .ofs_y = 0},
    {.bitmap_index = 1349, .adv_w = 219, .box_w = 13, .box_h = 18, .ofs_x = 0, .ofs_y = 0},
    {.bitmap_index = 1466, .adv_w = 219, .box_w = 13, .box_h = 18, .ofs_x = 0, .ofs_y = 0},
    {.bitmap_index = 1583, .adv_w = 219, .box_w = 13, .box_h = 18, .ofs_x = 0, .ofs_y = 0},
    {.bitmap_index = 1700, .adv_w = 219, .box_w = 13, .box_h = 18, .ofs_x = 0, .ofs_y = 0},
    {.bitmap_index = 1817, .adv_w = 219, .box_w = 12, .box_h = 18, .ofs_x = 1, .ofs_y = 0},
    {.bitmap_index = 1925, .adv_w = 219, .box_w = 12, .box_h = 18, .ofs_x = 1, .ofs_y = 0},
    {.bitmap_index = 2033, .adv_w = 219, .box_w = 12, .box_h = 18, .ofs_x = 1, .ofs_y = 0},
    {.bitmap_index = 2141, .adv_w = 219, .box_w = 12, .box_h = 18, .ofs_x = 1, .ofs_y = 0},
    {.bitmap_index = 2249, .adv_w = 114, .box_w = 5, .box_h = 14, .ofs_x = 1, .ofs_y = 0},
    {.bitmap_index = 2284, .adv_w = 114, .box_w = 5, .box_h = 19, .ofs_x = 1, .ofs_y = -5},
    {.bitmap_index = 2332, .adv_w = 219, .box_w = 13, .box_h = 13, .ofs_x = 0, .ofs_y = 3},
    {.bitmap_index = 2417, .adv_w = 219, .box_w = 13, .box_h = 9, .ofs_x = 0, .ofs_y = 5},
    {.bitmap_index = 2476, .adv_w = 219, .box_w = 13, .box_h = 13, .ofs_x = 0, .ofs_y = 3},
    {.bitmap_index = 2561, .adv_w = 189, .box_w = 10, .box_h = 18, .ofs_x = 1, .ofs_y = 0},
    {.bitmap_index = 2651, .adv_w = 373, .box_w = 21, .box_h = 23, .ofs_x = 1, .ofs_y = -5},
    {.bitmap_index = 2893, .adv_w = 239, .box_w = 15, .box_h = 18, .ofs_x = 0, .ofs_y = 0},
    {.bitmap_index = 3028, .adv_w = 256, .box_w = 13, .box_h = 18, .ofs_x = 2, .ofs_y = 0},
    {.bitmap_index = 3145, .adv_w = 248, .box_w = 14, .box_h = 18, .ofs_x = 1, .ofs_y = 0},
    {.bitmap_index = 3271, .adv_w = 269, .box_w = 14, .box_h = 18, .ofs_x = 2, .ofs_y = 0},
    {.bitmap_index = 3397, .adv_w = 230, .box_w = 12, .box_h = 18, .ofs_x = 2, .ofs_y = 0},
    {.bitmap_index = 3505, .adv_w = 217, .box_w = 11, .box_h = 18, .ofs_x = 2, .ofs_y = 0},
    {.bitmap_index = 3604, .adv_w = 269, .box_w = 15, .box_h = 18, .ofs_x = 1, .ofs_y = 0},
    {.bitmap_index = 3739, .adv_w = 285, .box_w = 14, .box_h = 18, .ofs_x = 2, .ofs_y = 0},
    {.bitmap_index = 3865, .adv_w = 119, .box_w = 4, .box_h = 18, .ofs_x = 2, .ofs_y = 0},
    {.bitmap_index = 3901, .adv_w = 211, .box_w = 11, .box_h = 18, .ofs_x = 0, .ofs_y = 0},
    {.bitmap_index = 4000, .adv_w = 255, .box_w = 14, .box_h = 18, .ofs_x = 2, .ofs_y = 0},
    {.bitmap_index = 4126, .adv_w = 214, .box_w = 11, .box_h = 18, .ofs_x = 2, .ofs_y = 0},
    {.bitmap_index = 4225, .adv_w = 319, .box_w = 16, .box_h = 18, .ofs_x = 2, .ofs_y = 0},
    {.bitmap_index = 4369, .adv_w = 282, .box_w = 14, .box_h = 18, .ofs_x = 2, .ofs_y = 0},
    {.bitmap_index = 4495, .adv_w = 290, .box_w = 16, .box_h = 18, .ofs_x = 1, .ofs_y = 0},
    {.bitmap_index = 4639, .adv_w = 249, .box_w = 13, .box_h = 18, .ofs_x = 2, .ofs_y = 0},
    {.bitmap_index = 4756, .adv_w = 290, .box_w = 17, .box_h = 24, .ofs_x = 1, .ofs_y = -6},
    {.bitmap_index = 4960, .adv_w = 252, .box_w = 14, .box_h = 18, .ofs_x = 2, .ofs_y = 0},
    {.bitmap_index = 5086, .adv_w = 233, .box_w = 13, .box_h = 18, .ofs_x = 1, .ofs_y = 0},
    {.bitmap_index = 5203, .adv_w = 235, .box_w = 14, .box_h = 18, .ofs_x = 0, .ofs_y = 0},
    {.bitmap_index = 5329, .adv_w = 281, .box_w = 14, .box_h = 18, .ofs_x = 2, .ofs_y = 0},
    {.bitmap_index = 5455, .adv_w = 228, .box_w = 16, .box_h = 18, .ofs_x = -1, .ofs_y = 0},
    {.bitmap_index = 5599, .adv_w = 343, .box_w = 21, .box_h = 18, .ofs_x = 0, .ofs_y = 0},
    {.bitmap_index = 5788, .adv_w = 229, .box_w = 14, .box_h = 18, .ofs_x = 0, .ofs_y = 0},
    {.bitmap_index = 5914, .adv_w = 212, .box_w = 15, .box_h = 18, .ofs_x = -1, .ofs_y = 0},
    {.bitmap_index = 6049, .adv_w = 233, .box_w = 13, .box_h = 18, .ofs_x = 1, .ofs_y = 0},
    {.bitmap_index = 6166, .adv_w = 137, .box_w = 6, .box_h = 24, .ofs_x = 2, .ofs_y = -4},
    {.bitmap_index = 6238, .adv_w = 150, .box_w = 10, .box_h = 25, .ofs_x = 0, .ofs_y = -5},
    {.bitmap_index = 6363, .adv_w = 137, .box_w = 7, .box_h = 24, .ofs_x = 0, .ofs_y = -4},
    {.bitmap_index = 6447, .adv_w = 219, .box_w = 12, .box_h = 11, .ofs_x = 1, .ofs_y = 8},
    {.bitmap_index = 6513, .adv_w = 216, .box_w = 14, .box_h = 2, .ofs_x = 0, .ofs_y = -4},
    {.bitmap_index = 6527, .adv_w = 236, .box_w = 6, .box_h = 7, .ofs_x = 3, .ofs_y = 16},
    {.bitmap_index = 6548, .adv_w = 221, .box_w = 11, .box_h = 14, .ofs_x = 1, .ofs_y = 0},
    {.bitmap_index = 6625, .adv_w = 242, .box_w = 12, .box_h = 20, .ofs_x = 2, .ofs_y = 0},
    {.bitmap_index = 6745, .adv_w = 199, .box_w = 11, .box_h = 14, .ofs_x = 1, .ofs_y = 0},
    {.bitmap_index = 6822, .adv_w = 242, .box_w = 13, .box_h = 20, .ofs_x = 1, .ofs_y = 0},
    {.bitmap_index = 6952, .adv_w = 217, .box_w = 12, .box_h = 14, .ofs_x = 1, .ofs_y = 0},
    {.bitmap_index = 7036, .adv_w = 133, .box_w = 10, .box_h = 20, .ofs_x = 0, .ofs_y = 0},
    {.bitmap_index = 7136, .adv_w = 222, .box_w = 13, .box_h = 20, .ofs_x = 1, .ofs_y = -6},
    {.bitmap_index = 7266, .adv_w = 239, .box_w = 12, .box_h = 20, .ofs_x = 2, .ofs_y = 0},
    {.bitmap_index = 7386, .adv_w = 111, .box_w = 5, .box_h = 20, .ofs_x = 1, .ofs_y = 0},
    {.bitmap_index = 7436, .adv_w = 111, .box_w = 8, .box_h = 26, .ofs_x = -2, .ofs_y = -6},
    {.bitmap_index = 7540, .adv_w = 221, .box_w = 12, .box_h = 20, .ofs_x = 2, .ofs_y = 0},
    {.bitmap_index = 7660, .adv_w = 114, .box_w = 5, .box_h = 20, .ofs_x = 2, .ofs_y = 0},
    {.bitmap_index = 7710, .adv_w = 362, .box_w = 19, .box_h = 14, .ofs_x = 2, .ofs_y = 0},
    {.bitmap_index = 7843, .adv_w = 240, .box_w = 12, .box_h = 14, .ofs_x = 2, .ofs_y = 0},
    {.bitmap_index = 7927, .adv_w = 236, .box_w = 13, .box_h = 14, .ofs_x = 1, .ofs_y = 0},
    {.bitmap_index = 8018, .adv_w = 242, .box_w = 12, .box_h = 20, .ofs_x = 2, .ofs_y = -6},
    {.bitmap_index = 8138, .adv_w = 242, .box_w = 13, .box_h = 20, .ofs_x = 1, .ofs_y = -6},
    {.bitmap_index = 8268, .adv_w = 157, .box_w = 8, .box_h = 14, .ofs_x = 2, .ofs_y = 0},
    {.bitmap_index = 8324, .adv_w = 184, .box_w = 11, .box_h = 14, .ofs_x = 0, .ofs_y = 0},
    {.bitmap_index = 8401, .adv_w = 152, .box_w = 10, .box_h = 18, .ofs_x = 0, .ofs_y = 0},
    {.bitmap_index = 8491, .adv_w = 238, .box_w = 12, .box_h = 14, .ofs_x = 1, .ofs_y = 0},
    {.bitmap_index = 8575, .adv_w = 209, .box_w = 13, .box_h = 14, .ofs_x = 0, .ofs_y = 0},
    {.bitmap_index = 8666, .adv_w = 318, .box_w = 20, .box_h = 14, .ofs_x = 0, .ofs_y = 0},
    {.bitmap_index = 8806, .adv_w = 202, .box_w = 13, .box_h = 14, .ofs_x = 0, .ofs_y = 0},
    {.bitmap_index = 8897, .adv_w = 209, .box_w = 13, .box_h = 20, .ofs_x = 0, .ofs_y = -6},
    {.bitmap_index = 9027, .adv_w = 189, .box_w = 12, .box_h = 14, .ofs_x = 0, .ofs_y = 0},
    {.bitmap_index = 9111, .adv_w = 137, .box_w = 8, .box_h = 24, .ofs_x = 0, .ofs_y = -4},
    {.bitmap_index = 9207, .adv_w = 108, .box_w = 3, .box_h = 28, .ofs_x = 2, .ofs_y = -7},
    {.bitmap_index = 9249, .adv_w = 137, .box_w = 8, .box_h = 24, .ofs_x = 0, .ofs_y = -4},
    {.bitmap_index = 9345, .adv_w = 219, .box_w = 13, .box_h = 5, .ofs_x = 0, .ofs_y = 7},
    {.bitmap_index = 9378, .adv_w = 384, .box_w = 24, .box_h = 24, .ofs_x = 0, .ofs_y = -3},
    {.bitmap_index = 9666, .adv_w = 384, .box_w = 22, .box_h = 23, .ofs_x = 0, .ofs_y = -3},
    {.bitmap_index = 9919, .adv_w = 384, .box_w = 24, .box_h = 23, .ofs_x = 0, .ofs_y = -2},
    {.bitmap_index = 10195, .adv_w = 384, .box_w = 23, .box_h = 23, .ofs_x = 0, .ofs_y = -2},
    {.bitmap_index = 10460, .adv_w = 384, .box_w = 24, .box_h = 24, .ofs_x = 0, .ofs_y = -3},
    {.bitmap_index = 10748, .adv_w = 384, .box_w = 24, .box_h = 23, .ofs_x = 0, .ofs_y = -2},
    {.bitmap_index = 11024, .adv_w = 384, .box_w = 24, .box_h = 24, .ofs_x = 0, .ofs_y = -3},
    {.bitmap_index = 11312, .adv_w = 384, .box_w = 23, .box_h = 23, .ofs_x = 0, .ofs_y = -2},
    {.bitmap_index = 11577, .adv_w = 384, .box_w = 24, .box_h = 23, .ofs_x = 0, .ofs_y = -2},
    {.bitmap_index = 11853, .adv_w = 384, .box_w = 24, .box_h = 24, .ofs_x = 0, .ofs_y = -3},
    {.bitmap_index = 12141, .adv_w = 384, .box_w = 22, .box_h = 22, .ofs_x = 2, .ofs_y = -2},
    {.bitmap_index = 12383, .adv_w = 384, .box_w = 22, .box_h = 22, .ofs_x = 1, .ofs_y = -3},
    {.bitmap_index = 12625, .adv_w = 384, .box_w = 24, .box_h = 24, .ofs_x = 0, .ofs_y = -3},
    {.bitmap_index = 12913, .adv_w = 384, .box_w = 24, .box_h = 25, .ofs_x = 0, .ofs_y = -3},
    {.bitmap_index = 13213, .adv_w = 384, .box_w = 24, .box_h = 18, .ofs_x = 0, .ofs_y = 0},
    {.bitmap_index = 13429, .adv_w = 384, .box_w = 24, .box_h = 22, .ofs_x = 0, .ofs_y = -2},
    {.bitmap_index = 13693, .adv_w = 384, .box_w = 24, .box_h = 18, .ofs_x = 0, .ofs_y = 0},
    {.bitmap_index = 13909, .adv_w = 264, .box_w = 17, .box_h = 18, .ofs_x = 0, .ofs_y = 0},
    {.bitmap_index = 14062, .adv_w = 384, .box_w = 24, .box_h = 24, .ofs_x = 0, .ofs_y = -3},
    {.bitmap_index = 14350, .adv_w = 384, .box_w = 24, .box_h = 24, .ofs_x = 0, .ofs_y = -3},
    {.bitmap_index = 14638, .adv_w = 432, .box_w = 27, .box_h = 22, .ofs_x = 0, .ofs_y = -2},
    {.bitmap_index = 14935, .adv_w = 384, .box_w = 24, .box_h = 24, .ofs_x = 0, .ofs_y = -3},
    {.bitmap_index = 15223, .adv_w = 432, .box_w = 27, .box_h = 18, .ofs_x = 0, .ofs_y = 0},
    {.bitmap_index = 15466, .adv_w = 384, .box_w = 24, .box_h = 26, .ofs_x = 0, .ofs_y = -4},
    {.bitmap_index = 15778, .adv_w = 192, .box_w = 12, .box_h = 19, .ofs_x = 0, .ofs_y = -1},
    {.bitmap_index = 15892, .adv_w = 288, .box_w = 18, .box_h = 19, .ofs_x = 0, .ofs_y = -1},
    {.bitmap_index = 16063, .adv_w = 432, .box_w = 27, .box_h = 24, .ofs_x = 0, .ofs_y = -3},
    {.bitmap_index = 16387, .adv_w = 384, .box_w = 24, .box_h = 18, .ofs_x = 0, .ofs_y = 0},
    {.bitmap_index = 16603, .adv_w = 264, .box_w = 17, .box_h = 24, .ofs_x = 0, .ofs_y = -3},
    {.bitmap_index = 16807, .adv_w = 336, .box_w = 15, .box_h = 22, .ofs_x = 3, .ofs_y = -2},
    {.bitmap_index = 16972, .adv_w = 336, .box_w = 21, .box_h = 26, .ofs_x = 0, .ofs_y = -4},
    {.bitmap_index = 17245, .adv_w = 336, .box_w = 21, .box_h = 22, .ofs_x = 0, .ofs_y = -2},
    {.bitmap_index = 17476, .adv_w = 336, .box_w = 21, .box_h = 22, .ofs_x = 0, .ofs_y = -2},
    {.bitmap_index = 17707, .adv_w = 336, .box_w = 15, .box_h = 22, .ofs_x = 3, .ofs_y = -2},
    {.bitmap_index = 17872, .adv_w = 336, .box_w = 23, .box_h = 22, .ofs_x = -1, .ofs_y = -2},
    {.bitmap_index = 18125, .adv_w = 240, .box_w = 13, .box_h = 22, .ofs_x = 1, .ofs_y = -2},
    {.bitmap_index = 18268, .adv_w = 240, .box_w = 13, .box_h = 22, .ofs_x = 1, .ofs_y = -2},
    {.bitmap_index = 18411, .adv_w = 336, .box_w = 21, .box_h = 22, .ofs_x = 0, .ofs_y = -2},
    {.bitmap_index = 18642, .adv_w = 336, .box_w = 21, .box_h = 6, .ofs_x = 0, .ofs_y = 6},
    {.bitmap_index = 18705, .adv_w = 432, .box_w = 27, .box_h = 18, .ofs_x = 0, .ofs_y = 0},
    {.bitmap_index = 18948, .adv_w = 480, .box_w = 31, .box_h = 24, .ofs_x = -1, .ofs_y = -3},
    {.bitmap_index = 19320, .adv_w = 432, .box_w = 29, .box_h = 24, .ofs_x = -1, .ofs_y = -3},
    {.bitmap_index = 19668, .adv_w = 384, .box_w = 24, .box_h = 22, .ofs_x = 0, .ofs_y = -2},
    {.bitmap_index = 19932, .adv_w = 336, .box_w = 21, .box_h = 14, .ofs_x = 0, .ofs_y = 2},
    {.bitmap_index = 20079, .adv_w = 336, .box_w = 21, .box_h = 14, .ofs_x = 0, .ofs_y = 2},
    {.bitmap_index = 20226, .adv_w = 480, .box_w = 31, .box_h = 19, .ofs_x = -1, .ofs_y = -1},
    {.bitmap_index = 20521, .adv_w = 384, .box_w = 24, .box_h = 18, .ofs_x = 0, .ofs_y = 0},
    {.bitmap_index = 20737, .adv_w = 384, .box_w = 24, .box_h = 24, .ofs_x = 0, .ofs_y = -3},
    {.bitmap_index = 21025, .adv_w = 384, .box_w = 25, .box_h = 25, .ofs_x = -1, .ofs_y = -3},
    {.bitmap_index = 21338, .adv_w = 336, .box_w = 22, .box_h = 22, .ofs_x = 0, .ofs_y = -2},
    {.bitmap_index = 21580, .adv_w = 336, .box_w = 21, .box_h = 24, .ofs_x = 0, .ofs_y = -3},
    {.bitmap_index = 21832, .adv_w = 336, .box_w = 21, .box_h = 22, .ofs_x = 0, .ofs_y = -2},
    {.bitmap_index = 22063, .adv_w = 336, .box_w = 21, .box_h = 20, .ofs_x = 0, .ofs_y = -1},
    {.bitmap_index = 22273, .adv_w = 384, .box_w = 24, .box_h = 18, .ofs_x = 0, .ofs_y = 0},
    {.bitmap_index = 22489, .adv_w = 240, .box_w = 17, .box_h = 24, .ofs_x = -1, .ofs_y = -3},
    {.bitmap_index = 22693, .adv_w = 336, .box_w = 21, .box_h = 24, .ofs_x = 0, .ofs_y = -3},
    {.bitmap_index = 22945, .adv_w = 336, .box_w = 21, .box_h = 24, .ofs_x = 0, .ofs_y = -3},
    {.bitmap_index = 23197, .adv_w = 432, .box_w = 27, .box_h = 18, .ofs_x = 0, .ofs_y = 0},
    {.bitmap_index = 23440, .adv_w = 384, .box_w = 26, .box_h = 26, .ofs_x = -1, .ofs_y = -4},
    {.bitmap_index = 23778, .adv_w = 288, .box_w = 18, .box_h = 24, .ofs_x = 0, .ofs_y = -3},
    {.bitmap_index = 23994, .adv_w = 480, .box_w = 30, .box_h = 23, .ofs_x = 0, .ofs_y = -2},
    {.bitmap_index = 24339, .adv_w = 480, .box_w = 30, .box_h = 16, .ofs_x = 0, .ofs_y = 1},
    {.bitmap_index = 24579, .adv_w = 480, .box_w = 30, .box_h = 16, .ofs_x = 0, .ofs_y = 1},
    {.bitmap_index = 24819, .adv_w = 480, .box_w = 30, .box_h = 16, .ofs_x = 0, .ofs_y = 1},
    {.bitmap_index = 25059, .adv_w = 480, .box_w = 30, .box_h = 16, .ofs_x = 0, .ofs_y = 1},
    {.bitmap_index = 25299, .adv_w = 480, .box_w = 30, .box_h = 16, .ofs_x = 0, .ofs_y = 1},
    {.bitmap_index = 25539, .adv_w = 480, .box_w = 31, .box_h = 20, .ofs_x = 0, .ofs_y = -1},
    {.bitmap_index = 25849, .adv_w = 336, .box_w = 19, .box_h = 24, .ofs_x = 1, .ofs_y = -3},
    {.bitmap_index = 26077, .adv_w = 336, .box_w = 21, .box_h = 24, .ofs_x = 0, .ofs_y = -3},
    {.bitmap_index = 26329, .adv_w = 384, .box_w = 25, .box_h = 25, .ofs_x = -1, .ofs_y = -4},
    {.bitmap_index = 26642, .adv_w = 480, .box_w = 30, .box_h = 18, .ofs_x = 0, .ofs_y = 0},
    {.bitmap_index = 26912, .adv_w = 288, .box_w = 18, .box_h = 24, .ofs_x = 0, .ofs_y = -3},
    {.bitmap_index = 27128, .adv_w = 386, .box_w = 25, .box_h = 16, .ofs_x = 0, .ofs_y = 1}
};

/*---------------------
 *  CHARACTER MAPPING
 *--------------------*/

static const uint16_t unicode_list_1[] = {
    0x0, 0x479, 0x652, 0x743, 0xc4a, 0xdc7, 0xe08, 0xf4a,
    0x11bd, 0x131e, 0x1bd0, 0x301a, 0x3669, 0x969c, 0x96a3, 0x96a6,
    0x96a7, 0x96a8, 0x96ac, 0x96ae, 0x96b0, 0x96b4, 0x96b7, 0x96bc,
    0x96c1, 0x96c2, 0x96c3, 0x96d9, 0x96de, 0x96e3, 0x96e6, 0x96e7,
    0x96e8, 0x96ec, 0x96ed, 0x96ee, 0x96ef, 0x9702, 0x9703, 0x9709,
    0x970b, 0x970c, 0x970f, 0x9712, 0x9713, 0x9714, 0x9716, 0x972e,
    0x9730, 0x975f, 0x9760, 0x9762, 0x9764, 0x977b, 0x9782, 0x9785,
    0x978e, 0x97b7, 0x97bf, 0x97f6, 0x9886, 0x98db, 0x98dc, 0x98dd,
    0x98de, 0x98df, 0x9922, 0x992e, 0x9988, 0x999f, 0x9bf5, 0x9e5d,
    0x9f3d
};

/*Collect the unicode lists and glyph_id offsets*/
static const lv_font_fmt_txt_cmap_t cmaps[] =
{
    {
        .range_start = 33, .range_length = 94, .glyph_id_start = 1,
        .unicode_list = NULL, .glyph_id_ofs_list = NULL, .list_length = 0, .type = LV_FONT_FMT_TXT_CMAP_FORMAT0_TINY
    },
    {
        .range_start = 22885, .range_length = 40766, .glyph_id_start = 95,
        .unicode_list = unicode_list_1, .glyph_id_ofs_list = NULL, .list_length = 73, .type = LV_FONT_FMT_TXT_CMAP_SPARSE_TINY
    }
};

/*-----------------
 *    KERNING
 *----------------*/


/*Map glyph_ids to kern left classes*/
static const uint8_t kern_left_class_mapping[] =
{
    0, 0, 1, 0, 0, 0, 0, 1,
    2, 0, 0, 0, 3, 4, 3, 5,
    0, 0, 0, 0, 0, 0, 0, 0,
    0, 0, 6, 6, 0, 0, 0, 0,
    0, 7, 8, 9, 10, 11, 12, 13,
    0, 0, 14, 15, 16, 0, 0, 10,
    17, 10, 18, 19, 20, 21, 22, 23,
    24, 25, 26, 2, 27, 0, 0, 0,
    0, 28, 29, 30, 0, 31, 32, 33,
    34, 0, 0, 35, 36, 34, 34, 29,
    29, 37, 38, 39, 40, 37, 41, 42,
    43, 44, 45, 2, 0, 0, 0, 0,
    0, 0, 0, 0, 0, 0, 0, 0,
    0, 0, 0, 0, 0, 0, 0, 0,
    0, 0, 0, 0, 0, 0, 0, 0,
    0, 0, 0, 0, 0, 0, 0, 0,
    0, 0, 0, 0, 0, 0, 0, 0,
    0, 0, 0, 0, 0, 0, 0, 0,
    0, 0, 0, 0, 0, 0, 0, 0,
    0, 0, 0, 0, 0, 0, 0, 0,
    0, 0, 0, 0, 0, 0, 0, 0
};

/*Map glyph_ids to kern right classes*/
static const uint8_t kern_right_class_mapping[] =
{
    0, 1, 2, 0, 0, 0, 0, 2,
    0, 3, 4, 0, 5, 6, 7, 8,
    0, 0, 0, 0, 0, 0, 0, 0,
    0, 0, 9, 10, 0, 0, 0, 11,
    0, 12, 0, 13, 0, 0, 0, 13,
    0, 0, 14, 0, 0, 0, 0, 13,
    0, 13, 0, 15, 16, 17, 18, 19,
    20, 21, 22, 0, 23, 3, 0, 0,
    0, 24, 0, 25, 25, 25, 26, 27,
    0, 28, 29, 0, 0, 30, 30, 25,
    30, 25, 30, 31, 32, 33, 34, 35,
    36, 37, 38, 0, 0, 3, 0, 0,
    0, 0, 0, 0, 0, 0, 0, 0,
    0, 0, 0, 0, 0, 0, 0, 0,
    0, 0, 0, 0, 0, 0, 0, 0,
    0, 0, 0, 0, 0, 0, 0, 0,
    0, 0, 0, 0, 0, 0, 0, 0,
    0, 0, 0, 0, 0, 0, 0, 0,
    0, 0, 0, 0, 0, 0, 0, 0,
    0, 0, 0, 0, 0, 0, 0, 0,
    0, 0, 0, 0, 0, 0, 0, 0
};

/*Kern values between classes*/
static const int8_t kern_class_values[] =
{
    0, 0, 0, 0, -52, 0, -52, 0,
    0, 0, 0, -26, 0, -43, -4, 0,
    0, 0, 0, -4, 0, 0, 0, 0,
    -11, 0, 0, 0, 0, 0, -8, 0,
    0, 0, 0, 0, 0, 0, 0, 0,
    0, 0, 0, 0, 0, 0, 0, 0,
    0, 0, 0, -8, 0, 0, 0, 0,
    0, 0, 0, 0, 0, 0, 0, 0,
    0, 0, 35, 0, 0, 0, 0, 0,
    0, 0, 0, 0, 0, -46, 0, -64,
    0, 0, 0, 0, 0, 0, 0, 0,
    0, 0, 0, -43, -10, -30, -15, 0,
    -43, 0, 0, 0, -5, 0, 0, 0,
    13, 0, 0, -22, 0, -18, -11, 0,
    -8, 0, 0, 0, 0, 0, 0, 0,
    0, 0, 0, 0, 0, 0, 0, -8,
    -9, -22, 0, -8, -4, -13, -30, -8,
    0, 0, 0, 0, 0, 0, 0, 0,
    0, -11, 0, -4, 0, -7, 0, 0,
    0, 0, 0, 0, 0, 0, 0, 0,
    0, 0, 0, -17, -4, -34, 0, 0,
    0, 0, 0, 0, 0, 0, 0, -11,
    -11, 0, -4, 8, 8, 0, 0, 2,
    -8, 0, 0, 0, 0, 0, 0, 0,
    0, -18, 0, 0, 0, 0, 0, 0,
    0, 0, 0, 0, 0, 0, 0, 0,
    0, 0, -13, 0, 0, 0, 0, 0,
    0, 0, 2, 0, 0, 0, 0, 0,
    0, 0, 0, 0, 0, -26, 0, -39,
    0, 0, 0, 0, 0, 0, -13, -2,
    -4, 0, 0, -26, -6, -7, 0, 0,
    -7, -3, -17, 9, 0, -4, 0, 0,
    0, 0, 9, -7, -2, -4, -2, -2,
    -4, 0, 0, 0, 0, -13, 0, 0,
    0, 0, 0, 0, 0, 0, 0, -7,
    -7, -11, 0, -3, -2, -2, -7, -2,
    0, 0, 0, 0, 0, 0, 0, 0,
    0, -4, 0, -7, -4, -4, -7, 0,
    0, 0, 0, 0, 0, -13, 0, 0,
    0, 0, 0, 0, -13, -4, -11, -7,
    -7, -2, -2, -2, -4, -4, 0, 0,
    0, 0, -8, 0, 0, 0, 0, -13,
    -4, -7, -4, 0, -7, 0, 0, 0,
    0, -13, 0, 0, 0, -7, 0, 0,
    0, -4, 0, -19, 0, -11, 0, -4,
    -2, -9, -8, -8, 0, 0, 0, 0,
    0, 0, 0, 0, 0, 0, 0, 0,
    0, -7, 0, -4, 0, 0, 0, 0,
    0, 0, 0, 0, 0, 0, 0, 0,
    0, 0, 0, 0, 0, 0, 0, 0,
    0, 0, 0, 0, -4, 0, 0, 0,
    0, 0, 0, -11, 0, -4, 0, -15,
    -4, 0, 0, 0, 0, 0, -34, 0,
    -34, -27, 0, 0, 0, -16, -4, -59,
    -10, 0, 0, 0, 0, -11, -1, -13,
    0, -15, -7, 0, -11, 0, 0, -8,
    -10, -4, -7, -10, -8, -13, -8, -16,
    0, 0, 0, -11, 0, 0, 0, 0,
    0, 0, 0, -2, 0, 0, 0, -8,
    0, -7, -2, 0, 0, 0, 0, 0,
    0, 0, 0, 0, 0, 0, 0, 0,
    0, 0, 0, 0, 0, 0, 0, 0,
    0, 0, -11, 0, -11, 0, 0, 0,
    0, 0, 0, -17, 0, 0, 0, 0,
    0, 0, 0, 0, 0, 0, 0, 0,
    0, 0, 0, 0, 0, 0, 0, 0,
    0, 0, 0, 0, 0, -11, 0, -17,
    0, -16, 0, 0, 0, 0, -4, -4,
    -10, 0, -5, -9, -7, -6, -4, 0,
    -8, 0, 0, 0, -4, 0, 0, 0,
    -4, 0, 0, -17, -6, -10, -8, -8,
    -10, -7, 0, -45, 0, -68, 0, -22,
    0, 0, 0, 0, -16, 0, -13, 0,
    -10, -52, -13, -33, -25, 0, -34, 0,
    -34, 0, -5, -7, -2, 0, 0, 0,
    0, -10, -4, -18, -15, 0, -18, 0,
    0, 0, 0, 0, -51, -13, -51, -29,
    0, 0, 0, -22, 0, -63, -4, -9,
    0, 0, 0, -11, -4, -30, 0, -17,
    -10, 0, -11, 0, 0, 0, -4, 0,
    0, 0, 0, -7, 0, -8, 0, 0,
    0, -4, 0, -13, 0, 0, 0, 0,
    0, -2, 0, -7, -6, -7, 0, 0,
    2, -2, -2, -4, 0, -2, -4, 0,
    -2, 0, 0, 0, 0, 0, 0, 0,
    0, -4, 0, -4, 0, 0, 0, -7,
    0, 7, 0, 0, 0, 0, 0, 0,
    0, -7, -7, -8, 0, 0, 0, 0,
    -7, 0, 0, 0, 0, 0, 0, 0,
    0, 0, 0, -11, 0, 0, 0, 0,
    0, -2, 0, 0, 0, 0, -47, -30,
    -47, -36, -8, -8, 0, -17, -11, -54,
    -15, 0, 0, 0, 0, -8, -7, -22,
    0, -30, -30, -7, -30, 0, 0, -19,
    -25, -7, -19, -13, -13, -15, -13, -31,
    0, 0, 0, 0, -8, 0, -8, -11,
    0, 0, 0, -7, 0, -22, -4, 0,
    0, -2, 0, -4, -7, 0, 0, -2,
    0, 0, -4, 0, 0, 0, -2, 0,
    0, 0, 0, -4, 0, 0, 0, 0,
    0, 0, -30, -8, -30, -18, 0, 0,
    0, -7, -4, -30, -4, 0, -4, 4,
    0, 0, 0, -8, 0, -11, -7, 0,
    -9, 0, 0, -8, -6, 0, -13, -4,
    -4, -7, -4, -10, 0, 0, 0, 0,
    -15, -4, -15, -10, 0, 0, 0, 0,
    -2, -26, -2, 0, 0, 0, 0, 0,
    0, -2, 0, -7, 0, 0, -4, 0,
    0, 0, 0, 0, 0, 0, 0, 0,
    0, -4, 0, -4, 0, -4, 0, -13,
    0, 0, 0, 0, 0, 0, -9, -2,
    -7, -8, -4, 0, 0, 0, 0, 0,
    0, -4, -4, -8, 0, 0, 0, 0,
    0, -8, -4, -8, -7, -4, -8, -7,
    0, 0, 0, 0, -42, -30, -42, -26,
    -12, -12, -4, -7, -7, -43, -7, -7,
    -4, 0, 0, 0, 0, -11, 0, -30,
    -19, 0, -26, 0, 0, -17, -19, -15,
    -15, -7, -11, -15, -7, -22, 0, 0,
    0, 0, 0, -13, 0, 0, 0, 0,
    0, -2, -8, -13, -13, 0, -4, -2,
    -2, 0, -7, -7, 0, -7, -8, -8,
    -6, 0, 0, 0, 0, -7, -9, -7,
    -7, -11, -7, 0, 0, 0, 0, 0,
    0, 0, 0, 0, 0, 0, 0, 0,
    0, 0, 0, -34, -11, -22, -11, 0,
    -30, 0, 0, 0, 0, 0, 13, 0,
    30, 0, 0, 0, 0, -8, -4, 0,
    4, 0, 0, 0, 0, -22, 0, 0,
    0, 0, 0, 0, -8, 0, 0, 0,
    0, -11, 0, -8, -2, 0, -11, 0,
    0, 0, 0, 0, 0, 0, 0, 0,
    0, -7, 0, 0, 0, 0, 0, 0,
    0, -11, 0, -8, -4, 2, -4, 0,
    0, 0, -8, 0, 0, 0, 0, -25,
    0, -8, 0, -2, -21, 0, -13, -6,
    0, -1, 0, 0, 0, 0, -1, -9,
    0, -2, -2, -9, -2, -3, 0, 0,
    0, 0, 0, -10, 0, 0, 0, 0,
    0, 0, 0, 0, 0, -8, 0, -7,
    0, 0, -11, 0, 0, -4, -10, 0,
    -4, 0, 0, 0, 0, -4, 0, 2,
    2, 2, 2, 0, 0, 0, 0, -13,
    0, 4, 0, 0, 0, 0, -4, 0,
    0, -8, -8, -11, 0, -8, -4, 0,
    -13, 0, -10, -6, 0, -1, -4, 0,
    0, 0, 0, -4, 0, 0, 0, -4,
    0, 0, 5, 17, 20, 0, -23, -7,
    -23, -5, 0, 0, 11, 0, 0, 0,
    0, 20, 0, 28, 20, 13, 24, 0,
    23, -8, -4, 0, -6, 0, -4, 0,
    -2, 0, 0, 4, 0, -2, 0, -7,
    0, 0, 5, -13, 0, 0, 0, 18,
    0, 0, -17, 0, 0, 0, 0, -13,
    0, 0, 0, 0, -7, 0, 0, -7,
    -7, 0, 0, 0, 17, 0, 0, 0,
    0, -2, -2, 0, 5, -7, 0, 0,
    0, -13, 0, 0, 0, 0, 0, 0,
    -4, 0, 0, 0, 0, -11, 0, -4,
    0, 0, -8, 0, 0, 0, 0, 0,
    0, 0, 0, 0, 0, 0, 0, 0,
    0, 0, 0, 0, 0, 0, 0, -9,
    4, -25, 4, 0, 4, 4, -8, 0,
    0, 0, 0, -17, 0, 0, 0, 0,
    -6, 0, 0, -4, -9, 0, -4, 0,
    -4, 0, 0, -11, -7, 0, 0, -4,
    0, -4, 0, 0, 0, 0, 0, 0,
    0, 0, 0, 0, 0, 0, 0, 0,
    0, 0, 0, 0, 0, 0, 0, 0,
    0, 0, 0, 0, 0, 0, 4, 0,
    0, 0, 0, 0, 0, 0, 0, 0,
    0, 0, 0, -9, 0, 0, 0, 0,
    0, 0, 0, 0, 0, 0, 0, -8,
    0, -7, 0, 0, -13, 0, 0, 0,
    0, 0, 0, 0, 0, 0, 0, 0,
    0, 0, 0, 0, 0, 0, 0, 0,
    0, 0, -29, -11, -29, -13, 8, 8,
    0, -7, 0, -26, 0, 0, 0, 0,
    0, 0, 0, -4, 4, -11, -4, 0,
    -4, 0, 0, 0, -2, 0, 0, 8,
    7, 0, 8, -2, 0, 0, 0, -18,
    0, 4, 0, 0, 0, 0, -7, 0,
    0, 0, 0, -11, 0, -4, 0, 0,
    -8, 0, 0, 0, 0, 0, 0, 0,
    0, 0, 0, -8, 0, 0, 0, 0,
    0, 0, 0, 0, 0, 0, 0, -13,
    0, 2, 5, 5, -13, 0, 0, 0,
    0, -7, 0, 0, 0, 0, -2, 0,
    0, -9, -7, 0, -4, 0, 0, 0,
    -4, -8, 0, 0, 0, -7, 0, 0,
    0, 0, 0, -5, -18, -4, -18, -8,
    0, 0, 0, -5, 0, -17, 0, -8,
    0, -4, 0, 0, -7, -4, 0, -8,
    -2, 0, 0, 0, -4, 0, 0, 0,
    0, 0, 0, 0, 0, -11, 0, 0,
    0, -5, -23, 0, -23, -3, 0, 0,
    0, -2, 0, -13, 0, -11, 0, -4,
    0, -7, -11, 0, 0, -4, -2, 0,
    0, 0, -4, 0, 0, 0, 0, 0,
    0, 0, 0, -9, -7, 0, 0, -10,
    4, -7, -4, 0, 0, 4, 0, 0,
    -4, 0, -2, -13, 0, -7, 0, -4,
    -15, 0, 0, -4, -9, 0, 0, 0,
    0, 0, 0, -11, 0, 0, 0, 0,
    -2, 0, 0, 0, 0, 0, -18, 0,
    -18, -5, 0, 0, 0, 0, 0, -17,
    0, -8, 0, -2, 0, -2, -4, 0,
    0, -8, -2, 0, 0, 0, -4, 0,
    0, 0, 0, 0, 0, -7, 0, -11,
    0, 0, 0, 0, 0, -8, 0, 0,
    0, 0, 0, 0, 0, 0, 0, -11,
    0, 0, 0, 0, -11, 0, 0, -9,
    -4, 0, -2, 0, 0, 0, 0, 0,
    -4, -2, 0, 0, -2, 0
};


/*Collect the kern class' data in one place*/
static const lv_font_fmt_txt_kern_classes_t kern_classes =
{
    .class_pair_values   = kern_class_values,
    .left_class_mapping  = kern_left_class_mapping,
    .right_class_mapping = kern_right_class_mapping,
    .left_class_cnt      = 45,
    .right_class_cnt     = 38,
};

/*--------------------
 *  ALL CUSTOM DATA
 *--------------------*/

#if LVGL_VERSION_MAJOR == 8
/*Store all the custom data of the font*/
static  lv_font_fmt_txt_glyph_cache_t cache;
#endif

#if LVGL_VERSION_MAJOR >= 8
static const lv_font_fmt_txt_dsc_t font_dsc = {
#else
static lv_font_fmt_txt_dsc_t font_dsc = {
#endif
    .glyph_bitmap = glyph_bitmap,
    .glyph_dsc = glyph_dsc,
    .cmaps = cmaps,
    .kern_dsc = &kern_classes,
    .kern_scale = 16,
    .cmap_num = 2,
    .bpp = 4,
    .kern_classes = 1,
    .bitmap_format = 0,
#if LVGL_VERSION_MAJOR == 8
    .cache = &cache
#endif
};



/*-----------------
 *  PUBLIC FONT
 *----------------*/

/*Initialize a public general font descriptor*/
#if LVGL_VERSION_MAJOR >= 8
const lv_font_t lv_font_medium_24 = {
#else
lv_font_t lv_font_medium_24 = {
#endif
    .get_glyph_dsc = lv_font_get_glyph_dsc_fmt_txt,    /*Function pointer to get glyph's data*/
    .get_glyph_bitmap = lv_font_get_bitmap_fmt_txt,    /*Function pointer to get glyph's bitmap*/
    .line_height = 30,          /*The maximum line height required by the font*/
    .base_line = 7,             /*Baseline measured from the bottom of the line*/
#if !(LVGL_VERSION_MAJOR == 6 && LVGL_VERSION_MINOR == 0)
    .subpx = LV_FONT_SUBPX_NONE,
#endif
#if LV_VERSION_CHECK(7, 4, 0) || LVGL_VERSION_MAJOR >= 8
    .underline_position = -4,
    .underline_thickness = 1,
#endif
    .dsc = &font_dsc,          /*The custom font data. Will be accessed by `get_glyph_bitmap/dsc` */
#if LV_VERSION_CHECK(8, 2, 0) || LVGL_VERSION_MAJOR >= 9
    .fallback = NULL,
#endif
    .user_data = NULL,
};



#endif /*#if LV_FONT_MEDIUM_24*/

