/*******************************************************************************
 * Size: 22 px
 * Bpp: 4
 * Opts: undefined
 ******************************************************************************/

#ifdef LV_LVGL_H_INCLUDE_SIMPLE
#include "lvgl.h"
#else
#include "lvgl.h"
#endif

#ifndef LV_FONT_DENGB_22
#define LV_FONT_DENGB_22 1
#endif

#if LV_FONT_DENGB_22

/*-----------------
 *    BITMAPS
 *----------------*/

/*Store the image of the glyphs*/
static LV_ATTRIBUTE_LARGE_CONST const uint8_t glyph_bitmap[] = {
    /* U+0020 " " */

    /* U+0021 "!" */
    0xff, 0xae, 0xf9, 0xef, 0x9e, 0xf8, 0xdf, 0x8d,
    0xf8, 0xcf, 0x7c, 0xf7, 0xbf, 0x6b, 0xf6, 0xbf,
    0x54, 0x62, 0x0, 0xa, 0xa6, 0xff, 0x9f, 0xf9,

    /* U+0022 "\"" */
    0x8f, 0xe0, 0x4f, 0xf2, 0x7f, 0xd0, 0x3f, 0xf1,
    0x6f, 0xc0, 0x2f, 0xf0, 0x5f, 0xb0, 0x1f, 0xf0,
    0x4e, 0x90, 0xe, 0xd0,

    /* U+0023 "#" */
    0x0, 0x0, 0x6f, 0x0, 0x5, 0xf1, 0x0, 0x0,
    0x9, 0xc0, 0x0, 0x9d, 0x0, 0x0, 0x0, 0xd9,
    0x0, 0xd, 0x90, 0x0, 0x0, 0x1f, 0x50, 0x0,
    0xf6, 0x0, 0x2f, 0xff, 0xff, 0xff, 0xff, 0xff,
    0x81, 0x77, 0xbf, 0x77, 0x7b, 0xf7, 0x73, 0x0,
    0xa, 0xc0, 0x0, 0xac, 0x0, 0x0, 0x0, 0xd9,
    0x0, 0xd, 0x90, 0x0, 0x0, 0xf, 0x60, 0x0,
    0xf6, 0x0, 0x1, 0x24, 0xf4, 0x22, 0x4f, 0x52,
    0x10, 0xbf, 0xff, 0xff, 0xff, 0xff, 0xff, 0x3,
    0x5c, 0xd5, 0x55, 0xbd, 0x55, 0x40, 0x0, 0xd9,
    0x0, 0xc, 0xa0, 0x0, 0x0, 0xf, 0x60, 0x0,
    0xf7, 0x0, 0x0, 0x3, 0xf3, 0x0, 0x2f, 0x30,
    0x0, 0x0, 0x6f, 0x0, 0x5, 0xf0, 0x0, 0x0,

    /* U+0024 "$" */
    0x0, 0x0, 0x7, 0xe0, 0x0, 0x0, 0x0, 0x19,
    0xef, 0xfe, 0xc4, 0x0, 0x1, 0xef, 0xfe, 0xff,
    0xff, 0x50, 0x8, 0xfe, 0x27, 0xe0, 0xcf, 0xe0,
    0xb, 0xf9, 0x7, 0xe0, 0x3f, 0xe2, 0xb, 0xf9,
    0x7, 0xe0, 0x1, 0x0, 0x9, 0xfe, 0x17, 0xe0,
    0x0, 0x0, 0x2, 0xff, 0xec, 0xf1, 0x0, 0x0,
    0x0, 0x5e, 0xff, 0xff, 0xb4, 0x0, 0x0, 0x0,
    0x6c, 0xff, 0xff, 0x70, 0x0, 0x0, 0x7, 0xe3,
    0xcf, 0xf2, 0x0, 0x0, 0x7, 0xe0, 0xe, 0xf6,
    0x15, 0x80, 0x7, 0xe0, 0xc, 0xf8, 0x3f, 0xf3,
    0x7, 0xe0, 0xd, 0xf7, 0xd, 0xfc, 0x27, 0xe0,
    0x6f, 0xf3, 0x3, 0xff, 0xff, 0xff, 0xff, 0x90,
    0x0, 0x2a, 0xef, 0xff, 0xc6, 0x0, 0x0, 0x0,
    0x7, 0xe0, 0x0, 0x0, 0x0, 0x0, 0x6, 0xe0,
    0x0, 0x0,

    /* U+0025 "%" */
    0x8, 0xf8, 0x0, 0x8, 0xb0, 0x3, 0xf9, 0xf3,
    0x0, 0xd5, 0x0, 0x7f, 0xe, 0x70, 0x3f, 0x0,
    0x9, 0xd0, 0xd9, 0x9, 0xa0, 0x0, 0xad, 0xd,
    0xa0, 0xe5, 0x0, 0xa, 0xd0, 0xda, 0x4f, 0x0,
    0x0, 0x9e, 0xd, 0x99, 0x98, 0xf8, 0x7, 0xf0,
    0xf7, 0xe7, 0xfb, 0xf3, 0x2f, 0xcf, 0x7e, 0x7f,
    0xf, 0x70, 0x8f, 0x8a, 0x99, 0xd0, 0xd9, 0x0,
    0x0, 0xf3, 0xad, 0xd, 0xa0, 0x0, 0x5e, 0xa,
    0xd0, 0xda, 0x0, 0xb, 0x80, 0x9d, 0xd, 0x90,
    0x1, 0xf2, 0x7, 0xe0, 0xf6, 0x0, 0x6d, 0x0,
    0x2f, 0x9f, 0x20, 0xb, 0x70, 0x0, 0x8f, 0x80,

    /* U+0026 "&" */
    0x0, 0x0, 0x2a, 0xef, 0xd8, 0x0, 0x0, 0x0,
    0x0, 0x3, 0xff, 0xdb, 0xff, 0xb0, 0x0, 0x0,
    0x0, 0xa, 0xfb, 0x0, 0x4f, 0xf2, 0x0, 0x0,
    0x0, 0xc, 0xf7, 0x0, 0x1f, 0xf3, 0x0, 0x0,
    0x0, 0xb, 0xf9, 0x0, 0x6f, 0xf1, 0x0, 0x0,
    0x0, 0x6, 0xff, 0x18, 0xff, 0x60, 0x0, 0x0,
    0x0, 0x0, 0xef, 0xff, 0xe5, 0x0, 0x0, 0x0,
    0x0, 0x3b, 0xff, 0xfa, 0x0, 0x0, 0x5d, 0x90,
    0x5, 0xff, 0xdb, 0xfe, 0x10, 0x0, 0xbf, 0x90,
    0x1f, 0xf9, 0x0, 0xdf, 0xc0, 0x1, 0xff, 0x40,
    0x7f, 0xf0, 0x0, 0x2e, 0xfb, 0x8, 0xfd, 0x0,
    0x9f, 0xd0, 0x0, 0x3, 0xff, 0xcf, 0xf5, 0x0,
    0x8f, 0xf1, 0x0, 0x0, 0x3f, 0xff, 0xb0, 0x0,
    0x3f, 0xfc, 0x41, 0x25, 0xbf, 0xff, 0xf7, 0x12,
    0x9, 0xff, 0xff, 0xff, 0xff, 0x8d, 0xff, 0xff,
    0x0, 0x5b, 0xff, 0xec, 0x82, 0x0, 0x8d, 0xfe,

    /* U+0027 "'" */
    0x5f, 0xf0, 0x5f, 0xf0, 0x4f, 0xe0, 0x3f, 0xe0,
    0x2e, 0xc0,

    /* U+0028 "(" */
    0x0, 0x0, 0xcf, 0x90, 0x0, 0x6f, 0xe0, 0x0,
    0x1f, 0xf5, 0x0, 0x8, 0xfd, 0x0, 0x0, 0xef,
    0x60, 0x0, 0x5f, 0xf1, 0x0, 0x9, 0xfc, 0x0,
    0x0, 0xcf, 0x90, 0x0, 0xe, 0xf7, 0x0, 0x0,
    0xff, 0x60, 0x0, 0xf, 0xf5, 0x0, 0x0, 0xff,
    0x60, 0x0, 0xe, 0xf7, 0x0, 0x0, 0xcf, 0x90,
    0x0, 0x8, 0xfc, 0x0, 0x0, 0x4f, 0xf0, 0x0,
    0x0, 0xff, 0x60, 0x0, 0x8, 0xfd, 0x0, 0x0,
    0x1f, 0xf5, 0x0, 0x0, 0x7f, 0xe0, 0x0, 0x0,
    0xcf, 0x90,

    /* U+0029 ")" */
    0x4f, 0xf2, 0x0, 0x0, 0xaf, 0xb0, 0x0, 0x1,
    0xff, 0x50, 0x0, 0x8, 0xfd, 0x0, 0x0, 0x1f,
    0xf4, 0x0, 0x0, 0xcf, 0x90, 0x0, 0x8, 0xfd,
    0x0, 0x0, 0x4f, 0xf1, 0x0, 0x2, 0xff, 0x20,
    0x0, 0x1f, 0xf3, 0x0, 0x0, 0xff, 0x40, 0x0,
    0x1f, 0xf3, 0x0, 0x2, 0xff, 0x20, 0x0, 0x4f,
    0xf1, 0x0, 0x8, 0xfd, 0x0, 0x0, 0xcf, 0x90,
    0x0, 0x1f, 0xf4, 0x0, 0x8, 0xfd, 0x0, 0x1,
    0xff, 0x50, 0x0, 0x9f, 0xc0, 0x0, 0x4f, 0xf2,
    0x0, 0x0,

    /* U+002A "*" */
    0x0, 0x1, 0xfa, 0x0, 0x0, 0x0, 0x0, 0xf9,
    0x0, 0x0, 0x18, 0x20, 0xf8, 0x5, 0x70, 0x7f,
    0xfb, 0xfc, 0xef, 0xf0, 0x15, 0x9e, 0xff, 0xb7,
    0x30, 0x0, 0xd, 0xef, 0x60, 0x0, 0x0, 0xaf,
    0x3b, 0xf2, 0x0, 0x5, 0xfb, 0x3, 0xfc, 0x0,
    0x0, 0x62, 0x0, 0x72, 0x0,

    /* U+002B "+" */
    0x0, 0x0, 0x5d, 0x80, 0x0, 0x0, 0x0, 0x0,
    0x6f, 0xa0, 0x0, 0x0, 0x0, 0x0, 0x6f, 0xa0,
    0x0, 0x0, 0x0, 0x0, 0x6f, 0xa0, 0x0, 0x0,
    0x0, 0x0, 0x6f, 0xa0, 0x0, 0x0, 0xef, 0xff,
    0xff, 0xff, 0xff, 0xf2, 0xef, 0xff, 0xff, 0xff,
    0xff, 0xf2, 0x11, 0x11, 0x6f, 0xa1, 0x11, 0x10,
    0x0, 0x0, 0x6f, 0xa0, 0x0, 0x0, 0x0, 0x0,
    0x6f, 0xa0, 0x0, 0x0, 0x0, 0x0, 0x6f, 0xa0,
    0x0, 0x0, 0x0, 0x0, 0x6f, 0xa0, 0x0, 0x0,

    /* U+002C "," */
    0x9f, 0xfa, 0xff, 0xaf, 0xf0, 0x8e, 0xb, 0xb2,
    0xf6, 0x47, 0x0,

    /* U+002D "-" */
    0x24, 0x44, 0x44, 0x29, 0xff, 0xff, 0xf9, 0x9f,
    0xff, 0xff, 0x90,

    /* U+002E "." */
    0xaf, 0xea, 0xff, 0xaf, 0xf0,

    /* U+002F "/" */
    0x0, 0x0, 0x0, 0x5, 0xff, 0x0, 0x0, 0x0,
    0x0, 0xbf, 0x90, 0x0, 0x0, 0x0, 0x2f, 0xf3,
    0x0, 0x0, 0x0, 0x8, 0xfc, 0x0, 0x0, 0x0,
    0x0, 0xef, 0x60, 0x0, 0x0, 0x0, 0x5f, 0xe0,
    0x0, 0x0, 0x0, 0xb, 0xf9, 0x0, 0x0, 0x0,
    0x2, 0xff, 0x20, 0x0, 0x0, 0x0, 0x8f, 0xc0,
    0x0, 0x0, 0x0, 0xe, 0xf5, 0x0, 0x0, 0x0,
    0x5, 0xfe, 0x0, 0x0, 0x0, 0x0, 0xcf, 0x80,
    0x0, 0x0, 0x0, 0x2f, 0xf2, 0x0, 0x0, 0x0,
    0x9, 0xfb, 0x0, 0x0, 0x0, 0x0, 0xff, 0x50,
    0x0, 0x0, 0x0, 0x6f, 0xe0, 0x0, 0x0, 0x0,
    0xc, 0xf8, 0x0, 0x0, 0x0, 0x0, 0x88, 0x10,
    0x0, 0x0, 0x0,

    /* U+0030 "0" */
    0x0, 0x4, 0xbe, 0xfd, 0x60, 0x0, 0x0, 0x6f,
    0xff, 0xff, 0xfa, 0x0, 0x1, 0xff, 0xb3, 0x29,
    0xff, 0x40, 0x8, 0xff, 0x10, 0x0, 0xcf, 0xb0,
    0xc, 0xfb, 0x0, 0x0, 0x7f, 0xf0, 0xf, 0xf8,
    0x0, 0x0, 0x5f, 0xf2, 0xf, 0xf7, 0x0, 0x0,
    0x3f, 0xf3, 0x1f, 0xf6, 0x0, 0x0, 0x3f, 0xf4,
    0x1f, 0xf6, 0x0, 0x0, 0x3f, 0xf4, 0xf, 0xf7,
    0x0, 0x0, 0x3f, 0xf3, 0xe, 0xf8, 0x0, 0x0,
    0x5f, 0xf2, 0xc, 0xfb, 0x0, 0x0, 0x8f, 0xf0,
    0x7, 0xff, 0x10, 0x0, 0xdf, 0xa0, 0x1, 0xff,
    0xb2, 0x2a, 0xff, 0x30, 0x0, 0x6f, 0xff, 0xff,
    0xf8, 0x0, 0x0, 0x4, 0xbf, 0xfc, 0x50, 0x0,

    /* U+0031 "1" */
    0x0, 0x3, 0xdf, 0xe0, 0x0, 0x0, 0x8, 0xff,
    0xfe, 0x0, 0x0, 0xc, 0xfe, 0xcf, 0xe0, 0x0,
    0x1, 0xfb, 0x18, 0xfe, 0x0, 0x0, 0x6, 0x0,
    0x8f, 0xe0, 0x0, 0x0, 0x0, 0x8, 0xfe, 0x0,
    0x0, 0x0, 0x0, 0x8f, 0xe0, 0x0, 0x0, 0x0,
    0x8, 0xfe, 0x0, 0x0, 0x0, 0x0, 0x8f, 0xe0,
    0x0, 0x0, 0x0, 0x8, 0xfe, 0x0, 0x0, 0x0,
    0x0, 0x8f, 0xe0, 0x0, 0x0, 0x0, 0x8, 0xfe,
    0x0, 0x0, 0x0, 0x0, 0x8f, 0xe0, 0x0, 0x0,
    0x11, 0x19, 0xfe, 0x11, 0x10, 0x7f, 0xff, 0xff,
    0xff, 0xff, 0x47, 0xff, 0xff, 0xff, 0xff, 0xf4,

    /* U+0032 "2" */
    0x0, 0x6c, 0xff, 0xd8, 0x10, 0x0, 0xaf, 0xff,
    0xff, 0xfd, 0x10, 0x4f, 0xfa, 0x33, 0x9f, 0xf9,
    0xa, 0xfe, 0x0, 0x0, 0xcf, 0xd0, 0x56, 0x40,
    0x0, 0x9, 0xfe, 0x0, 0x0, 0x0, 0x0, 0xcf,
    0xc0, 0x0, 0x0, 0x0, 0x5f, 0xf6, 0x0, 0x0,
    0x0, 0x4f, 0xfc, 0x0, 0x0, 0x0, 0x5f, 0xfd,
    0x10, 0x0, 0x0, 0x6f, 0xfc, 0x10, 0x0, 0x0,
    0x7f, 0xfa, 0x0, 0x0, 0x0, 0x5f, 0xf9, 0x0,
    0x0, 0x0, 0x2f, 0xfa, 0x0, 0x0, 0x0, 0xa,
    0xff, 0x43, 0x33, 0x33, 0x30, 0xff, 0xff, 0xff,
    0xff, 0xff, 0x3f, 0xff, 0xff, 0xff, 0xff, 0xf3,

    /* U+0033 "3" */
    0x0, 0x7, 0xcf, 0xfd, 0x81, 0x0, 0x0, 0xbf,
    0xff, 0xff, 0xfd, 0x0, 0x7, 0xff, 0x93, 0x3a,
    0xff, 0x70, 0xc, 0xfc, 0x0, 0x0, 0xef, 0xb0,
    0x3, 0x53, 0x0, 0x0, 0xbf, 0xb0, 0x0, 0x0,
    0x0, 0x0, 0xef, 0x80, 0x0, 0x0, 0x23, 0x5c,
    0xfe, 0x10, 0x0, 0x0, 0xcf, 0xff, 0x81, 0x0,
    0x0, 0x0, 0xcf, 0xff, 0xe7, 0x0, 0x0, 0x0,
    0x0, 0x28, 0xff, 0x80, 0x0, 0x0, 0x0, 0x0,
    0x9f, 0xf0, 0x16, 0x83, 0x0, 0x0, 0x6f, 0xf2,
    0x1f, 0xf9, 0x0, 0x0, 0xaf, 0xf1, 0xb, 0xff,
    0x83, 0x38, 0xff, 0xc0, 0x2, 0xef, 0xff, 0xff,
    0xff, 0x30, 0x0, 0x18, 0xdf, 0xfd, 0x92, 0x0,

    /* U+0034 "4" */
    0x0, 0x0, 0x0, 0xaf, 0xf8, 0x0, 0x0, 0x0,
    0x3, 0xff, 0xf8, 0x0, 0x0, 0x0, 0xc, 0xff,
    0xf8, 0x0, 0x0, 0x0, 0x5f, 0xcd, 0xf8, 0x0,
    0x0, 0x0, 0xef, 0x3d, 0xf8, 0x0, 0x0, 0x8,
    0xf9, 0xd, 0xf8, 0x0, 0x0, 0x1f, 0xf1, 0xd,
    0xf8, 0x0, 0x0, 0xaf, 0x70, 0xd, 0xf8, 0x0,
    0x3, 0xfe, 0x0, 0xd, 0xf8, 0x0, 0xc, 0xf5,
    0x0, 0xd, 0xf8, 0x0, 0x5f, 0xd1, 0x11, 0x1d,
    0xf9, 0x11, 0x9f, 0xff, 0xff, 0xff, 0xff, 0xfb,
    0x9f, 0xff, 0xff, 0xff, 0xff, 0xfb, 0x0, 0x0,
    0x0, 0xd, 0xf8, 0x0, 0x0, 0x0, 0x0, 0xd,
    0xf8, 0x0, 0x0, 0x0, 0x0, 0xd, 0xf8, 0x0,

    /* U+0035 "5" */
    0x2, 0xff, 0xff, 0xff, 0xff, 0x60, 0x3, 0xff,
    0xff, 0xff, 0xff, 0x60, 0x4, 0xff, 0x22, 0x22,
    0x22, 0x0, 0x5, 0xff, 0x0, 0x0, 0x0, 0x0,
    0x6, 0xfe, 0x0, 0x0, 0x0, 0x0, 0x6, 0xfd,
    0x6d, 0xfe, 0xa2, 0x0, 0x7, 0xff, 0xff, 0xff,
    0xfe, 0x20, 0x8, 0xff, 0xa4, 0x39, 0xff, 0xb0,
    0x2, 0x43, 0x0, 0x0, 0xbf, 0xf1, 0x0, 0x0,
    0x0, 0x0, 0x5f, 0xf3, 0x0, 0x0, 0x0, 0x0,
    0x4f, 0xf4, 0x3, 0x42, 0x0, 0x0, 0x6f, 0xf2,
    0xd, 0xfb, 0x0, 0x0, 0xbf, 0xf0, 0x8, 0xff,
    0x82, 0x39, 0xff, 0x80, 0x0, 0xcf, 0xff, 0xff,
    0xfb, 0x0, 0x0, 0x8, 0xdf, 0xfc, 0x60, 0x0,

    /* U+0036 "6" */
    0x0, 0x19, 0xef, 0xea, 0x20, 0x0, 0x2e, 0xff,
    0xff, 0xff, 0x20, 0xc, 0xfd, 0x41, 0x4e, 0xfa,
    0x3, 0xff, 0x20, 0x0, 0x24, 0x10, 0x8f, 0xc0,
    0x0, 0x0, 0x0, 0xb, 0xf9, 0x3b, 0xee, 0xa2,
    0x0, 0xdf, 0xbf, 0xff, 0xff, 0xf2, 0xe, 0xff,
    0xb2, 0x16, 0xff, 0xc0, 0xff, 0xf1, 0x0, 0x8,
    0xff, 0x1e, 0xfb, 0x0, 0x0, 0x4f, 0xf4, 0xcf,
    0xb0, 0x0, 0x2, 0xff, 0x4a, 0xfe, 0x0, 0x0,
    0x4f, 0xf3, 0x5f, 0xf4, 0x0, 0x9, 0xff, 0x0,
    0xef, 0xe4, 0x17, 0xff, 0xa0, 0x3, 0xff, 0xff,
    0xff, 0xd1, 0x0, 0x2, 0xae, 0xfe, 0x91, 0x0,

    /* U+0037 "7" */
    0xef, 0xff, 0xff, 0xff, 0xff, 0x2e, 0xff, 0xff,
    0xff, 0xff, 0xf2, 0x23, 0x33, 0x33, 0x38, 0xfe,
    0x0, 0x0, 0x0, 0x1, 0xef, 0x50, 0x0, 0x0,
    0x0, 0x9f, 0xb0, 0x0, 0x0, 0x0, 0x3f, 0xf3,
    0x0, 0x0, 0x0, 0xb, 0xfa, 0x0, 0x0, 0x0,
    0x3, 0xff, 0x20, 0x0, 0x0, 0x0, 0xbf, 0xc0,
    0x0, 0x0, 0x0, 0x1f, 0xf6, 0x0, 0x0, 0x0,
    0x7, 0xff, 0x10, 0x0, 0x0, 0x0, 0xcf, 0xc0,
    0x0, 0x0, 0x0, 0xf, 0xf8, 0x0, 0x0, 0x0,
    0x3, 0xff, 0x50, 0x0, 0x0, 0x0, 0x5f, 0xf3,
    0x0, 0x0, 0x0, 0x6, 0xff, 0x20, 0x0, 0x0,

    /* U+0038 "8" */
    0x0, 0x7, 0xce, 0xfd, 0x92, 0x0, 0x1, 0xdf,
    0xff, 0xff, 0xff, 0x30, 0x8, 0xff, 0x60, 0x4,
    0xff, 0xb0, 0xb, 0xfd, 0x0, 0x0, 0xbf, 0xe0,
    0x9, 0xfd, 0x0, 0x0, 0xbf, 0xc0, 0x3, 0xff,
    0x60, 0x4, 0xff, 0x60, 0x0, 0x4d, 0xff, 0xff,
    0xe7, 0x0, 0x0, 0x3b, 0xff, 0xff, 0xd6, 0x0,
    0x3, 0xff, 0x81, 0x16, 0xff, 0x70, 0xc, 0xfc,
    0x0, 0x0, 0x8f, 0xf0, 0xf, 0xf8, 0x0, 0x0,
    0x5f, 0xf3, 0xf, 0xf8, 0x0, 0x0, 0x5f, 0xf3,
    0xe, 0xfb, 0x0, 0x0, 0x8f, 0xf1, 0x9, 0xff,
    0x60, 0x4, 0xef, 0xc0, 0x1, 0xdf, 0xff, 0xff,
    0xff, 0x30, 0x0, 0x8, 0xdf, 0xfd, 0x92, 0x0,

    /* U+0039 "9" */
    0x0, 0x8, 0xdf, 0xfc, 0x50, 0x0, 0x1, 0xdf,
    0xff, 0xff, 0xf8, 0x0, 0x9, 0xff, 0x82, 0x3b,
    0xff, 0x30, 0xf, 0xfb, 0x0, 0x0, 0xef, 0x90,
    0x1f, 0xf7, 0x0, 0x0, 0x9f, 0xd0, 0x1f, 0xf7,
    0x0, 0x0, 0x7f, 0xf0, 0xf, 0xfa, 0x0, 0x0,
    0xbf, 0xf1, 0xa, 0xff, 0x71, 0x18, 0xff, 0xf2,
    0x1, 0xef, 0xff, 0xff, 0xbf, 0xf2, 0x0, 0x2a,
    0xef, 0xc5, 0x5f, 0xf1, 0x0, 0x0, 0x0, 0x0,
    0x7f, 0xf0, 0x0, 0x0, 0x0, 0x0, 0xbf, 0xc0,
    0x8, 0xc8, 0x0, 0x2, 0xff, 0x70, 0x8, 0xff,
    0x61, 0x3d, 0xfe, 0x0, 0x1, 0xdf, 0xff, 0xff,
    0xf4, 0x0, 0x0, 0x19, 0xdf, 0xea, 0x20, 0x0,

    /* U+003A ":" */
    0xaf, 0xfa, 0xff, 0x7c, 0xb0, 0x0, 0x0, 0x0,
    0x0, 0x0, 0x0, 0x0, 0x0, 0x7, 0xcb, 0xaf,
    0xfa, 0xff,

    /* U+003B ";" */
    0xaf, 0xfa, 0xff, 0x8c, 0xb0, 0x0, 0x0, 0x0,
    0x0, 0x0, 0x0, 0x0, 0x0, 0x7, 0xcb, 0xaf,
    0xfa, 0xff, 0x8, 0xe0, 0xbb, 0x2f, 0x64, 0x70,

    /* U+003C "<" */
    0x0, 0x0, 0x0, 0x0, 0x2, 0x92, 0x0, 0x0,
    0x0, 0x5, 0xcf, 0xf2, 0x0, 0x0, 0x18, 0xef,
    0xff, 0x90, 0x0, 0x4a, 0xff, 0xfd, 0x60, 0x0,
    0x6d, 0xff, 0xfb, 0x40, 0x0, 0x0, 0xef, 0xe8,
    0x20, 0x0, 0x0, 0x0, 0xef, 0x91, 0x0, 0x0,
    0x0, 0x0, 0xcf, 0xff, 0xa4, 0x0, 0x0, 0x0,
    0x4, 0xbf, 0xff, 0xd6, 0x0, 0x0, 0x0, 0x2,
    0x8e, 0xff, 0xe8, 0x20, 0x0, 0x0, 0x0, 0x6c,
    0xff, 0xf2, 0x0, 0x0, 0x0, 0x0, 0x39, 0xf2,
    0x0, 0x0, 0x0, 0x0, 0x0, 0x10,

    /* U+003D "=" */
    0xef, 0xff, 0xff, 0xff, 0xff, 0xf2, 0xef, 0xff,
    0xff, 0xff, 0xff, 0xf2, 0x11, 0x11, 0x11, 0x11,
    0x11, 0x10, 0x0, 0x0, 0x0, 0x0, 0x0, 0x0,
    0x0, 0x0, 0x0, 0x0, 0x0, 0x0, 0x0, 0x0,
    0x0, 0x0, 0x0, 0x0, 0xef, 0xff, 0xff, 0xff,
    0xff, 0xf2, 0xef, 0xff, 0xff, 0xff, 0xff, 0xf2,
    0x11, 0x11, 0x11, 0x11, 0x11, 0x10,

    /* U+003E ">" */
    0x94, 0x0, 0x0, 0x0, 0x0, 0x0, 0xef, 0xd7,
    0x10, 0x0, 0x0, 0x0, 0x6d, 0xff, 0xf9, 0x30,
    0x0, 0x0, 0x0, 0x4b, 0xff, 0xfc, 0x60, 0x0,
    0x0, 0x0, 0x29, 0xff, 0xfe, 0x80, 0x0, 0x0,
    0x0, 0x6, 0xdf, 0xf2, 0x0, 0x0, 0x0, 0x0,
    0x6f, 0xf2, 0x0, 0x0, 0x2, 0x8f, 0xff, 0xf2,
    0x0, 0x4, 0xbf, 0xff, 0xd6, 0x0, 0x6, 0xdf,
    0xff, 0xa3, 0x0, 0x0, 0xdf, 0xfe, 0x71, 0x0,
    0x0, 0x0, 0xeb, 0x50, 0x0, 0x0, 0x0, 0x0,
    0x10, 0x0, 0x0, 0x0, 0x0, 0x0,

    /* U+003F "?" */
    0x0, 0x6c, 0xff, 0xc5, 0x0, 0x8, 0xff, 0xff,
    0xff, 0x70, 0x3f, 0xfa, 0x34, 0xdf, 0xf0, 0x8f,
    0xe0, 0x0, 0x3f, 0xf4, 0x8b, 0x80, 0x0, 0x1f,
    0xf4, 0x0, 0x0, 0x0, 0x5f, 0xf2, 0x0, 0x0,
    0x1, 0xdf, 0xc0, 0x0, 0x0, 0x1d, 0xfe, 0x20,
    0x0, 0x0, 0xcf, 0xe3, 0x0, 0x0, 0x5, 0xff,
    0x30, 0x0, 0x0, 0xa, 0xf9, 0x0, 0x0, 0x0,
    0x4, 0x62, 0x0, 0x0, 0x0, 0x0, 0x0, 0x0,
    0x0, 0x0, 0x9, 0xa7, 0x0, 0x0, 0x0, 0xe,
    0xfb, 0x0, 0x0, 0x0, 0xe, 0xfb, 0x0, 0x0,

    /* U+0040 "@" */
    0x0, 0x0, 0x0, 0x28, 0xce, 0xff, 0xc8, 0x20,
    0x0, 0x0, 0x0, 0x1, 0xaf, 0xfd, 0xaa, 0xbd,
    0xff, 0x90, 0x0, 0x0, 0x3, 0xef, 0x92, 0x0,
    0x0, 0x3, 0xbf, 0xc0, 0x0, 0x2, 0xfe, 0x40,
    0x0, 0x0, 0x0, 0x0, 0x9f, 0x80, 0x0, 0xdf,
    0x30, 0x0, 0x0, 0x0, 0x0, 0x0, 0xcf, 0x10,
    0x7f, 0x70, 0x0, 0x4c, 0xfe, 0x70, 0xfe, 0x4,
    0xf7, 0xe, 0xe0, 0x0, 0x8f, 0xd8, 0x9f, 0x9f,
    0xb0, 0xf, 0xb4, 0xf8, 0x0, 0x5f, 0xc0, 0x0,
    0x5f, 0xf8, 0x0, 0xcd, 0x8f, 0x30, 0xe, 0xf2,
    0x0, 0x0, 0xff, 0x40, 0xb, 0xfb, 0xf0, 0x4,
    0xfb, 0x0, 0x0, 0xf, 0xf1, 0x0, 0xbe, 0xde,
    0x0, 0x8f, 0x70, 0x0, 0x2, 0xfe, 0x0, 0xd,
    0xde, 0xd0, 0xa, 0xf5, 0x0, 0x0, 0x6f, 0xa0,
    0x1, 0xf9, 0xee, 0x0, 0x9f, 0x50, 0x0, 0xc,
    0xf7, 0x0, 0x6f, 0x4c, 0xf0, 0x7, 0xf9, 0x0,
    0x6, 0xef, 0x50, 0xe, 0xd0, 0x9f, 0x30, 0x1f,
    0xf6, 0x38, 0xf5, 0xf9, 0x3c, 0xf3, 0x5, 0xf8,
    0x0, 0x5f, 0xff, 0xe4, 0xc, 0xff, 0xe4, 0x0,
    0xe, 0xf2, 0x0, 0x14, 0x30, 0x0, 0x4, 0x30,
    0x0, 0x0, 0x5f, 0xc1, 0x0, 0x0, 0x0, 0x0,
    0x3, 0x10, 0x0, 0x0, 0x8f, 0xd5, 0x0, 0x0,
    0x0, 0x5b, 0xf8, 0x0, 0x0, 0x0, 0x6f, 0xfe,
    0xca, 0xac, 0xff, 0xf9, 0x10, 0x0, 0x0, 0x0,
    0x17, 0xce, 0xff, 0xda, 0x61, 0x0, 0x0, 0x0,

    /* U+0041 "A" */
    0x0, 0x0, 0x5, 0xff, 0xf1, 0x0, 0x0, 0x0,
    0x0, 0x0, 0xbf, 0xff, 0x60, 0x0, 0x0, 0x0,
    0x0, 0x1f, 0xfe, 0xfc, 0x0, 0x0, 0x0, 0x0,
    0x6, 0xff, 0x6f, 0xf2, 0x0, 0x0, 0x0, 0x0,
    0xcf, 0xb0, 0xff, 0x70, 0x0, 0x0, 0x0, 0x1f,
    0xf6, 0xa, 0xfd, 0x0, 0x0, 0x0, 0x7, 0xff,
    0x10, 0x5f, 0xf3, 0x0, 0x0, 0x0, 0xcf, 0xb0,
    0x0, 0xff, 0x80, 0x0, 0x0, 0x2f, 0xf6, 0x0,
    0xa, 0xfe, 0x0, 0x0, 0x8, 0xff, 0x21, 0x11,
    0x6f, 0xf4, 0x0, 0x0, 0xdf, 0xff, 0xff, 0xff,
    0xff, 0x90, 0x0, 0x3f, 0xff, 0xff, 0xff, 0xff,
    0xfe, 0x0, 0x9, 0xff, 0x20, 0x0, 0x0, 0x6f,
    0xf4, 0x0, 0xef, 0xb0, 0x0, 0x0, 0x0, 0xff,
    0xa0, 0x4f, 0xf5, 0x0, 0x0, 0x0, 0xa, 0xff,
    0xa, 0xff, 0x0, 0x0, 0x0, 0x0, 0x4f, 0xf5,

    /* U+0042 "B" */
    0x2f, 0xff, 0xff, 0xeb, 0x60, 0x0, 0x2f, 0xff,
    0xff, 0xff, 0xfb, 0x0, 0x2f, 0xf7, 0x1, 0x4d,
    0xff, 0x50, 0x2f, 0xf7, 0x0, 0x3, 0xff, 0x80,
    0x2f, 0xf7, 0x0, 0x0, 0xff, 0x80, 0x2f, 0xf7,
    0x0, 0x4, 0xff, 0x50, 0x2f, 0xf7, 0x0, 0x4d,
    0xfc, 0x0, 0x2f, 0xff, 0xff, 0xff, 0x80, 0x0,
    0x2f, 0xff, 0xef, 0xff, 0xe9, 0x0, 0x2f, 0xf7,
    0x0, 0x5, 0xff, 0xc0, 0x2f, 0xf7, 0x0, 0x0,
    0x5f, 0xf4, 0x2f, 0xf7, 0x0, 0x0, 0x3f, 0xf7,
    0x2f, 0xf7, 0x0, 0x0, 0x6f, 0xf6, 0x2f, 0xf7,
    0x0, 0x16, 0xff, 0xf1, 0x2f, 0xff, 0xff, 0xff,
    0xff, 0x60, 0x2f, 0xff, 0xff, 0xfd, 0x92, 0x0,

    /* U+0043 "C" */
    0x0, 0x4, 0xbe, 0xfe, 0xb4, 0x0, 0x0, 0x9,
    0xff, 0xff, 0xff, 0xf9, 0x0, 0x8, 0xff, 0xd6,
    0x35, 0xdf, 0xf6, 0x1, 0xff, 0xd0, 0x0, 0x0,
    0xdf, 0xd0, 0x6f, 0xf5, 0x0, 0x0, 0x5, 0x93,
    0xa, 0xff, 0x0, 0x0, 0x0, 0x0, 0x0, 0xcf,
    0xd0, 0x0, 0x0, 0x0, 0x0, 0xd, 0xfc, 0x0,
    0x0, 0x0, 0x0, 0x0, 0xdf, 0xc0, 0x0, 0x0,
    0x0, 0x0, 0xc, 0xfd, 0x0, 0x0, 0x0, 0x0,
    0x0, 0xaf, 0xf0, 0x0, 0x0, 0x0, 0x0, 0x6,
    0xff, 0x60, 0x0, 0x0, 0x6d, 0x60, 0xf, 0xfe,
    0x10, 0x0, 0x1e, 0xfd, 0x0, 0x6f, 0xfd, 0x63,
    0x6d, 0xff, 0x50, 0x0, 0x8f, 0xff, 0xff, 0xff,
    0x70, 0x0, 0x0, 0x4a, 0xef, 0xeb, 0x40, 0x0,

    /* U+0044 "D" */
    0x1f, 0xff, 0xff, 0xfe, 0xa6, 0x0, 0x0, 0x1f,
    0xff, 0xff, 0xff, 0xff, 0xd2, 0x0, 0x1f, 0xf9,
    0x33, 0x36, 0xbf, 0xff, 0x20, 0x1f, 0xf7, 0x0,
    0x0, 0x6, 0xff, 0xb0, 0x1f, 0xf7, 0x0, 0x0,
    0x0, 0xaf, 0xf2, 0x1f, 0xf7, 0x0, 0x0, 0x0,
    0x4f, 0xf6, 0x1f, 0xf7, 0x0, 0x0, 0x0, 0xf,
    0xf9, 0x1f, 0xf7, 0x0, 0x0, 0x0, 0xf, 0xfa,
    0x1f, 0xf7, 0x0, 0x0, 0x0, 0xf, 0xf9, 0x1f,
    0xf7, 0x0, 0x0, 0x0, 0x1f, 0xf8, 0x1f, 0xf7,
    0x0, 0x0, 0x0, 0x5f, 0xf5, 0x1f, 0xf7, 0x0,
    0x0, 0x0, 0xbf, 0xf0, 0x1f, 0xf7, 0x0, 0x0,
    0x7, 0xff, 0x90, 0x1f, 0xf9, 0x33, 0x35, 0xbf,
    0xfe, 0x0, 0x1f, 0xff, 0xff, 0xff, 0xff, 0xc1,
    0x0, 0x1f, 0xff, 0xff, 0xfe, 0xb5, 0x0, 0x0,

    /* U+0045 "E" */
    0x2f, 0xff, 0xff, 0xff, 0xf2, 0x2f, 0xff, 0xff,
    0xff, 0xf2, 0x2f, 0xf9, 0x33, 0x33, 0x30, 0x2f,
    0xf7, 0x0, 0x0, 0x0, 0x2f, 0xf7, 0x0, 0x0,
    0x0, 0x2f, 0xf7, 0x0, 0x0, 0x0, 0x2f, 0xf8,
    0x22, 0x22, 0x10, 0x2f, 0xff, 0xff, 0xff, 0x70,
    0x2f, 0xff, 0xff, 0xff, 0x70, 0x2f, 0xf7, 0x0,
    0x0, 0x0, 0x2f, 0xf7, 0x0, 0x0, 0x0, 0x2f,
    0xf7, 0x0, 0x0, 0x0, 0x2f, 0xf7, 0x0, 0x0,
    0x0, 0x2f, 0xf9, 0x22, 0x22, 0x21, 0x2f, 0xff,
    0xff, 0xff, 0xf9, 0x2f, 0xff, 0xff, 0xff, 0xf9,

    /* U+0046 "F" */
    0x2f, 0xff, 0xff, 0xff, 0xf5, 0x2f, 0xff, 0xff,
    0xff, 0xf5, 0x2f, 0xf9, 0x33, 0x33, 0x31, 0x2f,
    0xf7, 0x0, 0x0, 0x0, 0x2f, 0xf7, 0x0, 0x0,
    0x0, 0x2f, 0xf7, 0x0, 0x0, 0x0, 0x2f, 0xf7,
    0x0, 0x0, 0x0, 0x2f, 0xff, 0xff, 0xff, 0xf1,
    0x2f, 0xff, 0xff, 0xff, 0xf1, 0x2f, 0xf8, 0x22,
    0x22, 0x20, 0x2f, 0xf7, 0x0, 0x0, 0x0, 0x2f,
    0xf7, 0x0, 0x0, 0x0, 0x2f, 0xf7, 0x0, 0x0,
    0x0, 0x2f, 0xf7, 0x0, 0x0, 0x0, 0x2f, 0xf7,
    0x0, 0x0, 0x0, 0x2f, 0xf7, 0x0, 0x0, 0x0,

    /* U+0047 "G" */
    0x0, 0x3, 0x9d, 0xfe, 0xd8, 0x10, 0x0, 0x8,
    0xff, 0xff, 0xff, 0xff, 0x40, 0x6, 0xff, 0xe7,
    0x34, 0x8f, 0xff, 0x21, 0xff, 0xe1, 0x0, 0x0,
    0x3f, 0xf9, 0x6f, 0xf5, 0x0, 0x0, 0x0, 0x63,
    0xa, 0xff, 0x0, 0x0, 0x0, 0x0, 0x0, 0xcf,
    0xd0, 0x0, 0x0, 0x0, 0x0, 0xd, 0xfc, 0x0,
    0x0, 0x0, 0x0, 0x0, 0xdf, 0xc0, 0x0, 0xf,
    0xff, 0xff, 0xfc, 0xfd, 0x0, 0x0, 0xff, 0xff,
    0xff, 0x9f, 0xf1, 0x0, 0x0, 0x0, 0x7f, 0xf5,
    0xff, 0x70, 0x0, 0x0, 0x7, 0xff, 0xe, 0xff,
    0x20, 0x0, 0x0, 0x9f, 0xf0, 0x5f, 0xff, 0x84,
    0x36, 0xcf, 0xfc, 0x0, 0x6f, 0xff, 0xff, 0xff,
    0xfa, 0x0, 0x0, 0x29, 0xdf, 0xfd, 0x93, 0x0,

    /* U+0048 "H" */
    0x2f, 0xf7, 0x0, 0x0, 0x0, 0x3f, 0xf4, 0x2f,
    0xf7, 0x0, 0x0, 0x0, 0x3f, 0xf4, 0x2f, 0xf7,
    0x0, 0x0, 0x0, 0x3f, 0xf4, 0x2f, 0xf7, 0x0,
    0x0, 0x0, 0x3f, 0xf4, 0x2f, 0xf7, 0x0, 0x0,
    0x0, 0x3f, 0xf4, 0x2f, 0xf7, 0x0, 0x0, 0x0,
    0x3f, 0xf4, 0x2f, 0xfa, 0x44, 0x44, 0x44, 0x7f,
    0xf4, 0x2f, 0xff, 0xff, 0xff, 0xff, 0xff, 0xf4,
    0x2f, 0xff, 0xff, 0xff, 0xff, 0xff, 0xf4, 0x2f,
    0xf7, 0x0, 0x0, 0x0, 0x3f, 0xf4, 0x2f, 0xf7,
    0x0, 0x0, 0x0, 0x3f, 0xf4, 0x2f, 0xf7, 0x0,
    0x0, 0x0, 0x3f, 0xf4, 0x2f, 0xf7, 0x0, 0x0,
    0x0, 0x3f, 0xf4, 0x2f, 0xf7, 0x0, 0x0, 0x0,
    0x3f, 0xf4, 0x2f, 0xf7, 0x0, 0x0, 0x0, 0x3f,
    0xf4, 0x2f, 0xf7, 0x0, 0x0, 0x0, 0x3f, 0xf4,

    /* U+0049 "I" */
    0x1f, 0xf8, 0x1f, 0xf8, 0x1f, 0xf8, 0x1f, 0xf8,
    0x1f, 0xf8, 0x1f, 0xf8, 0x1f, 0xf8, 0x1f, 0xf8,
    0x1f, 0xf8, 0x1f, 0xf8, 0x1f, 0xf8, 0x1f, 0xf8,
    0x1f, 0xf8, 0x1f, 0xf8, 0x1f, 0xf8, 0x1f, 0xf8,

    /* U+004A "J" */
    0x0, 0xff, 0xff, 0xf2, 0x0, 0xff, 0xff, 0xf2,
    0x0, 0x33, 0x9f, 0xf2, 0x0, 0x0, 0x7f, 0xf2,
    0x0, 0x0, 0x7f, 0xf2, 0x0, 0x0, 0x7f, 0xf2,
    0x0, 0x0, 0x7f, 0xf2, 0x0, 0x0, 0x7f, 0xf2,
    0x0, 0x0, 0x7f, 0xf2, 0x0, 0x0, 0x7f, 0xf2,
    0x0, 0x0, 0x7f, 0xf2, 0x0, 0x0, 0x8f, 0xf1,
    0x0, 0x0, 0xcf, 0xf0, 0x54, 0x4a, 0xff, 0x90,
    0xaf, 0xff, 0xfe, 0x10, 0x8f, 0xfe, 0xa1, 0x0,

    /* U+004B "K" */
    0x1f, 0xf8, 0x0, 0x0, 0x7f, 0xfa, 0x1, 0xff,
    0x80, 0x0, 0x3f, 0xfd, 0x0, 0x1f, 0xf8, 0x0,
    0xd, 0xff, 0x20, 0x1, 0xff, 0x80, 0xa, 0xff,
    0x60, 0x0, 0x1f, 0xf8, 0x6, 0xff, 0xa0, 0x0,
    0x1, 0xff, 0x82, 0xff, 0xd0, 0x0, 0x0, 0x1f,
    0xf8, 0xdf, 0xf2, 0x0, 0x0, 0x1, 0xff, 0xff,
    0xff, 0x30, 0x0, 0x0, 0x1f, 0xff, 0xef, 0xfd,
    0x0, 0x0, 0x1, 0xff, 0xf3, 0x9f, 0xf7, 0x0,
    0x0, 0x1f, 0xf8, 0x0, 0xef, 0xf2, 0x0, 0x1,
    0xff, 0x80, 0x5, 0xff, 0xb0, 0x0, 0x1f, 0xf8,
    0x0, 0xc, 0xff, 0x50, 0x1, 0xff, 0x80, 0x0,
    0x2f, 0xfe, 0x10, 0x1f, 0xf8, 0x0, 0x0, 0x8f,
    0xf9, 0x1, 0xff, 0x80, 0x0, 0x0, 0xef, 0xf3,

    /* U+004C "L" */
    0x2f, 0xf8, 0x0, 0x0, 0x0, 0x2f, 0xf8, 0x0,
    0x0, 0x0, 0x2f, 0xf8, 0x0, 0x0, 0x0, 0x2f,
    0xf8, 0x0, 0x0, 0x0, 0x2f, 0xf8, 0x0, 0x0,
    0x0, 0x2f, 0xf8, 0x0, 0x0, 0x0, 0x2f, 0xf8,
    0x0, 0x0, 0x0, 0x2f, 0xf8, 0x0, 0x0, 0x0,
    0x2f, 0xf8, 0x0, 0x0, 0x0, 0x2f, 0xf8, 0x0,
    0x0, 0x0, 0x2f, 0xf8, 0x0, 0x0, 0x0, 0x2f,
    0xf8, 0x0, 0x0, 0x0, 0x2f, 0xf8, 0x0, 0x0,
    0x0, 0x2f, 0xf9, 0x33, 0x33, 0x30, 0x2f, 0xff,
    0xff, 0xff, 0xf5, 0x2f, 0xff, 0xff, 0xff, 0xf5,

    /* U+004D "M" */
    0x2f, 0xff, 0xa0, 0x0, 0x0, 0x0, 0x4, 0xff,
    0xf7, 0x2f, 0xff, 0xf0, 0x0, 0x0, 0x0, 0xa,
    0xff, 0xf7, 0x2f, 0xff, 0xf6, 0x0, 0x0, 0x0,
    0xf, 0xff, 0xf7, 0x2f, 0xfb, 0xfc, 0x0, 0x0,
    0x0, 0x6f, 0xde, 0xf7, 0x2f, 0xf6, 0xff, 0x20,
    0x0, 0x0, 0xcf, 0x7e, 0xf7, 0x2f, 0xf3, 0xcf,
    0x80, 0x0, 0x2, 0xff, 0x1e, 0xf7, 0x2f, 0xf4,
    0x6f, 0xe0, 0x0, 0x8, 0xfb, 0xe, 0xf7, 0x2f,
    0xf4, 0xf, 0xf5, 0x0, 0xd, 0xf5, 0xe, 0xf7,
    0x2f, 0xf4, 0xa, 0xfb, 0x0, 0x4f, 0xf0, 0xe,
    0xf7, 0x2f, 0xf4, 0x4, 0xff, 0x10, 0x9f, 0x90,
    0xe, 0xf7, 0x2f, 0xf4, 0x0, 0xdf, 0x70, 0xff,
    0x30, 0xe, 0xf7, 0x2f, 0xf4, 0x0, 0x7f, 0xc5,
    0xfd, 0x0, 0xe, 0xf7, 0x2f, 0xf4, 0x0, 0x1f,
    0xfc, 0xf7, 0x0, 0xe, 0xf7, 0x2f, 0xf4, 0x0,
    0xb, 0xff, 0xf1, 0x0, 0xe, 0xf7, 0x2f, 0xf4,
    0x0, 0x5, 0xff, 0xb0, 0x0, 0xe, 0xf7, 0x2f,
    0xf4, 0x0, 0x0, 0xef, 0x50, 0x0, 0xe, 0xf7,

    /* U+004E "N" */
    0x2f, 0xff, 0x40, 0x0, 0x0, 0x6, 0xff, 0x2f,
    0xff, 0xd0, 0x0, 0x0, 0x6, 0xff, 0x2f, 0xff,
    0xf7, 0x0, 0x0, 0x6, 0xff, 0x2f, 0xfc, 0xff,
    0x10, 0x0, 0x6, 0xff, 0x2f, 0xf4, 0xef, 0xa0,
    0x0, 0x6, 0xff, 0x2f, 0xf3, 0x6f, 0xf4, 0x0,
    0x6, 0xff, 0x2f, 0xf4, 0xc, 0xfd, 0x0, 0x6,
    0xff, 0x2f, 0xf4, 0x3, 0xff, 0x70, 0x6, 0xff,
    0x2f, 0xf4, 0x0, 0x9f, 0xf1, 0x6, 0xff, 0x2f,
    0xf4, 0x0, 0x1f, 0xfa, 0x6, 0xff, 0x2f, 0xf4,
    0x0, 0x7, 0xff, 0x35, 0xff, 0x2f, 0xf4, 0x0,
    0x0, 0xdf, 0xc5, 0xff, 0x2f, 0xf4, 0x0, 0x0,
    0x4f, 0xfb, 0xff, 0x2f, 0xf4, 0x0, 0x0, 0xa,
    0xff, 0xff, 0x2f, 0xf4, 0x0, 0x0, 0x1, 0xff,
    0xff, 0x2f, 0xf4, 0x0, 0x0, 0x0, 0x7f, 0xff,

    /* U+004F "O" */
    0x0, 0x1, 0x8c, 0xef, 0xeb, 0x60, 0x0, 0x0,
    0x6, 0xff, 0xff, 0xff, 0xff, 0xd2, 0x0, 0x5,
    0xff, 0xf8, 0x43, 0x5b, 0xff, 0xe1, 0x0, 0xff,
    0xe2, 0x0, 0x0, 0x7, 0xff, 0x90, 0x6f, 0xf6,
    0x0, 0x0, 0x0, 0xc, 0xff, 0x1b, 0xff, 0x0,
    0x0, 0x0, 0x0, 0x6f, 0xf5, 0xdf, 0xc0, 0x0,
    0x0, 0x0, 0x3, 0xff, 0x7e, 0xfb, 0x0, 0x0,
    0x0, 0x0, 0x1f, 0xf8, 0xef, 0xb0, 0x0, 0x0,
    0x0, 0x1, 0xff, 0x8d, 0xfd, 0x0, 0x0, 0x0,
    0x0, 0x3f, 0xf7, 0xaf, 0xf0, 0x0, 0x0, 0x0,
    0x6, 0xff, 0x46, 0xff, 0x60, 0x0, 0x0, 0x0,
    0xcf, 0xe0, 0xe, 0xff, 0x30, 0x0, 0x0, 0x7f,
    0xf8, 0x0, 0x5f, 0xff, 0x84, 0x35, 0xbf, 0xfd,
    0x0, 0x0, 0x6f, 0xff, 0xff, 0xff, 0xfc, 0x10,
    0x0, 0x0, 0x18, 0xce, 0xfd, 0xb5, 0x0, 0x0,

    /* U+0050 "P" */
    0x1f, 0xff, 0xff, 0xfc, 0x70, 0x0, 0x1f, 0xff,
    0xff, 0xff, 0xfd, 0x10, 0x1f, 0xf7, 0x0, 0x3a,
    0xff, 0x90, 0x1f, 0xf7, 0x0, 0x0, 0xdf, 0xf0,
    0x1f, 0xf7, 0x0, 0x0, 0x8f, 0xf1, 0x1f, 0xf7,
    0x0, 0x0, 0x8f, 0xf1, 0x1f, 0xf7, 0x0, 0x0,
    0xdf, 0xe0, 0x1f, 0xf7, 0x0, 0x2a, 0xff, 0x80,
    0x1f, 0xff, 0xff, 0xff, 0xfb, 0x0, 0x1f, 0xff,
    0xff, 0xeb, 0x60, 0x0, 0x1f, 0xf7, 0x0, 0x0,
    0x0, 0x0, 0x1f, 0xf7, 0x0, 0x0, 0x0, 0x0,
    0x1f, 0xf7, 0x0, 0x0, 0x0, 0x0, 0x1f, 0xf7,
    0x0, 0x0, 0x0, 0x0, 0x1f, 0xf7, 0x0, 0x0,
    0x0, 0x0, 0x1f, 0xf7, 0x0, 0x0, 0x0, 0x0,

    /* U+0051 "Q" */
    0x0, 0x1, 0x8c, 0xef, 0xeb, 0x60, 0x0, 0x0,
    0x6, 0xff, 0xff, 0xff, 0xff, 0xd2, 0x0, 0x5,
    0xff, 0xf8, 0x43, 0x5b, 0xff, 0xe1, 0x0, 0xff,
    0xe2, 0x0, 0x0, 0x7, 0xff, 0xa0, 0x6f, 0xf6,
    0x0, 0x0, 0x0, 0xc, 0xff, 0x1b, 0xff, 0x0,
    0x0, 0x0, 0x0, 0x6f, 0xf5, 0xdf, 0xc0, 0x0,
    0x0, 0x0, 0x3, 0xff, 0x8e, 0xfb, 0x0, 0x0,
    0x0, 0x0, 0x1f, 0xf9, 0xef, 0xb0, 0x0, 0x0,
    0x0, 0x1, 0xff, 0x8d, 0xfd, 0x0, 0x0, 0x0,
    0x0, 0x3f, 0xf7, 0xaf, 0xf1, 0x0, 0x0, 0x0,
    0x6, 0xff, 0x45, 0xff, 0x70, 0x0, 0x0, 0x0,
    0xcf, 0xe0, 0xe, 0xff, 0x30, 0x0, 0x0, 0x8f,
    0xf7, 0x0, 0x4f, 0xff, 0x95, 0x46, 0xcf, 0xfb,
    0x0, 0x0, 0x4e, 0xff, 0xff, 0xff, 0xfa, 0x0,
    0x0, 0x0, 0x6, 0xae, 0xff, 0x82, 0x0, 0x0,
    0x0, 0x0, 0x0, 0x5f, 0xf5, 0x0, 0x0, 0x0,
    0x0, 0x0, 0x0, 0xef, 0xe5, 0x11, 0x0, 0x0,
    0x0, 0x0, 0x5, 0xff, 0xff, 0xf0, 0x0, 0x0,
    0x0, 0x0, 0x4, 0xcf, 0xfc, 0x0,

    /* U+0052 "R" */
    0x2f, 0xff, 0xff, 0xfe, 0xb4, 0x0, 0x2, 0xff,
    0xff, 0xff, 0xff, 0xf9, 0x0, 0x2f, 0xf7, 0x0,
    0x14, 0xdf, 0xf4, 0x2, 0xff, 0x70, 0x0, 0x2,
    0xff, 0x90, 0x2f, 0xf7, 0x0, 0x0, 0xf, 0xfa,
    0x2, 0xff, 0x70, 0x0, 0x2, 0xff, 0x80, 0x2f,
    0xf7, 0x0, 0x4, 0xdf, 0xf2, 0x2, 0xff, 0xff,
    0xff, 0xff, 0xf6, 0x0, 0x2f, 0xff, 0xff, 0xff,
    0xa2, 0x0, 0x2, 0xff, 0x70, 0x1f, 0xfa, 0x0,
    0x0, 0x2f, 0xf7, 0x0, 0x8f, 0xf3, 0x0, 0x2,
    0xff, 0x70, 0x0, 0xef, 0xc0, 0x0, 0x2f, 0xf7,
    0x0, 0x7, 0xff, 0x50, 0x2, 0xff, 0x70, 0x0,
    0xe, 0xfe, 0x0, 0x2f, 0xf7, 0x0, 0x0, 0x6f,
    0xf8, 0x2, 0xff, 0x70, 0x0, 0x0, 0xdf, 0xf1,

    /* U+0053 "S" */
    0x0, 0x19, 0xdf, 0xec, 0x70, 0x0, 0x1, 0xef,
    0xff, 0xff, 0xfc, 0x0, 0x9, 0xff, 0x61, 0x19,
    0xff, 0x70, 0xd, 0xfb, 0x0, 0x0, 0xce, 0x90,
    0xd, 0xfa, 0x0, 0x0, 0x0, 0x0, 0xb, 0xff,
    0x40, 0x0, 0x0, 0x0, 0x4, 0xff, 0xfb, 0x50,
    0x0, 0x0, 0x0, 0x6f, 0xff, 0xff, 0x92, 0x0,
    0x0, 0x1, 0x7c, 0xff, 0xff, 0x30, 0x0, 0x0,
    0x0, 0x18, 0xff, 0xd0, 0x0, 0x0, 0x0, 0x0,
    0x7f, 0xf2, 0x15, 0x81, 0x0, 0x0, 0x4f, 0xf4,
    0x3f, 0xf7, 0x0, 0x0, 0x6f, 0xf2, 0xd, 0xff,
    0x72, 0x26, 0xef, 0xd0, 0x3, 0xff, 0xff, 0xff,
    0xff, 0x30, 0x0, 0x29, 0xdf, 0xfd, 0x92, 0x0,

    /* U+0054 "T" */
    0xbf, 0xff, 0xff, 0xff, 0xff, 0xfd, 0xbf, 0xff,
    0xff, 0xff, 0xff, 0xfd, 0x23, 0x33, 0x7f, 0xf7,
    0x33, 0x33, 0x0, 0x0, 0x4f, 0xf5, 0x0, 0x0,
    0x0, 0x0, 0x4f, 0xf5, 0x0, 0x0, 0x0, 0x0,
    0x4f, 0xf5, 0x0, 0x0, 0x0, 0x0, 0x4f, 0xf5,
    0x0, 0x0, 0x0, 0x0, 0x4f, 0xf5, 0x0, 0x0,
    0x0, 0x0, 0x4f, 0xf5, 0x0, 0x0, 0x0, 0x0,
    0x4f, 0xf5, 0x0, 0x0, 0x0, 0x0, 0x4f, 0xf5,
    0x0, 0x0, 0x0, 0x0, 0x4f, 0xf5, 0x0, 0x0,
    0x0, 0x0, 0x4f, 0xf5, 0x0, 0x0, 0x0, 0x0,
    0x4f, 0xf5, 0x0, 0x0, 0x0, 0x0, 0x4f, 0xf5,
    0x0, 0x0, 0x0, 0x0, 0x4f, 0xf5, 0x0, 0x0,

    /* U+0055 "U" */
    0x6f, 0xf3, 0x0, 0x0, 0x0, 0xcf, 0xd6, 0xff,
    0x30, 0x0, 0x0, 0xc, 0xfd, 0x6f, 0xf3, 0x0,
    0x0, 0x0, 0xcf, 0xd6, 0xff, 0x30, 0x0, 0x0,
    0xc, 0xfd, 0x6f, 0xf3, 0x0, 0x0, 0x0, 0xcf,
    0xd6, 0xff, 0x30, 0x0, 0x0, 0xc, 0xfd, 0x6f,
    0xf3, 0x0, 0x0, 0x0, 0xcf, 0xd6, 0xff, 0x30,
    0x0, 0x0, 0xc, 0xfd, 0x6f, 0xf3, 0x0, 0x0,
    0x0, 0xcf, 0xd6, 0xff, 0x30, 0x0, 0x0, 0xc,
    0xfd, 0x5f, 0xf5, 0x0, 0x0, 0x0, 0xdf, 0xc3,
    0xff, 0x80, 0x0, 0x0, 0x1f, 0xfa, 0xf, 0xff,
    0x10, 0x0, 0x9, 0xff, 0x60, 0x8f, 0xfd, 0x63,
    0x4a, 0xff, 0xd0, 0x0, 0xbf, 0xff, 0xff, 0xff,
    0xe2, 0x0, 0x0, 0x5b, 0xef, 0xfc, 0x71, 0x0,

    /* U+0056 "V" */
    0xbf, 0xf0, 0x0, 0x0, 0x0, 0xe, 0xfd, 0x5f,
    0xf5, 0x0, 0x0, 0x0, 0x3f, 0xf7, 0xf, 0xfa,
    0x0, 0x0, 0x0, 0x8f, 0xf2, 0xa, 0xfe, 0x0,
    0x0, 0x0, 0xdf, 0xc0, 0x5, 0xff, 0x40, 0x0,
    0x2, 0xff, 0x70, 0x0, 0xff, 0x90, 0x0, 0x7,
    0xff, 0x10, 0x0, 0x9f, 0xe0, 0x0, 0xc, 0xfb,
    0x0, 0x0, 0x4f, 0xf3, 0x0, 0x1f, 0xf6, 0x0,
    0x0, 0xe, 0xf8, 0x0, 0x6f, 0xf1, 0x0, 0x0,
    0x9, 0xfd, 0x0, 0xbf, 0xb0, 0x0, 0x0, 0x3,
    0xff, 0x20, 0xff, 0x50, 0x0, 0x0, 0x0, 0xef,
    0x74, 0xff, 0x0, 0x0, 0x0, 0x0, 0x8f, 0xb9,
    0xfa, 0x0, 0x0, 0x0, 0x0, 0x3f, 0xfd, 0xf5,
    0x0, 0x0, 0x0, 0x0, 0xd, 0xff, 0xf0, 0x0,
    0x0, 0x0, 0x0, 0x8, 0xff, 0xa0, 0x0, 0x0,

    /* U+0057 "W" */
    0xbf, 0xf0, 0x0, 0x0, 0xc, 0xff, 0x0, 0x0,
    0x0, 0xaf, 0xf0, 0x7f, 0xf2, 0x0, 0x0, 0xf,
    0xff, 0x40, 0x0, 0x0, 0xef, 0xb0, 0x3f, 0xf6,
    0x0, 0x0, 0x4f, 0xff, 0x80, 0x0, 0x2, 0xff,
    0x70, 0xf, 0xfa, 0x0, 0x0, 0x8f, 0xaf, 0xc0,
    0x0, 0x6, 0xff, 0x30, 0xb, 0xfe, 0x0, 0x0,
    0xdf, 0x4f, 0xf1, 0x0, 0xa, 0xfe, 0x0, 0x7,
    0xff, 0x10, 0x1, 0xff, 0xc, 0xf5, 0x0, 0xd,
    0xfa, 0x0, 0x3, 0xff, 0x50, 0x5, 0xfc, 0x8,
    0xf9, 0x0, 0x1f, 0xf6, 0x0, 0x0, 0xef, 0x90,
    0xa, 0xf8, 0x4, 0xfd, 0x0, 0x5f, 0xf2, 0x0,
    0x0, 0xaf, 0xc0, 0xe, 0xf3, 0x0, 0xff, 0x10,
    0x9f, 0xe0, 0x0, 0x0, 0x6f, 0xf0, 0x2f, 0xf0,
    0x0, 0xcf, 0x60, 0xdf, 0x90, 0x0, 0x0, 0x2f,
    0xf4, 0x6f, 0xb0, 0x0, 0x8f, 0x91, 0xff, 0x50,
    0x0, 0x0, 0xe, 0xf7, 0x9f, 0x70, 0x0, 0x3f,
    0xd4, 0xff, 0x10, 0x0, 0x0, 0xa, 0xfb, 0xdf,
    0x20, 0x0, 0xf, 0xf8, 0xfd, 0x0, 0x0, 0x0,
    0x6, 0xfe, 0xfe, 0x0, 0x0, 0xb, 0xfe, 0xf9,
    0x0, 0x0, 0x0, 0x2, 0xff, 0xfa, 0x0, 0x0,
    0x7, 0xff, 0xf4, 0x0, 0x0, 0x0, 0x0, 0xef,
    0xf6, 0x0, 0x0, 0x3, 0xff, 0xf1, 0x0, 0x0,

    /* U+0058 "X" */
    0x4, 0xff, 0x70, 0x0, 0x0, 0xd, 0xfd, 0x0,
    0x9, 0xff, 0x10, 0x0, 0x7, 0xff, 0x40, 0x0,
    0x1e, 0xfb, 0x0, 0x1, 0xff, 0xa0, 0x0, 0x0,
    0x5f, 0xf4, 0x0, 0xaf, 0xf1, 0x0, 0x0, 0x0,
    0xbf, 0xd0, 0x4f, 0xf6, 0x0, 0x0, 0x0, 0x1,
    0xff, 0x8d, 0xfc, 0x0, 0x0, 0x0, 0x0, 0x6,
    0xff, 0xff, 0x30, 0x0, 0x0, 0x0, 0x0, 0xe,
    0xff, 0xa0, 0x0, 0x0, 0x0, 0x0, 0x4, 0xff,
    0xff, 0x10, 0x0, 0x0, 0x0, 0x0, 0xef, 0xcf,
    0xfa, 0x0, 0x0, 0x0, 0x0, 0x9f, 0xf2, 0x7f,
    0xf4, 0x0, 0x0, 0x0, 0x3f, 0xf7, 0x0, 0xdf,
    0xd0, 0x0, 0x0, 0xc, 0xfd, 0x0, 0x3, 0xff,
    0x80, 0x0, 0x7, 0xff, 0x40, 0x0, 0xa, 0xff,
    0x20, 0x1, 0xff, 0xa0, 0x0, 0x0, 0x1f, 0xfb,
    0x0, 0xbf, 0xf1, 0x0, 0x0, 0x0, 0x6f, 0xf5,

    /* U+0059 "Y" */
    0xbf, 0xf1, 0x0, 0x0, 0x4, 0xff, 0x63, 0xff,
    0x90, 0x0, 0x0, 0xcf, 0xd0, 0xa, 0xff, 0x10,
    0x0, 0x4f, 0xf5, 0x0, 0x2f, 0xf8, 0x0, 0xc,
    0xfc, 0x0, 0x0, 0x9f, 0xf1, 0x4, 0xff, 0x40,
    0x0, 0x1, 0xff, 0x80, 0xcf, 0xb0, 0x0, 0x0,
    0x8, 0xff, 0x5f, 0xf3, 0x0, 0x0, 0x0, 0xe,
    0xff, 0xfa, 0x0, 0x0, 0x0, 0x0, 0x7f, 0xff,
    0x20, 0x0, 0x0, 0x0, 0x0, 0xff, 0xa0, 0x0,
    0x0, 0x0, 0x0, 0xf, 0xfa, 0x0, 0x0, 0x0,
    0x0, 0x0, 0xff, 0xa0, 0x0, 0x0, 0x0, 0x0,
    0xf, 0xfa, 0x0, 0x0, 0x0, 0x0, 0x0, 0xff,
    0xa0, 0x0, 0x0, 0x0, 0x0, 0xf, 0xfa, 0x0,
    0x0, 0x0, 0x0, 0x0, 0xff, 0xa0, 0x0, 0x0,

    /* U+005A "Z" */
    0x9, 0xff, 0xff, 0xff, 0xff, 0xfd, 0x0, 0x9f,
    0xff, 0xff, 0xff, 0xff, 0xd0, 0x2, 0x33, 0x33,
    0x33, 0x8f, 0xf7, 0x0, 0x0, 0x0, 0x0, 0x1e,
    0xfb, 0x0, 0x0, 0x0, 0x0, 0xb, 0xfe, 0x10,
    0x0, 0x0, 0x0, 0x6, 0xff, 0x50, 0x0, 0x0,
    0x0, 0x2, 0xff, 0xa0, 0x0, 0x0, 0x0, 0x0,
    0xcf, 0xe0, 0x0, 0x0, 0x0, 0x0, 0x8f, 0xf3,
    0x0, 0x0, 0x0, 0x0, 0x3f, 0xf8, 0x0, 0x0,
    0x0, 0x0, 0xe, 0xfc, 0x0, 0x0, 0x0, 0x0,
    0xa, 0xff, 0x20, 0x0, 0x0, 0x0, 0x5, 0xff,
    0x60, 0x0, 0x0, 0x0, 0x1, 0xef, 0xd3, 0x33,
    0x33, 0x33, 0x31, 0x6f, 0xff, 0xff, 0xff, 0xff,
    0xff, 0x67, 0xff, 0xff, 0xff, 0xff, 0xff, 0xf6,

    /* U+005B "[" */
    0x5f, 0xff, 0xff, 0x15, 0xff, 0xdd, 0xd1, 0x5f,
    0xf0, 0x0, 0x5, 0xff, 0x0, 0x0, 0x5f, 0xf0,
    0x0, 0x5, 0xff, 0x0, 0x0, 0x5f, 0xf0, 0x0,
    0x5, 0xff, 0x0, 0x0, 0x5f, 0xf0, 0x0, 0x5,
    0xff, 0x0, 0x0, 0x5f, 0xf0, 0x0, 0x5, 0xff,
    0x0, 0x0, 0x5f, 0xf0, 0x0, 0x5, 0xff, 0x0,
    0x0, 0x5f, 0xf0, 0x0, 0x5, 0xff, 0x0, 0x0,
    0x5f, 0xf0, 0x0, 0x5, 0xff, 0x0, 0x0, 0x5f,
    0xf0, 0x0, 0x5, 0xff, 0xdd, 0xd1, 0x5f, 0xff,
    0xff, 0x10,

    /* U+005C "\\" */
    0xdf, 0x90, 0x0, 0x0, 0x6, 0xff, 0x0, 0x0,
    0x0, 0x1f, 0xf6, 0x0, 0x0, 0x0, 0xaf, 0xc0,
    0x0, 0x0, 0x4, 0xff, 0x20, 0x0, 0x0, 0xe,
    0xf8, 0x0, 0x0, 0x0, 0x8f, 0xe0, 0x0, 0x0,
    0x2, 0xff, 0x40, 0x0, 0x0, 0xc, 0xfa, 0x0,
    0x0, 0x0, 0x6f, 0xf1, 0x0, 0x0, 0x1, 0xff,
    0x60, 0x0, 0x0, 0xa, 0xfd, 0x0, 0x0, 0x0,
    0x4f, 0xf3, 0x0, 0x0, 0x0, 0xef, 0x90, 0x0,
    0x0, 0x8, 0xfe, 0x0, 0x0, 0x0, 0x2f, 0xf5,
    0x0, 0x0, 0x0, 0xcf, 0xb0,

    /* U+005D "]" */
    0xaf, 0xff, 0xfd, 0x8d, 0xde, 0xfd, 0x0, 0x8,
    0xfd, 0x0, 0x8, 0xfd, 0x0, 0x8, 0xfd, 0x0,
    0x8, 0xfd, 0x0, 0x8, 0xfd, 0x0, 0x8, 0xfd,
    0x0, 0x8, 0xfd, 0x0, 0x8, 0xfd, 0x0, 0x8,
    0xfd, 0x0, 0x8, 0xfd, 0x0, 0x8, 0xfd, 0x0,
    0x8, 0xfd, 0x0, 0x8, 0xfd, 0x0, 0x8, 0xfd,
    0x0, 0x8, 0xfd, 0x0, 0x8, 0xfd, 0x0, 0x8,
    0xfd, 0x8d, 0xde, 0xfd, 0xaf, 0xff, 0xfd,

    /* U+005E "^" */
    0x0, 0x0, 0x7, 0x88, 0x10, 0x0, 0x0, 0x0,
    0x3, 0xff, 0xf7, 0x0, 0x0, 0x0, 0x0, 0x9f,
    0x8f, 0xd0, 0x0, 0x0, 0x0, 0x1f, 0xe0, 0xbf,
    0x40, 0x0, 0x0, 0x7, 0xf8, 0x5, 0xfb, 0x0,
    0x0, 0x0, 0xdf, 0x20, 0xe, 0xf1, 0x0, 0x0,
    0x4f, 0xb0, 0x0, 0x8f, 0x80, 0x0, 0xb, 0xf5,
    0x0, 0x1, 0xfe, 0x0, 0x1, 0xfe, 0x0, 0x0,
    0xb, 0xf5, 0x0, 0x8f, 0x80, 0x0, 0x0, 0x4f,
    0xc0, 0xe, 0xf1, 0x0, 0x0, 0x0, 0xdf, 0x20,

    /* U+005F "_" */
    0x3f, 0xff, 0xff, 0xff, 0xff, 0x40, 0x11, 0x11,
    0x11, 0x11, 0x10,

    /* U+0060 "`" */
    0x58, 0x70, 0x0, 0x2d, 0xf8, 0x0, 0x1, 0xcf,
    0x50, 0x0, 0xb, 0xf2,

    /* U+0061 "a" */
    0x0, 0x19, 0xdf, 0xfb, 0x40, 0x0, 0xdf, 0xfc,
    0xef, 0xf3, 0x5, 0xff, 0x30, 0x1e, 0xfb, 0x0,
    0x3, 0x0, 0x9, 0xfe, 0x0, 0x0, 0x0, 0x7,
    0xff, 0x0, 0x5b, 0xef, 0xff, 0xff, 0x7, 0xff,
    0xd9, 0x8b, 0xff, 0xf, 0xfb, 0x0, 0x7, 0xff,
    0x2f, 0xf7, 0x0, 0x9, 0xff, 0xf, 0xf9, 0x0,
    0x2f, 0xff, 0xa, 0xff, 0xbb, 0xfb, 0xff, 0x1,
    0x9e, 0xfd, 0x56, 0xff,

    /* U+0062 "b" */
    0x5f, 0xf1, 0x0, 0x0, 0x0, 0x0, 0x5f, 0xf1,
    0x0, 0x0, 0x0, 0x0, 0x5f, 0xf1, 0x0, 0x0,
    0x0, 0x0, 0x5f, 0xf1, 0x0, 0x0, 0x0, 0x0,
    0x5f, 0xf1, 0x0, 0x0, 0x0, 0x0, 0x5f, 0xf1,
    0x6d, 0xfe, 0xa1, 0x0, 0x5f, 0xf8, 0xff, 0xff,
    0xfe, 0x10, 0x5f, 0xff, 0x50, 0x7, 0xff, 0xa0,
    0x5f, 0xf9, 0x0, 0x0, 0xbf, 0xf0, 0x5f, 0xf3,
    0x0, 0x0, 0x6f, 0xf3, 0x5f, 0xf1, 0x0, 0x0,
    0x5f, 0xf4, 0x5f, 0xf1, 0x0, 0x0, 0x4f, 0xf4,
    0x5f, 0xf3, 0x0, 0x0, 0x6f, 0xf3, 0x5f, 0xf8,
    0x0, 0x0, 0xaf, 0xf0, 0x5f, 0xff, 0x40, 0x6,
    0xff, 0x90, 0x6f, 0xf8, 0xff, 0xff, 0xfd, 0x10,
    0x6f, 0xf0, 0x6d, 0xfe, 0x91, 0x0,

    /* U+0063 "c" */
    0x0, 0x7, 0xdf, 0xeb, 0x30, 0x0, 0xb, 0xff,
    0xff, 0xff, 0x20, 0x5, 0xff, 0x60, 0x2e, 0xfb,
    0x0, 0xbf, 0xc0, 0x0, 0x6b, 0x90, 0xf, 0xf8,
    0x0, 0x0, 0x0, 0x0, 0xff, 0x60, 0x0, 0x0,
    0x0, 0xf, 0xf7, 0x0, 0x0, 0x0, 0x0, 0xff,
    0x80, 0x0, 0x0, 0x0, 0xc, 0xfc, 0x0, 0x8,
    0xeb, 0x0, 0x6f, 0xf6, 0x2, 0xef, 0xa0, 0x0,
    0xbf, 0xff, 0xff, 0xe2, 0x0, 0x0, 0x8d, 0xfe,
    0xa2, 0x0,

    /* U+0064 "d" */
    0x0, 0x0, 0x0, 0x0, 0xd, 0xfa, 0x0, 0x0,
    0x0, 0x0, 0xd, 0xfa, 0x0, 0x0, 0x0, 0x0,
    0xd, 0xfa, 0x0, 0x0, 0x0, 0x0, 0xd, 0xfa,
    0x0, 0x0, 0x0, 0x0, 0xd, 0xfa, 0x0, 0x7,
    0xdf, 0xe9, 0xd, 0xfa, 0x0, 0xbf, 0xff, 0xff,
    0xcd, 0xfa, 0x5, 0xff, 0x90, 0x3, 0xef, 0xfa,
    0xb, 0xfe, 0x0, 0x0, 0x5f, 0xfa, 0xf, 0xfa,
    0x0, 0x0, 0xf, 0xfa, 0xf, 0xf8, 0x0, 0x0,
    0xe, 0xfa, 0xf, 0xf8, 0x0, 0x0, 0xd, 0xfa,
    0xf, 0xf9, 0x0, 0x0, 0xf, 0xfa, 0xc, 0xfd,
    0x0, 0x0, 0x4f, 0xfa, 0x6, 0xff, 0x60, 0x0,
    0xcf, 0xfa, 0x0, 0xcf, 0xfc, 0xbe, 0xcd, 0xfa,
    0x0, 0x8, 0xdf, 0xe9, 0xc, 0xfb,

    /* U+0065 "e" */
    0x0, 0x6, 0xcf, 0xfc, 0x50, 0x0, 0x9, 0xff,
    0xee, 0xff, 0x70, 0x5, 0xff, 0x70, 0x8, 0xff,
    0x20, 0xbf, 0xd0, 0x0, 0xe, 0xf8, 0xf, 0xf9,
    0x0, 0x0, 0xbf, 0xb0, 0xff, 0xff, 0xff, 0xff,
    0xfd, 0xf, 0xfd, 0xaa, 0xaa, 0xaa, 0x90, 0xef,
    0xa0, 0x0, 0x0, 0x0, 0xb, 0xfe, 0x0, 0x0,
    0x44, 0x0, 0x4f, 0xf9, 0x0, 0x3e, 0xf7, 0x0,
    0x9f, 0xff, 0xef, 0xfc, 0x0, 0x0, 0x6c, 0xff,
    0xd7, 0x0,

    /* U+0066 "f" */
    0x0, 0x4, 0xcf, 0xfb, 0x0, 0x1f, 0xff, 0xca,
    0x0, 0x6f, 0xf3, 0x0, 0x0, 0x8f, 0xf0, 0x0,
    0x0, 0x8f, 0xf0, 0x0, 0x7f, 0xff, 0xff, 0xf5,
    0x6e, 0xff, 0xfe, 0xe4, 0x0, 0x8f, 0xf0, 0x0,
    0x0, 0x8f, 0xf0, 0x0, 0x0, 0x8f, 0xf0, 0x0,
    0x0, 0x8f, 0xf0, 0x0, 0x0, 0x8f, 0xf0, 0x0,
    0x0, 0x8f, 0xf0, 0x0, 0x0, 0x8f, 0xf0, 0x0,
    0x0, 0x8f, 0xf0, 0x0, 0x0, 0x8f, 0xf0, 0x0,
    0x0, 0x8f, 0xf0, 0x0,

    /* U+0067 "g" */
    0x0, 0x8, 0xdf, 0xd8, 0xb, 0xfa, 0x0, 0xbf,
    0xff, 0xef, 0xac, 0xfa, 0x6, 0xff, 0xa1, 0x2,
    0xdf, 0xfa, 0xc, 0xfe, 0x0, 0x0, 0x5f, 0xfa,
    0xf, 0xfa, 0x0, 0x0, 0xf, 0xfa, 0xf, 0xf8,
    0x0, 0x0, 0xd, 0xfa, 0xf, 0xf9, 0x0, 0x0,
    0xd, 0xfa, 0xf, 0xfa, 0x0, 0x0, 0xf, 0xfa,
    0xc, 0xff, 0x0, 0x0, 0x5f, 0xfa, 0x6, 0xff,
    0xa1, 0x3, 0xef, 0xfa, 0x0, 0xcf, 0xff, 0xff,
    0x9d, 0xfa, 0x0, 0x19, 0xef, 0xd7, 0xd, 0xf9,
    0x0, 0x2, 0x0, 0x0, 0x1f, 0xf6, 0x5, 0xff,
    0x70, 0x2, 0xcf, 0xf1, 0x0, 0xcf, 0xff, 0xff,
    0xff, 0x40, 0x0, 0x7, 0xce, 0xfe, 0xa2, 0x0,

    /* U+0068 "h" */
    0x6f, 0xf1, 0x0, 0x0, 0x0, 0x6, 0xff, 0x10,
    0x0, 0x0, 0x0, 0x6f, 0xf1, 0x0, 0x0, 0x0,
    0x6, 0xff, 0x10, 0x0, 0x0, 0x0, 0x6f, 0xf1,
    0x0, 0x0, 0x0, 0x6, 0xff, 0x15, 0xdf, 0xe9,
    0x0, 0x6f, 0xf6, 0xff, 0xff, 0xf9, 0x6, 0xff,
    0xe9, 0x45, 0xef, 0xf1, 0x6f, 0xfa, 0x0, 0x6,
    0xff, 0x46, 0xff, 0x30, 0x0, 0x2f, 0xf5, 0x6f,
    0xf1, 0x0, 0x2, 0xff, 0x56, 0xff, 0x10, 0x0,
    0x2f, 0xf5, 0x6f, 0xf1, 0x0, 0x2, 0xff, 0x56,
    0xff, 0x10, 0x0, 0x2f, 0xf5, 0x6f, 0xf1, 0x0,
    0x2, 0xff, 0x56, 0xff, 0x10, 0x0, 0x2f, 0xf5,
    0x6f, 0xf1, 0x0, 0x2, 0xff, 0x50,

    /* U+0069 "i" */
    0x5f, 0xf1, 0x5f, 0xf1, 0x14, 0x40, 0x0, 0x0,
    0x0, 0x0, 0x5f, 0xf1, 0x5f, 0xf1, 0x5f, 0xf1,
    0x5f, 0xf1, 0x5f, 0xf1, 0x5f, 0xf1, 0x5f, 0xf1,
    0x5f, 0xf1, 0x5f, 0xf1, 0x5f, 0xf1, 0x5f, 0xf1,
    0x5f, 0xf1,

    /* U+006A "j" */
    0x0, 0x6f, 0xf1, 0x0, 0x6f, 0xf1, 0x0, 0x14,
    0x40, 0x0, 0x0, 0x0, 0x0, 0x0, 0x0, 0x0,
    0x6f, 0xf1, 0x0, 0x6f, 0xf1, 0x0, 0x6f, 0xf1,
    0x0, 0x6f, 0xf1, 0x0, 0x6f, 0xf1, 0x0, 0x6f,
    0xf1, 0x0, 0x6f, 0xf1, 0x0, 0x6f, 0xf1, 0x0,
    0x6f, 0xf1, 0x0, 0x6f, 0xf1, 0x0, 0x6f, 0xf1,
    0x0, 0x6f, 0xf1, 0x0, 0x6f, 0xf1, 0x0, 0xaf,
    0xf0, 0x5e, 0xff, 0xa0, 0x5f, 0xfb, 0x10,

    /* U+006B "k" */
    0x6f, 0xf1, 0x0, 0x0, 0x0, 0x6, 0xff, 0x10,
    0x0, 0x0, 0x0, 0x6f, 0xf1, 0x0, 0x0, 0x0,
    0x6, 0xff, 0x10, 0x0, 0x0, 0x0, 0x6f, 0xf1,
    0x0, 0x0, 0x0, 0x6, 0xff, 0x10, 0x0, 0xdf,
    0xd1, 0x6f, 0xf1, 0x0, 0xbf, 0xe2, 0x6, 0xff,
    0x10, 0x8f, 0xf3, 0x0, 0x6f, 0xf1, 0x5f, 0xf5,
    0x0, 0x6, 0xff, 0x4f, 0xf7, 0x0, 0x0, 0x6f,
    0xfe, 0xff, 0x60, 0x0, 0x6, 0xff, 0xfe, 0xfe,
    0x10, 0x0, 0x6f, 0xf6, 0x2f, 0xfa, 0x0, 0x6,
    0xff, 0x10, 0x8f, 0xf5, 0x0, 0x6f, 0xf1, 0x0,
    0xdf, 0xe1, 0x6, 0xff, 0x10, 0x4, 0xff, 0x90,
    0x6f, 0xf1, 0x0, 0x9, 0xff, 0x40,

    /* U+006C "l" */
    0x5f, 0xf1, 0x5f, 0xf1, 0x5f, 0xf1, 0x5f, 0xf1,
    0x5f, 0xf1, 0x5f, 0xf1, 0x5f, 0xf1, 0x5f, 0xf1,
    0x5f, 0xf1, 0x5f, 0xf1, 0x5f, 0xf1, 0x5f, 0xf1,
    0x5f, 0xf1, 0x5f, 0xf1, 0x5f, 0xf1, 0x5f, 0xf1,
    0x5f, 0xf1,

    /* U+006D "m" */
    0x7f, 0xe0, 0x6d, 0xfd, 0x70, 0x8, 0xef, 0xd6,
    0x6, 0xff, 0x7f, 0xdf, 0xff, 0x79, 0xfe, 0xff,
    0xf5, 0x5f, 0xfe, 0x20, 0x2e, 0xff, 0xe2, 0x3,
    0xff, 0xb5, 0xff, 0x70, 0x0, 0x9f, 0xf6, 0x0,
    0xa, 0xfe, 0x5f, 0xf3, 0x0, 0x7, 0xff, 0x20,
    0x0, 0x8f, 0xf5, 0xff, 0x20, 0x0, 0x6f, 0xf1,
    0x0, 0x7, 0xff, 0x5f, 0xf1, 0x0, 0x6, 0xff,
    0x0, 0x0, 0x7f, 0xf5, 0xff, 0x10, 0x0, 0x6f,
    0xf0, 0x0, 0x7, 0xff, 0x5f, 0xf1, 0x0, 0x6,
    0xff, 0x0, 0x0, 0x7f, 0xf5, 0xff, 0x10, 0x0,
    0x6f, 0xf0, 0x0, 0x7, 0xff, 0x5f, 0xf1, 0x0,
    0x6, 0xff, 0x0, 0x0, 0x7f, 0xf5, 0xff, 0x10,
    0x0, 0x6f, 0xf0, 0x0, 0x7, 0xff,

    /* U+006E "n" */
    0x7f, 0xe0, 0x6d, 0xfe, 0x90, 0x6, 0xff, 0x6f,
    0xdf, 0xff, 0xa0, 0x5f, 0xfe, 0x30, 0xc, 0xff,
    0x15, 0xff, 0x80, 0x0, 0x5f, 0xf4, 0x5f, 0xf3,
    0x0, 0x2, 0xff, 0x55, 0xff, 0x20, 0x0, 0x2f,
    0xf5, 0x5f, 0xf1, 0x0, 0x2, 0xff, 0x55, 0xff,
    0x10, 0x0, 0x2f, 0xf5, 0x5f, 0xf1, 0x0, 0x2,
    0xff, 0x55, 0xff, 0x10, 0x0, 0x2f, 0xf5, 0x5f,
    0xf1, 0x0, 0x2, 0xff, 0x55, 0xff, 0x10, 0x0,
    0x2f, 0xf5,

    /* U+006F "o" */
    0x0, 0x3, 0xae, 0xfe, 0xb5, 0x0, 0x0, 0x7,
    0xff, 0xff, 0xff, 0xfa, 0x0, 0x3, 0xff, 0xc2,
    0x1, 0xaf, 0xf6, 0x0, 0xbf, 0xf1, 0x0, 0x0,
    0xdf, 0xd0, 0xf, 0xfa, 0x0, 0x0, 0x8, 0xff,
    0x10, 0xff, 0x90, 0x0, 0x0, 0x6f, 0xf2, 0xf,
    0xf9, 0x0, 0x0, 0x6, 0xff, 0x20, 0xef, 0xb0,
    0x0, 0x0, 0x8f, 0xf1, 0xa, 0xff, 0x10, 0x0,
    0xd, 0xfd, 0x0, 0x3f, 0xfb, 0x10, 0x1a, 0xff,
    0x50, 0x0, 0x6f, 0xff, 0xff, 0xff, 0x90, 0x0,
    0x0, 0x3a, 0xef, 0xeb, 0x40, 0x0,

    /* U+0070 "p" */
    0x7f, 0xf0, 0x7d, 0xfe, 0xa2, 0x0, 0x6f, 0xf9,
    0xfc, 0xcf, 0xfe, 0x20, 0x6f, 0xfe, 0x20, 0x3,
    0xff, 0xa0, 0x6f, 0xf8, 0x0, 0x0, 0x9f, 0xf0,
    0x6f, 0xf3, 0x0, 0x0, 0x5f, 0xf3, 0x6f, 0xf1,
    0x0, 0x0, 0x4f, 0xf4, 0x6f, 0xf1, 0x0, 0x0,
    0x4f, 0xf4, 0x6f, 0xf3, 0x0, 0x0, 0x6f, 0xf2,
    0x6f, 0xf9, 0x0, 0x0, 0xbf, 0xf0, 0x6f, 0xff,
    0x50, 0x7, 0xff, 0x90, 0x6f, 0xf9, 0xff, 0xff,
    0xfd, 0x10, 0x6f, 0xf1, 0x7d, 0xfe, 0x91, 0x0,
    0x6f, 0xf1, 0x0, 0x0, 0x0, 0x0, 0x6f, 0xf1,
    0x0, 0x0, 0x0, 0x0, 0x6f, 0xf1, 0x0, 0x0,
    0x0, 0x0, 0x6f, 0xf1, 0x0, 0x0, 0x0, 0x0,

    /* U+0071 "q" */
    0x0, 0x7, 0xdf, 0xe9, 0xb, 0xfa, 0x0, 0xbf,
    0xff, 0xff, 0xbc, 0xfa, 0x5, 0xff, 0xa1, 0x3,
    0xdf, 0xfa, 0xc, 0xfe, 0x0, 0x0, 0x5f, 0xfa,
    0xf, 0xfa, 0x0, 0x0, 0xf, 0xfa, 0xf, 0xf8,
    0x0, 0x0, 0xd, 0xfa, 0xf, 0xf8, 0x0, 0x0,
    0xe, 0xfa, 0xf, 0xfa, 0x0, 0x0, 0xf, 0xfa,
    0xc, 0xfe, 0x0, 0x0, 0x5f, 0xfa, 0x6, 0xff,
    0xa1, 0x3, 0xef, 0xfa, 0x0, 0xcf, 0xff, 0xff,
    0xbd, 0xfa, 0x0, 0x9, 0xef, 0xe8, 0xd, 0xfa,
    0x0, 0x0, 0x0, 0x0, 0xd, 0xfa, 0x0, 0x0,
    0x0, 0x0, 0xd, 0xfa, 0x0, 0x0, 0x0, 0x0,
    0xd, 0xfa, 0x0, 0x0, 0x0, 0x0, 0xd, 0xfa,

    /* U+0072 "r" */
    0x0, 0x0, 0x0, 0x7, 0xfe, 0x8, 0xed, 0x6f,
    0xf6, 0xff, 0xd6, 0xff, 0xd6, 0x0, 0x6f, 0xfa,
    0x0, 0x6, 0xff, 0x40, 0x0, 0x6f, 0xf2, 0x0,
    0x6, 0xff, 0x10, 0x0, 0x6f, 0xf1, 0x0, 0x6,
    0xff, 0x10, 0x0, 0x6f, 0xf1, 0x0, 0x6, 0xff,
    0x10, 0x0, 0x6f, 0xf1, 0x0, 0x0,

    /* U+0073 "s" */
    0x0, 0x7d, 0xfe, 0xb2, 0x0, 0x8f, 0xfc, 0xef,
    0xe1, 0xe, 0xf5, 0x0, 0xcd, 0x40, 0xff, 0x40,
    0x0, 0x0, 0xe, 0xfe, 0x61, 0x0, 0x0, 0x5f,
    0xff, 0xfb, 0x30, 0x0, 0x28, 0xef, 0xff, 0x30,
    0x0, 0x0, 0x4e, 0xfa, 0x0, 0x10, 0x0, 0x9f,
    0xc4, 0xfd, 0x0, 0xb, 0xfa, 0xe, 0xfe, 0xbd,
    0xff, 0x30, 0x2b, 0xef, 0xeb, 0x30,

    /* U+0074 "t" */
    0x0, 0x18, 0x40, 0x0, 0x0, 0x6f, 0x90, 0x0,
    0x0, 0xbf, 0x90, 0x0, 0x8f, 0xff, 0xff, 0xf3,
    0x7e, 0xff, 0xfe, 0xe3, 0x0, 0xef, 0x90, 0x0,
    0x0, 0xef, 0x90, 0x0, 0x0, 0xef, 0x90, 0x0,
    0x0, 0xef, 0x90, 0x0, 0x0, 0xef, 0x90, 0x0,
    0x0, 0xef, 0x90, 0x0, 0x0, 0xef, 0x90, 0x0,
    0x0, 0xdf, 0xd1, 0x0, 0x0, 0x8f, 0xff, 0xf5,
    0x0, 0xa, 0xef, 0xd3,

    /* U+0075 "u" */
    0x8f, 0xf0, 0x0, 0x4, 0xff, 0x38, 0xff, 0x0,
    0x0, 0x4f, 0xf3, 0x8f, 0xf0, 0x0, 0x4, 0xff,
    0x38, 0xff, 0x0, 0x0, 0x4f, 0xf3, 0x8f, 0xf0,
    0x0, 0x4, 0xff, 0x38, 0xff, 0x0, 0x0, 0x4f,
    0xf3, 0x8f, 0xf0, 0x0, 0x4, 0xff, 0x38, 0xff,
    0x0, 0x0, 0x6f, 0xf3, 0x6f, 0xf2, 0x0, 0xa,
    0xff, 0x33, 0xff, 0xa0, 0x5, 0xff, 0xf3, 0xc,
    0xff, 0xee, 0xf6, 0xff, 0x40, 0x1a, 0xff, 0xc4,
    0x1f, 0xf4,

    /* U+0076 "v" */
    0xdf, 0xc0, 0x0, 0x0, 0x9f, 0xf0, 0x7f, 0xf1,
    0x0, 0x0, 0xef, 0xa0, 0x2f, 0xf6, 0x0, 0x3,
    0xff, 0x40, 0xc, 0xfb, 0x0, 0x8, 0xfe, 0x0,
    0x7, 0xff, 0x0, 0xd, 0xf9, 0x0, 0x2, 0xff,
    0x40, 0x2f, 0xf3, 0x0, 0x0, 0xcf, 0x90, 0x7f,
    0xe0, 0x0, 0x0, 0x7f, 0xe0, 0xcf, 0x80, 0x0,
    0x0, 0x1f, 0xf4, 0xff, 0x30, 0x0, 0x0, 0xc,
    0xfc, 0xfd, 0x0, 0x0, 0x0, 0x7, 0xff, 0xf8,
    0x0, 0x0, 0x0, 0x1, 0xff, 0xf2, 0x0, 0x0,

    /* U+0077 "w" */
    0xcf, 0x90, 0x0, 0x2f, 0xfb, 0x0, 0x0, 0xff,
    0x58, 0xfd, 0x0, 0x6, 0xff, 0xe0, 0x0, 0x3f,
    0xf1, 0x4f, 0xf0, 0x0, 0xaf, 0xef, 0x30, 0x7,
    0xfd, 0x0, 0xff, 0x40, 0xe, 0xf8, 0xf7, 0x0,
    0xaf, 0x90, 0xc, 0xf8, 0x2, 0xfd, 0x4f, 0xb0,
    0xe, 0xf5, 0x0, 0x8f, 0xc0, 0x6f, 0x90, 0xff,
    0x1, 0xff, 0x10, 0x4, 0xff, 0xa, 0xf5, 0xc,
    0xf3, 0x5f, 0xc0, 0x0, 0xf, 0xf3, 0xef, 0x10,
    0x8f, 0x79, 0xf8, 0x0, 0x0, 0xcf, 0x8f, 0xc0,
    0x4, 0xfb, 0xcf, 0x40, 0x0, 0x8, 0xfe, 0xf8,
    0x0, 0xf, 0xef, 0xf0, 0x0, 0x0, 0x4f, 0xff,
    0x40, 0x0, 0xcf, 0xfc, 0x0, 0x0, 0x0, 0xff,
    0xf0, 0x0, 0x8, 0xff, 0x80, 0x0,

    /* U+0078 "x" */
    0x6f, 0xf3, 0x0, 0x4, 0xff, 0x50, 0xcf, 0xd0,
    0x0, 0xdf, 0xb0, 0x2, 0xff, 0x60, 0x7f, 0xf1,
    0x0, 0x7, 0xfe, 0x3f, 0xf6, 0x0, 0x0, 0xc,
    0xff, 0xfb, 0x0, 0x0, 0x0, 0x2f, 0xff, 0x10,
    0x0, 0x0, 0x5, 0xff, 0xf5, 0x0, 0x0, 0x1,
    0xef, 0xcf, 0xe1, 0x0, 0x0, 0xaf, 0xd0, 0xdf,
    0xa0, 0x0, 0x4f, 0xf3, 0x4, 0xff, 0x40, 0xe,
    0xf9, 0x0, 0xa, 0xfe, 0x9, 0xfe, 0x10, 0x0,
    0x1f, 0xf9,

    /* U+0079 "y" */
    0xd, 0xfc, 0x0, 0x0, 0x8, 0xff, 0x0, 0x7f,
    0xf1, 0x0, 0x0, 0xdf, 0xa0, 0x1, 0xff, 0x70,
    0x0, 0x3f, 0xf4, 0x0, 0xb, 0xfc, 0x0, 0x8,
    0xfe, 0x0, 0x0, 0x4f, 0xf2, 0x0, 0xdf, 0x80,
    0x0, 0x0, 0xef, 0x70, 0x2f, 0xf3, 0x0, 0x0,
    0x8, 0xfc, 0x7, 0xfd, 0x0, 0x0, 0x0, 0x2f,
    0xf1, 0xcf, 0x70, 0x0, 0x0, 0x0, 0xcf, 0x8f,
    0xf1, 0x0, 0x0, 0x0, 0x6, 0xff, 0xfb, 0x0,
    0x0, 0x0, 0x0, 0xf, 0xff, 0x50, 0x0, 0x0,
    0x0, 0x0, 0xbf, 0xf0, 0x0, 0x0, 0x0, 0x0,
    0x1f, 0xf9, 0x0, 0x0, 0x0, 0x1, 0x2d, 0xff,
    0x20, 0x0, 0x0, 0x0, 0xff, 0xff, 0x60, 0x0,
    0x0, 0x0, 0xe, 0xfd, 0x60, 0x0, 0x0, 0x0,

    /* U+007A "z" */
    0xf, 0xff, 0xff, 0xff, 0xf5, 0xf, 0xff, 0xff,
    0xff, 0xf5, 0x0, 0x0, 0x0, 0xcf, 0xd0, 0x0,
    0x0, 0x9, 0xff, 0x30, 0x0, 0x0, 0x4f, 0xf6,
    0x0, 0x0, 0x1, 0xef, 0xb0, 0x0, 0x0, 0xc,
    0xfe, 0x10, 0x0, 0x0, 0x8f, 0xf3, 0x0, 0x0,
    0x4, 0xff, 0x70, 0x0, 0x0, 0x1e, 0xfb, 0x0,
    0x0, 0x0, 0x6f, 0xff, 0xff, 0xff, 0xfb, 0x7f,
    0xff, 0xff, 0xff, 0xfc,

    /* U+007B "{" */
    0x0, 0x3, 0xbe, 0xf1, 0x0, 0x1e, 0xff, 0xd0,
    0x0, 0x5f, 0xf4, 0x0, 0x0, 0x7f, 0xe0, 0x0,
    0x0, 0x7f, 0xd0, 0x0, 0x0, 0x7f, 0xd0, 0x0,
    0x0, 0x7f, 0xd0, 0x0, 0x0, 0x9f, 0xd0, 0x0,
    0x3, 0xff, 0x90, 0x0, 0xcf, 0xfa, 0x0, 0x0,
    0xdf, 0xf8, 0x0, 0x0, 0x5, 0xff, 0x60, 0x0,
    0x0, 0xaf, 0xb0, 0x0, 0x0, 0x7f, 0xd0, 0x0,
    0x0, 0x7f, 0xd0, 0x0, 0x0, 0x7f, 0xd0, 0x0,
    0x0, 0x7f, 0xd0, 0x0, 0x0, 0x6f, 0xf0, 0x0,
    0x0, 0x4f, 0xf5, 0x0, 0x0, 0xd, 0xff, 0xd0,
    0x0, 0x2, 0xbf, 0xf1,

    /* U+007C "|" */
    0x1f, 0xf3, 0x1f, 0xf3, 0x1f, 0xf3, 0x1f, 0xf3,
    0x1f, 0xf3, 0x1f, 0xf3, 0x1f, 0xf3, 0x1f, 0xf3,
    0x1f, 0xf3, 0x1f, 0xf3, 0x1f, 0xf3, 0x1f, 0xf3,
    0x1f, 0xf3, 0x1f, 0xf3, 0x1f, 0xf3, 0x1f, 0xf3,
    0x1f, 0xf3, 0x1f, 0xf3, 0x1f, 0xf3, 0x1f, 0xf3,
    0x1f, 0xf3,

    /* U+007D "}" */
    0xdf, 0xd5, 0x0, 0x0, 0xbf, 0xff, 0x30, 0x0,
    0x1, 0xff, 0x90, 0x0, 0x0, 0xaf, 0xb0, 0x0,
    0x0, 0x9f, 0xb0, 0x0, 0x0, 0x9f, 0xb0, 0x0,
    0x0, 0x9f, 0xb0, 0x0, 0x0, 0x8f, 0xd0, 0x0,
    0x0, 0x4f, 0xf6, 0x0, 0x0, 0x8, 0xff, 0xf1,
    0x0, 0x5, 0xef, 0xf1, 0x0, 0x3f, 0xf9, 0x10,
    0x0, 0x8f, 0xe0, 0x0, 0x0, 0x9f, 0xb0, 0x0,
    0x0, 0x9f, 0xb0, 0x0, 0x0, 0x9f, 0xb0, 0x0,
    0x0, 0x9f, 0xb0, 0x0, 0x0, 0xbf, 0xa0, 0x0,
    0x2, 0xff, 0x80, 0x0, 0xaf, 0xff, 0x20, 0x0,
    0xdf, 0xc4, 0x0, 0x0,

    /* U+007E "~" */
    0x7c, 0xff, 0xc9, 0x51, 0x1, 0x62, 0xff, 0xff,
    0xff, 0xff, 0xff, 0xf4, 0x82, 0x0, 0x37, 0xbe,
    0xfe, 0x91,

    /* U+5173 "关" */
    0x0, 0x0, 0x0, 0x0, 0x0, 0x0, 0x0, 0x0,
    0x0, 0x0, 0x0, 0x0, 0x8, 0x10, 0x0, 0x0,
    0x0, 0x79, 0x0, 0x0, 0x0, 0x0, 0x8, 0xfe,
    0x50, 0x0, 0x0, 0x1f, 0xfd, 0x0, 0x0, 0x0,
    0x0, 0x1a, 0xff, 0xa0, 0x0, 0x9, 0xfd, 0x20,
    0x0, 0x0, 0x0, 0x0, 0x4, 0xef, 0xd0, 0x4,
    0xff, 0x20, 0x0, 0x0, 0x0, 0x0, 0x0, 0x1,
    0xc5, 0x1, 0xef, 0x50, 0x0, 0x0, 0x0, 0x3,
    0xca, 0xaa, 0xaa, 0xaa, 0xdf, 0xea, 0xaa, 0xac,
    0x30, 0x0, 0x4f, 0xff, 0xff, 0xff, 0xff, 0xff,
    0xff, 0xff, 0xf4, 0x0, 0x0, 0x21, 0x0, 0x0,
    0x3f, 0xc0, 0x0, 0x0, 0x2, 0x0, 0x0, 0x0,
    0x0, 0x0, 0x4, 0xfb, 0x0, 0x0, 0x0, 0x0,
    0x0, 0x0, 0x0, 0x0, 0x0, 0x4f, 0xb0, 0x0,
    0x0, 0x0, 0x0, 0x1, 0xba, 0x99, 0x99, 0x9b,
    0xfd, 0x99, 0x99, 0x99, 0xab, 0x20, 0x2f, 0xff,
    0xff, 0xff, 0xff, 0xff, 0xff, 0xff, 0xff, 0xf2,
    0x0, 0x31, 0x0, 0x0, 0xd, 0xff, 0xe1, 0x0,
    0x0, 0x12, 0x0, 0x0, 0x0, 0x0, 0x5, 0xfd,
    0xbf, 0xa0, 0x0, 0x0, 0x0, 0x0, 0x0, 0x0,
    0x1, 0xef, 0x61, 0xff, 0x90, 0x0, 0x0, 0x0,
    0x0, 0x0, 0x2, 0xdf, 0xb0, 0x5, 0xff, 0xb1,
    0x0, 0x0, 0x0, 0x0, 0x7, 0xff, 0xb0, 0x0,
    0x5, 0xff, 0xf8, 0x10, 0x0, 0x2, 0x8e, 0xff,
    0x90, 0x0, 0x0, 0x4, 0xef, 0xff, 0xb6, 0x4,
    0xff, 0xfd, 0x40, 0x0, 0x0, 0x0, 0x1, 0xaf,
    0xff, 0x90, 0x7, 0xd6, 0x0, 0x0, 0x0, 0x0,
    0x0, 0x0, 0x29, 0xc0, 0x0, 0x0, 0x0, 0x0,
    0x0, 0x0, 0x0, 0x0, 0x0, 0x0, 0x0,

    /* U+5B50 "子" */
    0x0, 0x11, 0x0, 0x0, 0x0, 0x0, 0x0, 0x0,
    0x12, 0x0, 0x0, 0x7f, 0xff, 0xff, 0xff, 0xff,
    0xff, 0xff, 0xf9, 0x0, 0x0, 0x6c, 0xbb, 0xbb,
    0xbb, 0xbb, 0xbe, 0xff, 0xa0, 0x0, 0x0, 0x0,
    0x0, 0x0, 0x0, 0x0, 0x6f, 0xf9, 0x0, 0x0,
    0x0, 0x0, 0x0, 0x0, 0x0, 0x8, 0xff, 0x80,
    0x0, 0x0, 0x0, 0x0, 0x0, 0x0, 0x1, 0xcf,
    0xf5, 0x0, 0x0, 0x0, 0x0, 0x0, 0x0, 0x0,
    0x1e, 0xfd, 0x30, 0x0, 0x0, 0x0, 0x0, 0x0,
    0x0, 0x0, 0xf, 0xf1, 0x0, 0x0, 0x0, 0x0,
    0x7c, 0xba, 0xaa, 0xaa, 0xaf, 0xfa, 0xaa, 0xaa,
    0xab, 0xc7, 0x9f, 0xff, 0xff, 0xff, 0xff, 0xff,
    0xff, 0xff, 0xff, 0xf9, 0x22, 0x10, 0x0, 0x0,
    0xf, 0xf1, 0x0, 0x0, 0x1, 0x22, 0x0, 0x0,
    0x0, 0x0, 0xf, 0xf0, 0x0, 0x0, 0x0, 0x0,
    0x0, 0x0, 0x0, 0x0, 0xf, 0xf0, 0x0, 0x0,
    0x0, 0x0, 0x0, 0x0, 0x0, 0x0, 0xf, 0xf0,
    0x0, 0x0, 0x0, 0x0, 0x0, 0x0, 0x0, 0x0,
    0xf, 0xf0, 0x0, 0x0, 0x0, 0x0, 0x0, 0x0,
    0x0, 0x0, 0xf, 0xf0, 0x0, 0x0, 0x0, 0x0,
    0x0, 0x0, 0x0, 0x0, 0xf, 0xf0, 0x0, 0x0,
    0x0, 0x0, 0x0, 0x0, 0x1, 0x32, 0x4f, 0xf0,
    0x0, 0x0, 0x0, 0x0, 0x0, 0x0, 0x1, 0xef,
    0xff, 0xd0, 0x0, 0x0, 0x0, 0x0, 0x0, 0x0,
    0x0, 0x9f, 0xea, 0x20, 0x0, 0x0, 0x0, 0x0,
    0x0, 0x0, 0x0, 0x0, 0x0, 0x0, 0x0, 0x0,
    0x0, 0x0,

    /* U+63A9 "掩" */
    0x0, 0x1, 0x64, 0x10, 0x0, 0x0, 0x7, 0x40,
    0x0, 0x0, 0x0, 0x0, 0x2, 0xff, 0x60, 0x0,
    0x0, 0x2f, 0xf5, 0x0, 0x0, 0x0, 0x0, 0x1,
    0xff, 0x0, 0x0, 0x0, 0x5f, 0xc0, 0x0, 0x0,
    0x0, 0x0, 0x0, 0xff, 0x0, 0xcb, 0xaa, 0xdf,
    0xda, 0xaa, 0xbd, 0x10, 0x3, 0x11, 0xff, 0x13,
    0xef, 0xff, 0xff, 0xff, 0xff, 0xff, 0x10, 0x1f,
    0xff, 0xff, 0xfe, 0x10, 0xb, 0xf7, 0x5f, 0xd1,
    0x1, 0x0, 0xb, 0x99, 0xff, 0x9a, 0x0, 0xbf,
    0xe6, 0x4b, 0xfd, 0x30, 0x0, 0x0, 0x0, 0xff,
    0x0, 0x5d, 0xfb, 0x6f, 0xe2, 0xcf, 0xfa, 0x51,
    0x0, 0x0, 0xff, 0xc, 0xff, 0xb1, 0x5f, 0xa1,
    0x1b, 0xff, 0xe2, 0x0, 0x0, 0xff, 0x5a, 0xff,
    0xff, 0xff, 0xff, 0xff, 0xdb, 0x40, 0x0, 0x1,
    0xff, 0xf6, 0x4f, 0xd9, 0xbf, 0xd9, 0xbf, 0xa0,
    0x0, 0x16, 0xbf, 0xff, 0x60, 0x3f, 0xd9, 0xbf,
    0xd9, 0xbf, 0x90, 0x0, 0x4f, 0xfc, 0xff, 0x0,
    0x3f, 0xff, 0xff, 0xff, 0xff, 0x90, 0x0, 0x8,
    0x50, 0xff, 0x0, 0x3f, 0xb0, 0x5f, 0xa0, 0x5f,
    0x90, 0x0, 0x0, 0x0, 0xff, 0x0, 0x4f, 0xea,
    0xcf, 0xea, 0xcf, 0x90, 0x0, 0x0, 0x0, 0xff,
    0x0, 0x5f, 0xff, 0xff, 0xff, 0xff, 0xb6, 0x0,
    0x0, 0x0, 0xff, 0x0, 0x1, 0x0, 0x4f, 0xa0,
    0x1, 0x1f, 0xd1, 0x0, 0x0, 0xff, 0x0, 0x0,
    0x0, 0x4f, 0xa0, 0x0, 0x2f, 0xe0, 0x5, 0xbb,
    0xfe, 0x0, 0x0, 0x0, 0x3f, 0xfa, 0x99, 0xdf,
    0x70, 0x0, 0xff, 0xf8, 0x0, 0x0, 0x0, 0xb,
    0xff, 0xff, 0xfa, 0x0, 0x0, 0x55, 0x20, 0x0,
    0x0, 0x0, 0x0, 0x2, 0x22, 0x0, 0x0,

    /* U+7801 "码" */
    0x0, 0x0, 0x0, 0x0, 0x1, 0x38, 0x77, 0x77,
    0x77, 0x85, 0x0, 0x7, 0xff, 0xff, 0xff, 0xfe,
    0x5f, 0xff, 0xff, 0xff, 0xf7, 0x0, 0x5, 0xcb,
    0xaf, 0xfb, 0xbb, 0x24, 0x33, 0x33, 0x3c, 0xf5,
    0x0, 0x0, 0x0, 0x3f, 0xe0, 0x0, 0x0, 0xfc,
    0x50, 0xc, 0xf4, 0x0, 0x0, 0x0, 0x7f, 0x90,
    0x0, 0x0, 0xff, 0x20, 0xe, 0xf2, 0x0, 0x0,
    0x0, 0xdf, 0x40, 0x0, 0x2, 0xfe, 0x0, 0xf,
    0xf1, 0x0, 0x0, 0x4, 0xfe, 0x0, 0x11, 0x4,
    0xfc, 0x0, 0xf, 0xf0, 0x0, 0x0, 0xc, 0xff,
    0xff, 0xf9, 0x6, 0xfa, 0x0, 0x1f, 0xe0, 0x0,
    0x0, 0x6f, 0xfc, 0xad, 0xf8, 0x8, 0xf8, 0x0,
    0x3f, 0xd0, 0x10, 0x3, 0xff, 0xf6, 0x8, 0xf7,
    0xa, 0xff, 0xff, 0xff, 0xff, 0xf3, 0x1f, 0xff,
    0xf6, 0x8, 0xf7, 0xa, 0xcb, 0xbb, 0xbb, 0xbf,
    0xf1, 0x4, 0xda, 0xf6, 0x8, 0xf7, 0x0, 0x0,
    0x0, 0x0, 0xf, 0xf0, 0x0, 0x9, 0xf6, 0x8,
    0xf7, 0x32, 0x11, 0x11, 0x13, 0x1f, 0xf0, 0x0,
    0x9, 0xf6, 0x8, 0xf7, 0xdf, 0xff, 0xff, 0xff,
    0x4f, 0xe0, 0x0, 0x9, 0xff, 0xff, 0xf7, 0x99,
    0x88, 0x88, 0x9a, 0x4f, 0xc0, 0x0, 0x9, 0xfc,
    0x9c, 0xf8, 0x0, 0x0, 0x0, 0x0, 0x3f, 0xb0,
    0x0, 0x9, 0xf7, 0x9, 0xf9, 0x0, 0x0, 0x0,
    0x0, 0x7f, 0xa0, 0x0, 0x9, 0xd7, 0x2, 0x32,
    0x0, 0x0, 0x6, 0xff, 0xff, 0x70, 0x0, 0x0,
    0x0, 0x0, 0x0, 0x0, 0x0, 0x0, 0xdf, 0xf8,
    0x0, 0x0, 0x0, 0x0, 0x0, 0x0, 0x0, 0x0,
    0x0, 0x22, 0x0, 0x0,

    /* U+7F51 "网" */
    0x21, 0x10, 0x0, 0x0, 0x0, 0x0, 0x0, 0x1,
    0x20, 0xef, 0xff, 0xff, 0xff, 0xff, 0xff, 0xff,
    0xff, 0xf0, 0xdf, 0xaa, 0xaa, 0xaa, 0xaa, 0xaa,
    0xaa, 0xaf, 0xf0, 0xdf, 0x10, 0x0, 0x0, 0x0,
    0x0, 0x0, 0xf, 0xe0, 0xdf, 0x48, 0x0, 0xc7,
    0x11, 0x10, 0x6a, 0x3f, 0xe0, 0xdf, 0xef, 0x63,
    0xff, 0x8f, 0xa0, 0x9f, 0xcf, 0xe0, 0xdf, 0x4f,
    0xf8, 0xf9, 0x1f, 0xf3, 0xdf, 0x3f, 0xe0, 0xdf,
    0x17, 0xff, 0xf4, 0x6, 0xfd, 0xfd, 0xf, 0xe0,
    0xdf, 0x10, 0xcf, 0xe0, 0x0, 0xcf, 0xf7, 0xf,
    0xe0, 0xdf, 0x10, 0x7f, 0xe1, 0x0, 0x3f, 0xf2,
    0xf, 0xe0, 0xdf, 0x10, 0xdf, 0xf9, 0x0, 0x6f,
    0xf6, 0xf, 0xe0, 0xdf, 0x15, 0xfd, 0xff, 0x20,
    0xef, 0xfe, 0x1f, 0xe0, 0xdf, 0x3e, 0xf4, 0xaf,
    0xb8, 0xfa, 0xaf, 0x8f, 0xe0, 0xdf, 0xcf, 0xc0,
    0x3d, 0x8f, 0xf2, 0x3f, 0xff, 0xe0, 0xdf, 0xff,
    0x30, 0x1, 0xef, 0x90, 0xd, 0xcf, 0xe0, 0xdf,
    0x24, 0x0, 0x0, 0x16, 0x10, 0x2, 0xf, 0xe0,
    0xdf, 0x20, 0x0, 0x0, 0x0, 0x0, 0x0, 0x1f,
    0xe0, 0xef, 0x30, 0x0, 0x0, 0x0, 0x5, 0xdc,
    0xef, 0xe0, 0xff, 0x40, 0x0, 0x0, 0x0, 0x0,
    0xef, 0xff, 0x60, 0x22, 0x0, 0x0, 0x0, 0x0,
    0x0, 0x45, 0x30, 0x0,

    /* U+8BA4 "认" */
    0x0, 0x3, 0x20, 0x0, 0x0, 0x0, 0x1a, 0x83,
    0x0, 0x0, 0x0, 0x0, 0x2f, 0xf4, 0x0, 0x0,
    0x0, 0xf, 0xf3, 0x0, 0x0, 0x0, 0x0, 0x9,
    0xff, 0x50, 0x0, 0x0, 0xf, 0xf0, 0x0, 0x0,
    0x0, 0x0, 0x0, 0x7f, 0xf6, 0x0, 0x0, 0x1f,
    0xf0, 0x0, 0x0, 0x0, 0x0, 0x0, 0x6, 0xff,
    0x40, 0x0, 0x1f, 0xf0, 0x0, 0x0, 0x0, 0x0,
    0x0, 0x0, 0x6b, 0x0, 0x0, 0x2f, 0xf0, 0x0,
    0x0, 0x0, 0x1, 0x0, 0x1, 0x0, 0x0, 0x0,
    0x3f, 0xf2, 0x0, 0x0, 0x0, 0x4f, 0xff, 0xff,
    0x10, 0x0, 0x0, 0x3f, 0xf5, 0x0, 0x0, 0x0,
    0x3c, 0xba, 0xff, 0x0, 0x0, 0x0, 0x5f, 0xfa,
    0x0, 0x0, 0x0, 0x0, 0x0, 0xff, 0x0, 0x0,
    0x0, 0x9f, 0xff, 0x0, 0x0, 0x0, 0x0, 0x1,
    0xff, 0x0, 0x0, 0x0, 0xdf, 0xff, 0x50, 0x0,
    0x0, 0x0, 0x1, 0xfe, 0x0, 0x0, 0x2, 0xff,
    0x7f, 0xc0, 0x0, 0x0, 0x0, 0x2, 0xfe, 0x0,
    0x0, 0x8, 0xfc, 0xf, 0xf3, 0x0, 0x0, 0x0,
    0x3, 0xfd, 0x5, 0x70, 0x1f, 0xf7, 0x9, 0xfc,
    0x0, 0x0, 0x0, 0x3, 0xfd, 0x5f, 0xc0, 0x8f,
    0xe0, 0x1, 0xff, 0x60, 0x0, 0x0, 0x4, 0xff,
    0xff, 0x74, 0xff, 0x60, 0x0, 0x8f, 0xf2, 0x0,
    0x0, 0x7, 0xff, 0xf5, 0x1e, 0xfc, 0x0, 0x0,
    0xd, 0xfe, 0x10, 0x0, 0xb, 0xff, 0x42, 0xdf,
    0xf2, 0x0, 0x0, 0x3, 0xff, 0xe2, 0x0, 0x0,
    0xc3, 0x3f, 0xff, 0x40, 0x0, 0x0, 0x0, 0x5f,
    0x70, 0x0, 0x0, 0x0, 0x4, 0xd5, 0x0, 0x0,
    0x0, 0x0, 0x1, 0x0, 0x0, 0x0, 0x0, 0x0,
    0x0, 0x0, 0x0, 0x0, 0x0, 0x0, 0x0,

    /* U+9ED8 "默" */
    0x0, 0x0, 0x0, 0x0, 0x0, 0x0, 0x0, 0x0,
    0x0, 0x0, 0x0, 0x0, 0x10, 0x0, 0x0, 0x0,
    0x0, 0x3, 0xfe, 0x51, 0x0, 0x0, 0x0, 0xff,
    0xff, 0xff, 0xff, 0xf3, 0x1, 0xff, 0xcc, 0x0,
    0x0, 0x0, 0xfe, 0xaa, 0xfe, 0xae, 0xf1, 0x1,
    0xfe, 0xdf, 0x90, 0x0, 0x0, 0xfd, 0x81, 0xfb,
    0x6b, 0xf1, 0x1, 0xfe, 0x3f, 0xf5, 0x0, 0x0,
    0xff, 0xf8, 0xfd, 0xfe, 0xf1, 0x1, 0xfe, 0x7,
    0xfd, 0x0, 0x0, 0xfd, 0xbf, 0xff, 0xcb, 0xf1,
    0x1, 0xfe, 0x0, 0x92, 0x0, 0x0, 0xfd, 0x78,
    0xfd, 0x8c, 0xff, 0xed, 0xff, 0xdd, 0xde, 0xf0,
    0x0, 0xff, 0xff, 0xff, 0xff, 0xfe, 0xdd, 0xff,
    0xcc, 0xcd, 0xe0, 0x0, 0x63, 0x34, 0xfc, 0x33,
    0x61, 0x1, 0xff, 0x10, 0x0, 0x0, 0x1, 0xff,
    0xff, 0xff, 0xff, 0xf0, 0x3, 0xff, 0x50, 0x0,
    0x0, 0x1, 0xcb, 0xaa, 0xfe, 0xaa, 0xc0, 0x4,
    0xff, 0xa0, 0x0, 0x0, 0x5, 0x44, 0x33, 0xfc,
    0x34, 0x67, 0x17, 0xff, 0xe0, 0x0, 0x0, 0xd,
    0xff, 0xff, 0xff, 0xff, 0xfb, 0xb, 0xff, 0xf5,
    0x0, 0x0, 0x9, 0xca, 0x98, 0x77, 0x9f, 0x82,
    0x1f, 0xf6, 0xfd, 0x0, 0x0, 0x0, 0xbb, 0x79,
    0x6f, 0x9f, 0xb0, 0x8f, 0xb0, 0xef, 0x60, 0x0,
    0x0, 0xff, 0x9f, 0x9c, 0xbc, 0xf5, 0xff, 0x30,
    0x6f, 0xf2, 0x0, 0x4, 0xfd, 0x3f, 0xb8, 0xf7,
    0xcf, 0xf9, 0x0, 0xd, 0xfd, 0x10, 0xb, 0xf6,
    0x2f, 0xd3, 0x84, 0xef, 0xc0, 0x0, 0x2, 0xff,
    0xe3, 0x1b, 0xe0, 0x5, 0x30, 0xaf, 0xfc, 0x0,
    0x0, 0x0, 0x6f, 0xf6, 0x0, 0x0, 0x0, 0x0,
    0x7f, 0x80, 0x0, 0x0, 0x0, 0x7, 0x20, 0x0,
    0x0, 0x0, 0x0, 0x2, 0x0, 0x0, 0x0, 0x0,
    0x0, 0x0,

    /* U+F001 "" */
    0x0, 0x0, 0x0, 0x0, 0x0, 0x0, 0x0, 0x0,
    0x0, 0x0, 0x1, 0x0, 0x0, 0x0, 0x0, 0x0,
    0x0, 0x0, 0x0, 0x0, 0x5, 0x9e, 0xf8, 0x0,
    0x0, 0x0, 0x0, 0x0, 0x0, 0x0, 0x26, 0xbf,
    0xff, 0xff, 0xd0, 0x0, 0x0, 0x0, 0x0, 0x0,
    0x48, 0xdf, 0xff, 0xff, 0xff, 0xfd, 0x0, 0x0,
    0x0, 0x1, 0x5a, 0xff, 0xff, 0xff, 0xff, 0xff,
    0xff, 0xd0, 0x0, 0x0, 0x5, 0xff, 0xff, 0xff,
    0xff, 0xff, 0xff, 0xff, 0xfd, 0x0, 0x0, 0x0,
    0xaf, 0xff, 0xff, 0xff, 0xff, 0xff, 0xff, 0xff,
    0xd0, 0x0, 0x0, 0xa, 0xff, 0xff, 0xff, 0xff,
    0xfd, 0x94, 0xe, 0xfd, 0x0, 0x0, 0x0, 0xaf,
    0xff, 0xff, 0xfc, 0x72, 0x0, 0x0, 0xef, 0xd0,
    0x0, 0x0, 0xa, 0xff, 0xea, 0x51, 0x0, 0x0,
    0x0, 0xe, 0xfd, 0x0, 0x0, 0x0, 0xaf, 0xf1,
    0x0, 0x0, 0x0, 0x0, 0x0, 0xef, 0xd0, 0x0,
    0x0, 0xa, 0xff, 0x10, 0x0, 0x0, 0x0, 0x0,
    0xe, 0xfd, 0x0, 0x0, 0x0, 0xaf, 0xf1, 0x0,
    0x0, 0x0, 0x0, 0x0, 0xef, 0xd0, 0x0, 0x0,
    0xa, 0xff, 0x10, 0x0, 0x0, 0x0, 0x0, 0xe,
    0xfd, 0x0, 0x0, 0x0, 0xaf, 0xf1, 0x0, 0x0,
    0x0, 0x3, 0x54, 0xff, 0xd0, 0x0, 0x0, 0xa,
    0xff, 0x10, 0x0, 0x0, 0x5e, 0xff, 0xff, 0xfd,
    0x0, 0x0, 0x0, 0xaf, 0xf1, 0x0, 0x0, 0x3f,
    0xff, 0xff, 0xff, 0xd0, 0x1, 0x69, 0x9d, 0xff,
    0x10, 0x0, 0x6, 0xff, 0xff, 0xff, 0xfc, 0x6,
    0xff, 0xff, 0xff, 0xf1, 0x0, 0x0, 0x1e, 0xff,
    0xff, 0xff, 0x61, 0xff, 0xff, 0xff, 0xff, 0x10,
    0x0, 0x0, 0x2a, 0xff, 0xfc, 0x50, 0x1f, 0xff,
    0xff, 0xff, 0xf0, 0x0, 0x0, 0x0, 0x0, 0x10,
    0x0, 0x0, 0x9f, 0xff, 0xff, 0xf7, 0x0, 0x0,
    0x0, 0x0, 0x0, 0x0, 0x0, 0x0, 0x4a, 0xcc,
    0xa3, 0x0, 0x0, 0x0, 0x0, 0x0, 0x0, 0x0,
    0x0,

    /* U+F008 "" */
    0x42, 0x0, 0x78, 0x88, 0x88, 0x88, 0x88, 0x88,
    0x87, 0x0, 0x24, 0xf8, 0x22, 0xef, 0xff, 0xff,
    0xff, 0xff, 0xff, 0xfe, 0x22, 0x8f, 0xff, 0xff,
    0xff, 0xb9, 0x99, 0x99, 0x99, 0x9b, 0xff, 0xff,
    0xff, 0xf9, 0x44, 0xff, 0x30, 0x0, 0x0, 0x0,
    0x3, 0xff, 0x44, 0x9f, 0xf6, 0x0, 0xef, 0x30,
    0x0, 0x0, 0x0, 0x3, 0xfe, 0x0, 0x6f, 0xf7,
    0x0, 0xef, 0x30, 0x0, 0x0, 0x0, 0x3, 0xfe,
    0x0, 0x7f, 0xff, 0xff, 0xff, 0x30, 0x0, 0x0,
    0x0, 0x3, 0xff, 0xff, 0xff, 0xfa, 0x66, 0xff,
    0x74, 0x44, 0x44, 0x44, 0x47, 0xff, 0x66, 0xaf,
    0xf6, 0x0, 0xef, 0xff, 0xff, 0xff, 0xff, 0xff,
    0xfe, 0x0, 0x6f, 0xf6, 0x0, 0xef, 0xdc, 0xcc,
    0xcc, 0xcc, 0xcd, 0xfe, 0x0, 0x6f, 0xff, 0xee,
    0xff, 0x30, 0x0, 0x0, 0x0, 0x3, 0xff, 0xee,
    0xff, 0xfc, 0x88, 0xff, 0x30, 0x0, 0x0, 0x0,
    0x3, 0xff, 0x88, 0xcf, 0xf6, 0x0, 0xef, 0x30,
    0x0, 0x0, 0x0, 0x3, 0xfe, 0x0, 0x6f, 0xf6,
    0x0, 0xef, 0x30, 0x0, 0x0, 0x0, 0x3, 0xfe,
    0x0, 0x6f, 0xfe, 0xcc, 0xff, 0x41, 0x11, 0x11,
    0x11, 0x14, 0xff, 0xcc, 0xef, 0xfd, 0xaa, 0xff,
    0xff, 0xff, 0xff, 0xff, 0xff, 0xff, 0xaa, 0xdf,
    0xc6, 0x0, 0xef, 0xff, 0xff, 0xff, 0xff, 0xff,
    0xfe, 0x0, 0x6c,

    /* U+F00B "" */
    0xbf, 0xff, 0xfe, 0x31, 0xdf, 0xff, 0xff, 0xff,
    0xff, 0xff, 0xfb, 0xff, 0xff, 0xff, 0x63, 0xff,
    0xff, 0xff, 0xff, 0xff, 0xff, 0xff, 0xff, 0xff,
    0xff, 0x63, 0xff, 0xff, 0xff, 0xff, 0xff, 0xff,
    0xff, 0xff, 0xff, 0xff, 0x63, 0xff, 0xff, 0xff,
    0xff, 0xff, 0xff, 0xff, 0xff, 0xff, 0xff, 0x63,
    0xff, 0xff, 0xff, 0xff, 0xff, 0xff, 0xff, 0x58,
    0x88, 0x87, 0x0, 0x78, 0x88, 0x88, 0x88, 0x88,
    0x88, 0x85, 0x0, 0x0, 0x0, 0x0, 0x0, 0x0,
    0x0, 0x0, 0x0, 0x0, 0x0, 0xcf, 0xff, 0xff,
    0x31, 0xef, 0xff, 0xff, 0xff, 0xff, 0xff, 0xfc,
    0xff, 0xff, 0xff, 0x63, 0xff, 0xff, 0xff, 0xff,
    0xff, 0xff, 0xff, 0xff, 0xff, 0xff, 0x63, 0xff,
    0xff, 0xff, 0xff, 0xff, 0xff, 0xff, 0xff, 0xff,
    0xff, 0x63, 0xff, 0xff, 0xff, 0xff, 0xff, 0xff,
    0xff, 0xff, 0xff, 0xff, 0x53, 0xff, 0xff, 0xff,
    0xff, 0xff, 0xff, 0xff, 0x47, 0x88, 0x87, 0x0,
    0x68, 0x88, 0x88, 0x88, 0x88, 0x88, 0x74, 0x0,
    0x0, 0x0, 0x0, 0x0, 0x0, 0x0, 0x0, 0x0,
    0x0, 0x0, 0xcf, 0xff, 0xff, 0x31, 0xef, 0xff,
    0xff, 0xff, 0xff, 0xff, 0xfc, 0xff, 0xff, 0xff,
    0x63, 0xff, 0xff, 0xff, 0xff, 0xff, 0xff, 0xff,
    0xff, 0xff, 0xff, 0x63, 0xff, 0xff, 0xff, 0xff,
    0xff, 0xff, 0xff, 0xff, 0xff, 0xff, 0x63, 0xff,
    0xff, 0xff, 0xff, 0xff, 0xff, 0xff, 0xff, 0xff,
    0xff, 0x52, 0xff, 0xff, 0xff, 0xff, 0xff, 0xff,
    0xff, 0x37, 0x77, 0x76, 0x0, 0x57, 0x77, 0x77,
    0x77, 0x77, 0x77, 0x74,

    /* U+F00C "" */
    0x0, 0x0, 0x0, 0x0, 0x0, 0x0, 0x0, 0x0,
    0x0, 0x16, 0x0, 0x0, 0x0, 0x0, 0x0, 0x0,
    0x0, 0x0, 0x0, 0x2, 0xef, 0xb0, 0x0, 0x0,
    0x0, 0x0, 0x0, 0x0, 0x0, 0x0, 0x2e, 0xff,
    0xfb, 0x0, 0x0, 0x0, 0x0, 0x0, 0x0, 0x0,
    0x2, 0xef, 0xff, 0xfe, 0x0, 0x0, 0x0, 0x0,
    0x0, 0x0, 0x0, 0x2e, 0xff, 0xff, 0xf3, 0x0,
    0x0, 0x0, 0x0, 0x0, 0x0, 0x2, 0xef, 0xff,
    0xff, 0x30, 0x4, 0xe8, 0x0, 0x0, 0x0, 0x0,
    0x2e, 0xff, 0xff, 0xf3, 0x0, 0x4f, 0xff, 0x80,
    0x0, 0x0, 0x2, 0xef, 0xff, 0xff, 0x30, 0x0,
    0xef, 0xff, 0xf8, 0x0, 0x0, 0x2e, 0xff, 0xff,
    0xf3, 0x0, 0x0, 0xaf, 0xff, 0xff, 0x80, 0x2,
    0xef, 0xff, 0xff, 0x30, 0x0, 0x0, 0xa, 0xff,
    0xff, 0xf8, 0x2e, 0xff, 0xff, 0xf3, 0x0, 0x0,
    0x0, 0x0, 0xaf, 0xff, 0xff, 0xff, 0xff, 0xff,
    0x30, 0x0, 0x0, 0x0, 0x0, 0xa, 0xff, 0xff,
    0xff, 0xff, 0xf3, 0x0, 0x0, 0x0, 0x0, 0x0,
    0x0, 0xaf, 0xff, 0xff, 0xff, 0x30, 0x0, 0x0,
    0x0, 0x0, 0x0, 0x0, 0xa, 0xff, 0xff, 0xf3,
    0x0, 0x0, 0x0, 0x0, 0x0, 0x0, 0x0, 0x0,
    0xaf, 0xfe, 0x30, 0x0, 0x0, 0x0, 0x0, 0x0,
    0x0, 0x0, 0x0, 0x9, 0xd3, 0x0, 0x0, 0x0,
    0x0, 0x0, 0x0,

    /* U+F00D "" */
    0x8, 0xc4, 0x0, 0x0, 0x0, 0x2, 0xc9, 0x0,
    0x9f, 0xff, 0x40, 0x0, 0x0, 0x2e, 0xff, 0xb0,
    0xff, 0xff, 0xf4, 0x0, 0x2, 0xef, 0xff, 0xf1,
    0x7f, 0xff, 0xff, 0x40, 0x2e, 0xff, 0xff, 0x90,
    0x8, 0xff, 0xff, 0xf6, 0xef, 0xff, 0xfa, 0x0,
    0x0, 0x8f, 0xff, 0xff, 0xff, 0xff, 0xa0, 0x0,
    0x0, 0x8, 0xff, 0xff, 0xff, 0xfa, 0x0, 0x0,
    0x0, 0x0, 0x9f, 0xff, 0xff, 0xb0, 0x0, 0x0,
    0x0, 0x2, 0xef, 0xff, 0xff, 0xf4, 0x0, 0x0,
    0x0, 0x2e, 0xff, 0xff, 0xff, 0xff, 0x40, 0x0,
    0x2, 0xef, 0xff, 0xfd, 0xff, 0xff, 0xf4, 0x0,
    0x2e, 0xff, 0xff, 0xa0, 0x8f, 0xff, 0xff, 0x40,
    0xdf, 0xff, 0xfa, 0x0, 0x8, 0xff, 0xff, 0xf0,
    0xdf, 0xff, 0xa0, 0x0, 0x0, 0x8f, 0xff, 0xe0,
    0x2e, 0xfa, 0x0, 0x0, 0x0, 0x8, 0xff, 0x30,
    0x0, 0x30, 0x0, 0x0, 0x0, 0x0, 0x21, 0x0,

    /* U+F011 "" */
    0x0, 0x0, 0x0, 0x0, 0x1, 0x33, 0x0, 0x0,
    0x0, 0x0, 0x0, 0x0, 0x0, 0x0, 0x0, 0xd,
    0xff, 0x60, 0x0, 0x0, 0x0, 0x0, 0x0, 0x0,
    0x0, 0x0, 0xe, 0xff, 0x80, 0x0, 0x0, 0x0,
    0x0, 0x0, 0x0, 0xaf, 0x50, 0xe, 0xff, 0x80,
    0xb, 0xf4, 0x0, 0x0, 0x0, 0xb, 0xff, 0xe0,
    0xe, 0xff, 0x80, 0x4f, 0xff, 0x50, 0x0, 0x0,
    0x9f, 0xff, 0xe0, 0xe, 0xff, 0x80, 0x5f, 0xff,
    0xf2, 0x0, 0x3, 0xff, 0xfe, 0x30, 0xe, 0xff,
    0x80, 0x8, 0xff, 0xfc, 0x0, 0xb, 0xff, 0xf3,
    0x0, 0xe, 0xff, 0x80, 0x0, 0xaf, 0xff, 0x50,
    0x1f, 0xff, 0x90, 0x0, 0xe, 0xff, 0x80, 0x0,
    0x1f, 0xff, 0xb0, 0x6f, 0xff, 0x30, 0x0, 0xe,
    0xff, 0x80, 0x0, 0x9, 0xff, 0xf0, 0x8f, 0xff,
    0x0, 0x0, 0xe, 0xff, 0x80, 0x0, 0x5, 0xff,
    0xf2, 0xaf, 0xfd, 0x0, 0x0, 0xe, 0xff, 0x80,
    0x0, 0x3, 0xff, 0xf3, 0x9f, 0xfd, 0x0, 0x0,
    0xc, 0xff, 0x50, 0x0, 0x4, 0xff, 0xf2, 0x8f,
    0xff, 0x0, 0x0, 0x0, 0x11, 0x0, 0x0, 0x6,
    0xff, 0xf1, 0x4f, 0xff, 0x50, 0x0, 0x0, 0x0,
    0x0, 0x0, 0xb, 0xff, 0xe0, 0xf, 0xff, 0xc0,
    0x0, 0x0, 0x0, 0x0, 0x0, 0x3f, 0xff, 0x90,
    0x8, 0xff, 0xf8, 0x0, 0x0, 0x0, 0x0, 0x1,
    0xef, 0xff, 0x20, 0x1, 0xef, 0xff, 0x90, 0x0,
    0x0, 0x0, 0x2d, 0xff, 0xf9, 0x0, 0x0, 0x4f,
    0xff, 0xfd, 0x62, 0x1, 0x49, 0xff, 0xff, 0xc0,
    0x0, 0x0, 0x6, 0xff, 0xff, 0xff, 0xff, 0xff,
    0xff, 0xfd, 0x10, 0x0, 0x0, 0x0, 0x4e, 0xff,
    0xff, 0xff, 0xff, 0xff, 0xa0, 0x0, 0x0, 0x0,
    0x0, 0x0, 0x7d, 0xff, 0xff, 0xff, 0xb4, 0x0,
    0x0, 0x0, 0x0, 0x0, 0x0, 0x0, 0x25, 0x65,
    0x30, 0x0, 0x0, 0x0, 0x0,

    /* U+F013 "" */
    0x0, 0x0, 0x0, 0x0, 0x0, 0x0, 0x0, 0x0,
    0x0, 0x0, 0x0, 0x0, 0x0, 0x0, 0x0, 0x6c,
    0xee, 0xc7, 0x0, 0x0, 0x0, 0x0, 0x0, 0x0,
    0x0, 0x0, 0xbf, 0xff, 0xfc, 0x0, 0x0, 0x0,
    0x0, 0x0, 0x0, 0x0, 0x0, 0xbf, 0xff, 0xfc,
    0x0, 0x0, 0x0, 0x0, 0x0, 0x8, 0x30, 0x2a,
    0xff, 0xff, 0xff, 0xb2, 0x3, 0x80, 0x0, 0x0,
    0x8f, 0xfb, 0xff, 0xff, 0xff, 0xff, 0xff, 0xbf,
    0xf8, 0x0, 0x3, 0xff, 0xff, 0xff, 0xff, 0xff,
    0xff, 0xff, 0xff, 0xff, 0x40, 0xb, 0xff, 0xff,
    0xff, 0xff, 0xff, 0xff, 0xff, 0xff, 0xff, 0xb0,
    0x1f, 0xff, 0xff, 0xff, 0xfa, 0x55, 0xaf, 0xff,
    0xff, 0xff, 0xf2, 0x6, 0xef, 0xff, 0xff, 0x70,
    0x0, 0x7, 0xff, 0xff, 0xff, 0x60, 0x0, 0x2f,
    0xff, 0xfd, 0x0, 0x0, 0x0, 0xcf, 0xff, 0xf3,
    0x0, 0x0, 0x3f, 0xff, 0xfa, 0x0, 0x0, 0x0,
    0x9f, 0xff, 0xf3, 0x0, 0x0, 0x2f, 0xff, 0xfb,
    0x0, 0x0, 0x0, 0xaf, 0xff, 0xf3, 0x0, 0x0,
    0x8f, 0xff, 0xff, 0x20, 0x0, 0x1, 0xff, 0xff,
    0xf9, 0x0, 0x1e, 0xff, 0xff, 0xff, 0xd3, 0x0,
    0x3d, 0xff, 0xff, 0xff, 0xe1, 0xe, 0xff, 0xff,
    0xff, 0xff, 0xee, 0xff, 0xff, 0xff, 0xff, 0xe0,
    0x7, 0xff, 0xff, 0xff, 0xff, 0xff, 0xff, 0xff,
    0xff, 0xff, 0x80, 0x0, 0xdf, 0xff, 0xff, 0xff,
    0xff, 0xff, 0xff, 0xff, 0xfd, 0x0, 0x0, 0x2f,
    0xb2, 0x9f, 0xff, 0xff, 0xff, 0xfa, 0x2a, 0xf3,
    0x0, 0x0, 0x1, 0x0, 0x2, 0xdf, 0xff, 0xfe,
    0x30, 0x0, 0x10, 0x0, 0x0, 0x0, 0x0, 0x0,
    0xbf, 0xff, 0xfc, 0x0, 0x0, 0x0, 0x0, 0x0,
    0x0, 0x0, 0x0, 0xbf, 0xff, 0xfb, 0x0, 0x0,
    0x0, 0x0, 0x0, 0x0, 0x0, 0x0, 0x14, 0x66,
    0x41, 0x0, 0x0, 0x0, 0x0,

    /* U+F015 "" */
    0x0, 0x0, 0x0, 0x0, 0x0, 0x1b, 0xe9, 0x0,
    0x5, 0xff, 0xd0, 0x0, 0x0, 0x0, 0x0, 0x0,
    0x0, 0x3e, 0xff, 0xfc, 0x10, 0x7f, 0xff, 0x0,
    0x0, 0x0, 0x0, 0x0, 0x0, 0x6f, 0xff, 0xff,
    0xfe, 0x37, 0xff, 0xf0, 0x0, 0x0, 0x0, 0x0,
    0x0, 0x9f, 0xff, 0xb4, 0xdf, 0xff, 0xbf, 0xff,
    0x0, 0x0, 0x0, 0x0, 0x1, 0xbf, 0xff, 0x80,
    0x1, 0xbf, 0xff, 0xff, 0xf0, 0x0, 0x0, 0x0,
    0x2, 0xdf, 0xff, 0x50, 0x8f, 0x50, 0x9f, 0xff,
    0xff, 0x0, 0x0, 0x0, 0x4, 0xff, 0xfe, 0x30,
    0xbf, 0xff, 0x70, 0x6f, 0xff, 0xf1, 0x0, 0x0,
    0x7, 0xff, 0xfc, 0x12, 0xdf, 0xff, 0xff, 0xa0,
    0x3e, 0xff, 0xe3, 0x0, 0xa, 0xff, 0xfa, 0x3,
    0xef, 0xff, 0xff, 0xff, 0xc1, 0x2d, 0xff, 0xf6,
    0xc, 0xff, 0xf7, 0x6, 0xff, 0xff, 0xff, 0xff,
    0xff, 0xe3, 0xb, 0xff, 0xf8, 0x9f, 0xf5, 0x9,
    0xff, 0xff, 0xff, 0xff, 0xff, 0xff, 0xf5, 0x8,
    0xff, 0x50, 0x93, 0xa, 0xff, 0xff, 0xff, 0xff,
    0xff, 0xff, 0xff, 0xf6, 0x5, 0x70, 0x0, 0x0,
    0xef, 0xff, 0xff, 0xff, 0xff, 0xff, 0xff, 0xff,
    0xa0, 0x0, 0x0, 0x0, 0xe, 0xff, 0xff, 0xff,
    0xcc, 0xcf, 0xff, 0xff, 0xfa, 0x0, 0x0, 0x0,
    0x0, 0xef, 0xff, 0xff, 0x50, 0x0, 0x9f, 0xff,
    0xff, 0xa0, 0x0, 0x0, 0x0, 0xe, 0xff, 0xff,
    0xf5, 0x0, 0x9, 0xff, 0xff, 0xfa, 0x0, 0x0,
    0x0, 0x0, 0xef, 0xff, 0xff, 0x50, 0x0, 0x9f,
    0xff, 0xff, 0xa0, 0x0, 0x0, 0x0, 0xe, 0xff,
    0xff, 0xf5, 0x0, 0x9, 0xff, 0xff, 0xfa, 0x0,
    0x0, 0x0, 0x0, 0xdf, 0xff, 0xff, 0x40, 0x0,
    0x8f, 0xff, 0xff, 0x90, 0x0, 0x0, 0x0, 0x2,
    0x44, 0x44, 0x40, 0x0, 0x1, 0x44, 0x44, 0x41,
    0x0, 0x0,

    /* U+F019 "" */
    0x0, 0x0, 0x0, 0x0, 0x2, 0x22, 0x20, 0x0,
    0x0, 0x0, 0x0, 0x0, 0x0, 0x0, 0x0, 0x9f,
    0xff, 0xf9, 0x0, 0x0, 0x0, 0x0, 0x0, 0x0,
    0x0, 0x0, 0xcf, 0xff, 0xfc, 0x0, 0x0, 0x0,
    0x0, 0x0, 0x0, 0x0, 0x0, 0xcf, 0xff, 0xfc,
    0x0, 0x0, 0x0, 0x0, 0x0, 0x0, 0x0, 0x0,
    0xcf, 0xff, 0xfc, 0x0, 0x0, 0x0, 0x0, 0x0,
    0x0, 0x0, 0x0, 0xcf, 0xff, 0xfc, 0x0, 0x0,
    0x0, 0x0, 0x0, 0x0, 0x0, 0x0, 0xcf, 0xff,
    0xfc, 0x0, 0x0, 0x0, 0x0, 0x0, 0x0, 0x0,
    0x0, 0xcf, 0xff, 0xfc, 0x0, 0x0, 0x0, 0x0,
    0x0, 0x0, 0x0, 0x0, 0xcf, 0xff, 0xfc, 0x0,
    0x0, 0x0, 0x0, 0x0, 0x3, 0xee, 0xee, 0xff,
    0xff, 0xff, 0xee, 0xee, 0x20, 0x0, 0x0, 0x2,
    0xff, 0xff, 0xff, 0xff, 0xff, 0xff, 0xff, 0x20,
    0x0, 0x0, 0x0, 0x3f, 0xff, 0xff, 0xff, 0xff,
    0xff, 0xf3, 0x0, 0x0, 0x0, 0x0, 0x3, 0xff,
    0xff, 0xff, 0xff, 0xff, 0x30, 0x0, 0x0, 0x0,
    0x0, 0x0, 0x3f, 0xff, 0xff, 0xff, 0xf3, 0x0,
    0x0, 0x0, 0x0, 0x0, 0x0, 0x3, 0xff, 0xff,
    0xff, 0x40, 0x0, 0x0, 0x0, 0x0, 0x0, 0x0,
    0x0, 0x4f, 0xff, 0xf4, 0x0, 0x0, 0x0, 0x0,
    0xcf, 0xff, 0xff, 0xfc, 0x4, 0xff, 0x40, 0xcf,
    0xff, 0xff, 0xfc, 0xff, 0xff, 0xff, 0xff, 0xc0,
    0x23, 0xc, 0xff, 0xff, 0xff, 0xff, 0xff, 0xff,
    0xff, 0xff, 0xfc, 0x44, 0xcf, 0xff, 0xff, 0xff,
    0xff, 0xff, 0xff, 0xff, 0xff, 0xff, 0xff, 0xff,
    0xff, 0xff, 0xff, 0xff, 0xff, 0xff, 0xff, 0xff,
    0xff, 0xff, 0xff, 0xf1, 0x6e, 0xb, 0xff, 0xff,
    0xff, 0xff, 0xff, 0xff, 0xff, 0xff, 0xf6, 0xaf,
    0x5d, 0xff, 0xbf, 0xff, 0xff, 0xff, 0xff, 0xff,
    0xff, 0xff, 0xff, 0xff, 0xfb,

    /* U+F01C "" */
    0x0, 0x0, 0x4, 0xab, 0xbb, 0xbb, 0xbb, 0xbb,
    0xbb, 0xa2, 0x0, 0x0, 0x0, 0x0, 0x4, 0xff,
    0xff, 0xff, 0xff, 0xff, 0xff, 0xff, 0xe1, 0x0,
    0x0, 0x0, 0x0, 0xef, 0xff, 0xff, 0xff, 0xff,
    0xff, 0xff, 0xff, 0xb0, 0x0, 0x0, 0x0, 0x9f,
    0xfa, 0x0, 0x0, 0x0, 0x0, 0x0, 0x1d, 0xff,
    0x50, 0x0, 0x0, 0x4f, 0xfe, 0x10, 0x0, 0x0,
    0x0, 0x0, 0x0, 0x4f, 0xfe, 0x10, 0x0, 0xd,
    0xff, 0x60, 0x0, 0x0, 0x0, 0x0, 0x0, 0x0,
    0xaf, 0xfa, 0x0, 0x9, 0xff, 0xc0, 0x0, 0x0,
    0x0, 0x0, 0x0, 0x0, 0x1, 0xef, 0xf5, 0x3,
    0xff, 0xf2, 0x0, 0x0, 0x0, 0x0, 0x0, 0x0,
    0x0, 0x5, 0xff, 0xe1, 0xdf, 0xfa, 0x44, 0x44,
    0x20, 0x0, 0x0, 0x0, 0x34, 0x44, 0x4d, 0xff,
    0x8f, 0xff, 0xff, 0xff, 0xfe, 0x0, 0x0, 0x0,
    0x3f, 0xff, 0xff, 0xff, 0xfb, 0xff, 0xff, 0xff,
    0xff, 0xf7, 0x0, 0x0, 0xb, 0xff, 0xff, 0xff,
    0xff, 0xcf, 0xff, 0xff, 0xff, 0xff, 0xe8, 0x88,
    0x88, 0xff, 0xff, 0xff, 0xff, 0xfc, 0xff, 0xff,
    0xff, 0xff, 0xff, 0xff, 0xff, 0xff, 0xff, 0xff,
    0xff, 0xff, 0xcf, 0xff, 0xff, 0xff, 0xff, 0xff,
    0xff, 0xff, 0xff, 0xff, 0xff, 0xff, 0xfc, 0xff,
    0xff, 0xff, 0xff, 0xff, 0xff, 0xff, 0xff, 0xff,
    0xff, 0xff, 0xff, 0xbd, 0xff, 0xff, 0xff, 0xff,
    0xff, 0xff, 0xff, 0xff, 0xff, 0xff, 0xff, 0xf9,
    0x4e, 0xff, 0xff, 0xff, 0xff, 0xff, 0xff, 0xff,
    0xff, 0xff, 0xff, 0xfc, 0x10,

    /* U+F021 "" */
    0x0, 0x0, 0x0, 0x0, 0x0, 0x0, 0x0, 0x0,
    0x0, 0x6, 0x76, 0x0, 0x0, 0x0, 0x5, 0x9c,
    0xdd, 0xb8, 0x30, 0x0, 0xf, 0xff, 0x0, 0x0,
    0x6, 0xef, 0xff, 0xff, 0xff, 0xfc, 0x40, 0xf,
    0xff, 0x0, 0x0, 0xbf, 0xff, 0xff, 0xff, 0xff,
    0xff, 0xf9, 0xf, 0xff, 0x0, 0xc, 0xff, 0xff,
    0xa5, 0x34, 0x6b, 0xff, 0xff, 0xce, 0xff, 0x0,
    0xaf, 0xff, 0xb2, 0x0, 0x0, 0x0, 0x2b, 0xff,
    0xff, 0xff, 0x5, 0xff, 0xf9, 0x0, 0x0, 0x0,
    0x0, 0x0, 0x8f, 0xff, 0xff, 0xd, 0xff, 0xb0,
    0x0, 0x0, 0x0, 0x7d, 0xdc, 0xbf, 0xff, 0xff,
    0x2f, 0xff, 0x20, 0x0, 0x0, 0x0, 0xaf, 0xff,
    0xff, 0xff, 0xff, 0x6f, 0xfb, 0x0, 0x0, 0x0,
    0x0, 0x9f, 0xff, 0xff, 0xff, 0xff, 0x2, 0x20,
    0x0, 0x0, 0x0, 0x0, 0x2, 0x22, 0x22, 0x22,
    0x21, 0x0, 0x0, 0x0, 0x0, 0x0, 0x0, 0x0,
    0x0, 0x0, 0x0, 0x0, 0x0, 0x0, 0x0, 0x0,
    0x0, 0x0, 0x0, 0x0, 0x0, 0x0, 0x0, 0xde,
    0xee, 0xee, 0xee, 0xe7, 0x0, 0x0, 0x0, 0x0,
    0x9e, 0xe5, 0xff, 0xff, 0xff, 0xff, 0xfa, 0x0,
    0x0, 0x0, 0x1, 0xff, 0xf3, 0xff, 0xff, 0xff,
    0xff, 0xf9, 0x0, 0x0, 0x0, 0x9, 0xff, 0xe0,
    0xff, 0xff, 0xf4, 0x0, 0x10, 0x0, 0x0, 0x0,
    0x5f, 0xff, 0x70, 0xff, 0xff, 0xff, 0x70, 0x0,
    0x0, 0x0, 0x7, 0xff, 0xfd, 0x0, 0xff, 0xff,
    0xff, 0xfd, 0x61, 0x0, 0x5, 0xcf, 0xff, 0xf2,
    0x0, 0xff, 0xe3, 0xef, 0xff, 0xff, 0xee, 0xff,
    0xff, 0xfe, 0x30, 0x0, 0xff, 0xf0, 0x19, 0xff,
    0xff, 0xff, 0xff, 0xff, 0xb1, 0x0, 0x0, 0xff,
    0xf0, 0x0, 0x28, 0xdf, 0xff, 0xfe, 0xa3, 0x0,
    0x0, 0x0, 0xab, 0xa0, 0x0, 0x0, 0x1, 0x33,
    0x10, 0x0, 0x0, 0x0, 0x0,

    /* U+F026 "" */
    0x0, 0x0, 0x0, 0x0, 0x3, 0x30, 0x0, 0x0,
    0x0, 0x6, 0xff, 0x0, 0x0, 0x0, 0x6, 0xff,
    0xf0, 0x0, 0x0, 0x6, 0xff, 0xff, 0x24, 0x44,
    0x47, 0xff, 0xff, 0xfe, 0xff, 0xff, 0xff, 0xff,
    0xff, 0xff, 0xff, 0xff, 0xff, 0xff, 0xff, 0xff,
    0xff, 0xff, 0xff, 0xff, 0xff, 0xff, 0xff, 0xff,
    0xff, 0xff, 0xff, 0xff, 0xff, 0xff, 0xff, 0xff,
    0xff, 0xff, 0xff, 0xff, 0xff, 0xff, 0xff, 0xff,
    0xff, 0xff, 0xbf, 0xff, 0xff, 0xff, 0xff, 0xf0,
    0x0, 0x0, 0x2e, 0xff, 0xff, 0x0, 0x0, 0x0,
    0x2e, 0xff, 0xf0, 0x0, 0x0, 0x0, 0x2e, 0xff,
    0x0, 0x0, 0x0, 0x0, 0x2e, 0xc0, 0x0, 0x0,
    0x0, 0x0, 0x0,

    /* U+F027 "" */
    0x0, 0x0, 0x0, 0x0, 0x3, 0x30, 0x0, 0x0,
    0x0, 0x0, 0x0, 0x0, 0x6, 0xff, 0x0, 0x0,
    0x0, 0x0, 0x0, 0x0, 0x6, 0xff, 0xf0, 0x0,
    0x0, 0x0, 0x0, 0x0, 0x6, 0xff, 0xff, 0x0,
    0x0, 0x0, 0x24, 0x44, 0x47, 0xff, 0xff, 0xf0,
    0x0, 0x0, 0xe, 0xff, 0xff, 0xff, 0xff, 0xff,
    0x0, 0x75, 0x0, 0xff, 0xff, 0xff, 0xff, 0xff,
    0xf0, 0x2f, 0xf7, 0xf, 0xff, 0xff, 0xff, 0xff,
    0xff, 0x0, 0x7f, 0xf0, 0xff, 0xff, 0xff, 0xff,
    0xff, 0xf0, 0x0, 0xdf, 0x3f, 0xff, 0xff, 0xff,
    0xff, 0xff, 0x0, 0xf, 0xf3, 0xff, 0xff, 0xff,
    0xff, 0xff, 0xf0, 0xc, 0xfd, 0xf, 0xff, 0xff,
    0xff, 0xff, 0xff, 0x1, 0xfe, 0x20, 0xbf, 0xff,
    0xff, 0xff, 0xff, 0xf0, 0x1, 0x0, 0x0, 0x0,
    0x0, 0x2e, 0xff, 0xff, 0x0, 0x0, 0x0, 0x0,
    0x0, 0x0, 0x2e, 0xff, 0xf0, 0x0, 0x0, 0x0,
    0x0, 0x0, 0x0, 0x2e, 0xff, 0x0, 0x0, 0x0,
    0x0, 0x0, 0x0, 0x0, 0x2d, 0xc0, 0x0, 0x0,
    0x0, 0x0, 0x0, 0x0, 0x0, 0x0, 0x0, 0x0,
    0x0,

    /* U+F028 "" */
    0x0, 0x0, 0x0, 0x0, 0x0, 0x0, 0x0, 0x0,
    0x0, 0x73, 0x0, 0x0, 0x0, 0x0, 0x0, 0x0,
    0x0, 0x0, 0x0, 0x0, 0x0, 0x4f, 0xf7, 0x0,
    0x0, 0x0, 0x0, 0x0, 0x0, 0x3, 0x30, 0x0,
    0x0, 0x0, 0x9f, 0xf7, 0x0, 0x0, 0x0, 0x0,
    0x0, 0x6, 0xff, 0x0, 0x0, 0x1, 0x0, 0x7f,
    0xf5, 0x0, 0x0, 0x0, 0x0, 0x6, 0xff, 0xf0,
    0x0, 0x5, 0xf9, 0x0, 0x9f, 0xe1, 0x0, 0x0,
    0x0, 0x6, 0xff, 0xff, 0x0, 0x0, 0x4f, 0xfb,
    0x0, 0xdf, 0x80, 0x24, 0x44, 0x47, 0xff, 0xff,
    0xf0, 0x0, 0x0, 0x3f, 0xf7, 0x4, 0xff, 0xe,
    0xff, 0xff, 0xff, 0xff, 0xff, 0x0, 0x86, 0x0,
    0x4f, 0xf1, 0xd, 0xf4, 0xff, 0xff, 0xff, 0xff,
    0xff, 0xf0, 0x2f, 0xf7, 0x0, 0xcf, 0x60, 0x9f,
    0x8f, 0xff, 0xff, 0xff, 0xff, 0xff, 0x0, 0x6f,
    0xf1, 0x7, 0xf9, 0x6, 0xfa, 0xff, 0xff, 0xff,
    0xff, 0xff, 0xf0, 0x0, 0xdf, 0x40, 0x5f, 0xb0,
    0x5f, 0xbf, 0xff, 0xff, 0xff, 0xff, 0xff, 0x0,
    0x1f, 0xf2, 0x5, 0xfa, 0x5, 0xfb, 0xff, 0xff,
    0xff, 0xff, 0xff, 0xf0, 0xd, 0xfc, 0x0, 0x9f,
    0x80, 0x7f, 0x9f, 0xff, 0xff, 0xff, 0xff, 0xff,
    0x1, 0xfd, 0x20, 0x1e, 0xf3, 0xb, 0xf6, 0xbf,
    0xff, 0xff, 0xff, 0xff, 0xf0, 0x1, 0x0, 0xa,
    0xfc, 0x1, 0xff, 0x20, 0x0, 0x0, 0x2e, 0xff,
    0xff, 0x0, 0x0, 0xb, 0xff, 0x20, 0x8f, 0xc0,
    0x0, 0x0, 0x0, 0x2e, 0xff, 0xf0, 0x0, 0x7,
    0xff, 0x40, 0x2f, 0xf4, 0x0, 0x0, 0x0, 0x0,
    0x2e, 0xff, 0x0, 0x0, 0x19, 0x20, 0x1d, 0xfa,
    0x0, 0x0, 0x0, 0x0, 0x0, 0x2e, 0xc0, 0x0,
    0x0, 0x0, 0x2d, 0xfd, 0x10, 0x0, 0x0, 0x0,
    0x0, 0x0, 0x0, 0x0, 0x0, 0x0, 0x2f, 0xfd,
    0x20, 0x0, 0x0, 0x0, 0x0, 0x0, 0x0, 0x0,
    0x0, 0x0, 0x2, 0xfb, 0x10, 0x0, 0x0, 0x0,
    0x0, 0x0, 0x0, 0x0, 0x0, 0x0, 0x0, 0x0,
    0x0, 0x0, 0x0,

    /* U+F03E "" */
    0x5, 0x77, 0x77, 0x77, 0x77, 0x77, 0x77, 0x77,
    0x77, 0x77, 0x50, 0x9f, 0xff, 0xff, 0xff, 0xff,
    0xff, 0xff, 0xff, 0xff, 0xff, 0xf9, 0xff, 0xff,
    0xff, 0xff, 0xff, 0xff, 0xff, 0xff, 0xff, 0xff,
    0xff, 0xff, 0xf6, 0x1, 0xbf, 0xff, 0xff, 0xff,
    0xff, 0xff, 0xff, 0xff, 0xff, 0x90, 0x0, 0xf,
    0xff, 0xff, 0xff, 0xff, 0xff, 0xff, 0xff, 0xff,
    0x70, 0x0, 0xd, 0xff, 0xff, 0xff, 0xdb, 0xff,
    0xff, 0xff, 0xff, 0xc0, 0x0, 0x2f, 0xff, 0xff,
    0xfd, 0x10, 0xaf, 0xff, 0xff, 0xff, 0xfb, 0x56,
    0xef, 0xff, 0xff, 0xd1, 0x0, 0xa, 0xff, 0xff,
    0xff, 0xff, 0xff, 0xff, 0xff, 0xfd, 0x10, 0x0,
    0x0, 0xaf, 0xff, 0xff, 0xff, 0xf7, 0x2e, 0xff,
    0xd1, 0x0, 0x0, 0x0, 0xd, 0xff, 0xff, 0xff,
    0x70, 0x2, 0xed, 0x10, 0x0, 0x0, 0x0, 0xc,
    0xff, 0xff, 0xf7, 0x0, 0x0, 0x21, 0x0, 0x0,
    0x0, 0x0, 0xc, 0xff, 0xff, 0xc0, 0x0, 0x0,
    0x0, 0x0, 0x0, 0x0, 0x0, 0xc, 0xff, 0xff,
    0xc0, 0x0, 0x0, 0x0, 0x0, 0x0, 0x0, 0x0,
    0xc, 0xff, 0xff, 0xfc, 0xcc, 0xcc, 0xcc, 0xcc,
    0xcc, 0xcc, 0xcc, 0xcf, 0xff, 0xef, 0xff, 0xff,
    0xff, 0xff, 0xff, 0xff, 0xff, 0xff, 0xff, 0xfd,
    0x4e, 0xff, 0xff, 0xff, 0xff, 0xff, 0xff, 0xff,
    0xff, 0xff, 0xe4,

    /* U+F043 "" */
    0x0, 0x0, 0x0, 0x1, 0x0, 0x0, 0x0, 0x0,
    0x0, 0x0, 0x0, 0x7f, 0x90, 0x0, 0x0, 0x0,
    0x0, 0x0, 0x0, 0xef, 0xf1, 0x0, 0x0, 0x0,
    0x0, 0x0, 0x5, 0xff, 0xf7, 0x0, 0x0, 0x0,
    0x0, 0x0, 0xc, 0xff, 0xfd, 0x0, 0x0, 0x0,
    0x0, 0x0, 0x4f, 0xff, 0xff, 0x60, 0x0, 0x0,
    0x0, 0x0, 0xcf, 0xff, 0xff, 0xe0, 0x0, 0x0,
    0x0, 0x6, 0xff, 0xff, 0xff, 0xf8, 0x0, 0x0,
    0x0, 0x2f, 0xff, 0xff, 0xff, 0xff, 0x30, 0x0,
    0x0, 0xcf, 0xff, 0xff, 0xff, 0xff, 0xd0, 0x0,
    0x7, 0xff, 0xff, 0xff, 0xff, 0xff, 0xf9, 0x0,
    0x1f, 0xff, 0xff, 0xff, 0xff, 0xff, 0xff, 0x20,
    0x7f, 0xff, 0xff, 0xff, 0xff, 0xff, 0xff, 0x90,
    0xcf, 0xff, 0xff, 0xff, 0xff, 0xff, 0xff, 0xe0,
    0xef, 0xfb, 0xff, 0xff, 0xff, 0xff, 0xff, 0xf0,
    0xff, 0xc0, 0xdf, 0xff, 0xff, 0xff, 0xff, 0xf1,
    0xdf, 0xe0, 0x9f, 0xff, 0xff, 0xff, 0xff, 0xf0,
    0x9f, 0xf5, 0x1e, 0xff, 0xff, 0xff, 0xff, 0xb0,
    0x3f, 0xfe, 0x21, 0x8b, 0xff, 0xff, 0xff, 0x50,
    0xa, 0xff, 0xf7, 0x20, 0xdf, 0xff, 0xfb, 0x0,
    0x0, 0xbf, 0xff, 0xff, 0xff, 0xff, 0xd1, 0x0,
    0x0, 0x8, 0xff, 0xff, 0xff, 0xfa, 0x0, 0x0,
    0x0, 0x0, 0x17, 0xab, 0xa7, 0x20, 0x0, 0x0,

    /* U+F048 "" */
    0x0, 0x0, 0x0, 0x0, 0x0, 0x0, 0x0, 0x1,
    0xef, 0xc0, 0x0, 0x0, 0x0, 0xb, 0xd3, 0x2f,
    0xfe, 0x0, 0x0, 0x0, 0x1d, 0xff, 0x82, 0xff,
    0xe0, 0x0, 0x0, 0x2d, 0xff, 0xf9, 0x2f, 0xfe,
    0x0, 0x0, 0x2e, 0xff, 0xff, 0x92, 0xff, 0xe0,
    0x0, 0x3e, 0xff, 0xff, 0xf9, 0x2f, 0xfe, 0x0,
    0x4f, 0xff, 0xff, 0xff, 0x92, 0xff, 0xe0, 0x5f,
    0xff, 0xff, 0xff, 0xf9, 0x2f, 0xfe, 0x6f, 0xff,
    0xff, 0xff, 0xff, 0x92, 0xff, 0xff, 0xff, 0xff,
    0xff, 0xff, 0xf9, 0x2f, 0xff, 0xff, 0xff, 0xff,
    0xff, 0xff, 0x92, 0xff, 0xff, 0xff, 0xff, 0xff,
    0xff, 0xf9, 0x2f, 0xff, 0xcf, 0xff, 0xff, 0xff,
    0xff, 0x92, 0xff, 0xe0, 0xbf, 0xff, 0xff, 0xff,
    0xf9, 0x2f, 0xfe, 0x0, 0xaf, 0xff, 0xff, 0xff,
    0x92, 0xff, 0xe0, 0x0, 0x8f, 0xff, 0xff, 0xf9,
    0x2f, 0xfe, 0x0, 0x0, 0x7f, 0xff, 0xff, 0x92,
    0xff, 0xe0, 0x0, 0x0, 0x6f, 0xff, 0xf9, 0x2f,
    0xfe, 0x0, 0x0, 0x0, 0x5f, 0xff, 0x92, 0xff,
    0xe0, 0x0, 0x0, 0x0, 0x4f, 0xf5, 0x4, 0x43,
    0x0, 0x0, 0x0, 0x0, 0x13, 0x0,

    /* U+F04B "" */
    0x2, 0x20, 0x0, 0x0, 0x0, 0x0, 0x0, 0x0,
    0x0, 0x0, 0x8f, 0xfb, 0x20, 0x0, 0x0, 0x0,
    0x0, 0x0, 0x0, 0x0, 0xff, 0xff, 0xf8, 0x0,
    0x0, 0x0, 0x0, 0x0, 0x0, 0x0, 0xff, 0xff,
    0xff, 0xe5, 0x0, 0x0, 0x0, 0x0, 0x0, 0x0,
    0xff, 0xff, 0xff, 0xff, 0xc2, 0x0, 0x0, 0x0,
    0x0, 0x0, 0xff, 0xff, 0xff, 0xff, 0xff, 0x91,
    0x0, 0x0, 0x0, 0x0, 0xff, 0xff, 0xff, 0xff,
    0xff, 0xfe, 0x60, 0x0, 0x0, 0x0, 0xff, 0xff,
    0xff, 0xff, 0xff, 0xff, 0xfc, 0x30, 0x0, 0x0,
    0xff, 0xff, 0xff, 0xff, 0xff, 0xff, 0xff, 0xf9,
    0x10, 0x0, 0xff, 0xff, 0xff, 0xff, 0xff, 0xff,
    0xff, 0xff, 0xf7, 0x0, 0xff, 0xff, 0xff, 0xff,
    0xff, 0xff, 0xff, 0xff, 0xff, 0xc0, 0xff, 0xff,
    0xff, 0xff, 0xff, 0xff, 0xff, 0xff, 0xff, 0xf3,
    0xff, 0xff, 0xff, 0xff, 0xff, 0xff, 0xff, 0xff,
    0xff, 0xf1, 0xff, 0xff, 0xff, 0xff, 0xff, 0xff,
    0xff, 0xff, 0xfe, 0x40, 0xff, 0xff, 0xff, 0xff,
    0xff, 0xff, 0xff, 0xff, 0x80, 0x0, 0xff, 0xff,
    0xff, 0xff, 0xff, 0xff, 0xff, 0xb2, 0x0, 0x0,
    0xff, 0xff, 0xff, 0xff, 0xff, 0xff, 0xd4, 0x0,
    0x0, 0x0, 0xff, 0xff, 0xff, 0xff, 0xff, 0xf7,
    0x0, 0x0, 0x0, 0x0, 0xff, 0xff, 0xff, 0xff,
    0xfa, 0x10, 0x0, 0x0, 0x0, 0x0, 0xff, 0xff,
    0xff, 0xfd, 0x40, 0x0, 0x0, 0x0, 0x0, 0x0,
    0xff, 0xff, 0xff, 0x70, 0x0, 0x0, 0x0, 0x0,
    0x0, 0x0, 0xcf, 0xff, 0x91, 0x0, 0x0, 0x0,
    0x0, 0x0, 0x0, 0x0, 0x2a, 0xa3, 0x0, 0x0,
    0x0, 0x0, 0x0, 0x0, 0x0, 0x0, 0x0, 0x0,
    0x0, 0x0, 0x0, 0x0, 0x0, 0x0, 0x0, 0x0,

    /* U+F04C "" */
    0x3d, 0xff, 0xff, 0xe6, 0x0, 0x3, 0xdf, 0xff,
    0xfe, 0x60, 0xdf, 0xff, 0xff, 0xff, 0x10, 0xd,
    0xff, 0xff, 0xff, 0xf1, 0xff, 0xff, 0xff, 0xff,
    0x30, 0xf, 0xff, 0xff, 0xff, 0xf3, 0xff, 0xff,
    0xff, 0xff, 0x40, 0xf, 0xff, 0xff, 0xff, 0xf4,
    0xff, 0xff, 0xff, 0xff, 0x40, 0xf, 0xff, 0xff,
    0xff, 0xf4, 0xff, 0xff, 0xff, 0xff, 0x40, 0xf,
    0xff, 0xff, 0xff, 0xf4, 0xff, 0xff, 0xff, 0xff,
    0x40, 0xf, 0xff, 0xff, 0xff, 0xf4, 0xff, 0xff,
    0xff, 0xff, 0x40, 0xf, 0xff, 0xff, 0xff, 0xf4,
    0xff, 0xff, 0xff, 0xff, 0x40, 0xf, 0xff, 0xff,
    0xff, 0xf4, 0xff, 0xff, 0xff, 0xff, 0x40, 0xf,
    0xff, 0xff, 0xff, 0xf4, 0xff, 0xff, 0xff, 0xff,
    0x40, 0xf, 0xff, 0xff, 0xff, 0xf4, 0xff, 0xff,
    0xff, 0xff, 0x40, 0xf, 0xff, 0xff, 0xff, 0xf4,
    0xff, 0xff, 0xff, 0xff, 0x40, 0xf, 0xff, 0xff,
    0xff, 0xf4, 0xff, 0xff, 0xff, 0xff, 0x40, 0xf,
    0xff, 0xff, 0xff, 0xf4, 0xff, 0xff, 0xff, 0xff,
    0x40, 0xf, 0xff, 0xff, 0xff, 0xf4, 0xff, 0xff,
    0xff, 0xff, 0x40, 0xf, 0xff, 0xff, 0xff, 0xf4,
    0xff, 0xff, 0xff, 0xff, 0x40, 0xf, 0xff, 0xff,
    0xff, 0xf4, 0xff, 0xff, 0xff, 0xff, 0x30, 0xf,
    0xff, 0xff, 0xff, 0xf3, 0x8f, 0xff, 0xff, 0xfb,
    0x0, 0x8, 0xff, 0xff, 0xff, 0xb0, 0x2, 0x44,
    0x44, 0x30, 0x0, 0x0, 0x24, 0x44, 0x43, 0x0,

    /* U+F04D "" */
    0x3d, 0xff, 0xff, 0xff, 0xff, 0xff, 0xff, 0xff,
    0xfe, 0x60, 0xdf, 0xff, 0xff, 0xff, 0xff, 0xff,
    0xff, 0xff, 0xff, 0xf1, 0xff, 0xff, 0xff, 0xff,
    0xff, 0xff, 0xff, 0xff, 0xff, 0xf3, 0xff, 0xff,
    0xff, 0xff, 0xff, 0xff, 0xff, 0xff, 0xff, 0xf4,
    0xff, 0xff, 0xff, 0xff, 0xff, 0xff, 0xff, 0xff,
    0xff, 0xf4, 0xff, 0xff, 0xff, 0xff, 0xff, 0xff,
    0xff, 0xff, 0xff, 0xf4, 0xff, 0xff, 0xff, 0xff,
    0xff, 0xff, 0xff, 0xff, 0xff, 0xf4, 0xff, 0xff,
    0xff, 0xff, 0xff, 0xff, 0xff, 0xff, 0xff, 0xf4,
    0xff, 0xff, 0xff, 0xff, 0xff, 0xff, 0xff, 0xff,
    0xff, 0xf4, 0xff, 0xff, 0xff, 0xff, 0xff, 0xff,
    0xff, 0xff, 0xff, 0xf4, 0xff, 0xff, 0xff, 0xff,
    0xff, 0xff, 0xff, 0xff, 0xff, 0xf4, 0xff, 0xff,
    0xff, 0xff, 0xff, 0xff, 0xff, 0xff, 0xff, 0xf4,
    0xff, 0xff, 0xff, 0xff, 0xff, 0xff, 0xff, 0xff,
    0xff, 0xf4, 0xff, 0xff, 0xff, 0xff, 0xff, 0xff,
    0xff, 0xff, 0xff, 0xf4, 0xff, 0xff, 0xff, 0xff,
    0xff, 0xff, 0xff, 0xff, 0xff, 0xf4, 0xff, 0xff,
    0xff, 0xff, 0xff, 0xff, 0xff, 0xff, 0xff, 0xf4,
    0xff, 0xff, 0xff, 0xff, 0xff, 0xff, 0xff, 0xff,
    0xff, 0xf4, 0xff, 0xff, 0xff, 0xff, 0xff, 0xff,
    0xff, 0xff, 0xff, 0xf3, 0x8f, 0xff, 0xff, 0xff,
    0xff, 0xff, 0xff, 0xff, 0xff, 0xb0, 0x2, 0x44,
    0x44, 0x44, 0x44, 0x44, 0x44, 0x44, 0x43, 0x0,

    /* U+F051 "" */
    0x0, 0x0, 0x0, 0x0, 0x0, 0x0, 0x0, 0x2,
    0xdc, 0x10, 0x0, 0x0, 0x0, 0xbf, 0xf3, 0x7f,
    0xfd, 0x20, 0x0, 0x0, 0xd, 0xff, 0x47, 0xff,
    0xfe, 0x30, 0x0, 0x0, 0xdf, 0xf4, 0x7f, 0xff,
    0xff, 0x40, 0x0, 0xd, 0xff, 0x47, 0xff, 0xff,
    0xff, 0x50, 0x0, 0xdf, 0xf4, 0x7f, 0xff, 0xff,
    0xff, 0x60, 0xd, 0xff, 0x47, 0xff, 0xff, 0xff,
    0xff, 0x70, 0xdf, 0xf4, 0x7f, 0xff, 0xff, 0xff,
    0xff, 0x8d, 0xff, 0x47, 0xff, 0xff, 0xff, 0xff,
    0xff, 0xff, 0xf4, 0x7f, 0xff, 0xff, 0xff, 0xff,
    0xff, 0xff, 0x47, 0xff, 0xff, 0xff, 0xff, 0xff,
    0xff, 0xf4, 0x7f, 0xff, 0xff, 0xff, 0xff, 0xcd,
    0xff, 0x47, 0xff, 0xff, 0xff, 0xff, 0xb0, 0xdf,
    0xf4, 0x7f, 0xff, 0xff, 0xff, 0xb0, 0xd, 0xff,
    0x47, 0xff, 0xff, 0xff, 0x90, 0x0, 0xdf, 0xf4,
    0x7f, 0xff, 0xff, 0x80, 0x0, 0xd, 0xff, 0x47,
    0xff, 0xff, 0x70, 0x0, 0x0, 0xdf, 0xf4, 0x7f,
    0xff, 0x60, 0x0, 0x0, 0xd, 0xff, 0x44, 0xff,
    0x50, 0x0, 0x0, 0x0, 0xcf, 0xf4, 0x2, 0x20,
    0x0, 0x0, 0x0, 0x2, 0x44, 0x0,

    /* U+F052 "" */
    0x0, 0x0, 0x0, 0x0, 0x8, 0xea, 0x10, 0x0,
    0x0, 0x0, 0x0, 0x0, 0x0, 0x0, 0x9, 0xff,
    0xfc, 0x0, 0x0, 0x0, 0x0, 0x0, 0x0, 0x0,
    0x7, 0xff, 0xff, 0xfb, 0x0, 0x0, 0x0, 0x0,
    0x0, 0x0, 0x6, 0xff, 0xff, 0xff, 0xfa, 0x0,
    0x0, 0x0, 0x0, 0x0, 0x5, 0xff, 0xff, 0xff,
    0xff, 0xf9, 0x0, 0x0, 0x0, 0x0, 0x4, 0xff,
    0xff, 0xff, 0xff, 0xff, 0xf7, 0x0, 0x0, 0x0,
    0x3, 0xff, 0xff, 0xff, 0xff, 0xff, 0xff, 0xf6,
    0x0, 0x0, 0x2, 0xef, 0xff, 0xff, 0xff, 0xff,
    0xff, 0xff, 0xf5, 0x0, 0x1, 0xef, 0xff, 0xff,
    0xff, 0xff, 0xff, 0xff, 0xff, 0xf4, 0x0, 0xcf,
    0xff, 0xff, 0xff, 0xff, 0xff, 0xff, 0xff, 0xff,
    0xe1, 0xf, 0xff, 0xff, 0xff, 0xff, 0xff, 0xff,
    0xff, 0xff, 0xff, 0x30, 0x9f, 0xff, 0xff, 0xff,
    0xff, 0xff, 0xff, 0xff, 0xff, 0xd0, 0x0, 0x56,
    0x66, 0x66, 0x66, 0x66, 0x66, 0x66, 0x66, 0x61,
    0x0, 0x0, 0x0, 0x0, 0x0, 0x0, 0x0, 0x0,
    0x0, 0x0, 0x0, 0xa, 0xff, 0xff, 0xff, 0xff,
    0xff, 0xff, 0xff, 0xff, 0xfd, 0x0, 0xff, 0xff,
    0xff, 0xff, 0xff, 0xff, 0xff, 0xff, 0xff, 0xf3,
    0xf, 0xff, 0xff, 0xff, 0xff, 0xff, 0xff, 0xff,
    0xff, 0xff, 0x40, 0xff, 0xff, 0xff, 0xff, 0xff,
    0xff, 0xff, 0xff, 0xff, 0xf4, 0xe, 0xff, 0xff,
    0xff, 0xff, 0xff, 0xff, 0xff, 0xff, 0xff, 0x20,
    0x27, 0x77, 0x77, 0x77, 0x77, 0x77, 0x77, 0x77,
    0x77, 0x30,

    /* U+F053 "" */
    0x0, 0x0, 0x0, 0x0, 0x19, 0x20, 0x0, 0x0,
    0x0, 0x1, 0xdf, 0xe2, 0x0, 0x0, 0x0, 0x1d,
    0xff, 0xf8, 0x0, 0x0, 0x1, 0xdf, 0xff, 0xd1,
    0x0, 0x0, 0x1d, 0xff, 0xfc, 0x10, 0x0, 0x1,
    0xdf, 0xff, 0xc1, 0x0, 0x0, 0x1d, 0xff, 0xfc,
    0x10, 0x0, 0x1, 0xdf, 0xff, 0xc1, 0x0, 0x0,
    0x1d, 0xff, 0xfc, 0x10, 0x0, 0x0, 0xbf, 0xff,
    0xd1, 0x0, 0x0, 0x0, 0x7f, 0xff, 0xf6, 0x0,
    0x0, 0x0, 0x7, 0xff, 0xff, 0x60, 0x0, 0x0,
    0x0, 0x7f, 0xff, 0xf6, 0x0, 0x0, 0x0, 0x7,
    0xff, 0xff, 0x60, 0x0, 0x0, 0x0, 0x7f, 0xff,
    0xf6, 0x0, 0x0, 0x0, 0x7, 0xff, 0xff, 0x60,
    0x0, 0x0, 0x0, 0x7f, 0xff, 0xf5, 0x0, 0x0,
    0x0, 0x7, 0xff, 0xf6, 0x0, 0x0, 0x0, 0x0,
    0x7f, 0x90, 0x0, 0x0, 0x0, 0x0, 0x1, 0x0,

    /* U+F054 "" */
    0x5, 0x80, 0x0, 0x0, 0x0, 0x0, 0x5f, 0xfb,
    0x0, 0x0, 0x0, 0x0, 0xcf, 0xff, 0xb0, 0x0,
    0x0, 0x0, 0x3e, 0xff, 0xfb, 0x0, 0x0, 0x0,
    0x3, 0xef, 0xff, 0xb0, 0x0, 0x0, 0x0, 0x3e,
    0xff, 0xfb, 0x0, 0x0, 0x0, 0x3, 0xef, 0xff,
    0xb0, 0x0, 0x0, 0x0, 0x3e, 0xff, 0xfb, 0x0,
    0x0, 0x0, 0x3, 0xef, 0xff, 0xb0, 0x0, 0x0,
    0x0, 0x3f, 0xff, 0xf7, 0x0, 0x0, 0x0, 0x9f,
    0xff, 0xf3, 0x0, 0x0, 0x9, 0xff, 0xff, 0x40,
    0x0, 0x0, 0x9f, 0xff, 0xf4, 0x0, 0x0, 0x9,
    0xff, 0xff, 0x40, 0x0, 0x0, 0x9f, 0xff, 0xf4,
    0x0, 0x0, 0x9, 0xff, 0xff, 0x40, 0x0, 0x0,
    0x8f, 0xff, 0xf4, 0x0, 0x0, 0x0, 0xaf, 0xff,
    0x40, 0x0, 0x0, 0x0, 0x1c, 0xf4, 0x0, 0x0,
    0x0, 0x0, 0x0, 0x0, 0x0, 0x0, 0x0, 0x0,

    /* U+F067 "" */
    0x0, 0x0, 0x0, 0x1, 0xbe, 0xd3, 0x0, 0x0,
    0x0, 0x0, 0x0, 0x0, 0x0, 0x6, 0xff, 0xfa,
    0x0, 0x0, 0x0, 0x0, 0x0, 0x0, 0x0, 0x7,
    0xff, 0xfb, 0x0, 0x0, 0x0, 0x0, 0x0, 0x0,
    0x0, 0x7, 0xff, 0xfb, 0x0, 0x0, 0x0, 0x0,
    0x0, 0x0, 0x0, 0x7, 0xff, 0xfb, 0x0, 0x0,
    0x0, 0x0, 0x0, 0x0, 0x0, 0x7, 0xff, 0xfb,
    0x0, 0x0, 0x0, 0x0, 0x0, 0x0, 0x0, 0x7,
    0xff, 0xfb, 0x0, 0x0, 0x0, 0x0, 0x14, 0x55,
    0x55, 0x59, 0xff, 0xfc, 0x55, 0x55, 0x54, 0x20,
    0xdf, 0xff, 0xff, 0xff, 0xff, 0xff, 0xff, 0xff,
    0xff, 0xf1, 0xff, 0xff, 0xff, 0xff, 0xff, 0xff,
    0xff, 0xff, 0xff, 0xf3, 0xff, 0xff, 0xff, 0xff,
    0xff, 0xff, 0xff, 0xff, 0xff, 0xf3, 0x6c, 0xdd,
    0xdd, 0xde, 0xff, 0xff, 0xdd, 0xdd, 0xdc, 0x90,
    0x0, 0x0, 0x0, 0x7, 0xff, 0xfb, 0x0, 0x0,
    0x0, 0x0, 0x0, 0x0, 0x0, 0x7, 0xff, 0xfb,
    0x0, 0x0, 0x0, 0x0, 0x0, 0x0, 0x0, 0x7,
    0xff, 0xfb, 0x0, 0x0, 0x0, 0x0, 0x0, 0x0,
    0x0, 0x7, 0xff, 0xfb, 0x0, 0x0, 0x0, 0x0,
    0x0, 0x0, 0x0, 0x7, 0xff, 0xfb, 0x0, 0x0,
    0x0, 0x0, 0x0, 0x0, 0x0, 0x7, 0xff, 0xfb,
    0x0, 0x0, 0x0, 0x0, 0x0, 0x0, 0x0, 0x4,
    0xff, 0xf8, 0x0, 0x0, 0x0, 0x0, 0x0, 0x0,
    0x0, 0x0, 0x36, 0x50, 0x0, 0x0, 0x0, 0x0,

    /* U+F068 "" */
    0x2, 0x22, 0x22, 0x22, 0x22, 0x22, 0x22, 0x22,
    0x22, 0x0, 0xbf, 0xff, 0xff, 0xff, 0xff, 0xff,
    0xff, 0xff, 0xff, 0xe1, 0xff, 0xff, 0xff, 0xff,
    0xff, 0xff, 0xff, 0xff, 0xff, 0xf3, 0xff, 0xff,
    0xff, 0xff, 0xff, 0xff, 0xff, 0xff, 0xff, 0xf3,
    0x8f, 0xff, 0xff, 0xff, 0xff, 0xff, 0xff, 0xff,
    0xff, 0xb0,

    /* U+F06E "" */
    0x0, 0x0, 0x0, 0x0, 0x0, 0x23, 0x43, 0x10,
    0x0, 0x0, 0x0, 0x0, 0x0, 0x0, 0x0, 0x0,
    0x5b, 0xff, 0xff, 0xff, 0xea, 0x40, 0x0, 0x0,
    0x0, 0x0, 0x0, 0x5, 0xef, 0xff, 0xfd, 0xce,
    0xff, 0xff, 0xc3, 0x0, 0x0, 0x0, 0x0, 0x1b,
    0xff, 0xff, 0x71, 0x0, 0x2, 0x9f, 0xff, 0xf8,
    0x0, 0x0, 0x0, 0x2d, 0xff, 0xfe, 0x20, 0x2,
    0x53, 0x0, 0x5f, 0xff, 0xfb, 0x0, 0x0, 0x1e,
    0xff, 0xff, 0x30, 0x0, 0x6f, 0xfc, 0x10, 0x7f,
    0xff, 0xfb, 0x0, 0xc, 0xff, 0xff, 0xa0, 0x0,
    0x6, 0xff, 0xfc, 0x0, 0xef, 0xff, 0xf8, 0x6,
    0xff, 0xff, 0xf5, 0x1, 0x3, 0xef, 0xff, 0xf4,
    0x9, 0xff, 0xff, 0xf3, 0xef, 0xff, 0xff, 0x30,
    0xbf, 0xff, 0xff, 0xff, 0x70, 0x7f, 0xff, 0xff,
    0xad, 0xff, 0xff, 0xf3, 0xa, 0xff, 0xff, 0xff,
    0xf6, 0x7, 0xff, 0xff, 0xf9, 0x3f, 0xff, 0xff,
    0x60, 0x5f, 0xff, 0xff, 0xff, 0x10, 0xaf, 0xff,
    0xfe, 0x10, 0x8f, 0xff, 0xfc, 0x0, 0xaf, 0xff,
    0xff, 0x60, 0x1f, 0xff, 0xff, 0x50, 0x0, 0xaf,
    0xff, 0xf6, 0x0, 0x6c, 0xdb, 0x40, 0xa, 0xff,
    0xff, 0x70, 0x0, 0x0, 0xaf, 0xff, 0xf6, 0x0,
    0x0, 0x0, 0x9, 0xff, 0xff, 0x70, 0x0, 0x0,
    0x0, 0x6f, 0xff, 0xfc, 0x52, 0x12, 0x6d, 0xff,
    0xfe, 0x40, 0x0, 0x0, 0x0, 0x0, 0x19, 0xff,
    0xff, 0xff, 0xff, 0xff, 0xf8, 0x0, 0x0, 0x0,
    0x0, 0x0, 0x0, 0x1, 0x5a, 0xde, 0xfe, 0xd9,
    0x50, 0x0, 0x0, 0x0, 0x0,

    /* U+F070 "" */
    0x0, 0x0, 0x0, 0x0, 0x0, 0x0, 0x0, 0x0,
    0x0, 0x0, 0x0, 0x0, 0x0, 0x0, 0x4e, 0x70,
    0x0, 0x0, 0x0, 0x0, 0x0, 0x0, 0x0, 0x0,
    0x0, 0x0, 0x0, 0x0, 0xef, 0xfb, 0x0, 0x0,
    0x0, 0x0, 0x0, 0x0, 0x0, 0x0, 0x0, 0x0,
    0x0, 0x0, 0x6f, 0xff, 0xd2, 0x0, 0x0, 0x0,
    0x24, 0x32, 0x0, 0x0, 0x0, 0x0, 0x0, 0x0,
    0x3, 0xef, 0xff, 0x60, 0x28, 0xcf, 0xff, 0xff,
    0xfb, 0x60, 0x0, 0x0, 0x0, 0x0, 0x0, 0x1b,
    0xff, 0xfc, 0xff, 0xff, 0xec, 0xdf, 0xff, 0xfe,
    0x70, 0x0, 0x0, 0x0, 0x0, 0x0, 0x8f, 0xff,
    0xff, 0xa3, 0x0, 0x0, 0x6e, 0xff, 0xfc, 0x20,
    0x0, 0x0, 0x0, 0x0, 0x4, 0xef, 0xff, 0x70,
    0x15, 0x40, 0x1, 0xdf, 0xff, 0xe3, 0x0, 0x0,
    0x0, 0x1, 0x0, 0x1c, 0xff, 0xfb, 0x1f, 0xfe,
    0x50, 0x2f, 0xff, 0xff, 0x20, 0x0, 0x0, 0x7e,
    0x30, 0x0, 0x9f, 0xff, 0xef, 0xff, 0xf3, 0x8,
    0xff, 0xff, 0xd0, 0x0, 0x2, 0xff, 0xf6, 0x0,
    0x5, 0xff, 0xff, 0xff, 0xfa, 0x3, 0xff, 0xff,
    0xf8, 0x0, 0x8, 0xff, 0xff, 0xa0, 0x0, 0x2d,
    0xff, 0xff, 0xfd, 0x1, 0xff, 0xff, 0xff, 0x0,
    0x6, 0xff, 0xff, 0xfa, 0x0, 0x0, 0xaf, 0xff,
    0xfb, 0x2, 0xff, 0xff, 0xfe, 0x0, 0x0, 0xdf,
    0xff, 0xfd, 0x0, 0x0, 0x6, 0xff, 0xff, 0x55,
    0xff, 0xff, 0xf5, 0x0, 0x0, 0x2f, 0xff, 0xff,
    0x40, 0x0, 0x0, 0x3d, 0xff, 0xfe, 0xff, 0xff,
    0x90, 0x0, 0x0, 0x4, 0xff, 0xff, 0xd0, 0x0,
    0x0, 0x0, 0xbf, 0xff, 0xff, 0xfb, 0x0, 0x0,
    0x0, 0x0, 0x4f, 0xff, 0xfb, 0x10, 0x0, 0x0,
    0x7, 0xff, 0xff, 0xc0, 0x0, 0x0, 0x0, 0x0,
    0x2, 0xdf, 0xff, 0xe8, 0x31, 0x20, 0x0, 0x3e,
    0xff, 0xf6, 0x0, 0x0, 0x0, 0x0, 0x0, 0x6,
    0xef, 0xff, 0xff, 0xfb, 0x0, 0x1, 0xbf, 0xff,
    0xa0, 0x0, 0x0, 0x0, 0x0, 0x0, 0x4, 0x9c,
    0xef, 0xfd, 0x80, 0x0, 0x8, 0xff, 0xfd, 0x20,
    0x0, 0x0, 0x0, 0x0, 0x0, 0x0, 0x0, 0x0,
    0x0, 0x0, 0x0, 0x4e, 0xff, 0xf3, 0x0, 0x0,
    0x0, 0x0, 0x0, 0x0, 0x0, 0x0, 0x0, 0x0,
    0x0, 0x1, 0xcf, 0xf4, 0x0, 0x0, 0x0, 0x0,
    0x0, 0x0, 0x0, 0x0, 0x0, 0x0, 0x0, 0x0,
    0x8, 0x60,

    /* U+F071 "" */
    0x0, 0x0, 0x0, 0x0, 0x0, 0x0, 0x0, 0x0,
    0x0, 0x0, 0x0, 0x0, 0x0, 0x0, 0x0, 0x0,
    0x0, 0x0, 0x0, 0x1d, 0xfb, 0x0, 0x0, 0x0,
    0x0, 0x0, 0x0, 0x0, 0x0, 0x0, 0x0, 0x0,
    0xb, 0xff, 0xf7, 0x0, 0x0, 0x0, 0x0, 0x0,
    0x0, 0x0, 0x0, 0x0, 0x0, 0x4, 0xff, 0xff,
    0xf1, 0x0, 0x0, 0x0, 0x0, 0x0, 0x0, 0x0,
    0x0, 0x0, 0x0, 0xdf, 0xff, 0xff, 0xa0, 0x0,
    0x0, 0x0, 0x0, 0x0, 0x0, 0x0, 0x0, 0x0,
    0x7f, 0xff, 0xff, 0xff, 0x30, 0x0, 0x0, 0x0,
    0x0, 0x0, 0x0, 0x0, 0x0, 0x1f, 0xff, 0xff,
    0xff, 0xfc, 0x0, 0x0, 0x0, 0x0, 0x0, 0x0,
    0x0, 0x0, 0xa, 0xff, 0xff, 0xff, 0xff, 0xf6,
    0x0, 0x0, 0x0, 0x0, 0x0, 0x0, 0x0, 0x3,
    0xff, 0xfd, 0x88, 0x8f, 0xff, 0xe0, 0x0, 0x0,
    0x0, 0x0, 0x0, 0x0, 0x0, 0xcf, 0xff, 0x80,
    0x0, 0xcf, 0xff, 0x80, 0x0, 0x0, 0x0, 0x0,
    0x0, 0x0, 0x6f, 0xff, 0xf9, 0x0, 0xd, 0xff,
    0xff, 0x20, 0x0, 0x0, 0x0, 0x0, 0x0, 0xe,
    0xff, 0xff, 0xa0, 0x0, 0xef, 0xff, 0xfb, 0x0,
    0x0, 0x0, 0x0, 0x0, 0x8, 0xff, 0xff, 0xfb,
    0x0, 0xf, 0xff, 0xff, 0xf4, 0x0, 0x0, 0x0,
    0x0, 0x2, 0xff, 0xff, 0xff, 0xc0, 0x0, 0xff,
    0xff, 0xff, 0xd0, 0x0, 0x0, 0x0, 0x0, 0xbf,
    0xff, 0xff, 0xfd, 0x0, 0x1f, 0xff, 0xff, 0xff,
    0x70, 0x0, 0x0, 0x0, 0x4f, 0xff, 0xff, 0xff,
    0xfd, 0xcd, 0xff, 0xff, 0xff, 0xff, 0x10, 0x0,
    0x0, 0xd, 0xff, 0xff, 0xff, 0xfe, 0x30, 0x6f,
    0xff, 0xff, 0xff, 0xfa, 0x0, 0x0, 0x7, 0xff,
    0xff, 0xff, 0xff, 0x80, 0x0, 0xbf, 0xff, 0xff,
    0xff, 0xf3, 0x0, 0x1, 0xff, 0xff, 0xff, 0xff,
    0xf8, 0x0, 0xc, 0xff, 0xff, 0xff, 0xff, 0xc0,
    0x0, 0x9f, 0xff, 0xff, 0xff, 0xff, 0xf4, 0x17,
    0xff, 0xff, 0xff, 0xff, 0xff, 0x50, 0xf, 0xff,
    0xff, 0xff, 0xff, 0xff, 0xff, 0xff, 0xff, 0xff,
    0xff, 0xff, 0xfb, 0x0, 0xdf, 0xff, 0xff, 0xff,
    0xff, 0xff, 0xff, 0xff, 0xff, 0xff, 0xff, 0xff,
    0x90, 0x2, 0xbc, 0xcc, 0xcc, 0xcc, 0xcc, 0xcc,
    0xcc, 0xcc, 0xcc, 0xcc, 0xcc, 0x90, 0x0,

    /* U+F074 "" */
    0x0, 0x0, 0x0, 0x0, 0x0, 0x0, 0x0, 0x0,
    0x0, 0x0, 0x0, 0x0, 0x0, 0x0, 0x0, 0x0,
    0x0, 0x0, 0x0, 0x3c, 0x50, 0x0, 0x0, 0x0,
    0x0, 0x0, 0x0, 0x0, 0x0, 0x0, 0x7f, 0xf5,
    0x0, 0x12, 0x22, 0x20, 0x0, 0x0, 0x0, 0x0,
    0x22, 0x9f, 0xff, 0x50, 0xff, 0xff, 0xfe, 0x20,
    0x0, 0x0, 0xc, 0xff, 0xff, 0xff, 0xf5, 0xff,
    0xff, 0xff, 0xe2, 0x0, 0x0, 0xcf, 0xff, 0xff,
    0xff, 0xff, 0xff, 0xff, 0xff, 0xfd, 0x10, 0xb,
    0xff, 0xff, 0xff, 0xff, 0xf8, 0x45, 0x55, 0xbf,
    0xff, 0x60, 0xaf, 0xff, 0xd5, 0xaf, 0xff, 0x80,
    0x0, 0x0, 0xb, 0xf8, 0xa, 0xff, 0xfe, 0x10,
    0x8f, 0xf8, 0x0, 0x0, 0x0, 0x0, 0x70, 0x9f,
    0xff, 0xe2, 0x0, 0x4f, 0x80, 0x0, 0x0, 0x0,
    0x0, 0x8, 0xff, 0xfe, 0x20, 0x0, 0x0, 0x0,
    0x0, 0x0, 0x0, 0x0, 0x7f, 0xff, 0xf3, 0x10,
    0x0, 0x2a, 0x30, 0x0, 0x0, 0x0, 0x6, 0xff,
    0xff, 0x41, 0xda, 0x0, 0x7f, 0xf3, 0x0, 0x0,
    0x0, 0x5f, 0xff, 0xf4, 0xc, 0xff, 0x90, 0x8f,
    0xff, 0x30, 0xef, 0xff, 0xff, 0xff, 0x50, 0x2e,
    0xff, 0xff, 0xff, 0xff, 0xf3, 0xff, 0xff, 0xff,
    0xf6, 0x0, 0x2, 0xef, 0xff, 0xff, 0xff, 0xfe,
    0xff, 0xff, 0xff, 0x70, 0x0, 0x0, 0x3f, 0xff,
    0xff, 0xff, 0xfa, 0x67, 0x77, 0x75, 0x0, 0x0,
    0x0, 0x3, 0x77, 0xbf, 0xff, 0xa0, 0x0, 0x0,
    0x0, 0x0, 0x0, 0x0, 0x0, 0x0, 0x8f, 0xfa,
    0x0, 0x0, 0x0, 0x0, 0x0, 0x0, 0x0, 0x0,
    0x0, 0x6f, 0xa0, 0x0, 0x0, 0x0, 0x0, 0x0,
    0x0, 0x0, 0x0, 0x0, 0x2, 0x0, 0x0,

    /* U+F077 "" */
    0x0, 0x0, 0x0, 0x0, 0x4e, 0x70, 0x0, 0x0,
    0x0, 0x0, 0x0, 0x0, 0x0, 0x4f, 0xff, 0x70,
    0x0, 0x0, 0x0, 0x0, 0x0, 0x0, 0x4f, 0xff,
    0xff, 0x70, 0x0, 0x0, 0x0, 0x0, 0x0, 0x4f,
    0xff, 0xff, 0xff, 0x70, 0x0, 0x0, 0x0, 0x0,
    0x4f, 0xff, 0xfc, 0xff, 0xff, 0x70, 0x0, 0x0,
    0x0, 0x4f, 0xff, 0xfa, 0x5, 0xff, 0xff, 0x70,
    0x0, 0x0, 0x4f, 0xff, 0xfa, 0x0, 0x5, 0xff,
    0xff, 0x70, 0x0, 0x4f, 0xff, 0xf9, 0x0, 0x0,
    0x6, 0xff, 0xff, 0x70, 0x3f, 0xff, 0xf9, 0x0,
    0x0, 0x0, 0x6, 0xff, 0xff, 0x7a, 0xff, 0xf9,
    0x0, 0x0, 0x0, 0x0, 0x6, 0xff, 0xff, 0x2e,
    0xf9, 0x0, 0x0, 0x0, 0x0, 0x0, 0x6, 0xff,
    0x50, 0x25, 0x0, 0x0, 0x0, 0x0, 0x0, 0x0,
    0x4, 0x40,

    /* U+F078 "" */
    0x9, 0xd3, 0x0, 0x0, 0x0, 0x0, 0x0, 0x1,
    0xcb, 0x18, 0xff, 0xe3, 0x0, 0x0, 0x0, 0x0,
    0x1, 0xcf, 0xfc, 0x9f, 0xff, 0xe3, 0x0, 0x0,
    0x0, 0x1, 0xcf, 0xff, 0xd0, 0xbf, 0xff, 0xe3,
    0x0, 0x0, 0x1, 0xcf, 0xff, 0xd1, 0x0, 0xbf,
    0xff, 0xe3, 0x0, 0x1, 0xcf, 0xff, 0xd1, 0x0,
    0x0, 0xbf, 0xff, 0xe3, 0x1, 0xcf, 0xff, 0xd1,
    0x0, 0x0, 0x0, 0xbf, 0xff, 0xe4, 0xcf, 0xff,
    0xd1, 0x0, 0x0, 0x0, 0x0, 0xbf, 0xff, 0xff,
    0xff, 0xd1, 0x0, 0x0, 0x0, 0x0, 0x0, 0xbf,
    0xff, 0xff, 0xd1, 0x0, 0x0, 0x0, 0x0, 0x0,
    0x0, 0xbf, 0xff, 0xd1, 0x0, 0x0, 0x0, 0x0,
    0x0, 0x0, 0x0, 0xbf, 0xd1, 0x0, 0x0, 0x0,
    0x0, 0x0, 0x0, 0x0, 0x0, 0x61, 0x0, 0x0,
    0x0, 0x0,

    /* U+F079 "" */
    0x0, 0x0, 0x27, 0x10, 0x0, 0x0, 0x0, 0x0,
    0x0, 0x0, 0x0, 0x0, 0x0, 0x0, 0x0, 0x2,
    0xef, 0xd1, 0x0, 0x0, 0x0, 0x0, 0x0, 0x0,
    0x0, 0x0, 0x0, 0x0, 0x0, 0x2e, 0xff, 0xfd,
    0x10, 0x3f, 0xff, 0xff, 0xff, 0xff, 0xff, 0xe0,
    0x0, 0x0, 0x2, 0xef, 0xff, 0xff, 0xd1, 0x3f,
    0xff, 0xff, 0xff, 0xff, 0xff, 0xf1, 0x0, 0x0,
    0x2e, 0xff, 0xff, 0xff, 0xfd, 0x15, 0xbb, 0xbb,
    0xbb, 0xbb, 0xef, 0xf1, 0x0, 0x0, 0xdf, 0xfb,
    0xef, 0xdc, 0xff, 0xb0, 0x0, 0x0, 0x0, 0x0,
    0xaf, 0xf1, 0x0, 0x0, 0x9f, 0xc0, 0xef, 0xd1,
    0xdf, 0x70, 0x0, 0x0, 0x0, 0x0, 0xaf, 0xf1,
    0x0, 0x0, 0x3, 0x0, 0xef, 0xd0, 0x3, 0x0,
    0x0, 0x0, 0x0, 0x0, 0xaf, 0xf1, 0x0, 0x0,
    0x0, 0x0, 0xef, 0xd0, 0x0, 0x0, 0x0, 0x0,
    0x0, 0x0, 0xaf, 0xf1, 0x0, 0x0, 0x0, 0x0,
    0xef, 0xd0, 0x0, 0x0, 0x0, 0x0, 0x0, 0x0,
    0xaf, 0xf1, 0x0, 0x0, 0x0, 0x0, 0xef, 0xd0,
    0x0, 0x0, 0x0, 0x0, 0x7, 0x50, 0xaf, 0xf1,
    0x19, 0x30, 0x0, 0x0, 0xef, 0xd0, 0x0, 0x0,
    0x0, 0x0, 0x8f, 0xf6, 0xaf, 0xf3, 0xdf, 0xe0,
    0x0, 0x0, 0xef, 0xd0, 0x0, 0x0, 0x0, 0x0,
    0x5f, 0xff, 0xef, 0xfe, 0xff, 0xd0, 0x0, 0x0,
    0xef, 0xff, 0xff, 0xff, 0xff, 0xfc, 0x16, 0xff,
    0xff, 0xff, 0xfd, 0x10, 0x0, 0x0, 0xef, 0xff,
    0xff, 0xff, 0xff, 0xff, 0x80, 0x6f, 0xff, 0xff,
    0xd1, 0x0, 0x0, 0x0, 0x6b, 0xbb, 0xbb, 0xbb,
    0xbb, 0xba, 0x30, 0x6, 0xff, 0xfd, 0x10, 0x0,
    0x0, 0x0, 0x0, 0x0, 0x0, 0x0, 0x0, 0x0,
    0x0, 0x0, 0x6f, 0xc1, 0x0, 0x0, 0x0, 0x0,
    0x0, 0x0, 0x0, 0x0, 0x0, 0x0, 0x0, 0x0,
    0x2, 0x0, 0x0, 0x0,

    /* U+F07B "" */
    0x5, 0x78, 0x88, 0x88, 0x71, 0x0, 0x0, 0x0,
    0x0, 0x0, 0x0, 0xaf, 0xff, 0xff, 0xff, 0xfd,
    0x10, 0x0, 0x0, 0x0, 0x0, 0x0, 0xff, 0xff,
    0xff, 0xff, 0xff, 0xd1, 0x0, 0x0, 0x0, 0x0,
    0x0, 0xff, 0xff, 0xff, 0xff, 0xff, 0xfe, 0xcc,
    0xcc, 0xcc, 0xcb, 0x91, 0xff, 0xff, 0xff, 0xff,
    0xff, 0xff, 0xff, 0xff, 0xff, 0xff, 0xfc, 0xff,
    0xff, 0xff, 0xff, 0xff, 0xff, 0xff, 0xff, 0xff,
    0xff, 0xff, 0xff, 0xff, 0xff, 0xff, 0xff, 0xff,
    0xff, 0xff, 0xff, 0xff, 0xff, 0xff, 0xff, 0xff,
    0xff, 0xff, 0xff, 0xff, 0xff, 0xff, 0xff, 0xff,
    0xff, 0xff, 0xff, 0xff, 0xff, 0xff, 0xff, 0xff,
    0xff, 0xff, 0xff, 0xff, 0xff, 0xff, 0xff, 0xff,
    0xff, 0xff, 0xff, 0xff, 0xff, 0xff, 0xff, 0xff,
    0xff, 0xff, 0xff, 0xff, 0xff, 0xff, 0xff, 0xff,
    0xff, 0xff, 0xff, 0xff, 0xff, 0xff, 0xff, 0xff,
    0xff, 0xff, 0xff, 0xff, 0xff, 0xff, 0xff, 0xff,
    0xff, 0xff, 0xff, 0xff, 0xff, 0xff, 0xff, 0xff,
    0xff, 0xff, 0xff, 0xff, 0xff, 0xff, 0xff, 0xff,
    0xff, 0xff, 0xff, 0xff, 0xff, 0xff, 0xff, 0xff,
    0xff, 0xff, 0xff, 0xff, 0xff, 0xef, 0xff, 0xff,
    0xff, 0xff, 0xff, 0xff, 0xff, 0xff, 0xff, 0xfd,
    0x4e, 0xff, 0xff, 0xff, 0xff, 0xff, 0xff, 0xff,
    0xff, 0xff, 0xe4,

    /* U+F093 "" */
    0x0, 0x0, 0x0, 0x0, 0x0, 0x0, 0x0, 0x0,
    0x0, 0x0, 0x0, 0x0, 0x0, 0x0, 0x0, 0x3,
    0xfc, 0x10, 0x0, 0x0, 0x0, 0x0, 0x0, 0x0,
    0x0, 0x0, 0x3f, 0xff, 0xc1, 0x0, 0x0, 0x0,
    0x0, 0x0, 0x0, 0x0, 0x3, 0xff, 0xff, 0xfc,
    0x10, 0x0, 0x0, 0x0, 0x0, 0x0, 0x0, 0x3f,
    0xff, 0xff, 0xff, 0xc1, 0x0, 0x0, 0x0, 0x0,
    0x0, 0x3, 0xff, 0xff, 0xff, 0xff, 0xfc, 0x10,
    0x0, 0x0, 0x0, 0x0, 0x3f, 0xff, 0xff, 0xff,
    0xff, 0xff, 0xc1, 0x0, 0x0, 0x0, 0x3, 0xff,
    0xff, 0xff, 0xff, 0xff, 0xff, 0xfc, 0x0, 0x0,
    0x0, 0x6, 0xff, 0xff, 0xff, 0xff, 0xff, 0xff,
    0xff, 0x10, 0x0, 0x0, 0x0, 0x11, 0x11, 0xef,
    0xff, 0xf9, 0x11, 0x10, 0x0, 0x0, 0x0, 0x0,
    0x0, 0x0, 0xef, 0xff, 0xf9, 0x0, 0x0, 0x0,
    0x0, 0x0, 0x0, 0x0, 0x0, 0xef, 0xff, 0xf9,
    0x0, 0x0, 0x0, 0x0, 0x0, 0x0, 0x0, 0x0,
    0xef, 0xff, 0xf9, 0x0, 0x0, 0x0, 0x0, 0x0,
    0x0, 0x0, 0x0, 0xef, 0xff, 0xf9, 0x0, 0x0,
    0x0, 0x0, 0x0, 0x0, 0x0, 0x0, 0xef, 0xff,
    0xf9, 0x0, 0x0, 0x0, 0x0, 0x0, 0x0, 0x0,
    0x0, 0xef, 0xff, 0xf9, 0x0, 0x0, 0x0, 0x0,
    0xcf, 0xff, 0xff, 0xe0, 0xdf, 0xff, 0xf8, 0xe,
    0xff, 0xff, 0xfc, 0xff, 0xff, 0xff, 0xf3, 0x26,
    0x66, 0x50, 0x3f, 0xff, 0xff, 0xff, 0xff, 0xff,
    0xff, 0xfe, 0x52, 0x22, 0x25, 0xef, 0xff, 0xff,
    0xff, 0xff, 0xff, 0xff, 0xff, 0xff, 0xff, 0xff,
    0xff, 0xff, 0xff, 0xff, 0xff, 0xff, 0xff, 0xff,
    0xff, 0xff, 0xff, 0xf1, 0x6e, 0xb, 0xff, 0xff,
    0xff, 0xff, 0xff, 0xff, 0xff, 0xff, 0xf6, 0xaf,
    0x5d, 0xff, 0xbf, 0xff, 0xff, 0xff, 0xff, 0xff,
    0xff, 0xff, 0xff, 0xff, 0xfb,

    /* U+F095 "" */
    0x0, 0x0, 0x0, 0x0, 0x0, 0x0, 0x0, 0x0,
    0x2, 0x0, 0x0, 0x0, 0x0, 0x0, 0x0, 0x0,
    0x0, 0x0, 0x0, 0x7, 0xff, 0xc8, 0x51, 0x0,
    0x0, 0x0, 0x0, 0x0, 0x0, 0x0, 0x0, 0xef,
    0xff, 0xff, 0xe0, 0x0, 0x0, 0x0, 0x0, 0x0,
    0x0, 0x0, 0x5f, 0xff, 0xff, 0xff, 0x0, 0x0,
    0x0, 0x0, 0x0, 0x0, 0x0, 0xc, 0xff, 0xff,
    0xff, 0xe0, 0x0, 0x0, 0x0, 0x0, 0x0, 0x0,
    0x3, 0xff, 0xff, 0xff, 0xfd, 0x0, 0x0, 0x0,
    0x0, 0x0, 0x0, 0x0, 0x8f, 0xff, 0xff, 0xff,
    0xa0, 0x0, 0x0, 0x0, 0x0, 0x0, 0x0, 0x2,
    0xdf, 0xff, 0xff, 0xf7, 0x0, 0x0, 0x0, 0x0,
    0x0, 0x0, 0x0, 0x1, 0xcf, 0xff, 0xff, 0x30,
    0x0, 0x0, 0x0, 0x0, 0x0, 0x0, 0x0, 0x0,
    0xdf, 0xff, 0xd0, 0x0, 0x0, 0x0, 0x0, 0x0,
    0x0, 0x0, 0x0, 0x3f, 0xff, 0xf8, 0x0, 0x0,
    0x0, 0x0, 0x0, 0x0, 0x0, 0x0, 0xc, 0xff,
    0xff, 0x10, 0x0, 0x0, 0x0, 0x0, 0x0, 0x0,
    0x0, 0x8, 0xff, 0xff, 0x80, 0x0, 0x0, 0x0,
    0x0, 0x0, 0x0, 0x0, 0x5, 0xff, 0xff, 0xd0,
    0x0, 0x0, 0x0, 0x5, 0xb8, 0x0, 0x0, 0x6,
    0xff, 0xff, 0xf3, 0x0, 0x0, 0x1, 0x7e, 0xff,
    0xf6, 0x0, 0x8, 0xff, 0xff, 0xf6, 0x0, 0x0,
    0x9, 0xff, 0xff, 0xff, 0xf4, 0x4d, 0xff, 0xff,
    0xf8, 0x0, 0x0, 0x0, 0xef, 0xff, 0xff, 0xff,
    0xff, 0xff, 0xff, 0xf8, 0x0, 0x0, 0x0, 0xb,
    0xff, 0xff, 0xff, 0xff, 0xff, 0xff, 0xf6, 0x0,
    0x0, 0x0, 0x0, 0x7f, 0xff, 0xff, 0xff, 0xff,
    0xff, 0xc2, 0x0, 0x0, 0x0, 0x0, 0x4, 0xff,
    0xff, 0xff, 0xff, 0xfe, 0x60, 0x0, 0x0, 0x0,
    0x0, 0x0, 0xf, 0xff, 0xff, 0xff, 0xb5, 0x0,
    0x0, 0x0, 0x0, 0x0, 0x0, 0x0, 0x7b, 0xb9,
    0x74, 0x0, 0x0, 0x0, 0x0, 0x0, 0x0, 0x0,
    0x0,

    /* U+F0C4 "" */
    0x1, 0x8c, 0xda, 0x20, 0x0, 0x0, 0x0, 0x0,
    0x20, 0x0, 0x1d, 0xff, 0xff, 0xf3, 0x0, 0x0,
    0x0, 0x8f, 0xff, 0x80, 0xaf, 0xff, 0xff, 0xfd,
    0x0, 0x0, 0xa, 0xff, 0xff, 0xf1, 0xef, 0xe1,
    0xc, 0xff, 0x20, 0x0, 0xbf, 0xff, 0xfe, 0x30,
    0xff, 0xd0, 0xa, 0xff, 0x30, 0xb, 0xff, 0xff,
    0xe3, 0x0, 0xbf, 0xfc, 0xbf, 0xff, 0x10, 0xcf,
    0xff, 0xfe, 0x30, 0x0, 0x3f, 0xff, 0xff, 0xff,
    0xdc, 0xff, 0xff, 0xe3, 0x0, 0x0, 0x3, 0xdf,
    0xff, 0xff, 0xff, 0xff, 0xfe, 0x20, 0x0, 0x0,
    0x0, 0x1, 0x2d, 0xff, 0xff, 0xff, 0xe2, 0x0,
    0x0, 0x0, 0x0, 0x0, 0x2, 0xff, 0xff, 0xff,
    0x30, 0x0, 0x0, 0x0, 0x0, 0x0, 0xb, 0xff,
    0xff, 0xff, 0xc0, 0x0, 0x0, 0x0, 0x1, 0x8c,
    0xef, 0xff, 0xff, 0xff, 0xfc, 0x0, 0x0, 0x0,
    0x1d, 0xff, 0xff, 0xff, 0xff, 0xff, 0xff, 0xc0,
    0x0, 0x0, 0xaf, 0xff, 0xff, 0xff, 0x33, 0xef,
    0xff, 0xfc, 0x0, 0x0, 0xef, 0xe1, 0xc, 0xff,
    0x20, 0x2e, 0xff, 0xff, 0xc1, 0x0, 0xff, 0xd0,
    0xa, 0xff, 0x30, 0x2, 0xef, 0xff, 0xfc, 0x10,
    0xbf, 0xfc, 0xbf, 0xff, 0x0, 0x0, 0x1d, 0xff,
    0xff, 0xc0, 0x3f, 0xff, 0xff, 0xf7, 0x0, 0x0,
    0x1, 0xcf, 0xff, 0xd1, 0x3, 0xdf, 0xfe, 0x60,
    0x0, 0x0, 0x0, 0x4, 0x75, 0x0, 0x0, 0x1,
    0x10, 0x0, 0x0, 0x0, 0x0, 0x0, 0x0, 0x0,

    /* U+F0C5 "" */
    0x0, 0x0, 0x0, 0x12, 0x22, 0x22, 0x22, 0x1,
    0x0, 0x0, 0x0, 0x0, 0x3, 0xff, 0xff, 0xff,
    0xfe, 0xe, 0x60, 0x0, 0x0, 0x0, 0x5, 0xff,
    0xff, 0xff, 0xfe, 0xe, 0xf6, 0x0, 0x0, 0x0,
    0x5, 0xff, 0xff, 0xff, 0xfe, 0xe, 0xff, 0x70,
    0x1, 0x22, 0x5, 0xff, 0xff, 0xff, 0xfe, 0xe,
    0xff, 0xf2, 0xdf, 0xff, 0x25, 0xff, 0xff, 0xff,
    0xff, 0x10, 0x0, 0x0, 0xff, 0xff, 0x25, 0xff,
    0xff, 0xff, 0xff, 0xff, 0xff, 0xf3, 0xff, 0xff,
    0x25, 0xff, 0xff, 0xff, 0xff, 0xff, 0xff, 0xf3,
    0xff, 0xff, 0x25, 0xff, 0xff, 0xff, 0xff, 0xff,
    0xff, 0xf3, 0xff, 0xff, 0x25, 0xff, 0xff, 0xff,
    0xff, 0xff, 0xff, 0xf3, 0xff, 0xff, 0x25, 0xff,
    0xff, 0xff, 0xff, 0xff, 0xff, 0xf3, 0xff, 0xff,
    0x25, 0xff, 0xff, 0xff, 0xff, 0xff, 0xff, 0xf3,
    0xff, 0xff, 0x25, 0xff, 0xff, 0xff, 0xff, 0xff,
    0xff, 0xf3, 0xff, 0xff, 0x25, 0xff, 0xff, 0xff,
    0xff, 0xff, 0xff, 0xf3, 0xff, 0xff, 0x25, 0xff,
    0xff, 0xff, 0xff, 0xff, 0xff, 0xf3, 0xff, 0xff,
    0x25, 0xff, 0xff, 0xff, 0xff, 0xff, 0xff, 0xf3,
    0xff, 0xff, 0x25, 0xff, 0xff, 0xff, 0xff, 0xff,
    0xff, 0xf3, 0xff, 0xff, 0x24, 0xff, 0xff, 0xff,
    0xff, 0xff, 0xff, 0xf2, 0xff, 0xff, 0x50, 0x56,
    0x66, 0x66, 0x66, 0x66, 0x66, 0x50, 0xff, 0xff,
    0xe4, 0x0, 0x0, 0x0, 0x0, 0x0, 0x0, 0x0,
    0xff, 0xff, 0xff, 0xff, 0xff, 0xff, 0xfe, 0x0,
    0x0, 0x0, 0xff, 0xff, 0xff, 0xff, 0xff, 0xff,
    0xfe, 0x0, 0x0, 0x0, 0x8b, 0xcc, 0xcc, 0xcc,
    0xcc, 0xcc, 0xb7, 0x0, 0x0, 0x0,

    /* U+F0C7 "" */
    0x2a, 0xcc, 0xcc, 0xcc, 0xcc, 0xcc, 0xcc, 0x91,
    0x0, 0x0, 0xcf, 0xff, 0xff, 0xff, 0xff, 0xff,
    0xff, 0xfd, 0x10, 0x0, 0xff, 0xff, 0xff, 0xff,
    0xff, 0xff, 0xff, 0xff, 0xd1, 0x0, 0xff, 0xc0,
    0x0, 0x0, 0x0, 0x0, 0x3, 0xff, 0xfd, 0x10,
    0xff, 0xc0, 0x0, 0x0, 0x0, 0x0, 0x1, 0xff,
    0xff, 0xd0, 0xff, 0xc0, 0x0, 0x0, 0x0, 0x0,
    0x1, 0xff, 0xff, 0xf5, 0xff, 0xc0, 0x0, 0x0,
    0x0, 0x0, 0x1, 0xff, 0xff, 0xf6, 0xff, 0xc0,
    0x0, 0x0, 0x0, 0x0, 0x1, 0xff, 0xff, 0xf6,
    0xff, 0xfb, 0xbb, 0xbb, 0xbb, 0xbb, 0xbc, 0xff,
    0xff, 0xf6, 0xff, 0xff, 0xff, 0xff, 0xff, 0xff,
    0xff, 0xff, 0xff, 0xf6, 0xff, 0xff, 0xff, 0xff,
    0xff, 0xff, 0xff, 0xff, 0xff, 0xf6, 0xff, 0xff,
    0xff, 0xfe, 0x51, 0x3b, 0xff, 0xff, 0xff, 0xf6,
    0xff, 0xff, 0xff, 0xf3, 0x0, 0x0, 0xcf, 0xff,
    0xff, 0xf6, 0xff, 0xff, 0xff, 0xe0, 0x0, 0x0,
    0x8f, 0xff, 0xff, 0xf6, 0xff, 0xff, 0xff, 0xf0,
    0x0, 0x0, 0x9f, 0xff, 0xff, 0xf6, 0xff, 0xff,
    0xff, 0xf9, 0x0, 0x4, 0xff, 0xff, 0xff, 0xf6,
    0xff, 0xff, 0xff, 0xff, 0xda, 0xbf, 0xff, 0xff,
    0xff, 0xf6, 0xef, 0xff, 0xff, 0xff, 0xff, 0xff,
    0xff, 0xff, 0xff, 0xf5, 0x6f, 0xff, 0xff, 0xff,
    0xff, 0xff, 0xff, 0xff, 0xff, 0xb0, 0x0, 0x22,
    0x22, 0x22, 0x22, 0x22, 0x22, 0x22, 0x21, 0x0,

    /* U+F0C9 "" */
    0xce, 0xee, 0xee, 0xee, 0xee, 0xee, 0xee, 0xee,
    0xee, 0xd1, 0xff, 0xff, 0xff, 0xff, 0xff, 0xff,
    0xff, 0xff, 0xff, 0xf4, 0xff, 0xff, 0xff, 0xff,
    0xff, 0xff, 0xff, 0xff, 0xff, 0xf3, 0x13, 0x33,
    0x33, 0x33, 0x33, 0x33, 0x33, 0x33, 0x33, 0x20,
    0x0, 0x0, 0x0, 0x0, 0x0, 0x0, 0x0, 0x0,
    0x0, 0x0, 0x0, 0x0, 0x0, 0x0, 0x0, 0x0,
    0x0, 0x0, 0x0, 0x0, 0x0, 0x0, 0x0, 0x0,
    0x0, 0x0, 0x0, 0x0, 0x0, 0x0, 0xdf, 0xff,
    0xff, 0xff, 0xff, 0xff, 0xff, 0xff, 0xff, 0xe2,
    0xff, 0xff, 0xff, 0xff, 0xff, 0xff, 0xff, 0xff,
    0xff, 0xf4, 0xff, 0xff, 0xff, 0xff, 0xff, 0xff,
    0xff, 0xff, 0xff, 0xf3, 0x12, 0x22, 0x22, 0x22,
    0x22, 0x22, 0x22, 0x22, 0x22, 0x10, 0x0, 0x0,
    0x0, 0x0, 0x0, 0x0, 0x0, 0x0, 0x0, 0x0,
    0x0, 0x0, 0x0, 0x0, 0x0, 0x0, 0x0, 0x0,
    0x0, 0x0, 0x0, 0x0, 0x0, 0x0, 0x0, 0x0,
    0x0, 0x0, 0x0, 0x0, 0xdf, 0xff, 0xff, 0xff,
    0xff, 0xff, 0xff, 0xff, 0xff, 0xe2, 0xff, 0xff,
    0xff, 0xff, 0xff, 0xff, 0xff, 0xff, 0xff, 0xf4,
    0xff, 0xff, 0xff, 0xff, 0xff, 0xff, 0xff, 0xff,
    0xff, 0xf3, 0x12, 0x22, 0x22, 0x22, 0x22, 0x22,
    0x22, 0x22, 0x22, 0x10,

    /* U+F0E0 "" */
    0x2, 0x44, 0x44, 0x44, 0x44, 0x44, 0x44, 0x44,
    0x44, 0x44, 0x20, 0x7f, 0xff, 0xff, 0xff, 0xff,
    0xff, 0xff, 0xff, 0xff, 0xff, 0xf7, 0xff, 0xff,
    0xff, 0xff, 0xff, 0xff, 0xff, 0xff, 0xff, 0xff,
    0xff, 0xff, 0xff, 0xff, 0xff, 0xff, 0xff, 0xff,
    0xff, 0xff, 0xff, 0xff, 0x7f, 0xff, 0xff, 0xff,
    0xff, 0xff, 0xff, 0xff, 0xff, 0xff, 0xf7, 0x4,
    0xef, 0xff, 0xff, 0xff, 0xff, 0xff, 0xff, 0xff,
    0xfe, 0x40, 0xb1, 0x1b, 0xff, 0xff, 0xff, 0xff,
    0xff, 0xff, 0xff, 0xb1, 0x3e, 0xfe, 0x50, 0x7f,
    0xff, 0xff, 0xff, 0xff, 0xff, 0xf7, 0x7, 0xff,
    0xff, 0xfa, 0x3, 0xef, 0xff, 0xff, 0xff, 0xfe,
    0x31, 0xbf, 0xff, 0xff, 0xff, 0xd3, 0x1b, 0xff,
    0xff, 0xff, 0xb1, 0x4e, 0xff, 0xff, 0xff, 0xff,
    0xff, 0x80, 0x6f, 0xff, 0xf6, 0x9, 0xff, 0xff,
    0xff, 0xff, 0xff, 0xff, 0xfb, 0x12, 0x99, 0x22,
    0xcf, 0xff, 0xff, 0xff, 0xff, 0xff, 0xff, 0xff,
    0xf8, 0x33, 0x8f, 0xff, 0xff, 0xff, 0xff, 0xff,
    0xff, 0xff, 0xff, 0xff, 0xff, 0xff, 0xff, 0xff,
    0xff, 0xff, 0xff, 0xff, 0xff, 0xff, 0xff, 0xff,
    0xff, 0xff, 0xff, 0xff, 0xff, 0xef, 0xff, 0xff,
    0xff, 0xff, 0xff, 0xff, 0xff, 0xff, 0xff, 0xfd,
    0x4e, 0xff, 0xff, 0xff, 0xff, 0xff, 0xff, 0xff,
    0xff, 0xff, 0xe4,

    /* U+F0E7 "" */
    0x0, 0x3, 0x44, 0x44, 0x43, 0x0, 0x0, 0x0,
    0x8, 0xff, 0xff, 0xff, 0xf8, 0x0, 0x0, 0x0,
    0xbf, 0xff, 0xff, 0xff, 0x60, 0x0, 0x0, 0xd,
    0xff, 0xff, 0xff, 0xf1, 0x0, 0x0, 0x0, 0xff,
    0xff, 0xff, 0xfc, 0x0, 0x0, 0x0, 0x2f, 0xff,
    0xff, 0xff, 0x70, 0x0, 0x0, 0x4, 0xff, 0xff,
    0xff, 0xf2, 0x0, 0x0, 0x0, 0x6f, 0xff, 0xff,
    0xfe, 0x66, 0x66, 0x51, 0x8, 0xff, 0xff, 0xff,
    0xff, 0xff, 0xff, 0xa0, 0xaf, 0xff, 0xff, 0xff,
    0xff, 0xff, 0xf6, 0xc, 0xff, 0xff, 0xff, 0xff,
    0xff, 0xfd, 0x0, 0xff, 0xff, 0xff, 0xff, 0xff,
    0xff, 0x40, 0xd, 0xff, 0xff, 0xff, 0xff, 0xff,
    0xb0, 0x0, 0x1, 0x22, 0x22, 0xff, 0xff, 0xf2,
    0x0, 0x0, 0x0, 0x0, 0x2f, 0xff, 0xf8, 0x0,
    0x0, 0x0, 0x0, 0x6, 0xff, 0xfe, 0x0, 0x0,
    0x0, 0x0, 0x0, 0xaf, 0xff, 0x60, 0x0, 0x0,
    0x0, 0x0, 0xe, 0xff, 0xc0, 0x0, 0x0, 0x0,
    0x0, 0x2, 0xff, 0xf3, 0x0, 0x0, 0x0, 0x0,
    0x0, 0x5f, 0xfa, 0x0, 0x0, 0x0, 0x0, 0x0,
    0x9, 0xff, 0x10, 0x0, 0x0, 0x0, 0x0, 0x0,
    0xcf, 0x70, 0x0, 0x0, 0x0, 0x0, 0x0, 0x6,
    0x90, 0x0, 0x0, 0x0, 0x0,

    /* U+F0EA "" */
    0x0, 0x0, 0x0, 0x10, 0x0, 0x0, 0x0, 0x0,
    0x0, 0x0, 0x0, 0x0, 0x1c, 0xff, 0x90, 0x0,
    0x0, 0x0, 0x0, 0x0, 0x8c, 0xcc, 0xdf, 0xbc,
    0xfc, 0xcc, 0xc6, 0x0, 0x0, 0x0, 0xff, 0xff,
    0xfe, 0x1, 0xff, 0xff, 0xfc, 0x0, 0x0, 0x0,
    0xff, 0xff, 0xff, 0xde, 0xff, 0xff, 0xfc, 0x0,
    0x0, 0x0, 0xff, 0xff, 0xff, 0xff, 0xff, 0xff,
    0xfc, 0x0, 0x0, 0x0, 0xff, 0xff, 0xff, 0x92,
    0x0, 0x0, 0x0, 0x0, 0x0, 0x0, 0xff, 0xff,
    0xfc, 0x1, 0x22, 0x22, 0x22, 0x1, 0x0, 0x0,
    0xff, 0xff, 0xf8, 0xe, 0xff, 0xff, 0xfc, 0xe,
    0x60, 0x0, 0xff, 0xff, 0xf8, 0x1f, 0xff, 0xff,
    0xfc, 0xe, 0xf6, 0x0, 0xff, 0xff, 0xf8, 0x1f,
    0xff, 0xff, 0xfc, 0xe, 0xff, 0x70, 0xff, 0xff,
    0xf8, 0x1f, 0xff, 0xff, 0xfc, 0xe, 0xff, 0xf2,
    0xff, 0xff, 0xf8, 0x1f, 0xff, 0xff, 0xfe, 0x10,
    0x0, 0x0, 0xff, 0xff, 0xf8, 0x1f, 0xff, 0xff,
    0xff, 0xff, 0xff, 0xf3, 0xff, 0xff, 0xf8, 0x1f,
    0xff, 0xff, 0xff, 0xff, 0xff, 0xf3, 0xff, 0xff,
    0xf8, 0x1f, 0xff, 0xff, 0xff, 0xff, 0xff, 0xf3,
    0xff, 0xff, 0xf8, 0x1f, 0xff, 0xff, 0xff, 0xff,
    0xff, 0xf3, 0xff, 0xff, 0xf8, 0x1f, 0xff, 0xff,
    0xff, 0xff, 0xff, 0xf3, 0x58, 0x88, 0x84, 0x1f,
    0xff, 0xff, 0xff, 0xff, 0xff, 0xf3, 0x0, 0x0,
    0x0, 0x1f, 0xff, 0xff, 0xff, 0xff, 0xff, 0xf3,
    0x0, 0x0, 0x0, 0x1f, 0xff, 0xff, 0xff, 0xff,
    0xff, 0xf3, 0x0, 0x0, 0x0, 0x1f, 0xff, 0xff,
    0xff, 0xff, 0xff, 0xf3, 0x0, 0x0, 0x0, 0x8,
    0xaa, 0xaa, 0xaa, 0xaa, 0xaa, 0x80,

    /* U+F0F3 "" */
    0x0, 0x0, 0x0, 0x0, 0x0, 0x0, 0x0, 0x0,
    0x0, 0x0, 0x0, 0x0, 0x0, 0x0, 0x6f, 0xa0,
    0x0, 0x0, 0x0, 0x0, 0x0, 0x0, 0x0, 0x0,
    0xbf, 0xf0, 0x0, 0x0, 0x0, 0x0, 0x0, 0x0,
    0x0, 0x28, 0xef, 0xf9, 0x40, 0x0, 0x0, 0x0,
    0x0, 0x0, 0x8, 0xff, 0xff, 0xff, 0xfb, 0x10,
    0x0, 0x0, 0x0, 0x0, 0xaf, 0xff, 0xff, 0xff,
    0xff, 0xc0, 0x0, 0x0, 0x0, 0x5, 0xff, 0xff,
    0xff, 0xff, 0xff, 0xf8, 0x0, 0x0, 0x0, 0xd,
    0xff, 0xff, 0xff, 0xff, 0xff, 0xff, 0x0, 0x0,
    0x0, 0x1f, 0xff, 0xff, 0xff, 0xff, 0xff, 0xff,
    0x50, 0x0, 0x0, 0x3f, 0xff, 0xff, 0xff, 0xff,
    0xff, 0xff, 0x70, 0x0, 0x0, 0x4f, 0xff, 0xff,
    0xff, 0xff, 0xff, 0xff, 0x80, 0x0, 0x0, 0x5f,
    0xff, 0xff, 0xff, 0xff, 0xff, 0xff, 0x90, 0x0,
    0x0, 0x8f, 0xff, 0xff, 0xff, 0xff, 0xff, 0xff,
    0xc0, 0x0, 0x0, 0xcf, 0xff, 0xff, 0xff, 0xff,
    0xff, 0xff, 0xf0, 0x0, 0x2, 0xff, 0xff, 0xff,
    0xff, 0xff, 0xff, 0xff, 0xf6, 0x0, 0xb, 0xff,
    0xff, 0xff, 0xff, 0xff, 0xff, 0xff, 0xfe, 0x10,
    0x9f, 0xff, 0xff, 0xff, 0xff, 0xff, 0xff, 0xff,
    0xff, 0xc0, 0xff, 0xff, 0xff, 0xff, 0xff, 0xff,
    0xff, 0xff, 0xff, 0xf3, 0x6c, 0xdd, 0xdd, 0xdd,
    0xdd, 0xdd, 0xdd, 0xdd, 0xdd, 0x90, 0x0, 0x0,
    0x0, 0x0, 0x0, 0x0, 0x0, 0x0, 0x0, 0x0,
    0x0, 0x0, 0x0, 0xf, 0xff, 0xff, 0x40, 0x0,
    0x0, 0x0, 0x0, 0x0, 0x0, 0x9, 0xff, 0xfd,
    0x0, 0x0, 0x0, 0x0, 0x0, 0x0, 0x0, 0x0,
    0x7b, 0x81, 0x0, 0x0, 0x0, 0x0,

    /* U+F11C "" */
    0x19, 0xbb, 0xbb, 0xbb, 0xbb, 0xbb, 0xbb, 0xbb,
    0xbb, 0xbb, 0xbb, 0xb7, 0xc, 0xff, 0xff, 0xff,
    0xff, 0xff, 0xff, 0xff, 0xff, 0xff, 0xff, 0xff,
    0xf7, 0xff, 0xff, 0xff, 0xff, 0xff, 0xff, 0xff,
    0xff, 0xff, 0xff, 0xff, 0xff, 0xbf, 0xfd, 0x0,
    0x8f, 0x10, 0x7f, 0x10, 0x5f, 0x30, 0x3f, 0x50,
    0x1f, 0xfc, 0xff, 0xc0, 0x7, 0xe0, 0x6, 0xf0,
    0x4, 0xf2, 0x2, 0xf4, 0x0, 0xff, 0xcf, 0xfc,
    0x0, 0x8f, 0x0, 0x7f, 0x10, 0x5f, 0x30, 0x3f,
    0x50, 0x1f, 0xfc, 0xff, 0xff, 0xff, 0xff, 0xff,
    0xff, 0xff, 0xff, 0xff, 0xff, 0xff, 0xff, 0xcf,
    0xff, 0xfe, 0x66, 0xbf, 0x66, 0xaf, 0x76, 0x8f,
    0x86, 0x7f, 0xff, 0xfc, 0xff, 0xff, 0xd0, 0x6,
    0xf0, 0x5, 0xf1, 0x3, 0xf3, 0x1, 0xff, 0xff,
    0xcf, 0xff, 0xfd, 0x0, 0x7f, 0x0, 0x5f, 0x10,
    0x3f, 0x30, 0x1f, 0xff, 0xfc, 0xff, 0xff, 0xff,
    0xff, 0xff, 0xff, 0xff, 0xff, 0xff, 0xff, 0xff,
    0xff, 0xcf, 0xfe, 0x66, 0xcf, 0x76, 0x66, 0x66,
    0x66, 0x66, 0x9f, 0xa6, 0x7f, 0xfc, 0xff, 0xc0,
    0x7, 0xe0, 0x0, 0x0, 0x0, 0x0, 0x2, 0xf4,
    0x0, 0xff, 0xcf, 0xfc, 0x0, 0x7e, 0x0, 0x0,
    0x0, 0x0, 0x0, 0x2f, 0x40, 0xf, 0xfc, 0xff,
    0xfc, 0xce, 0xfc, 0xcc, 0xcc, 0xcc, 0xcc, 0xcd,
    0xfd, 0xcc, 0xff, 0xbd, 0xff, 0xff, 0xff, 0xff,
    0xff, 0xff, 0xff, 0xff, 0xff, 0xff, 0xff, 0xf9,
    0x4e, 0xff, 0xff, 0xff, 0xff, 0xff, 0xff, 0xff,
    0xff, 0xff, 0xff, 0xfc, 0x10,

    /* U+F124 "" */
    0x0, 0x0, 0x0, 0x0, 0x0, 0x0, 0x0, 0x0,
    0x0, 0x0, 0x21, 0x0, 0x0, 0x0, 0x0, 0x0,
    0x0, 0x0, 0x0, 0x0, 0x0, 0x5c, 0xff, 0x50,
    0x0, 0x0, 0x0, 0x0, 0x0, 0x0, 0x0, 0x0,
    0x6d, 0xff, 0xff, 0xe0, 0x0, 0x0, 0x0, 0x0,
    0x0, 0x0, 0x1, 0x7e, 0xff, 0xff, 0xff, 0xd0,
    0x0, 0x0, 0x0, 0x0, 0x0, 0x2, 0x9f, 0xff,
    0xff, 0xff, 0xff, 0x60, 0x0, 0x0, 0x0, 0x0,
    0x3, 0xaf, 0xff, 0xff, 0xff, 0xff, 0xfe, 0x0,
    0x0, 0x0, 0x0, 0x4, 0xbf, 0xff, 0xff, 0xff,
    0xff, 0xff, 0xf8, 0x0, 0x0, 0x0, 0x5, 0xdf,
    0xff, 0xff, 0xff, 0xff, 0xff, 0xff, 0xf1, 0x0,
    0x0, 0x7, 0xef, 0xff, 0xff, 0xff, 0xff, 0xff,
    0xff, 0xff, 0x90, 0x0, 0x4, 0xef, 0xff, 0xff,
    0xff, 0xff, 0xff, 0xff, 0xff, 0xff, 0x20, 0x0,
    0xe, 0xff, 0xff, 0xff, 0xff, 0xff, 0xff, 0xff,
    0xff, 0xfa, 0x0, 0x0, 0xe, 0xff, 0xff, 0xff,
    0xff, 0xff, 0xff, 0xff, 0xff, 0xf3, 0x0, 0x0,
    0x5, 0xff, 0xff, 0xff, 0xff, 0xff, 0xff, 0xff,
    0xff, 0xc0, 0x0, 0x0, 0x0, 0x1, 0x22, 0x22,
    0x22, 0x7f, 0xff, 0xff, 0xff, 0x40, 0x0, 0x0,
    0x0, 0x0, 0x0, 0x0, 0x0, 0x6f, 0xff, 0xff,
    0xfd, 0x0, 0x0, 0x0, 0x0, 0x0, 0x0, 0x0,
    0x0, 0x6f, 0xff, 0xff, 0xf6, 0x0, 0x0, 0x0,
    0x0, 0x0, 0x0, 0x0, 0x0, 0x6f, 0xff, 0xff,
    0xe0, 0x0, 0x0, 0x0, 0x0, 0x0, 0x0, 0x0,
    0x0, 0x6f, 0xff, 0xff, 0x70, 0x0, 0x0, 0x0,
    0x0, 0x0, 0x0, 0x0, 0x0, 0x6f, 0xff, 0xff,
    0x0, 0x0, 0x0, 0x0, 0x0, 0x0, 0x0, 0x0,
    0x0, 0x6f, 0xff, 0xf8, 0x0, 0x0, 0x0, 0x0,
    0x0, 0x0, 0x0, 0x0, 0x0, 0x5f, 0xff, 0xf1,
    0x0, 0x0, 0x0, 0x0, 0x0, 0x0, 0x0, 0x0,
    0x0, 0x2f, 0xff, 0x90, 0x0, 0x0, 0x0, 0x0,
    0x0, 0x0, 0x0, 0x0, 0x0, 0x5, 0xb8, 0x0,
    0x0, 0x0, 0x0, 0x0,

    /* U+F15B "" */
    0x37, 0x77, 0x77, 0x77, 0x74, 0x5, 0x0, 0x0,
    0xf, 0xff, 0xff, 0xff, 0xff, 0xa0, 0xfa, 0x0,
    0x0, 0xff, 0xff, 0xff, 0xff, 0xfa, 0xf, 0xfa,
    0x0, 0xf, 0xff, 0xff, 0xff, 0xff, 0xa0, 0xff,
    0xfa, 0x0, 0xff, 0xff, 0xff, 0xff, 0xfa, 0xf,
    0xff, 0xfa, 0xf, 0xff, 0xff, 0xff, 0xff, 0xa0,
    0xff, 0xff, 0xf6, 0xff, 0xff, 0xff, 0xff, 0xfa,
    0x0, 0x0, 0x0, 0xf, 0xff, 0xff, 0xff, 0xff,
    0xe3, 0x22, 0x22, 0x21, 0xff, 0xff, 0xff, 0xff,
    0xff, 0xff, 0xff, 0xff, 0x8f, 0xff, 0xff, 0xff,
    0xff, 0xff, 0xff, 0xff, 0xf8, 0xff, 0xff, 0xff,
    0xff, 0xff, 0xff, 0xff, 0xff, 0x8f, 0xff, 0xff,
    0xff, 0xff, 0xff, 0xff, 0xff, 0xf8, 0xff, 0xff,
    0xff, 0xff, 0xff, 0xff, 0xff, 0xff, 0x8f, 0xff,
    0xff, 0xff, 0xff, 0xff, 0xff, 0xff, 0xf8, 0xff,
    0xff, 0xff, 0xff, 0xff, 0xff, 0xff, 0xff, 0x8f,
    0xff, 0xff, 0xff, 0xff, 0xff, 0xff, 0xff, 0xf8,
    0xff, 0xff, 0xff, 0xff, 0xff, 0xff, 0xff, 0xff,
    0x8f, 0xff, 0xff, 0xff, 0xff, 0xff, 0xff, 0xff,
    0xf8, 0xff, 0xff, 0xff, 0xff, 0xff, 0xff, 0xff,
    0xff, 0x8f, 0xff, 0xff, 0xff, 0xff, 0xff, 0xff,
    0xff, 0xf8, 0xff, 0xff, 0xff, 0xff, 0xff, 0xff,
    0xff, 0xff, 0x8f, 0xff, 0xff, 0xff, 0xff, 0xff,
    0xff, 0xff, 0xf7, 0xbf, 0xff, 0xff, 0xff, 0xff,
    0xff, 0xff, 0xfe, 0x40,

    /* U+F1EB "" */
    0x0, 0x0, 0x0, 0x0, 0x0, 0x0, 0x0, 0x0,
    0x0, 0x0, 0x0, 0x0, 0x0, 0x0, 0x0, 0x0,
    0x0, 0x0, 0x26, 0x9c, 0xde, 0xdc, 0xb8, 0x50,
    0x0, 0x0, 0x0, 0x0, 0x0, 0x0, 0x1, 0x8d,
    0xff, 0xff, 0xff, 0xff, 0xff, 0xff, 0xb5, 0x0,
    0x0, 0x0, 0x0, 0x1, 0x9f, 0xff, 0xff, 0xff,
    0xff, 0xff, 0xff, 0xff, 0xff, 0xd5, 0x0, 0x0,
    0x0, 0x6f, 0xff, 0xff, 0xff, 0xdb, 0x99, 0x9a,
    0xcf, 0xff, 0xff, 0xff, 0xb1, 0x0, 0xa, 0xff,
    0xff, 0xfc, 0x61, 0x0, 0x0, 0x0, 0x0, 0x39,
    0xef, 0xff, 0xfe, 0x40, 0xcf, 0xff, 0xfb, 0x30,
    0x0, 0x0, 0x0, 0x0, 0x0, 0x0, 0x7, 0xff,
    0xff, 0xf4, 0xaf, 0xff, 0x60, 0x0, 0x0, 0x0,
    0x0, 0x0, 0x0, 0x0, 0x0, 0x1b, 0xff, 0xf2,
    0xa, 0xd2, 0x0, 0x0, 0x4, 0x9c, 0xef, 0xed,
    0xb6, 0x20, 0x0, 0x0, 0x8e, 0x30, 0x0, 0x0,
    0x0, 0x6, 0xef, 0xff, 0xff, 0xff, 0xff, 0xfa,
    0x20, 0x0, 0x0, 0x0, 0x0, 0x0, 0x2, 0xcf,
    0xff, 0xff, 0xff, 0xff, 0xff, 0xff, 0xf7, 0x0,
    0x0, 0x0, 0x0, 0x0, 0x1f, 0xff, 0xff, 0xfb,
    0x87, 0x89, 0xdf, 0xff, 0xff, 0x80, 0x0, 0x0,
    0x0, 0x0, 0xb, 0xff, 0xe6, 0x0, 0x0, 0x0,
    0x3, 0xaf, 0xff, 0x40, 0x0, 0x0, 0x0, 0x0,
    0x0, 0xba, 0x10, 0x0, 0x0, 0x0, 0x0, 0x5,
    0xd4, 0x0, 0x0, 0x0, 0x0, 0x0, 0x0, 0x0,
    0x0, 0x0, 0x1, 0x0, 0x0, 0x0, 0x0, 0x0,
    0x0, 0x0, 0x0, 0x0, 0x0, 0x0, 0x0, 0x1,
    0xcf, 0xf6, 0x0, 0x0, 0x0, 0x0, 0x0, 0x0,
    0x0, 0x0, 0x0, 0x0, 0x0, 0xb, 0xff, 0xff,
    0x30, 0x0, 0x0, 0x0, 0x0, 0x0, 0x0, 0x0,
    0x0, 0x0, 0x0, 0xf, 0xff, 0xff, 0x70, 0x0,
    0x0, 0x0, 0x0, 0x0, 0x0, 0x0, 0x0, 0x0,
    0x0, 0xd, 0xff, 0xff, 0x50, 0x0, 0x0, 0x0,
    0x0, 0x0, 0x0, 0x0, 0x0, 0x0, 0x0, 0x3,
    0xff, 0xfa, 0x0, 0x0, 0x0, 0x0, 0x0, 0x0,
    0x0, 0x0, 0x0, 0x0, 0x0, 0x0, 0x15, 0x30,
    0x0, 0x0, 0x0, 0x0, 0x0, 0x0,

    /* U+F240 "" */
    0x0, 0x0, 0x0, 0x0, 0x0, 0x0, 0x0, 0x0,
    0x0, 0x0, 0x0, 0x0, 0x0, 0x0, 0x4e, 0xff,
    0xff, 0xff, 0xff, 0xff, 0xff, 0xff, 0xff, 0xff,
    0xff, 0xff, 0xf6, 0x0, 0xef, 0xff, 0xff, 0xff,
    0xff, 0xff, 0xff, 0xff, 0xff, 0xff, 0xff, 0xff,
    0xff, 0x0, 0xff, 0xeb, 0xbb, 0xbb, 0xbb, 0xbb,
    0xbb, 0xbb, 0xbb, 0xbb, 0xbb, 0xbd, 0xff, 0x50,
    0xff, 0xc0, 0x0, 0x0, 0x0, 0x0, 0x0, 0x0,
    0x0, 0x0, 0x0, 0x7, 0xff, 0xf9, 0xff, 0xc0,
    0xef, 0xff, 0xff, 0xff, 0xff, 0xff, 0xff, 0xff,
    0xff, 0x7, 0xff, 0xfa, 0xff, 0xc0, 0xef, 0xff,
    0xff, 0xff, 0xff, 0xff, 0xff, 0xff, 0xff, 0x3,
    0x7f, 0xfa, 0xff, 0xc0, 0xef, 0xff, 0xff, 0xff,
    0xff, 0xff, 0xff, 0xff, 0xff, 0x0, 0x1f, 0xfa,
    0xff, 0xc0, 0xef, 0xff, 0xff, 0xff, 0xff, 0xff,
    0xff, 0xff, 0xff, 0x0, 0x1f, 0xfa, 0xff, 0xc0,
    0xef, 0xff, 0xff, 0xff, 0xff, 0xff, 0xff, 0xff,
    0xff, 0x5, 0xdf, 0xfa, 0xff, 0xc0, 0x78, 0x88,
    0x88, 0x88, 0x88, 0x88, 0x88, 0x88, 0x88, 0x7,
    0xff, 0xfa, 0xff, 0xc0, 0x0, 0x0, 0x0, 0x0,
    0x0, 0x0, 0x0, 0x0, 0x0, 0x7, 0xff, 0xf6,
    0xff, 0xff, 0xff, 0xff, 0xff, 0xff, 0xff, 0xff,
    0xff, 0xff, 0xff, 0xff, 0xff, 0x10, 0xcf, 0xff,
    0xff, 0xff, 0xff, 0xff, 0xff, 0xff, 0xff, 0xff,
    0xff, 0xff, 0xfe, 0x0, 0x19, 0xbb, 0xbb, 0xbb,
    0xbb, 0xbb, 0xbb, 0xbb, 0xbb, 0xbb, 0xbb, 0xbb,
    0x92, 0x0,

    /* U+F241 "" */
    0x0, 0x0, 0x0, 0x0, 0x0, 0x0, 0x0, 0x0,
    0x0, 0x0, 0x0, 0x0, 0x0, 0x0, 0x4e, 0xff,
    0xff, 0xff, 0xff, 0xff, 0xff, 0xff, 0xff, 0xff,
    0xff, 0xff, 0xf6, 0x0, 0xef, 0xff, 0xff, 0xff,
    0xff, 0xff, 0xff, 0xff, 0xff, 0xff, 0xff, 0xff,
    0xff, 0x0, 0xff, 0xeb, 0xbb, 0xbb, 0xbb, 0xbb,
    0xbb, 0xbb, 0xbb, 0xbb, 0xbb, 0xbd, 0xff, 0x50,
    0xff, 0xc0, 0x0, 0x0, 0x0, 0x0, 0x0, 0x0,
    0x0, 0x0, 0x0, 0x7, 0xff, 0xf9, 0xff, 0xc0,
    0xef, 0xff, 0xff, 0xff, 0xff, 0xff, 0xfd, 0x0,
    0x0, 0x7, 0xff, 0xfa, 0xff, 0xc0, 0xef, 0xff,
    0xff, 0xff, 0xff, 0xff, 0xfd, 0x0, 0x0, 0x3,
    0x7f, 0xfa, 0xff, 0xc0, 0xef, 0xff, 0xff, 0xff,
    0xff, 0xff, 0xfd, 0x0, 0x0, 0x0, 0x1f, 0xfa,
    0xff, 0xc0, 0xef, 0xff, 0xff, 0xff, 0xff, 0xff,
    0xfd, 0x0, 0x0, 0x0, 0x1f, 0xfa, 0xff, 0xc0,
    0xef, 0xff, 0xff, 0xff, 0xff, 0xff, 0xfd, 0x0,
    0x0, 0x5, 0xdf, 0xfa, 0xff, 0xc0, 0x78, 0x88,
    0x88, 0x88, 0x88, 0x88, 0x86, 0x0, 0x0, 0x7,
    0xff, 0xfa, 0xff, 0xc0, 0x0, 0x0, 0x0, 0x0,
    0x0, 0x0, 0x0, 0x0, 0x0, 0x7, 0xff, 0xf6,
    0xff, 0xff, 0xff, 0xff, 0xff, 0xff, 0xff, 0xff,
    0xff, 0xff, 0xff, 0xff, 0xff, 0x10, 0xcf, 0xff,
    0xff, 0xff, 0xff, 0xff, 0xff, 0xff, 0xff, 0xff,
    0xff, 0xff, 0xfe, 0x0, 0x19, 0xbb, 0xbb, 0xbb,
    0xbb, 0xbb, 0xbb, 0xbb, 0xbb, 0xbb, 0xbb, 0xbb,
    0x92, 0x0,

    /* U+F242 "" */
    0x0, 0x0, 0x0, 0x0, 0x0, 0x0, 0x0, 0x0,
    0x0, 0x0, 0x0, 0x0, 0x0, 0x0, 0x4e, 0xff,
    0xff, 0xff, 0xff, 0xff, 0xff, 0xff, 0xff, 0xff,
    0xff, 0xff, 0xf6, 0x0, 0xef, 0xff, 0xff, 0xff,
    0xff, 0xff, 0xff, 0xff, 0xff, 0xff, 0xff, 0xff,
    0xff, 0x0, 0xff, 0xeb, 0xbb, 0xbb, 0xbb, 0xbb,
    0xbb, 0xbb, 0xbb, 0xbb, 0xbb, 0xbd, 0xff, 0x50,
    0xff, 0xc0, 0x0, 0x0, 0x0, 0x0, 0x0, 0x0,
    0x0, 0x0, 0x0, 0x7, 0xff, 0xf9, 0xff, 0xc0,
    0xef, 0xff, 0xff, 0xff, 0xfb, 0x0, 0x0, 0x0,
    0x0, 0x7, 0xff, 0xfa, 0xff, 0xc0, 0xef, 0xff,
    0xff, 0xff, 0xfb, 0x0, 0x0, 0x0, 0x0, 0x3,
    0x7f, 0xfa, 0xff, 0xc0, 0xef, 0xff, 0xff, 0xff,
    0xfb, 0x0, 0x0, 0x0, 0x0, 0x0, 0x1f, 0xfa,
    0xff, 0xc0, 0xef, 0xff, 0xff, 0xff, 0xfb, 0x0,
    0x0, 0x0, 0x0, 0x0, 0x1f, 0xfa, 0xff, 0xc0,
    0xef, 0xff, 0xff, 0xff, 0xfb, 0x0, 0x0, 0x0,
    0x0, 0x5, 0xdf, 0xfa, 0xff, 0xc0, 0x78, 0x88,
    0x88, 0x88, 0x85, 0x0, 0x0, 0x0, 0x0, 0x7,
    0xff, 0xfa, 0xff, 0xc0, 0x0, 0x0, 0x0, 0x0,
    0x0, 0x0, 0x0, 0x0, 0x0, 0x7, 0xff, 0xf6,
    0xff, 0xff, 0xff, 0xff, 0xff, 0xff, 0xff, 0xff,
    0xff, 0xff, 0xff, 0xff, 0xff, 0x10, 0xcf, 0xff,
    0xff, 0xff, 0xff, 0xff, 0xff, 0xff, 0xff, 0xff,
    0xff, 0xff, 0xfe, 0x0, 0x19, 0xbb, 0xbb, 0xbb,
    0xbb, 0xbb, 0xbb, 0xbb, 0xbb, 0xbb, 0xbb, 0xbb,
    0x92, 0x0,

    /* U+F243 "" */
    0x0, 0x0, 0x0, 0x0, 0x0, 0x0, 0x0, 0x0,
    0x0, 0x0, 0x0, 0x0, 0x0, 0x0, 0x4e, 0xff,
    0xff, 0xff, 0xff, 0xff, 0xff, 0xff, 0xff, 0xff,
    0xff, 0xff, 0xf6, 0x0, 0xef, 0xff, 0xff, 0xff,
    0xff, 0xff, 0xff, 0xff, 0xff, 0xff, 0xff, 0xff,
    0xff, 0x0, 0xff, 0xeb, 0xbb, 0xbb, 0xbb, 0xbb,
    0xbb, 0xbb, 0xbb, 0xbb, 0xbb, 0xbd, 0xff, 0x50,
    0xff, 0xc0, 0x0, 0x0, 0x0, 0x0, 0x0, 0x0,
    0x0, 0x0, 0x0, 0x7, 0xff, 0xf9, 0xff, 0xc0,
    0xef, 0xff, 0xf9, 0x0, 0x0, 0x0, 0x0, 0x0,
    0x0, 0x7, 0xff, 0xfa, 0xff, 0xc0, 0xef, 0xff,
    0xf9, 0x0, 0x0, 0x0, 0x0, 0x0, 0x0, 0x3,
    0x7f, 0xfa, 0xff, 0xc0, 0xef, 0xff, 0xf9, 0x0,
    0x0, 0x0, 0x0, 0x0, 0x0, 0x0, 0x1f, 0xfa,
    0xff, 0xc0, 0xef, 0xff, 0xf9, 0x0, 0x0, 0x0,
    0x0, 0x0, 0x0, 0x0, 0x1f, 0xfa, 0xff, 0xc0,
    0xef, 0xff, 0xf9, 0x0, 0x0, 0x0, 0x0, 0x0,
    0x0, 0x5, 0xdf, 0xfa, 0xff, 0xc0, 0x78, 0x88,
    0x84, 0x0, 0x0, 0x0, 0x0, 0x0, 0x0, 0x7,
    0xff, 0xfa, 0xff, 0xc0, 0x0, 0x0, 0x0, 0x0,
    0x0, 0x0, 0x0, 0x0, 0x0, 0x7, 0xff, 0xf6,
    0xff, 0xff, 0xff, 0xff, 0xff, 0xff, 0xff, 0xff,
    0xff, 0xff, 0xff, 0xff, 0xff, 0x10, 0xcf, 0xff,
    0xff, 0xff, 0xff, 0xff, 0xff, 0xff, 0xff, 0xff,
    0xff, 0xff, 0xfe, 0x0, 0x19, 0xbb, 0xbb, 0xbb,
    0xbb, 0xbb, 0xbb, 0xbb, 0xbb, 0xbb, 0xbb, 0xbb,
    0x92, 0x0,

    /* U+F244 "" */
    0x0, 0x0, 0x0, 0x0, 0x0, 0x0, 0x0, 0x0,
    0x0, 0x0, 0x0, 0x0, 0x0, 0x0, 0x4e, 0xff,
    0xff, 0xff, 0xff, 0xff, 0xff, 0xff, 0xff, 0xff,
    0xff, 0xff, 0xf6, 0x0, 0xef, 0xff, 0xff, 0xff,
    0xff, 0xff, 0xff, 0xff, 0xff, 0xff, 0xff, 0xff,
    0xff, 0x0, 0xff, 0xeb, 0xbb, 0xbb, 0xbb, 0xbb,
    0xbb, 0xbb, 0xbb, 0xbb, 0xbb, 0xbd, 0xff, 0x50,
    0xff, 0xc0, 0x0, 0x0, 0x0, 0x0, 0x0, 0x0,
    0x0, 0x0, 0x0, 0x7, 0xff, 0xf9, 0xff, 0xc0,
    0x0, 0x0, 0x0, 0x0, 0x0, 0x0, 0x0, 0x0,
    0x0, 0x7, 0xff, 0xfa, 0xff, 0xc0, 0x0, 0x0,
    0x0, 0x0, 0x0, 0x0, 0x0, 0x0, 0x0, 0x3,
    0x7f, 0xfa, 0xff, 0xc0, 0x0, 0x0, 0x0, 0x0,
    0x0, 0x0, 0x0, 0x0, 0x0, 0x0, 0x1f, 0xfa,
    0xff, 0xc0, 0x0, 0x0, 0x0, 0x0, 0x0, 0x0,
    0x0, 0x0, 0x0, 0x0, 0x1f, 0xfa, 0xff, 0xc0,
    0x0, 0x0, 0x0, 0x0, 0x0, 0x0, 0x0, 0x0,
    0x0, 0x5, 0xdf, 0xfa, 0xff, 0xc0, 0x0, 0x0,
    0x0, 0x0, 0x0, 0x0, 0x0, 0x0, 0x0, 0x7,
    0xff, 0xfa, 0xff, 0xc0, 0x0, 0x0, 0x0, 0x0,
    0x0, 0x0, 0x0, 0x0, 0x0, 0x7, 0xff, 0xf6,
    0xff, 0xff, 0xff, 0xff, 0xff, 0xff, 0xff, 0xff,
    0xff, 0xff, 0xff, 0xff, 0xff, 0x10, 0xcf, 0xff,
    0xff, 0xff, 0xff, 0xff, 0xff, 0xff, 0xff, 0xff,
    0xff, 0xff, 0xfe, 0x0, 0x19, 0xbb, 0xbb, 0xbb,
    0xbb, 0xbb, 0xbb, 0xbb, 0xbb, 0xbb, 0xbb, 0xbb,
    0x92, 0x0,

    /* U+F287 "" */
    0x0, 0x0, 0x0, 0x0, 0x0, 0x0, 0x0, 0x18,
    0x92, 0x0, 0x0, 0x0, 0x0, 0x0, 0x0, 0x0,
    0x0, 0x0, 0x0, 0x0, 0x12, 0xdf, 0xfe, 0x10,
    0x0, 0x0, 0x0, 0x0, 0x0, 0x0, 0x0, 0x0,
    0x0, 0x1c, 0xff, 0xff, 0xff, 0x50, 0x0, 0x0,
    0x0, 0x0, 0x0, 0x0, 0x0, 0x0, 0x0, 0xcf,
    0x76, 0xff, 0xff, 0x20, 0x0, 0x0, 0x0, 0x0,
    0x0, 0x0, 0x0, 0x0, 0x5, 0xf6, 0x0, 0x4c,
    0xd5, 0x0, 0x0, 0x0, 0x0, 0x0, 0x0, 0x33,
    0x0, 0x0, 0xd, 0xd0, 0x0, 0x0, 0x0, 0x0,
    0x0, 0x0, 0x0, 0x0, 0x1c, 0xff, 0xd2, 0x0,
    0x4f, 0x60, 0x0, 0x0, 0x0, 0x0, 0x0, 0xc,
    0x40, 0x0, 0xaf, 0xff, 0xfc, 0x1, 0xde, 0x0,
    0x0, 0x0, 0x0, 0x0, 0x0, 0x1f, 0xfa, 0x10,
    0xff, 0xff, 0xff, 0xff, 0xff, 0xff, 0xff, 0xff,
    0xff, 0xff, 0xff, 0xff, 0xff, 0xf5, 0xdf, 0xff,
    0xff, 0x88, 0x88, 0x9f, 0xe8, 0x88, 0x88, 0x88,
    0x88, 0x8f, 0xff, 0x91, 0x5f, 0xff, 0xf8, 0x0,
    0x0, 0x7, 0xf3, 0x0, 0x0, 0x0, 0x0, 0xf,
    0xc3, 0x0, 0x4, 0xbb, 0x60, 0x0, 0x0, 0x0,
    0xeb, 0x0, 0x0, 0x0, 0x0, 0x4, 0x0, 0x0,
    0x0, 0x0, 0x0, 0x0, 0x0, 0x0, 0x8f, 0x30,
    0x8, 0x88, 0x83, 0x0, 0x0, 0x0, 0x0, 0x0,
    0x0, 0x0, 0x0, 0x0, 0x1e, 0xc1, 0x2f, 0xff,
    0xf7, 0x0, 0x0, 0x0, 0x0, 0x0, 0x0, 0x0,
    0x0, 0x0, 0x4, 0xff, 0xff, 0xff, 0xf7, 0x0,
    0x0, 0x0, 0x0, 0x0, 0x0, 0x0, 0x0, 0x0,
    0x0, 0x27, 0x9f, 0xff, 0xf7, 0x0, 0x0, 0x0,
    0x0, 0x0, 0x0, 0x0, 0x0, 0x0, 0x0, 0x0,
    0x2f, 0xff, 0xf6, 0x0, 0x0, 0x0, 0x0, 0x0,
    0x0, 0x0, 0x0, 0x0, 0x0, 0x0, 0x0, 0x0,
    0x0, 0x0, 0x0, 0x0,

    /* U+F293 "" */
    0x0, 0x0, 0x0, 0x0, 0x11, 0x0, 0x0, 0x0,
    0x0, 0x0, 0x2, 0x9e, 0xff, 0xff, 0xc7, 0x0,
    0x0, 0x0, 0x7, 0xff, 0xff, 0xdf, 0xff, 0xfd,
    0x20, 0x0, 0x8, 0xff, 0xff, 0xf2, 0xdf, 0xff,
    0xfe, 0x0, 0x3, 0xff, 0xff, 0xff, 0x11, 0xdf,
    0xff, 0xf9, 0x0, 0xaf, 0xff, 0xff, 0xf1, 0x1,
    0xef, 0xff, 0xf0, 0xf, 0xff, 0xff, 0xff, 0x12,
    0x12, 0xef, 0xff, 0x53, 0xff, 0xf4, 0x7f, 0xf1,
    0x3d, 0x13, 0xff, 0xf8, 0x6f, 0xff, 0x40, 0x7f,
    0x13, 0xf5, 0xc, 0xff, 0xb8, 0xff, 0xff, 0x40,
    0x71, 0x35, 0xa, 0xff, 0xfd, 0x9f, 0xff, 0xff,
    0x40, 0x0, 0x8, 0xff, 0xff, 0xea, 0xff, 0xff,
    0xff, 0x30, 0x6, 0xff, 0xff, 0xfe, 0xaf, 0xff,
    0xff, 0xf4, 0x0, 0x6f, 0xff, 0xff, 0xe9, 0xff,
    0xff, 0xf4, 0x0, 0x0, 0x7f, 0xff, 0xfe, 0x8f,
    0xff, 0xf4, 0x6, 0x13, 0x50, 0x8f, 0xff, 0xd6,
    0xff, 0xf4, 0x7, 0xf1, 0x3f, 0x40, 0x9f, 0xfb,
    0x3f, 0xff, 0x47, 0xff, 0x13, 0xd1, 0x1d, 0xff,
    0x90, 0xff, 0xff, 0xff, 0xf1, 0x21, 0x1d, 0xff,
    0xf5, 0xa, 0xff, 0xff, 0xff, 0x20, 0x1d, 0xff,
    0xff, 0x0, 0x2f, 0xff, 0xff, 0xf2, 0x2e, 0xff,
    0xff, 0x80, 0x0, 0x6f, 0xff, 0xff, 0x4e, 0xff,
    0xff, 0xe0, 0x0, 0x0, 0x4e, 0xff, 0xff, 0xff,
    0xff, 0xc2, 0x0, 0x0, 0x0, 0x5, 0x9c, 0xdd,
    0xc9, 0x40, 0x0, 0x0,

    /* U+F2ED "" */
    0x0, 0x0, 0x0, 0x2, 0x22, 0x22, 0x10, 0x0,
    0x0, 0x0, 0x0, 0x0, 0x0, 0xcf, 0xff, 0xff,
    0xe1, 0x0, 0x0, 0x0, 0xac, 0xcc, 0xcd, 0xff,
    0xff, 0xff, 0xfd, 0xcc, 0xcc, 0xc1, 0xff, 0xff,
    0xff, 0xff, 0xff, 0xff, 0xff, 0xff, 0xff, 0xf4,
    0xdf, 0xff, 0xff, 0xff, 0xff, 0xff, 0xff, 0xff,
    0xff, 0xe2, 0x0, 0x0, 0x0, 0x0, 0x0, 0x0,
    0x0, 0x0, 0x0, 0x0, 0x7, 0xcc, 0xcc, 0xcc,
    0xcc, 0xcc, 0xcc, 0xcc, 0xca, 0x0, 0xa, 0xff,
    0xff, 0xff, 0xff, 0xff, 0xff, 0xff, 0xfe, 0x0,
    0xa, 0xff, 0xff, 0xff, 0xff, 0xff, 0xff, 0xff,
    0xfe, 0x0, 0xa, 0xff, 0xe1, 0xef, 0xf2, 0xcf,
    0xf3, 0xbf, 0xfe, 0x0, 0xa, 0xff, 0xd0, 0xdf,
    0xf0, 0xbf, 0xf1, 0x9f, 0xfe, 0x0, 0xa, 0xff,
    0xd0, 0xdf, 0xf0, 0xbf, 0xf1, 0x9f, 0xfe, 0x0,
    0xa, 0xff, 0xd0, 0xdf, 0xf0, 0xbf, 0xf1, 0x9f,
    0xfe, 0x0, 0xa, 0xff, 0xd0, 0xdf, 0xf0, 0xbf,
    0xf1, 0x9f, 0xfe, 0x0, 0xa, 0xff, 0xd0, 0xdf,
    0xf0, 0xbf, 0xf1, 0x9f, 0xfe, 0x0, 0xa, 0xff,
    0xd0, 0xdf, 0xf0, 0xbf, 0xf1, 0x9f, 0xfe, 0x0,
    0xa, 0xff, 0xd0, 0xdf, 0xf0, 0xbf, 0xf1, 0x9f,
    0xfe, 0x0, 0xa, 0xff, 0xd0, 0xdf, 0xf0, 0xbf,
    0xf1, 0x9f, 0xfe, 0x0, 0xa, 0xff, 0xd0, 0xdf,
    0xf0, 0xbf, 0xf1, 0x9f, 0xfe, 0x0, 0xa, 0xff,
    0xe1, 0xef, 0xf1, 0xcf, 0xf3, 0xaf, 0xfe, 0x0,
    0x9, 0xff, 0xff, 0xff, 0xff, 0xff, 0xff, 0xff,
    0xfd, 0x0, 0x6, 0xff, 0xff, 0xff, 0xff, 0xff,
    0xff, 0xff, 0xfa, 0x0, 0x0, 0x7b, 0xcc, 0xcc,
    0xcc, 0xcc, 0xcc, 0xcb, 0x91, 0x0,

    /* U+F304 "" */
    0x0, 0x0, 0x0, 0x0, 0x0, 0x0, 0x0, 0x0,
    0x1, 0x30, 0x0, 0x0, 0x0, 0x0, 0x0, 0x0,
    0x0, 0x0, 0x0, 0x4, 0xff, 0xd1, 0x0, 0x0,
    0x0, 0x0, 0x0, 0x0, 0x0, 0x0, 0x4, 0xff,
    0xff, 0xd1, 0x0, 0x0, 0x0, 0x0, 0x0, 0x0,
    0x0, 0x3, 0xff, 0xff, 0xff, 0xd1, 0x0, 0x0,
    0x0, 0x0, 0x0, 0x0, 0x1, 0xc, 0xff, 0xff,
    0xff, 0xb0, 0x0, 0x0, 0x0, 0x0, 0x0, 0x4,
    0xe4, 0xc, 0xff, 0xff, 0xff, 0x0, 0x0, 0x0,
    0x0, 0x0, 0x4, 0xff, 0xf4, 0xc, 0xff, 0xff,
    0xa0, 0x0, 0x0, 0x0, 0x0, 0x4, 0xff, 0xff,
    0xf4, 0xc, 0xff, 0xb0, 0x0, 0x0, 0x0, 0x0,
    0x4, 0xff, 0xff, 0xff, 0xf4, 0xc, 0xb0, 0x0,
    0x0, 0x0, 0x0, 0x4, 0xff, 0xff, 0xff, 0xff,
    0xf4, 0x0, 0x0, 0x0, 0x0, 0x0, 0x4, 0xff,
    0xff, 0xff, 0xff, 0xff, 0xa0, 0x0, 0x0, 0x0,
    0x0, 0x4, 0xff, 0xff, 0xff, 0xff, 0xff, 0xb0,
    0x0, 0x0, 0x0, 0x0, 0x4, 0xff, 0xff, 0xff,
    0xff, 0xff, 0xb0, 0x0, 0x0, 0x0, 0x0, 0x4,
    0xff, 0xff, 0xff, 0xff, 0xff, 0xb0, 0x0, 0x0,
    0x0, 0x0, 0x4, 0xff, 0xff, 0xff, 0xff, 0xff,
    0xb0, 0x0, 0x0, 0x0, 0x0, 0x4, 0xff, 0xff,
    0xff, 0xff, 0xff, 0xb0, 0x0, 0x0, 0x0, 0x0,
    0x3, 0xff, 0xff, 0xff, 0xff, 0xff, 0xb0, 0x0,
    0x0, 0x0, 0x0, 0x0, 0x8f, 0xff, 0xff, 0xff,
    0xff, 0xb0, 0x0, 0x0, 0x0, 0x0, 0x0, 0xa,
    0xff, 0xff, 0xff, 0xff, 0xb0, 0x0, 0x0, 0x0,
    0x0, 0x0, 0x0, 0xcf, 0xff, 0xff, 0xff, 0xb0,
    0x0, 0x0, 0x0, 0x0, 0x0, 0x0, 0xe, 0xff,
    0xff, 0xff, 0xb0, 0x0, 0x0, 0x0, 0x0, 0x0,
    0x0, 0x0, 0xff, 0xff, 0xff, 0xb0, 0x0, 0x0,
    0x0, 0x0, 0x0, 0x0, 0x0, 0x8, 0xb9, 0x75,
    0x40, 0x0, 0x0, 0x0, 0x0, 0x0, 0x0, 0x0,
    0x0,

    /* U+F55A "" */
    0x0, 0x0, 0x0, 0x2, 0x68, 0x88, 0x88, 0x88,
    0x88, 0x88, 0x88, 0x88, 0x75, 0x0, 0x0, 0x0,
    0x0, 0x5f, 0xff, 0xff, 0xff, 0xff, 0xff, 0xff,
    0xff, 0xff, 0xff, 0xc0, 0x0, 0x0, 0x5, 0xff,
    0xff, 0xff, 0xff, 0xff, 0xff, 0xff, 0xff, 0xff,
    0xff, 0xf5, 0x0, 0x0, 0x5f, 0xff, 0xff, 0xff,
    0xff, 0xff, 0xff, 0xff, 0xff, 0xff, 0xff, 0xf7,
    0x0, 0x5, 0xff, 0xff, 0xff, 0xff, 0x80, 0xcf,
    0xff, 0xc0, 0x8f, 0xff, 0xff, 0xf8, 0x0, 0x5f,
    0xff, 0xff, 0xff, 0xfc, 0x0, 0xc, 0xfc, 0x0,
    0xc, 0xff, 0xff, 0xf8, 0x5, 0xff, 0xff, 0xff,
    0xff, 0xff, 0x50, 0x0, 0x90, 0x0, 0x5f, 0xff,
    0xff, 0xf8, 0x5f, 0xff, 0xff, 0xff, 0xff, 0xff,
    0xf5, 0x0, 0x0, 0x5, 0xff, 0xff, 0xff, 0xf8,
    0xef, 0xff, 0xff, 0xff, 0xff, 0xff, 0xff, 0x40,
    0x0, 0x4f, 0xff, 0xff, 0xff, 0xf8, 0xbf, 0xff,
    0xff, 0xff, 0xff, 0xff, 0xfc, 0x0, 0x0, 0xc,
    0xff, 0xff, 0xff, 0xf8, 0xc, 0xff, 0xff, 0xff,
    0xff, 0xff, 0xc0, 0x0, 0x10, 0x0, 0xcf, 0xff,
    0xff, 0xf8, 0x0, 0xcf, 0xff, 0xff, 0xff, 0xfd,
    0x0, 0x5, 0xf5, 0x0, 0xd, 0xff, 0xff, 0xf8,
    0x0, 0xc, 0xff, 0xff, 0xff, 0xfe, 0x10, 0x5f,
    0xff, 0x50, 0x1e, 0xff, 0xff, 0xf8, 0x0, 0x0,
    0xcf, 0xff, 0xff, 0xff, 0xe8, 0xff, 0xff, 0xf8,
    0xef, 0xff, 0xff, 0xf8, 0x0, 0x0, 0xc, 0xff,
    0xff, 0xff, 0xff, 0xff, 0xff, 0xff, 0xff, 0xff,
    0xff, 0xf7, 0x0, 0x0, 0x0, 0xcf, 0xff, 0xff,
    0xff, 0xff, 0xff, 0xff, 0xff, 0xff, 0xff, 0xf2,
    0x0, 0x0, 0x0, 0x9, 0xef, 0xff, 0xff, 0xff,
    0xff, 0xff, 0xff, 0xff, 0xfd, 0x50,

    /* U+F7C2 "" */
    0x0, 0x0, 0x0, 0x0, 0x0, 0x0, 0x0, 0x0,
    0x0, 0x0, 0x2, 0xef, 0xff, 0xff, 0xff, 0xfe,
    0x70, 0x0, 0x2, 0xef, 0xff, 0xff, 0xff, 0xff,
    0xff, 0x50, 0x2, 0xef, 0xbb, 0xfc, 0xbf, 0xdb,
    0xbf, 0xf9, 0x2, 0xef, 0xd0, 0x2f, 0x40, 0xe7,
    0x1, 0xff, 0xa2, 0xef, 0xfd, 0x2, 0xf4, 0xe,
    0x70, 0x1f, 0xfa, 0xef, 0xff, 0xd0, 0x2f, 0x40,
    0xe7, 0x1, 0xff, 0xaf, 0xff, 0xfd, 0x24, 0xf6,
    0x2e, 0x82, 0x3f, 0xfa, 0xff, 0xff, 0xff, 0xff,
    0xff, 0xff, 0xff, 0xff, 0xaf, 0xff, 0xff, 0xff,
    0xff, 0xff, 0xff, 0xff, 0xfa, 0xff, 0xff, 0xff,
    0xff, 0xff, 0xff, 0xff, 0xff, 0xaf, 0xff, 0xff,
    0xff, 0xff, 0xff, 0xff, 0xff, 0xfa, 0xff, 0xff,
    0xff, 0xff, 0xff, 0xff, 0xff, 0xff, 0xaf, 0xff,
    0xff, 0xff, 0xff, 0xff, 0xff, 0xff, 0xfa, 0xff,
    0xff, 0xff, 0xff, 0xff, 0xff, 0xff, 0xff, 0xaf,
    0xff, 0xff, 0xff, 0xff, 0xff, 0xff, 0xff, 0xfa,
    0xff, 0xff, 0xff, 0xff, 0xff, 0xff, 0xff, 0xff,
    0xaf, 0xff, 0xff, 0xff, 0xff, 0xff, 0xff, 0xff,
    0xfa, 0xff, 0xff, 0xff, 0xff, 0xff, 0xff, 0xff,
    0xff, 0xaf, 0xff, 0xff, 0xff, 0xff, 0xff, 0xff,
    0xff, 0xfa, 0xff, 0xff, 0xff, 0xff, 0xff, 0xff,
    0xff, 0xff, 0x99, 0xff, 0xff, 0xff, 0xff, 0xff,
    0xff, 0xff, 0xf4, 0x9, 0xef, 0xff, 0xff, 0xff,
    0xff, 0xff, 0xd5, 0x0,

    /* U+F8A2 "" */
    0x0, 0x0, 0x0, 0x0, 0x0, 0x0, 0x0, 0x0,
    0x0, 0x0, 0x1c, 0x0, 0x0, 0x0, 0x0, 0x0,
    0x0, 0x0, 0x0, 0x0, 0x0, 0x1e, 0xf1, 0x0,
    0x0, 0x0, 0x0, 0x0, 0x0, 0x0, 0x0, 0x0,
    0x1e, 0xff, 0x10, 0x0, 0x3, 0xed, 0x0, 0x0,
    0x0, 0x0, 0x0, 0x5, 0xff, 0xf1, 0x0, 0x4,
    0xff, 0xf0, 0x0, 0x0, 0x0, 0x0, 0x0, 0x5f,
    0xff, 0x10, 0x5, 0xff, 0xff, 0x0, 0x0, 0x0,
    0x0, 0x0, 0x5, 0xff, 0xf1, 0x6, 0xff, 0xff,
    0xf6, 0x66, 0x66, 0x66, 0x66, 0x66, 0x9f, 0xff,
    0x17, 0xff, 0xff, 0xff, 0xff, 0xff, 0xff, 0xff,
    0xff, 0xff, 0xff, 0xf1, 0xdf, 0xff, 0xff, 0xff,
    0xff, 0xff, 0xff, 0xff, 0xff, 0xff, 0xff, 0x13,
    0xef, 0xff, 0xff, 0xff, 0xff, 0xff, 0xff, 0xff,
    0xff, 0xff, 0xd0, 0x2, 0xef, 0xff, 0xf1, 0x11,
    0x11, 0x11, 0x11, 0x11, 0x11, 0x10, 0x0, 0x2,
    0xdf, 0xff, 0x0, 0x0, 0x0, 0x0, 0x0, 0x0,
    0x0, 0x0, 0x0, 0x1, 0xdf, 0xf0, 0x0, 0x0,
    0x0, 0x0, 0x0, 0x0, 0x0, 0x0, 0x0, 0x1,
    0xb8, 0x0, 0x0, 0x0, 0x0, 0x0, 0x0, 0x0,
    0x0
};


/*---------------------
 *  GLYPH DESCRIPTION
 *--------------------*/

static const lv_font_fmt_txt_glyph_dsc_t glyph_dsc[] = {
    {.bitmap_index = 0, .adv_w = 0, .box_w = 0, .box_h = 0, .ofs_x = 0, .ofs_y = 0} /* id = 0 reserved */,
    {.bitmap_index = 0, .adv_w = 97, .box_w = 0, .box_h = 0, .ofs_x = 0, .ofs_y = 0},
    {.bitmap_index = 0, .adv_w = 107, .box_w = 3, .box_h = 16, .ofs_x = 2, .ofs_y = -1},
    {.bitmap_index = 24, .adv_w = 154, .box_w = 8, .box_h = 5, .ofs_x = 1, .ofs_y = 10},
    {.bitmap_index = 44, .adv_w = 208, .box_w = 13, .box_h = 16, .ofs_x = 0, .ofs_y = -1},
    {.bitmap_index = 148, .adv_w = 195, .box_w = 12, .box_h = 19, .ofs_x = 0, .ofs_y = -3},
    {.bitmap_index = 262, .adv_w = 176, .box_w = 11, .box_h = 16, .ofs_x = 0, .ofs_y = -1},
    {.bitmap_index = 350, .adv_w = 289, .box_w = 16, .box_h = 16, .ofs_x = 1, .ofs_y = -1},
    {.bitmap_index = 478, .adv_w = 91, .box_w = 4, .box_h = 5, .ofs_x = 1, .ofs_y = 10},
    {.bitmap_index = 488, .adv_w = 117, .box_w = 7, .box_h = 21, .ofs_x = 0, .ofs_y = -5},
    {.bitmap_index = 562, .adv_w = 117, .box_w = 7, .box_h = 21, .ofs_x = 0, .ofs_y = -5},
    {.bitmap_index = 636, .adv_w = 153, .box_w = 10, .box_h = 9, .ofs_x = 0, .ofs_y = 2},
    {.bitmap_index = 681, .adv_w = 244, .box_w = 12, .box_h = 12, .ofs_x = 2, .ofs_y = 1},
    {.bitmap_index = 753, .adv_w = 85, .box_w = 3, .box_h = 7, .ofs_x = 1, .ofs_y = -5},
    {.bitmap_index = 764, .adv_w = 176, .box_w = 7, .box_h = 3, .ofs_x = 2, .ofs_y = 4},
    {.bitmap_index = 775, .adv_w = 85, .box_w = 3, .box_h = 3, .ofs_x = 1, .ofs_y = -1},
    {.bitmap_index = 780, .adv_w = 146, .box_w = 11, .box_h = 18, .ofs_x = -1, .ofs_y = -2},
    {.bitmap_index = 879, .adv_w = 195, .box_w = 12, .box_h = 16, .ofs_x = 0, .ofs_y = -1},
    {.bitmap_index = 975, .adv_w = 195, .box_w = 11, .box_h = 16, .ofs_x = 1, .ofs_y = -1},
    {.bitmap_index = 1063, .adv_w = 195, .box_w = 11, .box_h = 16, .ofs_x = 1, .ofs_y = -1},
    {.bitmap_index = 1151, .adv_w = 195, .box_w = 12, .box_h = 16, .ofs_x = 0, .ofs_y = -1},
    {.bitmap_index = 1247, .adv_w = 195, .box_w = 12, .box_h = 16, .ofs_x = 0, .ofs_y = -1},
    {.bitmap_index = 1343, .adv_w = 195, .box_w = 12, .box_h = 16, .ofs_x = 0, .ofs_y = -1},
    {.bitmap_index = 1439, .adv_w = 195, .box_w = 11, .box_h = 16, .ofs_x = 1, .ofs_y = -1},
    {.bitmap_index = 1527, .adv_w = 195, .box_w = 11, .box_h = 16, .ofs_x = 1, .ofs_y = -1},
    {.bitmap_index = 1615, .adv_w = 195, .box_w = 12, .box_h = 16, .ofs_x = 0, .ofs_y = -1},
    {.bitmap_index = 1711, .adv_w = 195, .box_w = 12, .box_h = 16, .ofs_x = 0, .ofs_y = -1},
    {.bitmap_index = 1807, .adv_w = 85, .box_w = 3, .box_h = 12, .ofs_x = 1, .ofs_y = -1},
    {.bitmap_index = 1825, .adv_w = 85, .box_w = 3, .box_h = 16, .ofs_x = 1, .ofs_y = -5},
    {.bitmap_index = 1849, .adv_w = 244, .box_w = 12, .box_h = 13, .ofs_x = 2, .ofs_y = 0},
    {.bitmap_index = 1927, .adv_w = 244, .box_w = 12, .box_h = 9, .ofs_x = 2, .ofs_y = 2},
    {.bitmap_index = 1981, .adv_w = 244, .box_w = 12, .box_h = 13, .ofs_x = 2, .ofs_y = 0},
    {.bitmap_index = 2059, .adv_w = 156, .box_w = 10, .box_h = 16, .ofs_x = 0, .ofs_y = -1},
    {.bitmap_index = 2139, .adv_w = 336, .box_w = 19, .box_h = 21, .ofs_x = 1, .ofs_y = -5},
    {.bitmap_index = 2339, .adv_w = 236, .box_w = 15, .box_h = 16, .ofs_x = 0, .ofs_y = -1},
    {.bitmap_index = 2459, .adv_w = 213, .box_w = 12, .box_h = 16, .ofs_x = 1, .ofs_y = -1},
    {.bitmap_index = 2555, .adv_w = 219, .box_w = 13, .box_h = 16, .ofs_x = 1, .ofs_y = -1},
    {.bitmap_index = 2659, .adv_w = 252, .box_w = 14, .box_h = 16, .ofs_x = 1, .ofs_y = -1},
    {.bitmap_index = 2771, .adv_w = 182, .box_w = 10, .box_h = 16, .ofs_x = 1, .ofs_y = -1},
    {.bitmap_index = 2851, .adv_w = 177, .box_w = 10, .box_h = 16, .ofs_x = 1, .ofs_y = -1},
    {.bitmap_index = 2931, .adv_w = 245, .box_w = 13, .box_h = 16, .ofs_x = 1, .ofs_y = -1},
    {.bitmap_index = 3035, .adv_w = 259, .box_w = 14, .box_h = 16, .ofs_x = 1, .ofs_y = -1},
    {.bitmap_index = 3147, .adv_w = 103, .box_w = 4, .box_h = 16, .ofs_x = 1, .ofs_y = -1},
    {.bitmap_index = 3179, .adv_w = 140, .box_w = 8, .box_h = 16, .ofs_x = 0, .ofs_y = -1},
    {.bitmap_index = 3243, .adv_w = 215, .box_w = 13, .box_h = 16, .ofs_x = 1, .ofs_y = -1},
    {.bitmap_index = 3347, .adv_w = 172, .box_w = 10, .box_h = 16, .ofs_x = 1, .ofs_y = -1},
    {.bitmap_index = 3427, .adv_w = 325, .box_w = 18, .box_h = 16, .ofs_x = 1, .ofs_y = -1},
    {.bitmap_index = 3571, .adv_w = 270, .box_w = 14, .box_h = 16, .ofs_x = 1, .ofs_y = -1},
    {.bitmap_index = 3683, .adv_w = 266, .box_w = 15, .box_h = 16, .ofs_x = 1, .ofs_y = -1},
    {.bitmap_index = 3803, .adv_w = 206, .box_w = 12, .box_h = 16, .ofs_x = 1, .ofs_y = -1},
    {.bitmap_index = 3899, .adv_w = 266, .box_w = 15, .box_h = 20, .ofs_x = 1, .ofs_y = -5},
    {.bitmap_index = 4049, .adv_w = 219, .box_w = 13, .box_h = 16, .ofs_x = 1, .ofs_y = -1},
    {.bitmap_index = 4153, .adv_w = 192, .box_w = 12, .box_h = 16, .ofs_x = 0, .ofs_y = -1},
    {.bitmap_index = 4249, .adv_w = 194, .box_w = 12, .box_h = 16, .ofs_x = 0, .ofs_y = -1},
    {.bitmap_index = 4345, .adv_w = 248, .box_w = 13, .box_h = 16, .ofs_x = 1, .ofs_y = -1},
    {.bitmap_index = 4449, .adv_w = 226, .box_w = 14, .box_h = 16, .ofs_x = 0, .ofs_y = -1},
    {.bitmap_index = 4561, .adv_w = 340, .box_w = 22, .box_h = 16, .ofs_x = 0, .ofs_y = -1},
    {.bitmap_index = 4737, .adv_w = 218, .box_w = 15, .box_h = 16, .ofs_x = -1, .ofs_y = -1},
    {.bitmap_index = 4857, .adv_w = 203, .box_w = 13, .box_h = 16, .ofs_x = 0, .ofs_y = -1},
    {.bitmap_index = 4961, .adv_w = 207, .box_w = 13, .box_h = 16, .ofs_x = 0, .ofs_y = -1},
    {.bitmap_index = 5065, .adv_w = 117, .box_w = 7, .box_h = 21, .ofs_x = 1, .ofs_y = -5},
    {.bitmap_index = 5139, .adv_w = 142, .box_w = 9, .box_h = 17, .ofs_x = 0, .ofs_y = -1},
    {.bitmap_index = 5216, .adv_w = 117, .box_w = 6, .box_h = 21, .ofs_x = 0, .ofs_y = -5},
    {.bitmap_index = 5279, .adv_w = 244, .box_w = 13, .box_h = 11, .ofs_x = 1, .ofs_y = 5},
    {.bitmap_index = 5351, .adv_w = 146, .box_w = 11, .box_h = 2, .ofs_x = -1, .ofs_y = -5},
    {.bitmap_index = 5362, .adv_w = 102, .box_w = 6, .box_h = 4, .ofs_x = 0, .ofs_y = 12},
    {.bitmap_index = 5374, .adv_w = 184, .box_w = 10, .box_h = 12, .ofs_x = 0, .ofs_y = -1},
    {.bitmap_index = 5434, .adv_w = 212, .box_w = 12, .box_h = 17, .ofs_x = 1, .ofs_y = -1},
    {.bitmap_index = 5536, .adv_w = 166, .box_w = 11, .box_h = 12, .ofs_x = 0, .ofs_y = -1},
    {.bitmap_index = 5602, .adv_w = 212, .box_w = 12, .box_h = 17, .ofs_x = 0, .ofs_y = -1},
    {.bitmap_index = 5704, .adv_w = 187, .box_w = 11, .box_h = 12, .ofs_x = 0, .ofs_y = -1},
    {.bitmap_index = 5770, .adv_w = 121, .box_w = 8, .box_h = 17, .ofs_x = 0, .ofs_y = -1},
    {.bitmap_index = 5838, .adv_w = 212, .box_w = 12, .box_h = 16, .ofs_x = 0, .ofs_y = -5},
    {.bitmap_index = 5934, .adv_w = 205, .box_w = 11, .box_h = 17, .ofs_x = 1, .ofs_y = -1},
    {.bitmap_index = 6028, .adv_w = 92, .box_w = 4, .box_h = 17, .ofs_x = 1, .ofs_y = -1},
    {.bitmap_index = 6062, .adv_w = 92, .box_w = 6, .box_h = 21, .ofs_x = -1, .ofs_y = -5},
    {.bitmap_index = 6125, .adv_w = 185, .box_w = 11, .box_h = 17, .ofs_x = 1, .ofs_y = -1},
    {.bitmap_index = 6219, .adv_w = 92, .box_w = 4, .box_h = 17, .ofs_x = 1, .ofs_y = -1},
    {.bitmap_index = 6253, .adv_w = 312, .box_w = 17, .box_h = 12, .ofs_x = 1, .ofs_y = -1},
    {.bitmap_index = 6355, .adv_w = 205, .box_w = 11, .box_h = 12, .ofs_x = 1, .ofs_y = -1},
    {.bitmap_index = 6421, .adv_w = 210, .box_w = 13, .box_h = 12, .ofs_x = 0, .ofs_y = -1},
    {.bitmap_index = 6499, .adv_w = 212, .box_w = 12, .box_h = 16, .ofs_x = 1, .ofs_y = -5},
    {.bitmap_index = 6595, .adv_w = 212, .box_w = 12, .box_h = 16, .ofs_x = 0, .ofs_y = -5},
    {.bitmap_index = 6691, .adv_w = 130, .box_w = 7, .box_h = 13, .ofs_x = 1, .ofs_y = -1},
    {.bitmap_index = 6737, .adv_w = 152, .box_w = 9, .box_h = 12, .ofs_x = 0, .ofs_y = -1},
    {.bitmap_index = 6791, .adv_w = 127, .box_w = 8, .box_h = 15, .ofs_x = 0, .ofs_y = -1},
    {.bitmap_index = 6851, .adv_w = 205, .box_w = 11, .box_h = 12, .ofs_x = 1, .ofs_y = -1},
    {.bitmap_index = 6917, .adv_w = 179, .box_w = 12, .box_h = 12, .ofs_x = 0, .ofs_y = -1},
    {.bitmap_index = 6989, .adv_w = 266, .box_w = 17, .box_h = 12, .ofs_x = 0, .ofs_y = -1},
    {.bitmap_index = 7091, .adv_w = 176, .box_w = 11, .box_h = 12, .ofs_x = 0, .ofs_y = -1},
    {.bitmap_index = 7157, .adv_w = 179, .box_w = 13, .box_h = 16, .ofs_x = -1, .ofs_y = -5},
    {.bitmap_index = 7261, .adv_w = 163, .box_w = 10, .box_h = 12, .ofs_x = 0, .ofs_y = -1},
    {.bitmap_index = 7321, .adv_w = 117, .box_w = 8, .box_h = 21, .ofs_x = 0, .ofs_y = -5},
    {.bitmap_index = 7405, .adv_w = 98, .box_w = 4, .box_h = 21, .ofs_x = 1, .ofs_y = -5},
    {.bitmap_index = 7447, .adv_w = 117, .box_w = 8, .box_h = 21, .ofs_x = 0, .ofs_y = -5},
    {.bitmap_index = 7531, .adv_w = 244, .box_w = 12, .box_h = 3, .ofs_x = 2, .ofs_y = 5},
    {.bitmap_index = 7549, .adv_w = 352, .box_w = 21, .box_h = 22, .ofs_x = 1, .ofs_y = -4},
    {.bitmap_index = 7780, .adv_w = 352, .box_w = 20, .box_h = 21, .ofs_x = 1, .ofs_y = -4},
    {.bitmap_index = 7990, .adv_w = 352, .box_w = 22, .box_h = 21, .ofs_x = 0, .ofs_y = -4},
    {.bitmap_index = 8221, .adv_w = 352, .box_w = 22, .box_h = 20, .ofs_x = 0, .ofs_y = -4},
    {.bitmap_index = 8441, .adv_w = 352, .box_w = 18, .box_h = 20, .ofs_x = 2, .ofs_y = -3},
    {.bitmap_index = 8621, .adv_w = 352, .box_w = 22, .box_h = 21, .ofs_x = 0, .ofs_y = -4},
    {.bitmap_index = 8852, .adv_w = 352, .box_w = 22, .box_h = 22, .ofs_x = 0, .ofs_y = -4},
    {.bitmap_index = 9094, .adv_w = 352, .box_w = 23, .box_h = 23, .ofs_x = -1, .ofs_y = -3},
    {.bitmap_index = 9359, .adv_w = 352, .box_w = 22, .box_h = 17, .ofs_x = 0, .ofs_y = 0},
    {.bitmap_index = 9546, .adv_w = 352, .box_w = 22, .box_h = 20, .ofs_x = 0, .ofs_y = -2},
    {.bitmap_index = 9766, .adv_w = 352, .box_w = 22, .box_h = 17, .ofs_x = 0, .ofs_y = 0},
    {.bitmap_index = 9953, .adv_w = 242, .box_w = 16, .box_h = 16, .ofs_x = 0, .ofs_y = 0},
    {.bitmap_index = 10081, .adv_w = 352, .box_w = 22, .box_h = 23, .ofs_x = 0, .ofs_y = -3},
    {.bitmap_index = 10334, .adv_w = 352, .box_w = 22, .box_h = 23, .ofs_x = 0, .ofs_y = -3},
    {.bitmap_index = 10587, .adv_w = 396, .box_w = 25, .box_h = 20, .ofs_x = 0, .ofs_y = -2},
    {.bitmap_index = 10837, .adv_w = 352, .box_w = 22, .box_h = 23, .ofs_x = 0, .ofs_y = -3},
    {.bitmap_index = 11090, .adv_w = 396, .box_w = 25, .box_h = 17, .ofs_x = 0, .ofs_y = 0},
    {.bitmap_index = 11303, .adv_w = 352, .box_w = 22, .box_h = 23, .ofs_x = 0, .ofs_y = -3},
    {.bitmap_index = 11556, .adv_w = 176, .box_w = 11, .box_h = 18, .ofs_x = 0, .ofs_y = -1},
    {.bitmap_index = 11655, .adv_w = 264, .box_w = 17, .box_h = 18, .ofs_x = 0, .ofs_y = -1},
    {.bitmap_index = 11808, .adv_w = 396, .box_w = 25, .box_h = 22, .ofs_x = 0, .ofs_y = -3},
    {.bitmap_index = 12083, .adv_w = 352, .box_w = 22, .box_h = 17, .ofs_x = 0, .ofs_y = 0},
    {.bitmap_index = 12270, .adv_w = 242, .box_w = 16, .box_h = 23, .ofs_x = 0, .ofs_y = -3},
    {.bitmap_index = 12454, .adv_w = 308, .box_w = 15, .box_h = 21, .ofs_x = 2, .ofs_y = -2},
    {.bitmap_index = 12612, .adv_w = 308, .box_w = 20, .box_h = 24, .ofs_x = 0, .ofs_y = -4},
    {.bitmap_index = 12852, .adv_w = 308, .box_w = 20, .box_h = 20, .ofs_x = 0, .ofs_y = -2},
    {.bitmap_index = 13052, .adv_w = 308, .box_w = 20, .box_h = 20, .ofs_x = 0, .ofs_y = -2},
    {.bitmap_index = 13252, .adv_w = 308, .box_w = 15, .box_h = 21, .ofs_x = 2, .ofs_y = -2},
    {.bitmap_index = 13410, .adv_w = 308, .box_w = 21, .box_h = 20, .ofs_x = -1, .ofs_y = -2},
    {.bitmap_index = 13620, .adv_w = 220, .box_w = 12, .box_h = 20, .ofs_x = 1, .ofs_y = -2},
    {.bitmap_index = 13740, .adv_w = 220, .box_w = 12, .box_h = 20, .ofs_x = 1, .ofs_y = -2},
    {.bitmap_index = 13860, .adv_w = 308, .box_w = 20, .box_h = 20, .ofs_x = 0, .ofs_y = -2},
    {.bitmap_index = 14060, .adv_w = 308, .box_w = 20, .box_h = 5, .ofs_x = 0, .ofs_y = 6},
    {.bitmap_index = 14110, .adv_w = 396, .box_w = 25, .box_h = 17, .ofs_x = 0, .ofs_y = 0},
    {.bitmap_index = 14323, .adv_w = 440, .box_w = 28, .box_h = 23, .ofs_x = 0, .ofs_y = -3},
    {.bitmap_index = 14645, .adv_w = 396, .box_w = 27, .box_h = 23, .ofs_x = -1, .ofs_y = -3},
    {.bitmap_index = 14956, .adv_w = 352, .box_w = 22, .box_h = 21, .ofs_x = 0, .ofs_y = -2},
    {.bitmap_index = 15187, .adv_w = 308, .box_w = 19, .box_h = 12, .ofs_x = 0, .ofs_y = 2},
    {.bitmap_index = 15301, .adv_w = 308, .box_w = 19, .box_h = 12, .ofs_x = 0, .ofs_y = 2},
    {.bitmap_index = 15415, .adv_w = 440, .box_w = 28, .box_h = 18, .ofs_x = 0, .ofs_y = -1},
    {.bitmap_index = 15667, .adv_w = 352, .box_w = 22, .box_h = 17, .ofs_x = 0, .ofs_y = 0},
    {.bitmap_index = 15854, .adv_w = 352, .box_w = 22, .box_h = 23, .ofs_x = 0, .ofs_y = -3},
    {.bitmap_index = 16107, .adv_w = 352, .box_w = 23, .box_h = 23, .ofs_x = -1, .ofs_y = -3},
    {.bitmap_index = 16372, .adv_w = 308, .box_w = 20, .box_h = 20, .ofs_x = 0, .ofs_y = -2},
    {.bitmap_index = 16572, .adv_w = 308, .box_w = 20, .box_h = 23, .ofs_x = 0, .ofs_y = -3},
    {.bitmap_index = 16802, .adv_w = 308, .box_w = 20, .box_h = 20, .ofs_x = 0, .ofs_y = -2},
    {.bitmap_index = 17002, .adv_w = 308, .box_w = 20, .box_h = 18, .ofs_x = 0, .ofs_y = -1},
    {.bitmap_index = 17182, .adv_w = 352, .box_w = 22, .box_h = 17, .ofs_x = 0, .ofs_y = 0},
    {.bitmap_index = 17369, .adv_w = 220, .box_w = 15, .box_h = 23, .ofs_x = -1, .ofs_y = -3},
    {.bitmap_index = 17542, .adv_w = 308, .box_w = 20, .box_h = 23, .ofs_x = 0, .ofs_y = -3},
    {.bitmap_index = 17772, .adv_w = 308, .box_w = 20, .box_h = 23, .ofs_x = 0, .ofs_y = -3},
    {.bitmap_index = 18002, .adv_w = 396, .box_w = 25, .box_h = 17, .ofs_x = 0, .ofs_y = 0},
    {.bitmap_index = 18215, .adv_w = 352, .box_w = 24, .box_h = 23, .ofs_x = -1, .ofs_y = -3},
    {.bitmap_index = 18491, .adv_w = 264, .box_w = 17, .box_h = 23, .ofs_x = 0, .ofs_y = -3},
    {.bitmap_index = 18687, .adv_w = 440, .box_w = 28, .box_h = 21, .ofs_x = 0, .ofs_y = -2},
    {.bitmap_index = 18981, .adv_w = 440, .box_w = 28, .box_h = 15, .ofs_x = 0, .ofs_y = 1},
    {.bitmap_index = 19191, .adv_w = 440, .box_w = 28, .box_h = 15, .ofs_x = 0, .ofs_y = 1},
    {.bitmap_index = 19401, .adv_w = 440, .box_w = 28, .box_h = 15, .ofs_x = 0, .ofs_y = 1},
    {.bitmap_index = 19611, .adv_w = 440, .box_w = 28, .box_h = 15, .ofs_x = 0, .ofs_y = 1},
    {.bitmap_index = 19821, .adv_w = 440, .box_w = 28, .box_h = 15, .ofs_x = 0, .ofs_y = 1},
    {.bitmap_index = 20031, .adv_w = 440, .box_w = 28, .box_h = 18, .ofs_x = 0, .ofs_y = -1},
    {.bitmap_index = 20283, .adv_w = 308, .box_w = 17, .box_h = 23, .ofs_x = 1, .ofs_y = -3},
    {.bitmap_index = 20479, .adv_w = 308, .box_w = 20, .box_h = 23, .ofs_x = 0, .ofs_y = -3},
    {.bitmap_index = 20709, .adv_w = 352, .box_w = 23, .box_h = 23, .ofs_x = -1, .ofs_y = -3},
    {.bitmap_index = 20974, .adv_w = 440, .box_w = 28, .box_h = 17, .ofs_x = 0, .ofs_y = 0},
    {.bitmap_index = 21212, .adv_w = 264, .box_w = 17, .box_h = 23, .ofs_x = 0, .ofs_y = -3},
    {.bitmap_index = 21408, .adv_w = 354, .box_w = 23, .box_h = 14, .ofs_x = 0, .ofs_y = 1}
};

/*---------------------
 *  CHARACTER MAPPING
 *--------------------*/

static const uint16_t unicode_list_1[] = {
    0x0, 0x9dd, 0x1236, 0x268e, 0x2dde, 0x3a31, 0x4d65, 0x9e8e,
    0x9e95, 0x9e98, 0x9e99, 0x9e9a, 0x9e9e, 0x9ea0, 0x9ea2, 0x9ea6,
    0x9ea9, 0x9eae, 0x9eb3, 0x9eb4, 0x9eb5, 0x9ecb, 0x9ed0, 0x9ed5,
    0x9ed8, 0x9ed9, 0x9eda, 0x9ede, 0x9edf, 0x9ee0, 0x9ee1, 0x9ef4,
    0x9ef5, 0x9efb, 0x9efd, 0x9efe, 0x9f01, 0x9f04, 0x9f05, 0x9f06,
    0x9f08, 0x9f20, 0x9f22, 0x9f51, 0x9f52, 0x9f54, 0x9f56, 0x9f6d,
    0x9f74, 0x9f77, 0x9f80, 0x9fa9, 0x9fb1, 0x9fe8, 0xa078, 0xa0cd,
    0xa0ce, 0xa0cf, 0xa0d0, 0xa0d1, 0xa114, 0xa120, 0xa17a, 0xa191,
    0xa3e7, 0xa64f, 0xa72f
};

/*Collect the unicode lists and glyph_id offsets*/
static const lv_font_fmt_txt_cmap_t cmaps[] =
{
    {
        .range_start = 32, .range_length = 95, .glyph_id_start = 1,
        .unicode_list = NULL, .glyph_id_ofs_list = NULL, .list_length = 0, .type = LV_FONT_FMT_TXT_CMAP_FORMAT0_TINY
    },
    {
        .range_start = 20851, .range_length = 42800, .glyph_id_start = 96,
        .unicode_list = unicode_list_1, .glyph_id_ofs_list = NULL, .list_length = 67, .type = LV_FONT_FMT_TXT_CMAP_SPARSE_TINY
    }
};



/*--------------------
 *  ALL CUSTOM DATA
 *--------------------*/

#if LVGL_VERSION_MAJOR == 8
/*Store all the custom data of the font*/
static  lv_font_fmt_txt_glyph_cache_t cache;
#endif

#if LVGL_VERSION_MAJOR >= 8
static const lv_font_fmt_txt_dsc_t font_dsc = {
#else
static lv_font_fmt_txt_dsc_t font_dsc = {
#endif
    .glyph_bitmap = glyph_bitmap,
    .glyph_dsc = glyph_dsc,
    .cmaps = cmaps,
    .kern_dsc = NULL,
    .kern_scale = 0,
    .cmap_num = 2,
    .bpp = 4,
    .kern_classes = 0,
    .bitmap_format = 0,
#if LVGL_VERSION_MAJOR == 8
    .cache = &cache
#endif
};



/*-----------------
 *  PUBLIC FONT
 *----------------*/

/*Initialize a public general font descriptor*/
#if LVGL_VERSION_MAJOR >= 8
const lv_font_t lv_font_Dengb_22 = {
#else
lv_font_t lv_font_Dengb_22 = {
#endif
    .get_glyph_dsc = lv_font_get_glyph_dsc_fmt_txt,    /*Function pointer to get glyph's data*/
    .get_glyph_bitmap = lv_font_get_bitmap_fmt_txt,    /*Function pointer to get glyph's bitmap*/
    .line_height = 25,          /*The maximum line height required by the font*/
    .base_line = 5,             /*Baseline measured from the bottom of the line*/
#if !(LVGL_VERSION_MAJOR == 6 && LVGL_VERSION_MINOR == 0)
    .subpx = LV_FONT_SUBPX_NONE,
#endif
#if LV_VERSION_CHECK(7, 4, 0) || LVGL_VERSION_MAJOR >= 8
    .underline_position = -4,
    .underline_thickness = 1,
#endif
    .dsc = &font_dsc,          /*The custom font data. Will be accessed by `get_glyph_bitmap/dsc` */
#if LV_VERSION_CHECK(8, 2, 0) || LVGL_VERSION_MAJOR >= 9
    .fallback = NULL,
#endif
    .user_data = NULL,
};



#endif /*#if LV_FONT_DENGB_22*/

