/*******************************************************************************
 * Size: 16 px
 * Bpp: 4
 * Opts: undefined
 ******************************************************************************/

#ifdef LV_LVGL_H_INCLUDE_SIMPLE
#include "lvgl.h"
#else
#include "lvgl.h"
#endif

#ifndef LV_FONT_DENGB_16
#define LV_FONT_DENGB_16 1
#endif

#if LV_FONT_DENGB_16

/*-----------------
 *    BITMAPS
 *----------------*/

/*Store the image of the glyphs*/
static LV_ATTRIBUTE_LARGE_CONST const uint8_t glyph_bitmap[] = {
    /* U+0020 " " */

    /* U+0021 "!" */
    0x8f, 0x67, 0xf5, 0x7f, 0x56, 0xf4, 0x6f, 0x45,
    0xf3, 0x5f, 0x35, 0xf3, 0x14, 0x0, 0x0, 0x7f,
    0x58, 0xf5,

    /* U+0022 "\"" */
    0xed, 0xd, 0xed, 0xc0, 0xcd, 0xcb, 0xb, 0xc7,
    0x60, 0x67,

    /* U+0023 "#" */
    0x0, 0xa, 0x50, 0xf, 0x0, 0x0, 0xe, 0x20,
    0x3c, 0x0, 0x0, 0x1e, 0x0, 0x79, 0x0, 0x6f,
    0xff, 0xff, 0xff, 0xf1, 0x0, 0x88, 0x0, 0xd3,
    0x0, 0x0, 0xa6, 0x0, 0xf0, 0x0, 0x0, 0xc3,
    0x2, 0xe0, 0x0, 0x0, 0xe1, 0x4, 0xb0, 0x0,
    0xbe, 0xfe, 0xef, 0xfe, 0xa0, 0x16, 0xb1, 0x1b,
    0x61, 0x10, 0x8, 0x70, 0xe, 0x20, 0x0, 0xc,
    0x40, 0x2e, 0x0, 0x0,

    /* U+0024 "$" */
    0x1, 0xae, 0xfe, 0xb1, 0x0, 0xbf, 0x7f, 0x8f,
    0xb0, 0xf, 0xa0, 0xf0, 0xae, 0x1, 0xfa, 0xf,
    0x0, 0x0, 0xd, 0xf6, 0xf0, 0x0, 0x0, 0x3e,
    0xff, 0xc6, 0x0, 0x0, 0x6, 0xfe, 0xfb, 0x0,
    0x0, 0xf, 0x1b, 0xf3, 0x15, 0x10, 0xf0, 0x4f,
    0x55, 0xf6, 0xf, 0x5, 0xf4, 0xd, 0xf7, 0xf7,
    0xee, 0x0, 0x2b, 0xef, 0xeb, 0x20, 0x0, 0x0,
    0xf0, 0x0, 0x0, 0x0, 0xc, 0x0, 0x0,

    /* U+0025 "%" */
    0x1e, 0xa0, 0x9, 0x40, 0x78, 0xd1, 0xd, 0x0,
    0xa6, 0xb4, 0x49, 0x0, 0xb5, 0xb5, 0x94, 0x0,
    0xb5, 0xb6, 0xd0, 0x0, 0xa6, 0xb9, 0x99, 0xd1,
    0x78, 0xdb, 0x6e, 0x98, 0x2f, 0xcd, 0x5b, 0x5a,
    0x1, 0x59, 0x5b, 0x5b, 0x0, 0xa4, 0x5b, 0x5a,
    0x0, 0xd0, 0x2d, 0x88, 0x5, 0x90, 0xa, 0xd1,

    /* U+0026 "&" */
    0x0, 0x1a, 0xef, 0xb1, 0x0, 0x0, 0x0, 0xaf,
    0x55, 0xfb, 0x0, 0x0, 0x0, 0xeb, 0x0, 0xce,
    0x0, 0x0, 0x0, 0xcd, 0x3, 0xfb, 0x0, 0x0,
    0x0, 0x7f, 0xaf, 0xd1, 0x0, 0x0, 0x2, 0xaf,
    0xf7, 0x0, 0x1a, 0x40, 0x2e, 0xe8, 0xfa, 0x0,
    0x5f, 0x40, 0xbf, 0x10, 0x8f, 0x70, 0xbe, 0x0,
    0xfc, 0x0, 0xa, 0xfa, 0xf8, 0x0, 0xdf, 0x10,
    0x0, 0xdf, 0xf0, 0x0, 0x7f, 0xe9, 0x9d, 0xfe,
    0xfd, 0x83, 0x6, 0xdf, 0xfc, 0x60, 0x7e, 0xf4,

    /* U+0027 "'" */
    0xcf, 0xce, 0xbd, 0x67,

    /* U+0028 "(" */
    0x0, 0x1e, 0xb0, 0x0, 0xaf, 0x10, 0x3, 0xf8,
    0x0, 0xa, 0xf1, 0x0, 0xe, 0xc0, 0x0, 0x2f,
    0x90, 0x0, 0x3f, 0x70, 0x0, 0x4f, 0x70, 0x0,
    0x3f, 0x70, 0x0, 0x1f, 0x90, 0x0, 0xe, 0xc0,
    0x0, 0x9, 0xf1, 0x0, 0x2, 0xf8, 0x0, 0x0,
    0xaf, 0x10, 0x0, 0x1e, 0xb0,

    /* U+0029 ")" */
    0x6f, 0x50, 0x0, 0xce, 0x10, 0x3, 0xf8, 0x0,
    0xc, 0xe0, 0x0, 0x7f, 0x30, 0x4, 0xf6, 0x0,
    0x2f, 0x80, 0x2, 0xf9, 0x0, 0x2f, 0x80, 0x4,
    0xf7, 0x0, 0x7f, 0x30, 0xc, 0xe0, 0x3, 0xf8,
    0x0, 0xce, 0x10, 0x6f, 0x50, 0x0,

    /* U+002A "*" */
    0x0, 0x2f, 0x20, 0x1, 0x11, 0xf1, 0x11, 0x9f,
    0xaf, 0xaf, 0x80, 0x4c, 0xfb, 0x40, 0x2, 0xf7,
    0xe1, 0x0, 0xba, 0xc, 0x90, 0x0, 0x10, 0x10,
    0x0,

    /* U+002B "+" */
    0x0, 0x1, 0x92, 0x0, 0x0, 0x0, 0x2f, 0x40,
    0x0, 0x0, 0x2, 0xf4, 0x0, 0x0, 0x0, 0x2f,
    0x40, 0x0, 0x7f, 0xff, 0xff, 0xff, 0x93, 0x88,
    0x9f, 0xa8, 0x84, 0x0, 0x2, 0xf4, 0x0, 0x0,
    0x0, 0x2f, 0x40, 0x0, 0x0, 0x2, 0xf4, 0x0,
    0x0,

    /* U+002C "," */
    0x2, 0x20, 0xfe, 0xf, 0xe0, 0x4c, 0x8, 0x90,
    0x72,

    /* U+002D "-" */
    0x2a, 0xaa, 0xa2, 0x4f, 0xff, 0xf4,

    /* U+002E "." */
    0x2, 0x20, 0xfe, 0xf, 0xe0,

    /* U+002F "/" */
    0x0, 0x0, 0x2, 0xf7, 0x0, 0x0, 0x9, 0xf1,
    0x0, 0x0, 0xf, 0xb0, 0x0, 0x0, 0x6f, 0x40,
    0x0, 0x0, 0xce, 0x0, 0x0, 0x2, 0xf8, 0x0,
    0x0, 0x9, 0xf1, 0x0, 0x0, 0xe, 0xb0, 0x0,
    0x0, 0x5f, 0x50, 0x0, 0x0, 0xce, 0x0, 0x0,
    0x2, 0xf8, 0x0, 0x0, 0x9, 0xf2, 0x0, 0x0,
    0xe, 0xb0, 0x0, 0x0,

    /* U+0030 "0" */
    0x0, 0x6d, 0xfd, 0x50, 0x0, 0x6f, 0xd8, 0xdf,
    0x40, 0xd, 0xe0, 0x1, 0xfc, 0x1, 0xfa, 0x0,
    0xc, 0xf0, 0x3f, 0x80, 0x0, 0xaf, 0x24, 0xf7,
    0x0, 0x9, 0xf3, 0x4f, 0x70, 0x0, 0x9f, 0x33,
    0xf8, 0x0, 0xa, 0xf2, 0x1f, 0xa0, 0x0, 0xcf,
    0x0, 0xde, 0x0, 0x2f, 0xb0, 0x5, 0xfd, 0x8e,
    0xf3, 0x0, 0x6, 0xdf, 0xd4, 0x0,

    /* U+0031 "1" */
    0x0, 0x9f, 0xc0, 0x0, 0x2c, 0xff, 0xc0, 0x0,
    0x9c, 0x2f, 0xc0, 0x0, 0x30, 0xf, 0xc0, 0x0,
    0x0, 0xf, 0xc0, 0x0, 0x0, 0xf, 0xc0, 0x0,
    0x0, 0xf, 0xc0, 0x0, 0x0, 0xf, 0xc0, 0x0,
    0x0, 0xf, 0xc0, 0x0, 0x0, 0xf, 0xc0, 0x0,
    0x78, 0x8f, 0xe8, 0x81, 0xef, 0xff, 0xff, 0xf3,

    /* U+0032 "2" */
    0x0, 0x7d, 0xfd, 0x60, 0x0, 0x8f, 0xd9, 0xdf,
    0x70, 0xf, 0xe0, 0x1, 0xfd, 0x0, 0x43, 0x0,
    0xe, 0xe0, 0x0, 0x0, 0x3, 0xfb, 0x0, 0x0,
    0x1, 0xef, 0x30, 0x0, 0x2, 0xdf, 0x60, 0x0,
    0x2, 0xef, 0x50, 0x0, 0x1, 0xdf, 0x40, 0x0,
    0x0, 0xaf, 0x50, 0x0, 0x0, 0x2f, 0xf9, 0x99,
    0x99, 0x14, 0xff, 0xff, 0xff, 0xf2,

    /* U+0033 "3" */
    0x0, 0x8d, 0xfd, 0x70, 0x0, 0xaf, 0xc9, 0xef,
    0x60, 0x1f, 0xc0, 0x2, 0xfb, 0x0, 0x21, 0x0,
    0xf, 0xc0, 0x0, 0x0, 0x19, 0xf6, 0x0, 0x0,
    0xef, 0xe6, 0x0, 0x0, 0x8, 0xae, 0xe4, 0x0,
    0x0, 0x0, 0x1e, 0xe0, 0x26, 0x30, 0x0, 0xbf,
    0x13, 0xfb, 0x0, 0xe, 0xf0, 0xc, 0xfc, 0x9d,
    0xf9, 0x0, 0x19, 0xef, 0xd7, 0x0,

    /* U+0034 "4" */
    0x0, 0x0, 0x7f, 0xe0, 0x0, 0x0, 0x1e, 0xfe,
    0x0, 0x0, 0x9, 0xed, 0xe0, 0x0, 0x2, 0xf6,
    0xce, 0x0, 0x0, 0xbd, 0xc, 0xe0, 0x0, 0x4f,
    0x40, 0xce, 0x0, 0xd, 0xb0, 0xc, 0xe0, 0x6,
    0xf2, 0x0, 0xce, 0x0, 0xbf, 0xff, 0xff, 0xff,
    0x86, 0x88, 0x88, 0xef, 0x84, 0x0, 0x0, 0xc,
    0xe0, 0x0, 0x0, 0x0, 0xce, 0x0,

    /* U+0035 "5" */
    0xa, 0xff, 0xff, 0xf9, 0x0, 0xbf, 0x88, 0x88,
    0x50, 0xc, 0xe0, 0x0, 0x0, 0x0, 0xcd, 0x0,
    0x0, 0x0, 0xd, 0xc4, 0x87, 0x20, 0x0, 0xef,
    0xff, 0xff, 0x40, 0xb, 0xb3, 0x5, 0xfe, 0x0,
    0x0, 0x0, 0xb, 0xf1, 0x0, 0x0, 0x0, 0xbf,
    0x22, 0xfb, 0x0, 0xe, 0xf0, 0xc, 0xfb, 0x9d,
    0xf7, 0x0, 0x19, 0xef, 0xd6, 0x0,

    /* U+0036 "6" */
    0x0, 0x3c, 0xfe, 0x90, 0x0, 0x2f, 0xe9, 0xbf,
    0x90, 0xa, 0xf2, 0x0, 0x75, 0x0, 0xfb, 0x0,
    0x10, 0x0, 0x2f, 0xab, 0xff, 0xb1, 0x3, 0xff,
    0xb5, 0xaf, 0xa0, 0x3f, 0xe0, 0x0, 0xdf, 0x2,
    0xfb, 0x0, 0x9, 0xf3, 0xf, 0xc0, 0x0, 0xaf,
    0x20, 0xcf, 0x20, 0xe, 0xf0, 0x4, 0xfe, 0x9c,
    0xf7, 0x0, 0x4, 0xdf, 0xe8, 0x0,

    /* U+0037 "7" */
    0x3f, 0xff, 0xff, 0xff, 0x11, 0x99, 0x99, 0x9e,
    0xf1, 0x0, 0x0, 0x2, 0xf9, 0x0, 0x0, 0x0,
    0xbe, 0x10, 0x0, 0x0, 0x4f, 0x70, 0x0, 0x0,
    0xc, 0xf0, 0x0, 0x0, 0x3, 0xf9, 0x0, 0x0,
    0x0, 0x9f, 0x30, 0x0, 0x0, 0xd, 0xe0, 0x0,
    0x0, 0x1, 0xfb, 0x0, 0x0, 0x0, 0x4f, 0x90,
    0x0, 0x0, 0x5, 0xf7, 0x0, 0x0,

    /* U+0038 "8" */
    0x0, 0x8d, 0xfd, 0x70, 0x0, 0xaf, 0xa6, 0xbf,
    0x80, 0xf, 0xd0, 0x0, 0xfd, 0x0, 0xfc, 0x0,
    0xf, 0xd0, 0x9, 0xf6, 0x28, 0xf7, 0x0, 0xa,
    0xff, 0xf9, 0x0, 0x9, 0xf8, 0x59, 0xf8, 0x2,
    0xfb, 0x0, 0xc, 0xf0, 0x4f, 0x80, 0x0, 0xaf,
    0x22, 0xfb, 0x0, 0xd, 0xf0, 0xb, 0xfa, 0x6a,
    0xfa, 0x0, 0x19, 0xdf, 0xd8, 0x0,

    /* U+0039 "9" */
    0x0, 0x9d, 0xfc, 0x40, 0x0, 0xbf, 0xb9, 0xef,
    0x30, 0x2f, 0xb0, 0x2, 0xfa, 0x5, 0xf7, 0x0,
    0xd, 0xe0, 0x3f, 0x90, 0x0, 0xef, 0x0, 0xef,
    0x52, 0x9f, 0xf1, 0x4, 0xff, 0xfd, 0xbf, 0x10,
    0x0, 0x33, 0xc, 0xf0, 0x0, 0x0, 0x0, 0xed,
    0x1, 0xda, 0x0, 0x5f, 0x80, 0xb, 0xfa, 0x9f,
    0xe1, 0x0, 0x1a, 0xef, 0xb2, 0x0,

    /* U+003A ":" */
    0xf, 0xe0, 0xfe, 0x0, 0x0, 0x0, 0x0, 0x0,
    0x0, 0x0, 0x0, 0xfe, 0xf, 0xe0,

    /* U+003B ";" */
    0xf, 0xe0, 0xfe, 0x0, 0x0, 0x0, 0x0, 0x0,
    0x0, 0x0, 0x0, 0xfe, 0xf, 0xd0, 0x4c, 0x8,
    0x80, 0x72,

    /* U+003C "<" */
    0x0, 0x0, 0x0, 0x0, 0x20, 0x0, 0x0, 0x17,
    0xe9, 0x0, 0x3, 0xaf, 0xfa, 0x30, 0x6d, 0xfe,
    0x81, 0x0, 0x7f, 0xc6, 0x0, 0x0, 0x7, 0xfa,
    0x30, 0x0, 0x0, 0x18, 0xef, 0xc5, 0x0, 0x0,
    0x0, 0x6c, 0xfe, 0x81, 0x0, 0x0, 0x3, 0xaf,
    0x90, 0x0, 0x0, 0x0, 0x13,

    /* U+003D "=" */
    0x7f, 0xff, 0xff, 0xff, 0x93, 0x88, 0x88, 0x88,
    0x84, 0x0, 0x0, 0x0, 0x0, 0x0, 0x0, 0x0,
    0x0, 0x0, 0x38, 0x88, 0x88, 0x88, 0x47, 0xff,
    0xff, 0xff, 0xf9,

    /* U+003E ">" */
    0x10, 0x0, 0x0, 0x0, 0x7, 0xe8, 0x20, 0x0,
    0x0, 0x29, 0xff, 0xb4, 0x0, 0x0, 0x1, 0x7e,
    0xfd, 0x71, 0x0, 0x0, 0x5, 0xcf, 0x90, 0x0,
    0x0, 0x29, 0xf9, 0x0, 0x5, 0xbf, 0xf9, 0x21,
    0x7e, 0xfd, 0x71, 0x0, 0x7f, 0xa4, 0x0, 0x0,
    0x3, 0x10, 0x0, 0x0, 0x0,

    /* U+003F "?" */
    0x4, 0xcf, 0xd6, 0x3, 0xfe, 0x9d, 0xf5, 0x9f,
    0x20, 0x1f, 0xa6, 0x80, 0x0, 0xfc, 0x0, 0x0,
    0x5f, 0x80, 0x0, 0x3f, 0xe1, 0x0, 0x1e, 0xe2,
    0x0, 0x6, 0xf4, 0x0, 0x0, 0x59, 0x0, 0x0,
    0x0, 0x0, 0x0, 0x0, 0xbf, 0x20, 0x0, 0xc,
    0xf2, 0x0,

    /* U+0040 "@" */
    0x0, 0x0, 0x6, 0xce, 0xfe, 0xa4, 0x0, 0x0,
    0x0, 0x3e, 0xd6, 0x42, 0x48, 0xfa, 0x0, 0x0,
    0x4f, 0x70, 0x0, 0x0, 0x2, 0xe8, 0x0, 0x1e,
    0x70, 0x1a, 0xfe, 0x4d, 0x94, 0xf1, 0x7, 0xd0,
    0x1d, 0xb2, 0x4d, 0xf5, 0xd, 0x50, 0xd7, 0x9,
    0xe0, 0x0, 0x8f, 0x20, 0xb7, 0xf, 0x30, 0xe8,
    0x0, 0x8, 0xe0, 0xb, 0x72, 0xf1, 0x1f, 0x50,
    0x0, 0xcb, 0x0, 0xe5, 0x2f, 0x10, 0xf5, 0x0,
    0x3f, 0x80, 0x3f, 0x10, 0xf4, 0xd, 0xb0, 0x2c,
    0xc7, 0x1d, 0x80, 0xb, 0xa0, 0x3e, 0xfe, 0x46,
    0xff, 0x90, 0x0, 0x3f, 0x50, 0x1, 0x0, 0x1,
    0x10, 0x0, 0x0, 0x6f, 0x93, 0x0, 0x25, 0xae,
    0x0, 0x0, 0x0, 0x3b, 0xff, 0xff, 0xd8, 0x10,
    0x0, 0x0, 0x0, 0x0, 0x22, 0x0, 0x0, 0x0,
    0x0,

    /* U+0041 "A" */
    0x0, 0x0, 0xef, 0xa0, 0x0, 0x0, 0x0, 0x4f,
    0xff, 0x0, 0x0, 0x0, 0x9, 0xfb, 0xf5, 0x0,
    0x0, 0x0, 0xee, 0x3f, 0xa0, 0x0, 0x0, 0x4f,
    0x90, 0xdf, 0x0, 0x0, 0xa, 0xf3, 0x8, 0xf5,
    0x0, 0x0, 0xfe, 0x0, 0x2f, 0xb0, 0x0, 0x5f,
    0xd8, 0x88, 0xff, 0x10, 0xa, 0xff, 0xff, 0xff,
    0xf6, 0x0, 0xfe, 0x0, 0x0, 0x3f, 0xb0, 0x5f,
    0x90, 0x0, 0x0, 0xdf, 0x1b, 0xf3, 0x0, 0x0,
    0x8, 0xf6,

    /* U+0042 "B" */
    0xaf, 0xff, 0xeb, 0x30, 0xa, 0xf9, 0x7a, 0xff,
    0x10, 0xaf, 0x40, 0x9, 0xf6, 0xa, 0xf4, 0x0,
    0x8f, 0x50, 0xaf, 0x51, 0x5e, 0xd0, 0xa, 0xff,
    0xff, 0xd3, 0x0, 0xaf, 0x74, 0x6d, 0xf5, 0xa,
    0xf4, 0x0, 0x1f, 0xe0, 0xaf, 0x40, 0x0, 0xdf,
    0xa, 0xf4, 0x0, 0x2f, 0xf0, 0xaf, 0x97, 0x9e,
    0xf8, 0xa, 0xff, 0xfe, 0xc5, 0x0,

    /* U+0043 "C" */
    0x0, 0x19, 0xef, 0xd8, 0x0, 0x0, 0xdf, 0xda,
    0xdf, 0xb0, 0x8, 0xfa, 0x0, 0xb, 0xf4, 0xe,
    0xf2, 0x0, 0x2, 0x50, 0x1f, 0xe0, 0x0, 0x0,
    0x0, 0x2f, 0xc0, 0x0, 0x0, 0x0, 0x2f, 0xc0,
    0x0, 0x0, 0x0, 0x1f, 0xe0, 0x0, 0x0, 0x0,
    0xd, 0xf3, 0x0, 0x3, 0x81, 0x7, 0xfb, 0x0,
    0xc, 0xf4, 0x0, 0xcf, 0xda, 0xdf, 0xa0, 0x0,
    0x8, 0xef, 0xd7, 0x0,

    /* U+0044 "D" */
    0xaf, 0xff, 0xfd, 0x91, 0x0, 0xaf, 0xb9, 0xad,
    0xfe, 0x30, 0xaf, 0x40, 0x0, 0x6f, 0xe0, 0xaf,
    0x40, 0x0, 0xa, 0xf5, 0xaf, 0x40, 0x0, 0x5,
    0xf8, 0xaf, 0x40, 0x0, 0x4, 0xfa, 0xaf, 0x40,
    0x0, 0x4, 0xf9, 0xaf, 0x40, 0x0, 0x6, 0xf8,
    0xaf, 0x40, 0x0, 0xc, 0xf3, 0xaf, 0x40, 0x0,
    0x7f, 0xc0, 0xaf, 0xb9, 0x9d, 0xfe, 0x20, 0xaf,
    0xff, 0xfd, 0x91, 0x0,

    /* U+0045 "E" */
    0xaf, 0xff, 0xff, 0x6a, 0xfb, 0x99, 0x93, 0xaf,
    0x40, 0x0, 0xa, 0xf4, 0x0, 0x0, 0xaf, 0x40,
    0x0, 0xa, 0xfa, 0x99, 0x80, 0xaf, 0xff, 0xfe,
    0xa, 0xf4, 0x0, 0x0, 0xaf, 0x40, 0x0, 0xa,
    0xf4, 0x0, 0x0, 0xaf, 0xb9, 0x99, 0x6a, 0xff,
    0xff, 0xfb,

    /* U+0046 "F" */
    0xaf, 0xff, 0xff, 0x8a, 0xfb, 0x99, 0x95, 0xaf,
    0x40, 0x0, 0xa, 0xf4, 0x0, 0x0, 0xaf, 0x40,
    0x0, 0xa, 0xfa, 0x99, 0x92, 0xaf, 0xff, 0xff,
    0x5a, 0xf4, 0x0, 0x0, 0xaf, 0x40, 0x0, 0xa,
    0xf4, 0x0, 0x0, 0xaf, 0x40, 0x0, 0xa, 0xf4,
    0x0, 0x0,

    /* U+0047 "G" */
    0x0, 0x8, 0xdf, 0xeb, 0x30, 0x0, 0xc, 0xfe,
    0xab, 0xff, 0x40, 0x7, 0xfb, 0x0, 0x3, 0xfd,
    0x0, 0xdf, 0x20, 0x0, 0x3, 0x0, 0x1f, 0xe0,
    0x0, 0x0, 0x0, 0x2, 0xfc, 0x0, 0x2, 0x22,
    0x20, 0x2f, 0xc0, 0x3, 0xff, 0xff, 0x21, 0xfe,
    0x0, 0x15, 0x5b, 0xf2, 0xd, 0xf3, 0x0, 0x0,
    0x9f, 0x20, 0x6f, 0xc0, 0x0, 0x1c, 0xf2, 0x0,
    0xbf, 0xea, 0xae, 0xfb, 0x0, 0x0, 0x7d, 0xfe,
    0xb5, 0x0,

    /* U+0048 "H" */
    0xaf, 0x40, 0x0, 0x7, 0xf6, 0xaf, 0x40, 0x0,
    0x7, 0xf6, 0xaf, 0x40, 0x0, 0x7, 0xf6, 0xaf,
    0x40, 0x0, 0x7, 0xf6, 0xaf, 0x40, 0x0, 0x7,
    0xf6, 0xaf, 0xff, 0xff, 0xff, 0xf6, 0xaf, 0xca,
    0xaa, 0xad, 0xf6, 0xaf, 0x40, 0x0, 0x7, 0xf6,
    0xaf, 0x40, 0x0, 0x7, 0xf6, 0xaf, 0x40, 0x0,
    0x7, 0xf6, 0xaf, 0x40, 0x0, 0x7, 0xf6, 0xaf,
    0x40, 0x0, 0x7, 0xf6,

    /* U+0049 "I" */
    0xaf, 0x4a, 0xf4, 0xaf, 0x4a, 0xf4, 0xaf, 0x4a,
    0xf4, 0xaf, 0x4a, 0xf4, 0xaf, 0x4a, 0xf4, 0xaf,
    0x4a, 0xf4,

    /* U+004A "J" */
    0x8, 0xff, 0xf3, 0x5, 0x9d, 0xf3, 0x0, 0xb,
    0xf3, 0x0, 0xb, 0xf3, 0x0, 0xb, 0xf3, 0x0,
    0xb, 0xf3, 0x0, 0xb, 0xf3, 0x0, 0xb, 0xf3,
    0x0, 0xb, 0xf2, 0x0, 0xe, 0xf0, 0x9a, 0xdf,
    0x90, 0xaf, 0xf9, 0x0,

    /* U+004B "K" */
    0xaf, 0x40, 0x2, 0xff, 0x2a, 0xf4, 0x0, 0xdf,
    0x60, 0xaf, 0x40, 0x8f, 0xa0, 0xa, 0xf4, 0x4f,
    0xd0, 0x0, 0xaf, 0x5e, 0xf3, 0x0, 0xa, 0xfe,
    0xfe, 0x0, 0x0, 0xaf, 0xfd, 0xf8, 0x0, 0xa,
    0xf7, 0x2f, 0xf2, 0x0, 0xaf, 0x40, 0x8f, 0xb0,
    0xa, 0xf4, 0x0, 0xef, 0x50, 0xaf, 0x40, 0x5,
    0xfe, 0xa, 0xf4, 0x0, 0xb, 0xf8,

    /* U+004C "L" */
    0xaf, 0x40, 0x0, 0xa, 0xf4, 0x0, 0x0, 0xaf,
    0x40, 0x0, 0xa, 0xf4, 0x0, 0x0, 0xaf, 0x40,
    0x0, 0xa, 0xf4, 0x0, 0x0, 0xaf, 0x40, 0x0,
    0xa, 0xf4, 0x0, 0x0, 0xaf, 0x40, 0x0, 0xa,
    0xf4, 0x0, 0x0, 0xaf, 0xb9, 0x99, 0x4a, 0xff,
    0xff, 0xf8,

    /* U+004D "M" */
    0xaf, 0xf2, 0x0, 0x0, 0x5, 0xff, 0x6a, 0xff,
    0x80, 0x0, 0x0, 0xbf, 0xf6, 0xaf, 0xde, 0x0,
    0x0, 0x1f, 0xdf, 0x6a, 0xf8, 0xf4, 0x0, 0x6,
    0xf7, 0xf6, 0xaf, 0x2f, 0xa0, 0x0, 0xcd, 0x4f,
    0x6a, 0xf1, 0xbf, 0x0, 0x2f, 0x74, 0xf6, 0xaf,
    0x15, 0xf6, 0x8, 0xf2, 0x4f, 0x6a, 0xf1, 0xe,
    0xc0, 0xdc, 0x4, 0xf6, 0xaf, 0x10, 0x9f, 0x4f,
    0x60, 0x4f, 0x6a, 0xf1, 0x3, 0xfe, 0xf1, 0x4,
    0xf6, 0xaf, 0x10, 0xd, 0xfa, 0x0, 0x4f, 0x6a,
    0xf1, 0x0, 0x7f, 0x50, 0x4, 0xf6,

    /* U+004E "N" */
    0xaf, 0xe0, 0x0, 0x0, 0xde, 0xaf, 0xf8, 0x0,
    0x0, 0xde, 0xaf, 0xdf, 0x10, 0x0, 0xde, 0xaf,
    0x5f, 0xa0, 0x0, 0xde, 0xaf, 0x1b, 0xf3, 0x0,
    0xde, 0xaf, 0x12, 0xfc, 0x0, 0xde, 0xaf, 0x10,
    0x8f, 0x60, 0xde, 0xaf, 0x10, 0x1e, 0xe0, 0xce,
    0xaf, 0x10, 0x6, 0xf8, 0xce, 0xaf, 0x10, 0x0,
    0xdf, 0xde, 0xaf, 0x10, 0x0, 0x4f, 0xfe, 0xaf,
    0x10, 0x0, 0xb, 0xfe,

    /* U+004F "O" */
    0x0, 0x6, 0xcf, 0xfd, 0x70, 0x0, 0x0, 0xbf,
    0xea, 0xae, 0xfc, 0x0, 0x7, 0xfc, 0x0, 0x0,
    0xbf, 0x80, 0xe, 0xf3, 0x0, 0x0, 0x1f, 0xf0,
    0x1f, 0xd0, 0x0, 0x0, 0xc, 0xf3, 0x3f, 0xb0,
    0x0, 0x0, 0xa, 0xf4, 0x3f, 0xb0, 0x0, 0x0,
    0x9, 0xf4, 0x1f, 0xd0, 0x0, 0x0, 0xb, 0xf3,
    0xd, 0xf3, 0x0, 0x0, 0x1f, 0xe0, 0x7, 0xfc,
    0x0, 0x0, 0xaf, 0x70, 0x0, 0xbf, 0xea, 0xae,
    0xfb, 0x0, 0x0, 0x6, 0xcf, 0xfc, 0x60, 0x0,

    /* U+0050 "P" */
    0xaf, 0xff, 0xeb, 0x30, 0xaf, 0x97, 0x9f, 0xf4,
    0xaf, 0x40, 0x5, 0xfb, 0xaf, 0x40, 0x1, 0xfd,
    0xaf, 0x40, 0x3, 0xfb, 0xaf, 0x52, 0x4d, 0xf5,
    0xaf, 0xff, 0xff, 0x70, 0xaf, 0x74, 0x41, 0x0,
    0xaf, 0x40, 0x0, 0x0, 0xaf, 0x40, 0x0, 0x0,
    0xaf, 0x40, 0x0, 0x0, 0xaf, 0x40, 0x0, 0x0,

    /* U+0051 "Q" */
    0x0, 0x6, 0xcf, 0xfd, 0x70, 0x0, 0x0, 0xbf,
    0xea, 0xae, 0xfc, 0x0, 0x7, 0xfb, 0x0, 0x0,
    0xbf, 0x90, 0xe, 0xf2, 0x0, 0x0, 0x1f, 0xf0,
    0x1f, 0xd0, 0x0, 0x0, 0xc, 0xf3, 0x3f, 0xb0,
    0x0, 0x0, 0xa, 0xf5, 0x3f, 0xc0, 0x0, 0x0,
    0xa, 0xf4, 0x1f, 0xe0, 0x0, 0x0, 0xc, 0xf3,
    0xd, 0xf3, 0x0, 0x0, 0x1f, 0xe0, 0x6, 0xfd,
    0x10, 0x0, 0xbf, 0x70, 0x0, 0xaf, 0xfb, 0xbe,
    0xfa, 0x0, 0x0, 0x5, 0xbe, 0xfc, 0x50, 0x0,
    0x0, 0x0, 0x5, 0xf9, 0x0, 0x0, 0x0, 0x0,
    0x0, 0xdf, 0xa8, 0x20, 0x0, 0x0, 0x0, 0x2c,
    0xfe, 0x20,

    /* U+0052 "R" */
    0xaf, 0xff, 0xfd, 0x70, 0xa, 0xf9, 0x78, 0xdf,
    0x90, 0xaf, 0x40, 0x0, 0xef, 0x1a, 0xf4, 0x0,
    0xb, 0xf3, 0xaf, 0x40, 0x0, 0xdf, 0x1a, 0xf5,
    0x23, 0x9f, 0xb0, 0xaf, 0xff, 0xff, 0xb1, 0xa,
    0xf7, 0x5f, 0xe0, 0x0, 0xaf, 0x40, 0x7f, 0x80,
    0xa, 0xf4, 0x0, 0xdf, 0x30, 0xaf, 0x40, 0x4,
    0xfc, 0xa, 0xf4, 0x0, 0xb, 0xf6,

    /* U+0053 "S" */
    0x1, 0x9e, 0xfd, 0x60, 0x0, 0xbf, 0xa8, 0xdf,
    0x60, 0x1f, 0xb0, 0x1, 0xfa, 0x2, 0xfb, 0x0,
    0x0, 0x0, 0xe, 0xf9, 0x10, 0x0, 0x0, 0x3f,
    0xff, 0xc5, 0x0, 0x0, 0x17, 0xcf, 0xf8, 0x0,
    0x0, 0x0, 0x3f, 0xf0, 0x14, 0x10, 0x0, 0xaf,
    0x25, 0xf9, 0x0, 0xc, 0xf1, 0xd, 0xfb, 0x9c,
    0xfa, 0x0, 0x2a, 0xef, 0xd7, 0x0,

    /* U+0054 "T" */
    0xcf, 0xff, 0xff, 0xff, 0xa7, 0x99, 0xdf, 0xb9,
    0x96, 0x0, 0x8, 0xf5, 0x0, 0x0, 0x0, 0x8f,
    0x50, 0x0, 0x0, 0x8, 0xf5, 0x0, 0x0, 0x0,
    0x8f, 0x50, 0x0, 0x0, 0x8, 0xf5, 0x0, 0x0,
    0x0, 0x8f, 0x50, 0x0, 0x0, 0x8, 0xf5, 0x0,
    0x0, 0x0, 0x8f, 0x50, 0x0, 0x0, 0x8, 0xf5,
    0x0, 0x0, 0x0, 0x8f, 0x50, 0x0,

    /* U+0055 "U" */
    0xdf, 0x10, 0x0, 0xd, 0xf1, 0xdf, 0x10, 0x0,
    0xd, 0xf1, 0xdf, 0x10, 0x0, 0xd, 0xf1, 0xdf,
    0x10, 0x0, 0xd, 0xf1, 0xdf, 0x10, 0x0, 0xd,
    0xf1, 0xdf, 0x10, 0x0, 0xd, 0xf1, 0xdf, 0x10,
    0x0, 0xd, 0xf1, 0xdf, 0x10, 0x0, 0xd, 0xf0,
    0xbf, 0x40, 0x0, 0xf, 0xf0, 0x7f, 0xb0, 0x0,
    0x8f, 0xb0, 0x1e, 0xfd, 0xac, 0xff, 0x20, 0x1,
    0x9e, 0xfe, 0xa2, 0x0,

    /* U+0056 "V" */
    0xbf, 0x30, 0x0, 0x0, 0xef, 0x6, 0xf8, 0x0,
    0x0, 0x4f, 0xa0, 0x1f, 0xd0, 0x0, 0x8, 0xf5,
    0x0, 0xbf, 0x20, 0x0, 0xdf, 0x0, 0x6, 0xf7,
    0x0, 0x2f, 0xa0, 0x0, 0x1f, 0xc0, 0x7, 0xf5,
    0x0, 0x0, 0xbf, 0x10, 0xcf, 0x0, 0x0, 0x6,
    0xf5, 0x1f, 0xa0, 0x0, 0x0, 0x1f, 0xa5, 0xf5,
    0x0, 0x0, 0x0, 0xbe, 0xaf, 0x0, 0x0, 0x0,
    0x6, 0xff, 0xa0, 0x0, 0x0, 0x0, 0x1f, 0xf5,
    0x0, 0x0,

    /* U+0057 "W" */
    0xcf, 0x20, 0x0, 0x4f, 0xc0, 0x0, 0xb, 0xf3,
    0x8f, 0x60, 0x0, 0x9f, 0xf0, 0x0, 0xe, 0xf0,
    0x4f, 0xa0, 0x0, 0xdc, 0xf4, 0x0, 0x2f, 0xb0,
    0xf, 0xd0, 0x1, 0xf7, 0xf8, 0x0, 0x6f, 0x70,
    0xc, 0xf1, 0x5, 0xf3, 0xcc, 0x0, 0xaf, 0x30,
    0x8, 0xf4, 0x9, 0xf0, 0x8f, 0x0, 0xdf, 0x0,
    0x4, 0xf8, 0xd, 0xb0, 0x4f, 0x41, 0xfb, 0x0,
    0x0, 0xfc, 0x1f, 0x60, 0xf, 0x85, 0xf7, 0x0,
    0x0, 0xcf, 0x5f, 0x20, 0xc, 0xc8, 0xf3, 0x0,
    0x0, 0x8f, 0xbe, 0x0, 0x7, 0xfc, 0xe0, 0x0,
    0x0, 0x4f, 0xfa, 0x0, 0x3, 0xff, 0xb0, 0x0,
    0x0, 0xf, 0xf6, 0x0, 0x0, 0xff, 0x70, 0x0,

    /* U+0058 "X" */
    0x6, 0xf9, 0x0, 0x0, 0xbf, 0x40, 0xc, 0xf3,
    0x0, 0x4f, 0xb0, 0x0, 0x2f, 0xc0, 0xd, 0xf2,
    0x0, 0x0, 0x8f, 0x67, 0xf8, 0x0, 0x0, 0x0,
    0xde, 0xfe, 0x0, 0x0, 0x0, 0x5, 0xff, 0x50,
    0x0, 0x0, 0x0, 0xaf, 0xfa, 0x0, 0x0, 0x0,
    0x4f, 0xab, 0xf4, 0x0, 0x0, 0xd, 0xf1, 0x2f,
    0xd0, 0x0, 0x7, 0xf7, 0x0, 0x8f, 0x70, 0x2,
    0xfd, 0x0, 0x0, 0xef, 0x10, 0xbf, 0x40, 0x0,
    0x5, 0xfa,

    /* U+0059 "Y" */
    0xbf, 0x40, 0x0, 0xf, 0xe0, 0x3f, 0xc0, 0x0,
    0x8f, 0x70, 0xb, 0xf4, 0x0, 0xee, 0x0, 0x2,
    0xfc, 0x7, 0xf6, 0x0, 0x0, 0xaf, 0x5e, 0xd0,
    0x0, 0x0, 0x2f, 0xff, 0x50, 0x0, 0x0, 0x9,
    0xfd, 0x0, 0x0, 0x0, 0x5, 0xf9, 0x0, 0x0,
    0x0, 0x5, 0xf9, 0x0, 0x0, 0x0, 0x5, 0xf9,
    0x0, 0x0, 0x0, 0x5, 0xf9, 0x0, 0x0, 0x0,
    0x5, 0xf9, 0x0, 0x0,

    /* U+005A "Z" */
    0xf, 0xff, 0xff, 0xff, 0x90, 0x99, 0x99, 0x9d,
    0xf7, 0x0, 0x0, 0x2, 0xfd, 0x0, 0x0, 0x0,
    0xcf, 0x30, 0x0, 0x0, 0x7f, 0x80, 0x0, 0x0,
    0x2f, 0xd0, 0x0, 0x0, 0xc, 0xf3, 0x0, 0x0,
    0x8, 0xf8, 0x0, 0x0, 0x3, 0xfd, 0x0, 0x0,
    0x0, 0xdf, 0x30, 0x0, 0x0, 0x7f, 0xe9, 0x99,
    0x99, 0x99, 0xff, 0xff, 0xff, 0xff,

    /* U+005B "[" */
    0xcf, 0xff, 0x2c, 0xe5, 0x50, 0xce, 0x0, 0xc,
    0xe0, 0x0, 0xce, 0x0, 0xc, 0xe0, 0x0, 0xce,
    0x0, 0xc, 0xe0, 0x0, 0xce, 0x0, 0xc, 0xe0,
    0x0, 0xce, 0x0, 0xc, 0xe0, 0x0, 0xce, 0x0,
    0xc, 0xe5, 0x50, 0xcf, 0xff, 0x20,

    /* U+005C "\\" */
    0xce, 0x0, 0x0, 0x6, 0xf5, 0x0, 0x0, 0x1f,
    0xb0, 0x0, 0x0, 0xaf, 0x20, 0x0, 0x4, 0xf8,
    0x0, 0x0, 0xd, 0xe0, 0x0, 0x0, 0x7f, 0x50,
    0x0, 0x1, 0xfb, 0x0, 0x0, 0xb, 0xf1, 0x0,
    0x0, 0x4f, 0x70, 0x0, 0x0, 0xee, 0x0, 0x0,
    0x8, 0xf4,

    /* U+005D "]" */
    0xbf, 0xff, 0x43, 0x5a, 0xf4, 0x0, 0x7f, 0x40,
    0x7, 0xf4, 0x0, 0x7f, 0x40, 0x7, 0xf4, 0x0,
    0x7f, 0x40, 0x7, 0xf4, 0x0, 0x7f, 0x40, 0x7,
    0xf4, 0x0, 0x7f, 0x40, 0x7, 0xf4, 0x0, 0x7f,
    0x43, 0x5a, 0xf4, 0xbf, 0xff, 0x40,

    /* U+005E "^" */
    0x0, 0x4, 0x85, 0x0, 0x0, 0x0, 0xee, 0xf0,
    0x0, 0x0, 0x5f, 0x3f, 0x60, 0x0, 0xb, 0xb0,
    0xad, 0x0, 0x2, 0xf4, 0x3, 0xf4, 0x0, 0x9d,
    0x0, 0xc, 0xa0, 0xf, 0x70, 0x0, 0x6f, 0x16,
    0xf1, 0x0, 0x0, 0xe8,

    /* U+005F "_" */
    0x1c, 0xcc, 0xcc, 0xc9,

    /* U+0060 "`" */
    0x57, 0x10, 0x1d, 0xc0, 0x0, 0xb9,

    /* U+0061 "a" */
    0x1, 0xae, 0xfc, 0x20, 0xa, 0xf7, 0x6f, 0xd0,
    0x4, 0x70, 0xa, 0xf2, 0x0, 0x0, 0x8, 0xf4,
    0x3, 0xbd, 0xef, 0xf4, 0x2f, 0xe4, 0x29, 0xf4,
    0x5f, 0x80, 0xa, 0xf4, 0x3f, 0xc3, 0x6f, 0xf4,
    0x7, 0xef, 0xa8, 0xf4,

    /* U+0062 "b" */
    0xdf, 0x0, 0x0, 0x0, 0xdf, 0x0, 0x0, 0x0,
    0xdf, 0x0, 0x0, 0x0, 0xdf, 0x3c, 0xfd, 0x60,
    0xdf, 0xd8, 0x7e, 0xf3, 0xdf, 0x60, 0x4, 0xfa,
    0xdf, 0x10, 0x0, 0xfd, 0xdf, 0x0, 0x0, 0xfe,
    0xdf, 0x0, 0x0, 0xfd, 0xdf, 0x50, 0x4, 0xfa,
    0xdf, 0xd8, 0x7e, 0xf3, 0xde, 0x3d, 0xfd, 0x50,

    /* U+0063 "c" */
    0x0, 0x9e, 0xfb, 0x20, 0x8, 0xfa, 0x7f, 0xe0,
    0xf, 0xc0, 0x8, 0xc2, 0x3f, 0x80, 0x0, 0x0,
    0x4f, 0x80, 0x0, 0x0, 0x3f, 0x90, 0x0, 0x0,
    0x1f, 0xc0, 0x9, 0xe2, 0x9, 0xfa, 0x7f, 0xd0,
    0x0, 0x9e, 0xfb, 0x20,

    /* U+0064 "d" */
    0x0, 0x0, 0x0, 0x5f, 0x70, 0x0, 0x0, 0x5,
    0xf7, 0x0, 0x0, 0x0, 0x5f, 0x70, 0x9, 0xef,
    0xa6, 0xf7, 0x8, 0xfc, 0x7b, 0xef, 0x70, 0xfe,
    0x0, 0xc, 0xf7, 0x3f, 0xa0, 0x0, 0x6f, 0x74,
    0xf9, 0x0, 0x5, 0xf7, 0x4f, 0xa0, 0x0, 0x6f,
    0x71, 0xfd, 0x0, 0xa, 0xf7, 0xa, 0xfa, 0x48,
    0xef, 0x70, 0x9, 0xff, 0xa5, 0xf7,

    /* U+0065 "e" */
    0x0, 0x7e, 0xfd, 0x40, 0x8, 0xfa, 0x6d, 0xf2,
    0xf, 0xe0, 0x3, 0xf9, 0x3f, 0xa0, 0x0, 0xfd,
    0x4f, 0xff, 0xff, 0xfe, 0x2f, 0xb3, 0x33, 0x33,
    0xf, 0xd0, 0x0, 0x61, 0x8, 0xfb, 0x6a, 0xf7,
    0x0, 0x8e, 0xfd, 0x60,

    /* U+0066 "f" */
    0x0, 0x7e, 0xf9, 0x1, 0xfd, 0x53, 0x3, 0xf9,
    0x0, 0x9f, 0xff, 0xf5, 0x38, 0xfc, 0x62, 0x3,
    0xf9, 0x0, 0x3, 0xf9, 0x0, 0x3, 0xf9, 0x0,
    0x3, 0xf9, 0x0, 0x3, 0xf9, 0x0, 0x3, 0xf9,
    0x0, 0x3, 0xf9, 0x0,

    /* U+0067 "g" */
    0x0, 0x9e, 0xf9, 0x4f, 0x70, 0x9f, 0xc7, 0xad,
    0xf7, 0x1f, 0xe0, 0x0, 0xbf, 0x73, 0xfa, 0x0,
    0x6, 0xf7, 0x4f, 0x90, 0x0, 0x5f, 0x73, 0xfa,
    0x0, 0x6, 0xf7, 0x1f, 0xe0, 0x0, 0xbf, 0x70,
    0xaf, 0xc7, 0xbd, 0xf7, 0x1, 0xaf, 0xe9, 0x5f,
    0x60, 0x35, 0x0, 0x9, 0xf4, 0xa, 0xfa, 0x69,
    0xfc, 0x0, 0x9, 0xef, 0xe9, 0x0,

    /* U+0068 "h" */
    0xdf, 0x0, 0x0, 0x0, 0xdf, 0x0, 0x0, 0x0,
    0xdf, 0x0, 0x0, 0x0, 0xdf, 0x2c, 0xfc, 0x30,
    0xdf, 0xdb, 0xcf, 0xd0, 0xdf, 0x60, 0xc, 0xf2,
    0xdf, 0x10, 0x9, 0xf3, 0xdf, 0x0, 0x8, 0xf4,
    0xdf, 0x0, 0x8, 0xf4, 0xdf, 0x0, 0x8, 0xf4,
    0xdf, 0x0, 0x8, 0xf4, 0xdf, 0x0, 0x8, 0xf4,

    /* U+0069 "i" */
    0xdf, 0x89, 0x0, 0xdf, 0xdf, 0xdf, 0xdf, 0xdf,
    0xdf, 0xdf, 0xdf, 0xdf,

    /* U+006A "j" */
    0x0, 0xdf, 0x0, 0x89, 0x0, 0x0, 0x0, 0xdf,
    0x0, 0xdf, 0x0, 0xdf, 0x0, 0xdf, 0x0, 0xdf,
    0x0, 0xdf, 0x0, 0xdf, 0x0, 0xdf, 0x0, 0xdf,
    0x0, 0xdf, 0x17, 0xfd, 0x4f, 0xe4,

    /* U+006B "k" */
    0xdf, 0x0, 0x0, 0x0, 0xdf, 0x0, 0x0, 0x0,
    0xdf, 0x0, 0x0, 0x0, 0xdf, 0x0, 0x3f, 0xc0,
    0xdf, 0x1, 0xee, 0x10, 0xdf, 0xc, 0xf3, 0x0,
    0xdf, 0x9f, 0x60, 0x0, 0xdf, 0xff, 0x90, 0x0,
    0xdf, 0x5c, 0xf3, 0x0, 0xdf, 0x3, 0xfd, 0x0,
    0xdf, 0x0, 0x9f, 0x70, 0xdf, 0x0, 0x1e, 0xf2,

    /* U+006C "l" */
    0xdf, 0xdf, 0xdf, 0xdf, 0xdf, 0xdf, 0xdf, 0xdf,
    0xdf, 0xdf, 0xdf, 0xdf,

    /* U+006D "m" */
    0xdd, 0x3c, 0xfc, 0x23, 0xcf, 0xc2, 0xd, 0xfc,
    0x69, 0xfd, 0xd6, 0x9f, 0xb0, 0xdf, 0x40, 0xe,
    0xf5, 0x0, 0xef, 0xd, 0xf0, 0x0, 0xcf, 0x10,
    0xb, 0xf1, 0xdf, 0x0, 0xc, 0xf0, 0x0, 0xbf,
    0x1d, 0xf0, 0x0, 0xcf, 0x0, 0xb, 0xf1, 0xdf,
    0x0, 0xc, 0xf0, 0x0, 0xbf, 0x1d, 0xf0, 0x0,
    0xcf, 0x0, 0xb, 0xf1, 0xdf, 0x0, 0xc, 0xf0,
    0x0, 0xbf, 0x10,

    /* U+006E "n" */
    0xdd, 0x2c, 0xfc, 0x30, 0xdf, 0xc6, 0x8f, 0xd0,
    0xdf, 0x50, 0xb, 0xf2, 0xdf, 0x0, 0x9, 0xf3,
    0xdf, 0x0, 0x8, 0xf4, 0xdf, 0x0, 0x8, 0xf4,
    0xdf, 0x0, 0x8, 0xf4, 0xdf, 0x0, 0x8, 0xf4,
    0xdf, 0x0, 0x8, 0xf4,

    /* U+006F "o" */
    0x0, 0x6d, 0xfe, 0xb2, 0x0, 0x7f, 0xd7, 0x8f,
    0xf2, 0xf, 0xe0, 0x0, 0x6f, 0x93, 0xfa, 0x0,
    0x1, 0xfc, 0x4f, 0x90, 0x0, 0xf, 0xd3, 0xfa,
    0x0, 0x1, 0xfc, 0xf, 0xf0, 0x0, 0x7f, 0x80,
    0x7f, 0xd7, 0x9f, 0xe1, 0x0, 0x6d, 0xfe, 0xa2,
    0x0,

    /* U+0070 "p" */
    0xde, 0x3c, 0xfd, 0x60, 0xdf, 0xd6, 0x5d, 0xf3,
    0xdf, 0x50, 0x3, 0xfa, 0xdf, 0x0, 0x0, 0xfd,
    0xdf, 0x0, 0x0, 0xfe, 0xdf, 0x10, 0x0, 0xfd,
    0xdf, 0x60, 0x5, 0xfa, 0xdf, 0xe8, 0x8e, 0xf2,
    0xdf, 0x3d, 0xfd, 0x40, 0xdf, 0x0, 0x0, 0x0,
    0xdf, 0x0, 0x0, 0x0, 0xdf, 0x0, 0x0, 0x0,

    /* U+0071 "q" */
    0x0, 0x9e, 0xfa, 0x4f, 0x70, 0x8f, 0xc7, 0xbd,
    0xf7, 0xf, 0xe0, 0x0, 0xbf, 0x73, 0xfa, 0x0,
    0x6, 0xf7, 0x4f, 0x90, 0x0, 0x5f, 0x73, 0xfa,
    0x0, 0x6, 0xf7, 0x1f, 0xe0, 0x0, 0xcf, 0x70,
    0x9f, 0xc7, 0xbe, 0xf7, 0x0, 0xaf, 0xfa, 0x6f,
    0x70, 0x0, 0x0, 0x5, 0xf7, 0x0, 0x0, 0x0,
    0x5f, 0x70, 0x0, 0x0, 0x5, 0xf7,

    /* U+0072 "r" */
    0x0, 0x0, 0xd, 0xd3, 0xeb, 0xde, 0xd8, 0x5d,
    0xf6, 0x0, 0xdf, 0x10, 0xd, 0xf0, 0x0, 0xdf,
    0x0, 0xd, 0xf0, 0x0, 0xdf, 0x0, 0xd, 0xf0,
    0x0,

    /* U+0073 "s" */
    0x5, 0xdf, 0xd4, 0x1, 0xfb, 0x5c, 0xf0, 0x4f,
    0x60, 0x11, 0x2, 0xfe, 0x72, 0x0, 0x6, 0xef,
    0xf9, 0x0, 0x0, 0x4d, 0xf4, 0x14, 0x0, 0x5f,
    0x56, 0xf8, 0x4b, 0xf2, 0x9, 0xef, 0xd5, 0x0,

    /* U+0074 "t" */
    0x0, 0x72, 0x0, 0x4, 0xf5, 0x0, 0xaf, 0xff,
    0xf4, 0x4a, 0xf9, 0x61, 0x7, 0xf5, 0x0, 0x7,
    0xf5, 0x0, 0x7, 0xf5, 0x0, 0x7, 0xf5, 0x0,
    0x7, 0xf5, 0x0, 0x5, 0xfd, 0x72, 0x0, 0xaf,
    0xd4,

    /* U+0075 "u" */
    0xee, 0x0, 0xa, 0xf2, 0xee, 0x0, 0xa, 0xf2,
    0xee, 0x0, 0xa, 0xf2, 0xee, 0x0, 0xa, 0xf2,
    0xee, 0x0, 0xa, 0xf2, 0xee, 0x0, 0xb, 0xf2,
    0xcf, 0x10, 0xe, 0xf2, 0x8f, 0xb5, 0xbd, 0xf2,
    0xa, 0xfe, 0x68, 0xf3,

    /* U+0076 "v" */
    0xdf, 0x10, 0x0, 0xee, 0x7, 0xf5, 0x0, 0x3f,
    0x90, 0x2f, 0xa0, 0x8, 0xf4, 0x0, 0xde, 0x0,
    0xde, 0x0, 0x8, 0xf3, 0x2f, 0x90, 0x0, 0x3f,
    0x86, 0xf4, 0x0, 0x0, 0xdc, 0xbe, 0x0, 0x0,
    0x8, 0xff, 0x90, 0x0, 0x0, 0x3f, 0xf4, 0x0,
    0x0,

    /* U+0077 "w" */
    0xde, 0x0, 0xf, 0xf1, 0x0, 0xdd, 0x9f, 0x20,
    0x4f, 0xf5, 0x0, 0xf9, 0x5f, 0x50, 0x8d, 0xd9,
    0x4, 0xf5, 0x1f, 0x90, 0xca, 0x9d, 0x7, 0xf1,
    0xd, 0xc0, 0xf6, 0x6f, 0x1b, 0xd0, 0x9, 0xf4,
    0xf2, 0x2f, 0x5e, 0x90, 0x5, 0xfb, 0xe0, 0xe,
    0xaf, 0x50, 0x1, 0xff, 0xa0, 0xa, 0xff, 0x10,
    0x0, 0xdf, 0x60, 0x6, 0xfd, 0x0,

    /* U+0078 "x" */
    0x7f, 0x60, 0x7, 0xf7, 0xd, 0xf1, 0x1f, 0xc0,
    0x3, 0xf9, 0xaf, 0x30, 0x0, 0x9f, 0xf8, 0x0,
    0x0, 0x3f, 0xf2, 0x0, 0x0, 0xbe, 0xfb, 0x0,
    0x5, 0xf6, 0x7f, 0x50, 0x1e, 0xd0, 0xd, 0xe1,
    0xaf, 0x40, 0x4, 0xfa,

    /* U+0079 "y" */
    0xd, 0xf1, 0x0, 0xe, 0xf0, 0x7, 0xf6, 0x0,
    0x3f, 0x90, 0x1, 0xfb, 0x0, 0x8f, 0x40, 0x0,
    0xbf, 0x10, 0xde, 0x0, 0x0, 0x5f, 0x52, 0xf8,
    0x0, 0x0, 0xf, 0xa7, 0xf3, 0x0, 0x0, 0x9,
    0xfc, 0xd0, 0x0, 0x0, 0x4, 0xff, 0x70, 0x0,
    0x0, 0x0, 0xef, 0x20, 0x0, 0x0, 0x3, 0xfb,
    0x0, 0x0, 0x2, 0x8e, 0xf3, 0x0, 0x0, 0x4,
    0xfd, 0x50, 0x0, 0x0,

    /* U+007A "z" */
    0x4f, 0xff, 0xff, 0xc0, 0x16, 0x66, 0xaf, 0xa0,
    0x0, 0x1, 0xee, 0x10, 0x0, 0xa, 0xf4, 0x0,
    0x0, 0x6f, 0x90, 0x0, 0x2, 0xfd, 0x0, 0x0,
    0xc, 0xf3, 0x0, 0x0, 0x7f, 0xc6, 0x66, 0x60,
    0x9f, 0xff, 0xff, 0xf2,

    /* U+007B "{" */
    0x0, 0x4d, 0xf2, 0x0, 0xef, 0x60, 0x1, 0xf9,
    0x0, 0x2, 0xf8, 0x0, 0x2, 0xf8, 0x0, 0x3,
    0xf8, 0x0, 0x2a, 0xf4, 0x0, 0xef, 0x70, 0x0,
    0x4c, 0xf2, 0x0, 0x3, 0xf8, 0x0, 0x2, 0xf8,
    0x0, 0x2, 0xf8, 0x0, 0x1, 0xf9, 0x0, 0x0,
    0xef, 0x60, 0x0, 0x4d, 0xf2,

    /* U+007C "|" */
    0x9f, 0x19, 0xf1, 0x9f, 0x19, 0xf1, 0x9f, 0x19,
    0xf1, 0x9f, 0x19, 0xf1, 0x9f, 0x19, 0xf1, 0x9f,
    0x19, 0xf1, 0x9f, 0x19, 0xf1, 0x9f, 0x10,

    /* U+007D "}" */
    0xde, 0x80, 0x0, 0x5c, 0xf3, 0x0, 0x5, 0xf6,
    0x0, 0x4, 0xf6, 0x0, 0x4, 0xf6, 0x0, 0x3,
    0xf7, 0x0, 0x0, 0xed, 0x30, 0x0, 0x3f, 0xf2,
    0x0, 0xde, 0x60, 0x3, 0xf8, 0x0, 0x4, 0xf6,
    0x0, 0x4, 0xf6, 0x0, 0x5, 0xf6, 0x0, 0x4c,
    0xf3, 0x0, 0xde, 0x80, 0x0,

    /* U+007E "~" */
    0x0, 0x10, 0x0, 0x0, 0x4, 0xef, 0xfb, 0x62,
    0x47, 0x78, 0x57, 0xcf, 0xff, 0x80, 0x0, 0x0,
    0x14, 0x20,

    /* U+4E2D "中" */
    0x0, 0x0, 0x0, 0x65, 0x0, 0x0, 0x0, 0x0,
    0x0, 0xf, 0xb0, 0x0, 0x0, 0x0, 0x0, 0x0,
    0xe9, 0x0, 0x0, 0x0, 0x65, 0x44, 0x4f, 0xa4,
    0x44, 0x54, 0xf, 0xff, 0xff, 0xff, 0xff, 0xff,
    0x90, 0xe8, 0x0, 0xe, 0x90, 0x0, 0xe8, 0xe,
    0x80, 0x0, 0xe9, 0x0, 0xe, 0x80, 0xe8, 0x0,
    0xe, 0x90, 0x0, 0xe8, 0xe, 0xa4, 0x44, 0xfa,
    0x44, 0x4f, 0x80, 0xff, 0xff, 0xff, 0xff, 0xff,
    0xf8, 0xf, 0x90, 0x0, 0xe9, 0x0, 0xb, 0x70,
    0x0, 0x0, 0xe, 0x90, 0x0, 0x0, 0x0, 0x0,
    0x0, 0xe9, 0x0, 0x0, 0x0, 0x0, 0x0, 0xf,
    0x90, 0x0, 0x0, 0x0, 0x0, 0x0, 0xf9, 0x0,
    0x0, 0x0,

    /* U+4EAE "亮" */
    0x0, 0x0, 0x1, 0x10, 0x0, 0x0, 0x0, 0x0,
    0x0, 0xc, 0xe6, 0x0, 0x0, 0x0, 0x43, 0x33,
    0x35, 0xde, 0x43, 0x33, 0x40, 0xcf, 0xff, 0xff,
    0xff, 0xff, 0xff, 0xf2, 0x0, 0x5a, 0xaa, 0xaa,
    0xaa, 0xb2, 0x0, 0x0, 0x7f, 0x55, 0x55, 0x58,
    0xf2, 0x0, 0x0, 0x7f, 0xff, 0xff, 0xff, 0xf2,
    0x0, 0x33, 0x57, 0x66, 0x66, 0x66, 0x84, 0x32,
    0xaf, 0xff, 0xff, 0xff, 0xff, 0xff, 0xf6, 0xac,
    0x11, 0x43, 0x22, 0x33, 0x12, 0xf5, 0xbd, 0x0,
    0xff, 0xff, 0xf9, 0x2, 0xf6, 0x0, 0x0, 0xf8,
    0x11, 0xe8, 0x0, 0x0, 0x0, 0x5, 0xf6, 0x0,
    0xe8, 0x0, 0xc7, 0x24, 0x9f, 0xe0, 0x0, 0xeb,
    0x58, 0xf8, 0x9f, 0xe9, 0x10, 0x0, 0x9e, 0xfe,
    0xa0, 0x13, 0x0, 0x0, 0x0, 0x0, 0x0, 0x0,

    /* U+5173 "关" */
    0x0, 0x0, 0x0, 0x0, 0x0, 0x0, 0x0, 0x0,
    0x7, 0x90, 0x0, 0x0, 0x9b, 0x10, 0x0, 0x0,
    0x6f, 0xe3, 0x0, 0x2f, 0xb1, 0x0, 0x0, 0x0,
    0x1c, 0xf2, 0xd, 0xd0, 0x0, 0x0, 0x5, 0x44,
    0x48, 0x49, 0xf6, 0x44, 0x60, 0x0, 0xff, 0xff,
    0xff, 0xff, 0xff, 0xff, 0x0, 0x0, 0x0, 0x0,
    0xe8, 0x0, 0x0, 0x0, 0x0, 0x0, 0x0, 0xf,
    0x80, 0x0, 0x0, 0x0, 0x7f, 0xff, 0xff, 0xff,
    0xff, 0xff, 0xfe, 0x2, 0x44, 0x44, 0x8f, 0xf9,
    0x44, 0x44, 0x50, 0x0, 0x0, 0xd, 0xda, 0xf2,
    0x0, 0x0, 0x0, 0x0, 0xa, 0xf4, 0x1e, 0xf4,
    0x0, 0x0, 0x0, 0x3d, 0xf6, 0x0, 0x2e, 0xfb,
    0x30, 0x7, 0xdf, 0xe3, 0x0, 0x0, 0x1b, 0xff,
    0xe4, 0x5e, 0x70, 0x0, 0x0, 0x0, 0x4, 0xba,
    0x0, 0x0, 0x0, 0x0, 0x0, 0x0, 0x0, 0x0,

    /* U+5185 "内" */
    0x0, 0x0, 0x0, 0x10, 0x0, 0x0, 0x0, 0x0,
    0x0, 0x0, 0xfe, 0x0, 0x0, 0x0, 0x0, 0x0,
    0x0, 0xea, 0x0, 0x0, 0x0, 0x6, 0x55, 0x55,
    0xeb, 0x55, 0x55, 0x60, 0x1f, 0xff, 0xff, 0xff,
    0xff, 0xff, 0xf0, 0xf, 0x70, 0x0, 0xf9, 0x0,
    0x9, 0xe0, 0xf, 0x70, 0x2, 0xf9, 0x0, 0x9,
    0xe0, 0xf, 0x70, 0x7, 0xff, 0x60, 0x9, 0xe0,
    0xf, 0x70, 0xd, 0xdc, 0xf4, 0x9, 0xe0, 0xf,
    0x70, 0x9f, 0x51, 0xef, 0x29, 0xe0, 0xf, 0x79,
    0xfa, 0x0, 0x4f, 0xd9, 0xe0, 0xf, 0x9e, 0xa0,
    0x0, 0x7, 0x29, 0xe0, 0xf, 0x70, 0x0, 0x0,
    0x0, 0x9, 0xe0, 0xf, 0x80, 0x0, 0x0, 0x38,
    0x8e, 0xd0, 0x1f, 0x90, 0x0, 0x0, 0x2f, 0xfd,
    0x40, 0x0, 0x0, 0x0, 0x0, 0x2, 0x0, 0x0,

    /* U+52A8 "动" */
    0x0, 0x0, 0x0, 0x0, 0x2, 0x85, 0x0, 0x0,
    0x0, 0x0, 0x0, 0x0, 0x3f, 0x70, 0x0, 0x9,
    0xee, 0xee, 0xea, 0x3, 0xf5, 0x0, 0x0, 0x46,
    0x55, 0x55, 0x40, 0x3f, 0x50, 0x1, 0x0, 0x0,
    0x0, 0x5, 0xde, 0xfe, 0xef, 0xa0, 0x0, 0x0,
    0x0, 0x49, 0x9f, 0x85, 0xe9, 0x4e, 0xdd, 0xdd,
    0xef, 0x4, 0xf3, 0xe, 0x82, 0x65, 0xcf, 0x85,
    0x60, 0x5f, 0x20, 0xe8, 0x0, 0xf, 0x93, 0x10,
    0x7, 0xf1, 0xf, 0x70, 0x7, 0xf3, 0xf9, 0x0,
    0xae, 0x0, 0xf6, 0x0, 0xe9, 0x8, 0xf1, 0xe,
    0xa0, 0xf, 0x60, 0xbf, 0x99, 0xbf, 0x95, 0xf5,
    0x1, 0xf5, 0xd, 0xfc, 0xa8, 0xbf, 0xdd, 0x0,
    0x2f, 0x50, 0x10, 0x0, 0x2, 0xdf, 0x54, 0x8b,
    0xf3, 0x0, 0x0, 0x0, 0x8f, 0x80, 0xf, 0xc6,
    0x0, 0x0, 0x0, 0x0, 0x30, 0x0, 0x0, 0x0,

    /* U+5355 "单" */
    0x0, 0x0, 0x63, 0x0, 0x0, 0x73, 0x0, 0x0,
    0x0, 0x0, 0xcf, 0x70, 0x2, 0xfb, 0x0, 0x0,
    0x0, 0x0, 0x9, 0xd1, 0xc, 0xd0, 0x0, 0x0,
    0x0, 0xf, 0xff, 0xff, 0xff, 0xff, 0xf3, 0x0,
    0x0, 0xe, 0xa3, 0x3a, 0xf3, 0x37, 0xf2, 0x0,
    0x0, 0xe, 0xa3, 0x3a, 0xf3, 0x37, 0xf2, 0x0,
    0x0, 0xe, 0xff, 0xff, 0xff, 0xff, 0xf2, 0x0,
    0x0, 0xe, 0x80, 0x9, 0xe0, 0x5, 0xf2, 0x0,
    0x0, 0xf, 0xff, 0xff, 0xff, 0xff, 0xf2, 0x0,
    0x0, 0x5, 0x44, 0x4a, 0xf4, 0x44, 0x41, 0x0,
    0x4, 0x33, 0x33, 0x3a, 0xf3, 0x33, 0x33, 0x40,
    0x2f, 0xff, 0xff, 0xff, 0xff, 0xff, 0xff, 0xf1,
    0x0, 0x0, 0x0, 0x9, 0xe0, 0x0, 0x0, 0x10,
    0x0, 0x0, 0x0, 0x9, 0xe0, 0x0, 0x0, 0x0,
    0x0, 0x0, 0x0, 0xa, 0xf0, 0x0, 0x0, 0x0,

    /* U+542F "启" */
    0x0, 0x0, 0x0, 0x25, 0x0, 0x0, 0x0, 0x0,
    0x0, 0x0, 0x8, 0xfd, 0x50, 0x0, 0x0, 0x0,
    0x0, 0x0, 0x2, 0xad, 0x0, 0x0, 0x0, 0x0,
    0x7f, 0xff, 0xff, 0xff, 0xff, 0x90, 0x0, 0x6,
    0xf4, 0x44, 0x44, 0x44, 0xf8, 0x0, 0x0, 0x6f,
    0x0, 0x0, 0x0, 0xe, 0x80, 0x0, 0x6, 0xfd,
    0xdd, 0xdd, 0xdd, 0xf9, 0x0, 0x0, 0x7f, 0x55,
    0x55, 0x55, 0x56, 0x50, 0x0, 0x8, 0xf1, 0x0,
    0x0, 0x0, 0x2, 0x0, 0x0, 0xad, 0xdf, 0xff,
    0xff, 0xff, 0xf0, 0x0, 0xe, 0x9b, 0xb3, 0x33,
    0x33, 0xad, 0x0, 0x3, 0xf4, 0xba, 0x0, 0x0,
    0x9, 0xd0, 0x0, 0xcd, 0xb, 0xa0, 0x0, 0x0,
    0x9d, 0x0, 0x9f, 0x40, 0xbf, 0xff, 0xff, 0xff,
    0xd0, 0x7, 0x70, 0xd, 0xc3, 0x33, 0x33, 0xbe,
    0x0, 0x0, 0x0, 0x22, 0x0, 0x0, 0x0, 0x0,

    /* U+56DE "回" */
    0x5, 0x43, 0x33, 0x33, 0x33, 0x34, 0x50, 0xff,
    0xff, 0xff, 0xff, 0xff, 0xff, 0xf, 0x80, 0x0,
    0x0, 0x0, 0x9, 0xe0, 0xf8, 0x5, 0x44, 0x44,
    0x50, 0x9e, 0xf, 0x81, 0xff, 0xff, 0xff, 0x9,
    0xe0, 0xf8, 0xf, 0x50, 0x8, 0xe0, 0x9e, 0xf,
    0x80, 0xf5, 0x0, 0x8e, 0x9, 0xe0, 0xf8, 0xf,
    0x50, 0x8, 0xe0, 0x9e, 0xf, 0x81, 0xff, 0xff,
    0xff, 0x9, 0xe0, 0xf8, 0x5, 0x44, 0x44, 0x50,
    0x9e, 0xf, 0x80, 0x0, 0x0, 0x0, 0x9, 0xe0,
    0xff, 0xff, 0xff, 0xff, 0xff, 0xfe, 0xf, 0xa4,
    0x44, 0x44, 0x44, 0x4b, 0xe0, 0xf9, 0x0, 0x0,
    0x0, 0x0, 0x34,

    /* U+56FE "图" */
    0x15, 0x44, 0x44, 0x44, 0x44, 0x44, 0x42, 0x3f,
    0xff, 0xff, 0xff, 0xff, 0xff, 0xf5, 0x2f, 0x40,
    0xd, 0xe2, 0x12, 0x23, 0xf4, 0x2f, 0x40, 0x9f,
    0xff, 0xff, 0x33, 0xf4, 0x2f, 0x5a, 0xfb, 0x47,
    0xf6, 0x3, 0xf4, 0x2f, 0x59, 0x6a, 0xff, 0x80,
    0x3, 0xf4, 0x2f, 0x40, 0x5d, 0xfe, 0xe8, 0x33,
    0xf4, 0x2f, 0xce, 0xfd, 0xd4, 0x8f, 0xfd, 0xf4,
    0x2f, 0x69, 0x32, 0xaf, 0xb1, 0x75, 0xf4, 0x2f,
    0x40, 0x1e, 0x84, 0x70, 0x3, 0xf4, 0x2f, 0x40,
    0x17, 0xef, 0x91, 0x3, 0xf4, 0x2f, 0x51, 0x11,
    0x17, 0xe4, 0x14, 0xf4, 0x2f, 0xff, 0xff, 0xff,
    0xff, 0xff, 0xf4, 0x3f, 0x61, 0x11, 0x11, 0x11,
    0x14, 0xc4,

    /* U+57CE "城" */
    0x0, 0x0, 0x0, 0x0, 0x0, 0x20, 0x0, 0x0,
    0x0, 0x7a, 0x20, 0x0, 0x2, 0xf9, 0xa3, 0x0,
    0x0, 0x8f, 0x0, 0x0, 0x1, 0xf5, 0xbf, 0x40,
    0x0, 0x8e, 0x0, 0x10, 0x1, 0xf5, 0xa, 0x40,
    0x0, 0x8e, 0x2, 0xff, 0xff, 0xff, 0xff, 0xf2,
    0x5f, 0xff, 0xf8, 0xf7, 0x22, 0xe9, 0x46, 0x30,
    0x15, 0xaf, 0x43, 0xf6, 0x0, 0xc9, 0x5f, 0x70,
    0x0, 0x8e, 0x0, 0xff, 0xff, 0xcb, 0x7f, 0x10,
    0x0, 0x8e, 0x1, 0xf8, 0x8f, 0x8e, 0xcc, 0x0,
    0x0, 0x8e, 0x27, 0xf4, 0x6f, 0x4f, 0xf6, 0x0,
    0x25, 0xbf, 0xfe, 0xf2, 0x7f, 0xf, 0xf0, 0x0,
    0x7f, 0xd7, 0x39, 0xed, 0xfc, 0x5f, 0xf1, 0x10,
    0x3, 0x0, 0x2f, 0x86, 0x65, 0xfb, 0xf8, 0xb2,
    0x0, 0x2, 0xde, 0x0, 0x8f, 0xb0, 0xaf, 0xf5,
    0x0, 0x3, 0xb3, 0x0, 0x6a, 0x0, 0x1b, 0xd0,
    0x0, 0x0, 0x0, 0x0, 0x0, 0x0, 0x0, 0x0,

    /* U+5929 "天" */
    0x0, 0x1, 0x0, 0x0, 0x0, 0x0, 0x0, 0x0,
    0x0, 0x7f, 0xff, 0xff, 0xff, 0xff, 0xf7, 0x0,
    0x0, 0x24, 0x33, 0x3d, 0xd3, 0x33, 0x42, 0x0,
    0x0, 0x0, 0x0, 0xc, 0xc0, 0x0, 0x0, 0x0,
    0x0, 0x0, 0x0, 0xd, 0xb0, 0x0, 0x0, 0x0,
    0x1, 0x0, 0x0, 0xe, 0xb0, 0x0, 0x1, 0x0,
    0xd, 0xff, 0xff, 0xff, 0xff, 0xff, 0xff, 0x30,
    0x4, 0x33, 0x33, 0x6f, 0xf6, 0x33, 0x34, 0x10,
    0x0, 0x0, 0x0, 0xaf, 0xfa, 0x0, 0x0, 0x0,
    0x0, 0x0, 0x2, 0xfa, 0x8f, 0x30, 0x0, 0x0,
    0x0, 0x0, 0xd, 0xf2, 0x1e, 0xd0, 0x0, 0x0,
    0x0, 0x1, 0xbf, 0x60, 0x4, 0xfc, 0x10, 0x0,
    0x0, 0x5e, 0xf7, 0x0, 0x0, 0x5f, 0xe5, 0x0,
    0x3e, 0xfe, 0x50, 0x0, 0x0, 0x4, 0xef, 0xd0,
    0x7, 0x91, 0x0, 0x0, 0x0, 0x0, 0x1a, 0x30,

    /* U+5934 "头" */
    0x0, 0x0, 0x0, 0x1, 0x30, 0x0, 0x0, 0x0,
    0x0, 0x51, 0x0, 0x4f, 0x80, 0x0, 0x0, 0x0,
    0x1f, 0xe6, 0x3, 0xf5, 0x0, 0x0, 0x0, 0x0,
    0x1a, 0xfb, 0x3f, 0x40, 0x0, 0x0, 0x0, 0x30,
    0x5, 0x73, 0xf4, 0x0, 0x0, 0x0, 0x2f, 0xc3,
    0x0, 0x4f, 0x30, 0x0, 0x0, 0x0, 0x4d, 0xf9,
    0x5, 0xf1, 0x0, 0x0, 0x0, 0x0, 0x8, 0x80,
    0x8f, 0x0, 0x0, 0x0, 0x65, 0x55, 0x55, 0x5c,
    0xe5, 0x55, 0x56, 0xf, 0xfe, 0xee, 0xef, 0xff,
    0xee, 0xef, 0xe0, 0x0, 0x0, 0x0, 0xaf, 0x44,
    0x0, 0x0, 0x0, 0x0, 0x0, 0x8f, 0x79, 0xf9,
    0x0, 0x0, 0x0, 0x2, 0xbf, 0x80, 0x7, 0xfd,
    0x30, 0x3, 0x7b, 0xfe, 0x50, 0x0, 0x2, 0xdf,
    0x70, 0x5f, 0xe8, 0x10, 0x0, 0x0, 0x0, 0xbc,
    0x0, 0x30, 0x0, 0x0, 0x0, 0x0, 0x0, 0x10,

    /* U+5B50 "子" */
    0x0, 0x0, 0x0, 0x0, 0x0, 0x0, 0x10, 0x0,
    0x4f, 0xff, 0xff, 0xff, 0xff, 0xf9, 0x0, 0x1,
    0x44, 0x44, 0x44, 0x4b, 0xfb, 0x0, 0x0, 0x0,
    0x0, 0x0, 0x8, 0xfb, 0x0, 0x0, 0x0, 0x0,
    0x0, 0xa, 0xf9, 0x0, 0x0, 0x0, 0x0, 0x0,
    0x9, 0xf7, 0x0, 0x0, 0x0, 0x43, 0x33, 0x33,
    0xae, 0x33, 0x33, 0x34, 0xd, 0xff, 0xff, 0xff,
    0xff, 0xff, 0xff, 0xf2, 0x21, 0x0, 0x0, 0x9e,
    0x0, 0x0, 0x12, 0x0, 0x0, 0x0, 0x9, 0xe0,
    0x0, 0x0, 0x0, 0x0, 0x0, 0x0, 0x9e, 0x0,
    0x0, 0x0, 0x0, 0x0, 0x0, 0x9, 0xe0, 0x0,
    0x0, 0x0, 0x0, 0x0, 0x0, 0x9e, 0x0, 0x0,
    0x0, 0x0, 0x0, 0x8, 0x8d, 0xd0, 0x0, 0x0,
    0x0, 0x0, 0x0, 0x7f, 0xd5, 0x0, 0x0, 0x0,
    0x0, 0x0, 0x0, 0x0, 0x0, 0x0, 0x0, 0x0,

    /* U+5B8C "完" */
    0x0, 0x0, 0x0, 0x3, 0x0, 0x0, 0x0, 0x0,
    0x0, 0x0, 0x0, 0x6f, 0x70, 0x0, 0x0, 0x0,
    0x2, 0x44, 0x44, 0x4b, 0xf8, 0x44, 0x44, 0x20,
    0x5, 0xff, 0xff, 0xff, 0xff, 0xff, 0xff, 0x70,
    0x4, 0xf2, 0x0, 0x0, 0x0, 0x0, 0xf, 0x60,
    0x5, 0xf8, 0xfe, 0xee, 0xee, 0xef, 0x7f, 0x70,
    0x0, 0x12, 0x65, 0x55, 0x55, 0x56, 0x20, 0x0,
    0x0, 0x0, 0x0, 0x0, 0x0, 0x0, 0x0, 0x0,
    0x3, 0xff, 0xff, 0xff, 0xff, 0xff, 0xff, 0x50,
    0x1, 0x44, 0x36, 0xf7, 0x6f, 0x63, 0x34, 0x10,
    0x0, 0x0, 0x5, 0xf4, 0x4f, 0x30, 0x0, 0x0,
    0x0, 0x0, 0x9, 0xf0, 0x4f, 0x30, 0x3, 0x0,
    0x0, 0x0, 0x6f, 0x80, 0x4f, 0x30, 0xa, 0xe0,
    0x15, 0x8d, 0xfb, 0x0, 0x3f, 0x96, 0x8f, 0xd0,
    0xc, 0xfd, 0x50, 0x0, 0xb, 0xff, 0xfc, 0x30,
    0x1, 0x20, 0x0, 0x0, 0x0, 0x0, 0x0, 0x0,

    /* U+5B9A "定" */
    0x0, 0x0, 0x0, 0x43, 0x0, 0x0, 0x0, 0x0,
    0x0, 0x0, 0x0, 0xbf, 0x90, 0x0, 0x0, 0x0,
    0x2, 0x43, 0x33, 0x3b, 0xfa, 0x33, 0x34, 0x30,
    0x5, 0xff, 0xff, 0xff, 0xff, 0xff, 0xff, 0x90,
    0x4, 0xf2, 0x0, 0x0, 0x0, 0x0, 0xe, 0x80,
    0x5, 0xe4, 0x0, 0x0, 0x0, 0x0, 0xe, 0x90,
    0x0, 0x8, 0xff, 0xff, 0xff, 0xff, 0xf0, 0x0,
    0x0, 0x3, 0x54, 0x4a, 0xf4, 0x44, 0x50, 0x0,
    0x0, 0x0, 0xea, 0x8, 0xe0, 0x0, 0x0, 0x0,
    0x0, 0x3, 0xf8, 0x8, 0xff, 0xff, 0xfa, 0x0,
    0x0, 0x7, 0xf2, 0x8, 0xf3, 0x33, 0x43, 0x0,
    0x0, 0xd, 0xf7, 0x8, 0xe0, 0x0, 0x0, 0x0,
    0x0, 0x7f, 0xcf, 0x79, 0xe0, 0x0, 0x0, 0x0,
    0x6, 0xfb, 0x9, 0xff, 0xf9, 0x77, 0x78, 0xa3,
    0x4f, 0xc1, 0x0, 0x28, 0xbe, 0xff, 0xff, 0xe0,
    0x4, 0x10, 0x0, 0x0, 0x0, 0x0, 0x0, 0x0,

    /* U+5BB9 "容" */
    0x0, 0x0, 0x0, 0x3, 0x0, 0x0, 0x0, 0x0,
    0x0, 0x0, 0x0, 0x5, 0xf9, 0x10, 0x0, 0x0,
    0x0, 0x1, 0x54, 0x44, 0x4b, 0xf9, 0x44, 0x45,
    0x20, 0x0, 0x3f, 0xff, 0xff, 0xff, 0xff, 0xff,
    0xf5, 0x0, 0x3, 0xf3, 0xc, 0x80, 0x9, 0xb1,
    0x3f, 0x40, 0x0, 0x3e, 0x49, 0xf8, 0x67, 0x6e,
    0xe6, 0xb4, 0x0, 0x0, 0xb, 0xf5, 0x4f, 0xf4,
    0x1d, 0xf1, 0x0, 0x0, 0x0, 0x54, 0x5f, 0xdd,
    0xe4, 0x4, 0x0, 0x0, 0x0, 0x1, 0x9f, 0xc1,
    0x9, 0xfc, 0x50, 0x0, 0x1, 0x5a, 0xff, 0x92,
    0x22, 0x25, 0xef, 0xfc, 0x80, 0x2e, 0xe8, 0xff,
    0xff, 0xff, 0xff, 0x98, 0xd2, 0x0, 0x20, 0xf,
    0x70, 0x0, 0x1, 0xf6, 0x0, 0x0, 0x0, 0x0,
    0xf7, 0x0, 0x0, 0x1f, 0x60, 0x0, 0x0, 0x0,
    0xf, 0xff, 0xff, 0xff, 0xf6, 0x0, 0x0, 0x0,
    0x1, 0xf9, 0x33, 0x33, 0x5f, 0x70, 0x0, 0x0,
    0x0, 0x2, 0x10, 0x0, 0x0, 0x0, 0x0, 0x0,

    /* U+5E02 "市" */
    0x0, 0x0, 0x0, 0x56, 0x0, 0x0, 0x0, 0x0,
    0x0, 0x0, 0x0, 0x9f, 0xa0, 0x0, 0x0, 0x0,
    0x0, 0x0, 0x0, 0x6, 0xf5, 0x0, 0x0, 0x0,
    0x3f, 0xee, 0xee, 0xee, 0xfe, 0xee, 0xee, 0xf3,
    0x15, 0x44, 0x44, 0x4a, 0xf4, 0x44, 0x44, 0x51,
    0x0, 0x0, 0x0, 0x8, 0xe0, 0x0, 0x0, 0x0,
    0x0, 0xf, 0xff, 0xff, 0xff, 0xff, 0xf4, 0x0,
    0x0, 0xf, 0x94, 0x4a, 0xf4, 0x47, 0xf3, 0x0,
    0x0, 0xf, 0x70, 0x8, 0xe0, 0x4, 0xf3, 0x0,
    0x0, 0xf, 0x70, 0x8, 0xe0, 0x4, 0xf3, 0x0,
    0x0, 0xf, 0x70, 0x8, 0xe0, 0x4, 0xf3, 0x0,
    0x0, 0xf, 0x70, 0x8, 0xe0, 0x4, 0xf2, 0x0,
    0x0, 0xf, 0x70, 0x8, 0xe1, 0xef, 0xf1, 0x0,
    0x0, 0x8, 0x40, 0x8, 0xe0, 0x78, 0x40, 0x0,
    0x0, 0x0, 0x0, 0x9, 0xf0, 0x0, 0x0, 0x0,

    /* U+5E38 "常" */
    0x0, 0x2, 0x0, 0x89, 0x20, 0x40, 0x0, 0x0,
    0xe, 0xb0, 0xae, 0x7, 0xf8, 0x0, 0x1, 0x3,
    0xf5, 0xad, 0x2f, 0x90, 0x1, 0x5f, 0xff, 0xff,
    0xff, 0xff, 0xff, 0xf8, 0x4f, 0x53, 0x33, 0x33,
    0x33, 0x33, 0xf7, 0x5f, 0x39, 0xff, 0xff, 0xff,
    0xf1, 0xf8, 0x13, 0x18, 0xf3, 0x33, 0x39, 0xf0,
    0x11, 0x0, 0x8, 0xf4, 0x44, 0x49, 0xf0, 0x0,
    0x0, 0x9, 0xfe, 0xff, 0xee, 0xf1, 0x0, 0x0,
    0x54, 0x44, 0xbf, 0x64, 0x44, 0x20, 0x0, 0xff,
    0xff, 0xff, 0xff, 0xff, 0x60, 0x0, 0xea, 0x0,
    0x8f, 0x0, 0x1f, 0x60, 0x0, 0xea, 0x0, 0x8f,
    0x0, 0x1f, 0x60, 0x0, 0xeb, 0x0, 0x8f, 0xa,
    0xdf, 0x40, 0x0, 0x86, 0x0, 0x9f, 0x4, 0x84,
    0x0,

    /* U+5E8F "序" */
    0x0, 0x0, 0x0, 0x3, 0x10, 0x0, 0x0, 0x0,
    0x0, 0x0, 0x0, 0xe, 0xe5, 0x0, 0x0, 0x0,
    0x0, 0x46, 0x55, 0x57, 0xff, 0x75, 0x55, 0x61,
    0x0, 0xaf, 0xdd, 0xdd, 0xdd, 0xdd, 0xdd, 0xe3,
    0x0, 0x9e, 0x4, 0x44, 0x44, 0x44, 0x45, 0x0,
    0x0, 0x9e, 0xd, 0xff, 0xff, 0xff, 0xf7, 0x0,
    0x0, 0x9e, 0x0, 0x7, 0x60, 0x7f, 0x60, 0x0,
    0x0, 0x9d, 0x0, 0x7, 0xdf, 0xf5, 0x0, 0x0,
    0x0, 0xad, 0xbe, 0xee, 0xef, 0xfe, 0xee, 0xe6,
    0x0, 0xbc, 0x45, 0x55, 0x5f, 0x95, 0x5e, 0xe0,
    0x0, 0xda, 0x0, 0x0, 0xf, 0x70, 0x5f, 0x60,
    0x0, 0xf8, 0x0, 0x0, 0xf, 0x70, 0x49, 0x0,
    0x6, 0xf3, 0x0, 0x0, 0xf, 0x70, 0x0, 0x0,
    0xd, 0xd0, 0x0, 0x7, 0x8f, 0x60, 0x0, 0x0,
    0x4d, 0x60, 0x0, 0x9, 0xfc, 0x20, 0x0, 0x0,
    0x0, 0x0, 0x0, 0x0, 0x0, 0x0, 0x0, 0x0,

    /* U+5EA6 "度" */
    0x0, 0x0, 0x0, 0x2, 0x91, 0x0, 0x0, 0x0,
    0x0, 0x0, 0x0, 0x4, 0xee, 0x20, 0x0, 0x0,
    0x0, 0xaf, 0xff, 0xff, 0xff, 0xff, 0xff, 0xf1,
    0x0, 0x9e, 0x44, 0x7a, 0x74, 0x6b, 0x84, 0x40,
    0x0, 0x9e, 0x0, 0x5f, 0x40, 0x2f, 0x60, 0x0,
    0x0, 0x9e, 0xbf, 0xff, 0xee, 0xef, 0xfe, 0xb0,
    0x0, 0x9e, 0x34, 0x7f, 0x54, 0x5f, 0x74, 0x30,
    0x0, 0x9e, 0x0, 0x5f, 0xdc, 0xdf, 0x50, 0x0,
    0x0, 0xad, 0x0, 0x25, 0x55, 0x55, 0x20, 0x0,
    0x0, 0xbc, 0x1f, 0xff, 0xff, 0xff, 0xe2, 0x0,
    0x0, 0xea, 0x4, 0x7f, 0x62, 0x8f, 0x50, 0x0,
    0x3, 0xf6, 0x0, 0xa, 0xf8, 0xf7, 0x0, 0x0,
    0xa, 0xf1, 0x0, 0x3, 0xff, 0xd2, 0x0, 0x0,
    0x6f, 0x81, 0x47, 0xbf, 0xc7, 0xef, 0xda, 0x74,
    0x16, 0x2, 0xff, 0xb4, 0x0, 0x4, 0x9e, 0xf1,
    0x0, 0x0, 0x31, 0x0, 0x0, 0x0, 0x0, 0x0,

    /* U+6210 "成" */
    0x0, 0x0, 0x0, 0x0, 0x1, 0x0, 0x0, 0x0,
    0x0, 0x0, 0x0, 0x0, 0x1f, 0xc7, 0xc0, 0x0,
    0x0, 0x0, 0x0, 0x0, 0x1f, 0x83, 0xfa, 0x0,
    0x0, 0x46, 0x55, 0x55, 0x5f, 0xa5, 0x97, 0x40,
    0x0, 0x9f, 0xdd, 0xdd, 0xdf, 0xed, 0xde, 0xa0,
    0x0, 0x8e, 0x0, 0x0, 0xc, 0x90, 0x0, 0x0,
    0x0, 0x8f, 0x44, 0x45, 0xa, 0xb0, 0xbd, 0x20,
    0x0, 0x7f, 0xff, 0xfd, 0x8, 0xd0, 0xfa, 0x0,
    0x0, 0x8f, 0x0, 0xac, 0x5, 0xf6, 0xf3, 0x0,
    0x0, 0x8e, 0x0, 0xac, 0x1, 0xfe, 0xc0, 0x0,
    0x0, 0xad, 0x0, 0xbb, 0x0, 0xdf, 0x40, 0x0,
    0x0, 0xda, 0x76, 0xea, 0x2, 0xef, 0x10, 0x20,
    0x3, 0xf5, 0xbf, 0xd2, 0x3e, 0xde, 0xa1, 0xe3,
    0x1d, 0xd0, 0x11, 0x29, 0xfc, 0x14, 0xfd, 0xf3,
    0x2b, 0x30, 0x0, 0xa, 0x80, 0x0, 0x4d, 0xa0,
    0x0, 0x0, 0x0, 0x0, 0x0, 0x0, 0x0, 0x0,

    /* U+62A5 "报" */
    0x0, 0x0, 0x0, 0x0, 0x0, 0x0, 0x0, 0x0,
    0x0, 0xf, 0xc0, 0x1, 0x0, 0x0, 0x1, 0x0,
    0x0, 0xf, 0x90, 0x5f, 0xff, 0xff, 0xfc, 0x0,
    0x0, 0xe, 0x80, 0x4f, 0x53, 0x33, 0xda, 0x0,
    0x0, 0xe, 0x80, 0x4f, 0x30, 0x0, 0xe9, 0x0,
    0x5f, 0xef, 0xff, 0xbf, 0x32, 0x13, 0xf7, 0x0,
    0x25, 0x4f, 0xa5, 0x7f, 0x35, 0xff, 0xe2, 0x0,
    0x0, 0xe, 0x80, 0x5f, 0x30, 0x54, 0x0, 0x0,
    0x0, 0xe, 0xce, 0x7f, 0xff, 0xff, 0xfe, 0x0,
    0x2, 0x7f, 0xf9, 0x5f, 0xcf, 0x43, 0xea, 0x0,
    0x9f, 0xef, 0x80, 0x4f, 0x4f, 0x72, 0xf5, 0x0,
    0x7, 0x1e, 0x80, 0x4f, 0x38, 0xfb, 0xe0, 0x0,
    0x0, 0xe, 0x80, 0x4f, 0x30, 0xcf, 0x60, 0x0,
    0x0, 0xe, 0x80, 0x4f, 0x35, 0xff, 0xf6, 0x0,
    0xa, 0xbf, 0x70, 0x4f, 0xdf, 0xa1, 0xaf, 0xf3,
    0x5, 0xb8, 0x0, 0x5f, 0x87, 0x0, 0x5, 0x70,

    /* U+62E9 "择" */
    0x0, 0xd, 0xa0, 0x10, 0x0, 0x0, 0x1, 0x0,
    0x0, 0xf, 0x93, 0xff, 0xff, 0xff, 0xfe, 0x0,
    0x0, 0xe, 0x81, 0x4e, 0xb3, 0x38, 0xf5, 0x0,
    0x26, 0x5f, 0xa7, 0x26, 0xf4, 0x2f, 0xb0, 0x0,
    0x5e, 0xdf, 0xee, 0x40, 0xaf, 0xde, 0x10, 0x0,
    0x0, 0xe, 0x81, 0x0, 0x3f, 0xfc, 0x40, 0x0,
    0x0, 0xe, 0xe8, 0x7c, 0xfd, 0x7b, 0xff, 0xe4,
    0x0, 0x4f, 0xd6, 0xea, 0x38, 0xf3, 0x15, 0x80,
    0x19, 0xff, 0x80, 0x8e, 0xde, 0xfd, 0xde, 0x0,
    0x5f, 0x9e, 0x80, 0x36, 0x5a, 0xf5, 0x56, 0x0,
    0x4, 0xe, 0x80, 0x21, 0x18, 0xf1, 0x11, 0x20,
    0x0, 0xe, 0x84, 0xff, 0xff, 0xff, 0xff, 0xf0,
    0x0, 0xe, 0x80, 0x21, 0x18, 0xf1, 0x11, 0x20,
    0x6, 0xbf, 0x60, 0x0, 0x8, 0xf0, 0x0, 0x0,
    0x2, 0xa7, 0x0, 0x0, 0x9, 0xf0, 0x0, 0x0,

    /* U+63A9 "掩" */
    0x0, 0x0, 0x0, 0x0, 0x0, 0x0, 0x0, 0x0,
    0x0, 0x3f, 0x90, 0x0, 0x9, 0xe3, 0x0, 0x0,
    0x0, 0x2f, 0x50, 0x10, 0xc, 0xc0, 0x0, 0x10,
    0x0, 0x1f, 0x51, 0xff, 0xff, 0xff, 0xff, 0xa0,
    0x5e, 0xdf, 0xec, 0x42, 0xcd, 0x5f, 0x73, 0x30,
    0x26, 0x6f, 0x95, 0x1b, 0xeb, 0x99, 0xf8, 0x10,
    0x0, 0x1f, 0x58, 0xfd, 0x2b, 0xc0, 0x8f, 0xf5,
    0x0, 0x1f, 0xa9, 0xef, 0xff, 0xff, 0xfc, 0x80,
    0x1, 0x8f, 0xf4, 0x9d, 0x3c, 0xc3, 0xd9, 0x0,
    0x7f, 0xff, 0x50, 0x9f, 0xff, 0xff, 0xf9, 0x0,
    0x7, 0x2f, 0x50, 0x9d, 0x2c, 0xb2, 0xd9, 0x0,
    0x0, 0x1f, 0x50, 0xaf, 0xff, 0xff, 0xfa, 0x0,
    0x0, 0x1f, 0x50, 0x34, 0x4c, 0xc4, 0x45, 0xe3,
    0x4, 0x5f, 0x50, 0x0, 0xb, 0xc2, 0x28, 0xf2,
    0x9, 0xff, 0x20, 0x0, 0x6, 0xff, 0xff, 0x80,
    0x2, 0x40, 0x0, 0x0, 0x0, 0x1, 0x10, 0x0,

    /* U+64AD "播" */
    0x0, 0x28, 0x40, 0x10, 0x0, 0x13, 0x78, 0x0,
    0x0, 0x3f, 0x60, 0xaf, 0xff, 0xff, 0xfd, 0x30,
    0x0, 0x3f, 0x40, 0x1c, 0x6a, 0xe0, 0x83, 0x0,
    0x13, 0x5f, 0x63, 0x1e, 0xa8, 0xe1, 0xfc, 0x0,
    0x5f, 0xff, 0xfc, 0x59, 0xea, 0xf9, 0xf5, 0x50,
    0x13, 0x5f, 0x64, 0xff, 0xff, 0xff, 0xff, 0xf0,
    0x0, 0x3f, 0x58, 0x0, 0xcf, 0xff, 0x40, 0x0,
    0x0, 0x3f, 0xfb, 0x1c, 0xea, 0xf8, 0xf9, 0x20,
    0x2, 0xaf, 0xa7, 0xef, 0x78, 0xa5, 0xcf, 0xf7,
    0x5f, 0xef, 0x5d, 0xff, 0xde, 0xfd, 0xef, 0x70,
    0x7, 0x3f, 0x40, 0x8f, 0x4a, 0xf4, 0x8f, 0x0,
    0x0, 0x3f, 0x40, 0x8f, 0xff, 0xff, 0xff, 0x0,
    0x0, 0x3f, 0x40, 0x8e, 0x8, 0xe0, 0x6f, 0x0,
    0x5, 0x7f, 0x30, 0x8f, 0xff, 0xff, 0xff, 0x10,
    0x6, 0xfc, 0x0, 0x9f, 0x22, 0x22, 0x8f, 0x10,
    0x0, 0x10, 0x0, 0x11, 0x0, 0x0, 0x0, 0x0,

    /* U+653E "放" */
    0x0, 0x4, 0x20, 0x0, 0x4, 0x72, 0x0, 0x0,
    0x0, 0xc, 0xe2, 0x0, 0xa, 0xf3, 0x0, 0x0,
    0x0, 0x1, 0xec, 0x0, 0xe, 0xa0, 0x0, 0x0,
    0x2, 0x11, 0x43, 0x12, 0x4f, 0x73, 0x33, 0x50,
    0x4f, 0xff, 0xff, 0xfe, 0xcf, 0xff, 0xff, 0xf0,
    0x12, 0x2f, 0x82, 0x28, 0xf6, 0x5, 0xf2, 0x10,
    0x0, 0xf, 0x94, 0x4b, 0xc2, 0x6, 0xf1, 0x0,
    0x0, 0x1f, 0xff, 0xf6, 0x9e, 0x8, 0xf0, 0x0,
    0x0, 0x2f, 0x51, 0xf5, 0x3f, 0x3b, 0xc0, 0x0,
    0x0, 0x4f, 0x32, 0xf4, 0xd, 0xbf, 0x80, 0x0,
    0x0, 0x7f, 0x12, 0xf3, 0x5, 0xff, 0x20, 0x0,
    0x0, 0xcc, 0x3, 0xf2, 0x3, 0xff, 0x30, 0x0,
    0x6, 0xfa, 0x6a, 0xf1, 0x3e, 0xcc, 0xe5, 0x0,
    0x5f, 0xc4, 0xff, 0xb8, 0xfc, 0x10, 0xcf, 0xb3,
    0x2a, 0x20, 0x20, 0x3f, 0x90, 0x0, 0xa, 0xc1,
    0x0, 0x0, 0x0, 0x1, 0x0, 0x0, 0x0, 0x0,

    /* U+65B0 "新" */
    0x0, 0x1, 0x20, 0x0, 0x0, 0x0, 0x0, 0x0,
    0x0, 0xb, 0xf3, 0x0, 0x0, 0x4, 0xaf, 0x30,
    0x4, 0x44, 0xec, 0x44, 0x4c, 0xef, 0xc8, 0x40,
    0xe, 0xff, 0xff, 0xff, 0x7f, 0x80, 0x0, 0x0,
    0x0, 0x9a, 0x2, 0xd4, 0x1f, 0x50, 0x0, 0x0,
    0x0, 0x4f, 0x6b, 0xc0, 0x1f, 0x72, 0x22, 0x30,
    0x2f, 0xff, 0xff, 0xff, 0x9f, 0xff, 0xff, 0xf2,
    0x5, 0x44, 0xdb, 0x44, 0x4f, 0x52, 0xf5, 0x10,
    0x4, 0x44, 0xdb, 0x45, 0x3f, 0x52, 0xf5, 0x0,
    0xc, 0xfe, 0xff, 0xef, 0x5f, 0x42, 0xf5, 0x0,
    0x0, 0x94, 0xdb, 0x92, 0x5f, 0x22, 0xf5, 0x0,
    0x4, 0xf6, 0xda, 0xdb, 0x9f, 0x2, 0xf5, 0x0,
    0x1e, 0xb0, 0xda, 0x49, 0xfa, 0x2, 0xf5, 0x0,
    0x19, 0x38, 0xf9, 0xc, 0xf2, 0x2, 0xf5, 0x0,
    0x0, 0xc, 0xb3, 0x1a, 0x70, 0x3, 0xf6, 0x0,
    0x0, 0x0, 0x0, 0x0, 0x0, 0x0, 0x0, 0x0,

    /* U+65F6 "时" */
    0x0, 0x0, 0x0, 0x0, 0x0, 0x35, 0x10, 0x0,
    0x0, 0x0, 0x0, 0x0, 0x7, 0xf2, 0x0, 0x6f,
    0xff, 0xfa, 0x0, 0x0, 0x7f, 0x0, 0x5, 0xf4,
    0x4e, 0x90, 0x0, 0x7, 0xf0, 0x0, 0x5f, 0x10,
    0xd9, 0x66, 0x66, 0xaf, 0x67, 0x15, 0xf1, 0xd,
    0x9d, 0xff, 0xff, 0xff, 0xf3, 0x5f, 0x43, 0xe9,
    0x0, 0x0, 0x7f, 0x0, 0x5, 0xff, 0xff, 0x92,
    0xc3, 0x7, 0xf0, 0x0, 0x5f, 0x10, 0xd9, 0xe,
    0xc0, 0x7f, 0x0, 0x5, 0xf1, 0xd, 0x90, 0x6f,
    0x57, 0xf0, 0x0, 0x5f, 0x10, 0xd9, 0x0, 0xa2,
    0x7f, 0x0, 0x5, 0xf6, 0x5e, 0x90, 0x0, 0x7,
    0xf0, 0x0, 0x5f, 0xdd, 0xf9, 0x0, 0x0, 0x7f,
    0x0, 0x6, 0xf1, 0xc, 0x90, 0x8, 0x9d, 0xf0,
    0x0, 0x13, 0x0, 0x0, 0x0, 0x6f, 0xd5, 0x0,
    0x0, 0x0, 0x0, 0x0, 0x0, 0x0, 0x0, 0x0,

    /* U+66F4 "更" */
    0x1, 0x0, 0x0, 0x0, 0x0, 0x0, 0x0, 0x10,
    0xc, 0xff, 0xff, 0xff, 0xff, 0xff, 0xff, 0xb0,
    0x3, 0x43, 0x33, 0x3a, 0xf3, 0x33, 0x34, 0x30,
    0x0, 0x9, 0x77, 0x7c, 0xf7, 0x77, 0x81, 0x0,
    0x0, 0xf, 0xed, 0xde, 0xfd, 0xde, 0xf0, 0x0,
    0x0, 0xf, 0x70, 0x8, 0xe0, 0x6, 0xf0, 0x0,
    0x0, 0xf, 0xfe, 0xef, 0xfe, 0xee, 0xf0, 0x0,
    0x0, 0xf, 0x95, 0x5a, 0xe5, 0x59, 0xf0, 0x0,
    0x0, 0xf, 0x93, 0x3a, 0xe3, 0x38, 0xf0, 0x0,
    0x0, 0xf, 0xff, 0xff, 0xff, 0xff, 0xf1, 0x0,
    0x0, 0x2, 0xe8, 0xb, 0xb0, 0x0, 0x0, 0x0,
    0x0, 0x0, 0x8f, 0xcf, 0x70, 0x0, 0x0, 0x0,
    0x0, 0x0, 0x4, 0xff, 0xb4, 0x0, 0x0, 0x0,
    0x0, 0x3, 0x8e, 0xe6, 0xbf, 0xfb, 0x96, 0x50,
    0xc, 0xff, 0xe7, 0x0, 0x1, 0x6b, 0xff, 0xa0,
    0x3, 0x83, 0x0, 0x0, 0x0, 0x0, 0x2, 0x10,

    /* U+677F "板" */
    0x0, 0x3, 0x10, 0x0, 0x0, 0x0, 0x0, 0x0,
    0x0, 0x1f, 0x90, 0x0, 0x0, 0x25, 0x9e, 0x20,
    0x0, 0xf, 0x60, 0x8, 0xff, 0xff, 0xda, 0x60,
    0x0, 0xf, 0x60, 0x6, 0xf5, 0x20, 0x0, 0x0,
    0x3c, 0xbf, 0xdc, 0x86, 0xf1, 0x0, 0x0, 0x0,
    0x27, 0x9f, 0xa7, 0x55, 0xf4, 0x33, 0x34, 0x10,
    0x0, 0x8f, 0xd1, 0x6, 0xff, 0xff, 0xff, 0x30,
    0x0, 0xef, 0xfe, 0x27, 0xff, 0x60, 0x7f, 0x0,
    0x7, 0xff, 0x8e, 0xa9, 0xeb, 0xc0, 0xca, 0x0,
    0x2f, 0xaf, 0x63, 0xc, 0xc5, 0xf6, 0xf4, 0x0,
    0x7e, 0x1f, 0x60, 0x1f, 0x70, 0xdf, 0xd0, 0x0,
    0x0, 0xf, 0x60, 0x8f, 0x10, 0x8f, 0xb0, 0x0,
    0x0, 0xf, 0x63, 0xf8, 0x7, 0xfb, 0xfc, 0x10,
    0x0, 0xf, 0x9e, 0xd4, 0xcf, 0x70, 0x5f, 0xf6,
    0x0, 0x1f, 0x76, 0x29, 0xe4, 0x0, 0x3, 0xc1,
    0x0, 0x0, 0x0, 0x0, 0x0, 0x0, 0x0, 0x0,

    /* U+6B63 "正" */
    0x0, 0x0, 0x0, 0x0, 0x0, 0x0, 0x1, 0x0,
    0x4, 0xff, 0xff, 0xff, 0xff, 0xff, 0xff, 0x40,
    0x1, 0x54, 0x44, 0x49, 0xf5, 0x44, 0x45, 0x10,
    0x0, 0x0, 0x0, 0x7, 0xf1, 0x0, 0x0, 0x0,
    0x0, 0x0, 0x0, 0x7, 0xf1, 0x0, 0x0, 0x0,
    0x0, 0x5, 0xa2, 0x7, 0xf1, 0x0, 0x0, 0x0,
    0x0, 0x5, 0xf2, 0x7, 0xf5, 0x44, 0x52, 0x0,
    0x0, 0x5, 0xf1, 0x7, 0xff, 0xff, 0xf6, 0x0,
    0x0, 0x5, 0xf1, 0x7, 0xf1, 0x0, 0x0, 0x0,
    0x0, 0x5, 0xf1, 0x7, 0xf1, 0x0, 0x0, 0x0,
    0x0, 0x5, 0xf1, 0x7, 0xf1, 0x0, 0x0, 0x0,
    0x0, 0x5, 0xf1, 0x7, 0xf1, 0x0, 0x0, 0x0,
    0x0, 0x5, 0xf1, 0x7, 0xf1, 0x0, 0x0, 0x0,
    0x3f, 0xff, 0xff, 0xff, 0xff, 0xff, 0xff, 0xf2,
    0x16, 0x55, 0x55, 0x55, 0x55, 0x55, 0x55, 0x60,

    /* U+6BCF "每" */
    0x0, 0x0, 0x1b, 0x50, 0x0, 0x0, 0x0, 0x0,
    0x0, 0x0, 0x9f, 0x50, 0x0, 0x0, 0x0, 0x0,
    0x0, 0x3, 0xff, 0xff, 0xff, 0xff, 0xff, 0xe0,
    0x0, 0x1d, 0xd4, 0x44, 0x44, 0x44, 0x44, 0x50,
    0x0, 0xcf, 0x84, 0x44, 0x44, 0x44, 0x45, 0x0,
    0xb, 0xf9, 0xff, 0xff, 0xff, 0xff, 0xfb, 0x0,
    0x1, 0x44, 0xf3, 0x4f, 0x80, 0x0, 0xf8, 0x0,
    0x0, 0x6, 0xf0, 0x6, 0xf8, 0x1, 0xf6, 0x0,
    0x3e, 0xef, 0xfe, 0xee, 0xfe, 0xee, 0xfe, 0xe4,
    0x17, 0x5d, 0xc5, 0x8e, 0x65, 0x58, 0xf7, 0x62,
    0x0, 0xf, 0x70, 0x4e, 0xe3, 0x7, 0xf1, 0x0,
    0x0, 0x3f, 0x74, 0x45, 0xe8, 0x4a, 0xf4, 0x30,
    0x0, 0x7f, 0xff, 0xff, 0xff, 0xff, 0xff, 0x80,
    0x0, 0x0, 0x0, 0x0, 0x38, 0x8f, 0x90, 0x0,
    0x0, 0x0, 0x0, 0x0, 0xf, 0xfc, 0x20, 0x0,
    0x0, 0x0, 0x0, 0x0, 0x0, 0x0, 0x0, 0x0,

    /* U+7247 "片" */
    0x0, 0x0, 0x0, 0x0, 0x12, 0x0, 0x0, 0x0,
    0x0, 0x29, 0x50, 0x4, 0xf9, 0x0, 0x0, 0x0,
    0x3, 0xf6, 0x0, 0x3f, 0x40, 0x0, 0x0, 0x0,
    0x2f, 0x50, 0x2, 0xf4, 0x0, 0x0, 0x0, 0x2,
    0xf7, 0x44, 0x6f, 0x74, 0x45, 0x0, 0x0, 0x2f,
    0xff, 0xff, 0xff, 0xff, 0xf0, 0x0, 0x2, 0xf5,
    0x0, 0x0, 0x0, 0x0, 0x0, 0x0, 0x2f, 0x40,
    0x0, 0x0, 0x0, 0x0, 0x0, 0x3, 0xff, 0xff,
    0xff, 0xf5, 0x0, 0x0, 0x0, 0x5f, 0x54, 0x44,
    0x6f, 0x40, 0x0, 0x0, 0x8, 0xf0, 0x0, 0x3,
    0xf4, 0x0, 0x0, 0x0, 0xda, 0x0, 0x0, 0x3f,
    0x40, 0x0, 0x0, 0x6f, 0x30, 0x0, 0x3, 0xf4,
    0x0, 0x0, 0x5f, 0x80, 0x0, 0x0, 0x3f, 0x40,
    0x0, 0x7, 0xa0, 0x0, 0x0, 0x4, 0xf5, 0x0,
    0x0,

    /* U+754C "界" */
    0x0, 0x0, 0x0, 0x0, 0x0, 0x0, 0x0, 0x0,
    0x0, 0x3f, 0xff, 0xff, 0xff, 0xff, 0xf7, 0x0,
    0x0, 0x3f, 0x74, 0x4f, 0xa4, 0x44, 0xf6, 0x0,
    0x0, 0x3f, 0x73, 0x3f, 0x93, 0x34, 0xf6, 0x0,
    0x0, 0x3f, 0xff, 0xff, 0xff, 0xff, 0xf6, 0x0,
    0x0, 0x3f, 0x40, 0xe, 0x80, 0x1, 0xf6, 0x0,
    0x0, 0x3f, 0xff, 0xff, 0xff, 0xff, 0xf6, 0x0,
    0x0, 0x14, 0x9f, 0x84, 0x4a, 0xfa, 0x42, 0x0,
    0x0, 0x7, 0xfe, 0x40, 0x1, 0xff, 0xc5, 0x0,
    0x27, 0xdf, 0x7f, 0xb0, 0x1, 0xfb, 0xdf, 0xf6,
    0x2e, 0xc3, 0xe, 0x80, 0x0, 0xf6, 0x4, 0x70,
    0x1, 0x0, 0xf, 0x60, 0x0, 0xf6, 0x0, 0x0,
    0x0, 0x0, 0x8f, 0x20, 0x0, 0xf6, 0x0, 0x0,
    0x0, 0x5b, 0xf8, 0x0, 0x1, 0xf6, 0x0, 0x0,
    0x0, 0x6f, 0x70, 0x0, 0x2, 0xf8, 0x0, 0x0,
    0x0, 0x1, 0x0, 0x0, 0x0, 0x0, 0x0, 0x0,

    /* U+7801 "码" */
    0x0, 0x0, 0x0, 0x2, 0x54, 0x44, 0x45, 0x0,
    0xf, 0xff, 0xff, 0xf7, 0xfe, 0xee, 0xfe, 0x0,
    0x5, 0x4b, 0xf4, 0x50, 0x36, 0x10, 0xbc, 0x0,
    0x0, 0xd, 0xb0, 0x0, 0x7f, 0x20, 0xcb, 0x0,
    0x0, 0x2f, 0x50, 0x0, 0x9e, 0x0, 0xd9, 0x0,
    0x0, 0x9f, 0xa9, 0x90, 0xbc, 0x0, 0xf8, 0x0,
    0x3, 0xfe, 0xae, 0xc0, 0xda, 0x11, 0xf7, 0x20,
    0x1e, 0xfc, 0xb, 0xc0, 0xff, 0xff, 0xff, 0xf2,
    0x5f, 0xdc, 0xb, 0xc0, 0x32, 0x22, 0x27, 0xf0,
    0x1, 0xac, 0xb, 0xc2, 0x21, 0x11, 0x37, 0xf0,
    0x0, 0xad, 0x4c, 0xcc, 0xff, 0xff, 0xf8, 0xe0,
    0x0, 0xaf, 0xff, 0xc3, 0x32, 0x22, 0x39, 0xd0,
    0x0, 0xad, 0xc, 0xd0, 0x0, 0x0, 0xc, 0xc0,
    0x0, 0x67, 0x1, 0x10, 0x0, 0xc, 0xff, 0x70,
    0x0, 0x0, 0x0, 0x0, 0x0, 0x3, 0x83, 0x0,

    /* U+786E "确" */
    0x0, 0x0, 0x0, 0x0, 0x4a, 0x30, 0x0, 0x0,
    0x0, 0x0, 0x0, 0xb, 0xf6, 0x33, 0x30, 0x1f,
    0xff, 0xff, 0xd3, 0xff, 0xff, 0xf7, 0x0, 0x65,
    0xf9, 0x45, 0xcd, 0x0, 0xee, 0x0, 0x0, 0x4f,
    0x30, 0xaf, 0x73, 0x8f, 0x84, 0x30, 0xa, 0xe0,
    0xaf, 0xff, 0xff, 0xff, 0xf9, 0x2, 0xfd, 0xab,
    0x4e, 0x80, 0xf7, 0xe, 0x80, 0xcf, 0xba, 0xf0,
    0xef, 0xff, 0xff, 0xf8, 0x6f, 0xf7, 0x5f, 0xe,
    0x93, 0xf9, 0x3f, 0x80, 0x1e, 0x75, 0xf0, 0xfb,
    0x7f, 0xb7, 0xf8, 0x0, 0xe8, 0x7f, 0x2f, 0xdb,
    0xfd, 0xbf, 0x80, 0xe, 0xff, 0xf6, 0xf4, 0xf,
    0x70, 0xe8, 0x0, 0xf8, 0x6f, 0xee, 0x0, 0xf8,
    0xe, 0x80, 0x6, 0x30, 0x7f, 0x60, 0x5, 0x74,
    0xf7, 0x0, 0x0, 0x4f, 0xb0, 0x0, 0x8, 0xff,
    0x40, 0x0, 0x0, 0x31, 0x0, 0x0, 0x13, 0x10,

    /* U+7A0B "程" */
    0x0, 0x0, 0x2, 0x30, 0x0, 0x0, 0x0, 0x0,
    0x3, 0x35, 0xaf, 0xea, 0xff, 0xff, 0xff, 0x30,
    0xb, 0xfe, 0xf4, 0x18, 0xe3, 0x33, 0x6f, 0x20,
    0x0, 0x8, 0xe0, 0x7, 0xe0, 0x0, 0x3f, 0x20,
    0x0, 0x8, 0xe0, 0x8, 0xf4, 0x44, 0x7f, 0x30,
    0xc, 0xbd, 0xfb, 0xcb, 0xee, 0xee, 0xee, 0x30,
    0x6, 0x5d, 0xf6, 0x75, 0x33, 0x33, 0x33, 0x30,
    0x0, 0x1f, 0xfd, 0x7f, 0xff, 0xff, 0xff, 0xc0,
    0x0, 0x9f, 0xfd, 0xf1, 0x0, 0xf7, 0x0, 0x0,
    0x2, 0xfe, 0xe3, 0x94, 0x33, 0xf9, 0x34, 0x10,
    0x1d, 0xe8, 0xe0, 0xf, 0xff, 0xff, 0xff, 0x50,
    0x3b, 0x58, 0xe0, 0x0, 0x0, 0xf7, 0x0, 0x0,
    0x0, 0x8, 0xe0, 0x0, 0x0, 0xf7, 0x0, 0x0,
    0x0, 0x8, 0xe2, 0xff, 0xff, 0xff, 0xff, 0xf7,
    0x0, 0x9, 0xf0, 0x43, 0x33, 0x33, 0x33, 0x32,

    /* U+7AD9 "站" */
    0x0, 0x0, 0x0, 0x0, 0x1, 0x20, 0x0, 0x0,
    0x0, 0x8d, 0x0, 0x0, 0x6, 0xf5, 0x0, 0x0,
    0x0, 0x5f, 0x70, 0x0, 0x5, 0xf1, 0x0, 0x0,
    0x0, 0xb, 0xe0, 0x0, 0x5, 0xf2, 0x11, 0x21,
    0x5f, 0xff, 0xff, 0xf1, 0x5, 0xff, 0xff, 0xf6,
    0x15, 0x44, 0x69, 0x60, 0x5, 0xf3, 0x22, 0x31,
    0x7, 0x60, 0x6f, 0x90, 0x5, 0xf1, 0x0, 0x0,
    0xc, 0xd0, 0x8f, 0x15, 0x58, 0xf5, 0x45, 0x30,
    0x7, 0xf2, 0xbc, 0xd, 0xff, 0xff, 0xff, 0x80,
    0x3, 0xf6, 0xe8, 0xc, 0xb0, 0x0, 0xf, 0x70,
    0x0, 0xfc, 0xf5, 0x6c, 0xb0, 0x0, 0xf, 0x70,
    0x0, 0x59, 0xff, 0xcc, 0xb0, 0x0, 0xf, 0x70,
    0x6e, 0xff, 0xb6, 0x1c, 0xc4, 0x44, 0x4f, 0x70,
    0x2c, 0x60, 0x0, 0xc, 0xff, 0xff, 0xff, 0x70,
    0x0, 0x0, 0x0, 0xc, 0xc0, 0x0, 0x1f, 0x80,
    0x0, 0x0, 0x0, 0x1, 0x10, 0x0, 0x0, 0x0,

    /* U+7BAD "箭" */
    0x0, 0x5, 0x20, 0x0, 0x6, 0x10, 0x0, 0x0,
    0x0, 0x2f, 0xd2, 0x12, 0x4f, 0xa2, 0x22, 0x30,
    0x0, 0xbf, 0xff, 0xff, 0xcf, 0xff, 0xff, 0xc0,
    0x7, 0xf6, 0x4f, 0x77, 0xf4, 0x4f, 0x60, 0x0,
    0x4f, 0x90, 0xaa, 0x2a, 0xa7, 0xa8, 0x50, 0x0,
    0x3, 0x1, 0xcf, 0x60, 0x3f, 0xc2, 0x0, 0x0,
    0x1f, 0xff, 0xff, 0xff, 0xff, 0xff, 0xff, 0xf3,
    0x4, 0x77, 0x77, 0x78, 0x43, 0x37, 0xb7, 0x41,
    0x0, 0xaf, 0xff, 0xff, 0x1a, 0x64, 0xf4, 0x0,
    0x0, 0x9e, 0x55, 0xaf, 0xf, 0x84, 0xf3, 0x0,
    0x0, 0x9f, 0xff, 0xff, 0xf, 0x74, 0xf3, 0x0,
    0x0, 0x9e, 0x55, 0xaf, 0xf, 0x74, 0xf3, 0x0,
    0x0, 0x9f, 0xdd, 0xef, 0xf, 0x84, 0xf3, 0x0,
    0x0, 0x9d, 0x39, 0xce, 0x9, 0x9a, 0xf2, 0x0,
    0x0, 0xae, 0x1d, 0xc7, 0x6, 0xfe, 0xa0, 0x0,
    0x0, 0x0, 0x0, 0x0, 0x0, 0x10, 0x0, 0x0,

    /* U+7CFB "系" */
    0x0, 0x0, 0x0, 0x0, 0x0, 0x1, 0x0, 0x0,
    0x0, 0x0, 0x13, 0x58, 0xbf, 0x70, 0x1e, 0xde,
    0xef, 0xff, 0xed, 0xb9, 0x90, 0x6, 0x76, 0x8f,
    0xf5, 0x3, 0x80, 0x0, 0x0, 0x8, 0xfb, 0x20,
    0x6f, 0xe4, 0x0, 0x4, 0xff, 0xfd, 0xee, 0xf9,
    0x0, 0x0, 0x1, 0xa7, 0x6a, 0xfe, 0x46, 0xa0,
    0x0, 0x0, 0x4, 0xcf, 0x80, 0x4, 0xfb, 0x0,
    0xb, 0xef, 0xfe, 0xcd, 0xee, 0xff, 0x90, 0x9,
    0xa9, 0x76, 0xbf, 0x43, 0x38, 0xc0, 0x0, 0xd,
    0x90, 0x9e, 0x9, 0xc1, 0x0, 0x0, 0xaf, 0x91,
    0x9e, 0x4, 0xfe, 0x20, 0x1c, 0xf8, 0x0, 0x9e,
    0x0, 0x2e, 0xf4, 0x9f, 0x70, 0x48, 0xdd, 0x0,
    0x2, 0xd5, 0x2, 0x0, 0x3f, 0xd5, 0x0, 0x0,
    0x0, 0x0, 0x0, 0x0, 0x0, 0x0, 0x0, 0x0,

    /* U+7EDF "统" */
    0x0, 0x2, 0x0, 0x0, 0x19, 0x10, 0x0, 0x0,
    0x0, 0x4f, 0x80, 0x0, 0x3f, 0xd1, 0x0, 0x0,
    0x0, 0x9f, 0x20, 0x0, 0x3, 0xf7, 0x0, 0x0,
    0x0, 0xf9, 0x57, 0xcf, 0xff, 0xff, 0xff, 0xf0,
    0x7, 0xf2, 0xbf, 0x64, 0x8f, 0xc4, 0x44, 0x60,
    0x2e, 0xc5, 0xf7, 0x0, 0xde, 0x19, 0xb0, 0x0,
    0x4f, 0xff, 0xd0, 0x7, 0xf4, 0x8, 0xf9, 0x0,
    0x1, 0x2f, 0x40, 0x8f, 0xe9, 0xab, 0xff, 0x60,
    0x0, 0xcb, 0x3, 0x89, 0xda, 0x8a, 0x4b, 0x90,
    0xd, 0xfe, 0xff, 0x40, 0xec, 0x5f, 0x30, 0x0,
    0xa, 0xa7, 0x41, 0x0, 0xe9, 0x5f, 0x20, 0x0,
    0x0, 0x0, 0x26, 0x51, 0xf7, 0x5f, 0x20, 0x0,
    0x27, 0xad, 0xfe, 0x47, 0xf2, 0x5f, 0x22, 0xe4,
    0x3f, 0xd8, 0x32, 0xaf, 0x80, 0x4f, 0x89, 0xf4,
    0x2, 0x0, 0x1d, 0xf8, 0x0, 0x1c, 0xff, 0xa0,
    0x0, 0x0, 0x1, 0x10, 0x0, 0x0, 0x0, 0x0,

    /* U+7F51 "网" */
    0x1, 0x0, 0x0, 0x0, 0x0, 0x0, 0x10, 0x4f,
    0xff, 0xff, 0xff, 0xff, 0xff, 0xf0, 0x4f, 0x53,
    0x33, 0x33, 0x33, 0x39, 0xf0, 0x4f, 0x42, 0x7,
    0x20, 0x2, 0x68, 0xe0, 0x4f, 0xdc, 0x3f, 0x9e,
    0x66, 0xfc, 0xe0, 0x4f, 0x5f, 0xcf, 0x1b, 0xea,
    0xd7, 0xe0, 0x4f, 0x28, 0xfc, 0x2, 0xff, 0x87,
    0xe0, 0x4f, 0x21, 0xfa, 0x0, 0x9f, 0x37, 0xe0,
    0x4f, 0x27, 0xff, 0x20, 0xbf, 0x77, 0xe0, 0x4f,
    0x3e, 0xae, 0xb4, 0xfd, 0xe8, 0xe0, 0x4f, 0xbf,
    0x28, 0xbd, 0xd2, 0xfe, 0xe0, 0x4f, 0xea, 0x0,
    0x7f, 0x40, 0xcd, 0xe0, 0x4f, 0x21, 0x0, 0x2,
    0x0, 0x7, 0xe0, 0x4f, 0x30, 0x0, 0x0, 0x7,
    0x6c, 0xe0, 0x5f, 0x40, 0x0, 0x0, 0x9, 0xff,
    0x70, 0x0, 0x0, 0x0, 0x0, 0x1, 0x10, 0x0,

    /* U+7F6E "置" */
    0x0, 0x0, 0x0, 0x0, 0x0, 0x0, 0x0, 0x7,
    0xff, 0xff, 0xff, 0xff, 0xff, 0xf1, 0x6, 0xf1,
    0x2f, 0x51, 0xc9, 0x17, 0xf0, 0x6, 0xf3, 0x4f,
    0x63, 0xda, 0x38, 0xf0, 0x7, 0xee, 0xee, 0xff,
    0xee, 0xee, 0xf1, 0x29, 0x88, 0x88, 0xee, 0x88,
    0x88, 0x88, 0x28, 0x77, 0x78, 0xfa, 0x77, 0x77,
    0x77, 0x0, 0x6f, 0xff, 0xff, 0xff, 0xff, 0x0,
    0x0, 0x5f, 0x88, 0x88, 0x88, 0xce, 0x0, 0x0,
    0x5f, 0xa9, 0x99, 0x99, 0xce, 0x0, 0x0, 0x5f,
    0xee, 0xee, 0xee, 0xfe, 0x0, 0x0, 0x5f, 0x65,
    0x55, 0x55, 0xae, 0x0, 0x0, 0x5f, 0xff, 0xff,
    0xff, 0xfe, 0x0, 0x64, 0x8f, 0x54, 0x44, 0x44,
    0xaf, 0x46, 0xed, 0xdd, 0xdd, 0xdd, 0xdd, 0xdd,
    0xdd,

    /* U+80FD "能" */
    0x0, 0x0, 0x20, 0x0, 0x0, 0x0, 0x0, 0x0,
    0x0, 0x5, 0xf9, 0x0, 0x9e, 0x30, 0x53, 0x0,
    0x0, 0xd, 0xe4, 0x60, 0x8f, 0x2a, 0xfe, 0x0,
    0x0, 0x9f, 0x39, 0xf3, 0x8f, 0xfc, 0x50, 0x0,
    0x7, 0xf9, 0x56, 0xfd, 0x8f, 0x30, 0x27, 0x0,
    0xd, 0xff, 0xed, 0xcf, 0xef, 0x0, 0x6f, 0x40,
    0x2, 0x64, 0x44, 0x59, 0x7f, 0xdd, 0xfd, 0x0,
    0x0, 0xff, 0xff, 0xf9, 0x3a, 0x87, 0x60, 0x0,
    0x0, 0xfa, 0x44, 0xf8, 0x7f, 0x40, 0x23, 0x0,
    0x0, 0xff, 0xff, 0xf8, 0x7f, 0x18, 0xfe, 0x10,
    0x0, 0xfa, 0x33, 0xf8, 0x7f, 0xfe, 0x83, 0x0,
    0x0, 0xff, 0xff, 0xf8, 0x7f, 0x60, 0x1, 0x0,
    0x0, 0xf8, 0x0, 0xe8, 0x7f, 0x0, 0x8, 0xc0,
    0x0, 0xf8, 0x27, 0xf8, 0x6f, 0x54, 0x4d, 0xd0,
    0x0, 0xf9, 0x3e, 0xc2, 0x2e, 0xff, 0xfe, 0x30,
    0x0, 0x0, 0x0, 0x0, 0x0, 0x11, 0x0, 0x0,

    /* U+81EA "自" */
    0x0, 0x0, 0x45, 0x10, 0x0, 0x0, 0x0, 0x0,
    0xbf, 0x60, 0x0, 0x0, 0x0, 0x1, 0xfa, 0x0,
    0x0, 0x0, 0x2f, 0xff, 0xff, 0xff, 0xff, 0xf9,
    0x1f, 0xa4, 0x44, 0x44, 0x45, 0xf8, 0x1f, 0x80,
    0x0, 0x0, 0x0, 0xf8, 0x1f, 0xff, 0xff, 0xff,
    0xff, 0xf8, 0x1f, 0xa4, 0x44, 0x44, 0x45, 0xf8,
    0x1f, 0x80, 0x0, 0x0, 0x0, 0xf8, 0x1f, 0xff,
    0xff, 0xff, 0xff, 0xf8, 0x1f, 0xa4, 0x44, 0x44,
    0x45, 0xf8, 0x1f, 0x80, 0x0, 0x0, 0x0, 0xf8,
    0x1f, 0xa5, 0x55, 0x55, 0x55, 0xf8, 0x1f, 0xfe,
    0xee, 0xee, 0xee, 0xf9, 0x2f, 0x90, 0x0, 0x0,
    0x1, 0xe8,

    /* U+8282 "节" */
    0x0, 0x0, 0x4, 0x20, 0x3, 0x30, 0x0, 0x0,
    0x0, 0x0, 0xd, 0xd0, 0x8, 0xf3, 0x0, 0x0,
    0x5, 0x44, 0x4d, 0xc4, 0x4a, 0xf4, 0x44, 0x50,
    0xf, 0xff, 0xff, 0xff, 0xff, 0xff, 0xff, 0xf1,
    0x0, 0x0, 0xc, 0xb0, 0x7, 0xf0, 0x0, 0x0,
    0x0, 0x0, 0xc, 0xb0, 0x8, 0xf0, 0x0, 0x0,
    0x0, 0xef, 0xff, 0xff, 0xff, 0xff, 0xf9, 0x0,
    0x0, 0x54, 0x44, 0xcd, 0x44, 0x44, 0xf7, 0x0,
    0x0, 0x0, 0x0, 0xbd, 0x0, 0x0, 0xf7, 0x0,
    0x0, 0x0, 0x0, 0xbd, 0x0, 0x0, 0xf7, 0x0,
    0x0, 0x0, 0x0, 0xbd, 0x0, 0x0, 0xf7, 0x0,
    0x0, 0x0, 0x0, 0xbd, 0x16, 0x6b, 0xf4, 0x0,
    0x0, 0x0, 0x0, 0xbd, 0xe, 0xfe, 0x80, 0x0,
    0x0, 0x0, 0x0, 0xbd, 0x2, 0x10, 0x0, 0x0,
    0x0, 0x0, 0x0, 0xce, 0x0, 0x0, 0x0, 0x0,

    /* U+83DC "菜" */
    0x0, 0x0, 0x2, 0x0, 0x1, 0x10, 0x0, 0x0,
    0x0, 0x0, 0xf, 0xb0, 0x7, 0xf4, 0x0, 0x0,
    0x6, 0x66, 0x6f, 0xa6, 0x6a, 0xf6, 0x66, 0x60,
    0xc, 0xdd, 0xdf, 0xed, 0xde, 0xfd, 0xdd, 0xc0,
    0x0, 0x0, 0xd, 0x60, 0x19, 0xf9, 0x90, 0x0,
    0x0, 0xbf, 0xef, 0xff, 0xff, 0xff, 0xe5, 0x0,
    0x0, 0x28, 0xe6, 0x9f, 0x62, 0x2d, 0x80, 0x0,
    0x0, 0x3, 0xeb, 0xc, 0xd0, 0xaf, 0x50, 0x0,
    0x0, 0x0, 0x3c, 0x1a, 0xd1, 0x75, 0x0, 0x0,
    0xf, 0xff, 0xff, 0xff, 0xff, 0xff, 0xff, 0xf0,
    0x5, 0x33, 0x39, 0xff, 0xff, 0xa3, 0x34, 0x50,
    0x0, 0x0, 0x8f, 0x9a, 0xd8, 0xfb, 0x30, 0x0,
    0x0, 0x5d, 0xf7, 0xa, 0xd0, 0x4d, 0xfc, 0x72,
    0x1d, 0xfc, 0x30, 0xa, 0xd0, 0x0, 0x7e, 0xa0,
    0x2, 0x50, 0x0, 0xb, 0xe0, 0x0, 0x0, 0x0,

    /* U+89C6 "视" */
    0x0, 0x5, 0x10, 0x0, 0x10, 0x0, 0x0, 0x0,
    0x0, 0x1, 0xee, 0x30, 0xf, 0xff, 0xff, 0xff,
    0x0, 0x0, 0x2, 0xdf, 0x40, 0xe9, 0x22, 0x28,
    0xf0, 0x0, 0x0, 0x1, 0xb2, 0xe, 0x72, 0x41,
    0x7f, 0x0, 0x5, 0xee, 0xee, 0xe7, 0xe7, 0x4f,
    0x87, 0xf0, 0x0, 0x25, 0x44, 0xee, 0xe, 0x73,
    0xf4, 0x7f, 0x0, 0x0, 0x0, 0x9f, 0x30, 0xe7,
    0x4f, 0x37, 0xf0, 0x0, 0x0, 0x9f, 0xe3, 0xe,
    0x75, 0xf2, 0x7f, 0x0, 0x2, 0xcf, 0xff, 0xf4,
    0xf8, 0x8f, 0xc9, 0xf0, 0x0, 0x9f, 0x7f, 0x8d,
    0x89, 0x5d, 0xfe, 0x36, 0x0, 0x0, 0x30, 0xf7,
    0x10, 0x4, 0xfc, 0xe0, 0x0, 0x0, 0x0, 0xf,
    0x70, 0x1, 0xea, 0x9e, 0x0, 0x60, 0x0, 0x0,
    0xf7, 0x0, 0xcd, 0x9, 0xe0, 0x2f, 0x60, 0x0,
    0xf, 0x73, 0xdd, 0x10, 0x8f, 0x5a, 0xf4, 0x0,
    0x0, 0xf8, 0x9b, 0x10, 0x3, 0xdf, 0xe8, 0x0,
    0x0, 0x0, 0x0, 0x0, 0x0, 0x0, 0x0, 0x0,

    /* U+8A00 "言" */
    0x0, 0x0, 0x0, 0x84, 0x0, 0x0, 0x0, 0x0,
    0x0, 0x0, 0x1c, 0xf8, 0x0, 0x0, 0x0, 0x15,
    0x44, 0x44, 0x4b, 0xf7, 0x44, 0x44, 0x54, 0xff,
    0xff, 0xff, 0xff, 0xff, 0xff, 0xff, 0x0, 0x1,
    0x0, 0x0, 0x0, 0x0, 0x10, 0x0, 0x0, 0xff,
    0xff, 0xff, 0xff, 0xfa, 0x0, 0x0, 0x5, 0x33,
    0x33, 0x33, 0x34, 0x40, 0x0, 0x0, 0x65, 0x55,
    0x55, 0x55, 0x55, 0x0, 0x0, 0xe, 0xed, 0xdd,
    0xdd, 0xde, 0xa0, 0x0, 0x0, 0x10, 0x0, 0x0,
    0x0, 0x1, 0x0, 0x0, 0x1f, 0xff, 0xff, 0xff,
    0xff, 0xc0, 0x0, 0x0, 0xf8, 0x33, 0x33, 0x33,
    0xcb, 0x0, 0x0, 0xf, 0x70, 0x0, 0x0, 0xb,
    0xb0, 0x0, 0x0, 0xff, 0xff, 0xff, 0xff, 0xfb,
    0x0, 0x0, 0x1f, 0x82, 0x22, 0x22, 0x2d, 0xc0,
    0x0,

    /* U+8BA4 "认" */
    0x0, 0x0, 0x0, 0x0, 0x1, 0x0, 0x0, 0x0,
    0x0, 0x9a, 0x0, 0x0, 0x8, 0xf3, 0x0, 0x0,
    0x0, 0x5f, 0xb0, 0x0, 0x7, 0xf0, 0x0, 0x0,
    0x0, 0x4, 0xfc, 0x0, 0x7, 0xf0, 0x0, 0x0,
    0x0, 0x0, 0x4c, 0x10, 0x8, 0xf0, 0x0, 0x0,
    0x24, 0x44, 0x30, 0x0, 0x9, 0xf2, 0x0, 0x0,
    0x5f, 0xff, 0x80, 0x0, 0x9, 0xf7, 0x0, 0x0,
    0x0, 0xf, 0x70, 0x0, 0xd, 0xfb, 0x0, 0x0,
    0x0, 0xf, 0x70, 0x0, 0x1f, 0xef, 0x20, 0x0,
    0x0, 0x1f, 0x60, 0x0, 0x7f, 0x4f, 0x90, 0x0,
    0x0, 0x1f, 0x66, 0x40, 0xed, 0xa, 0xf2, 0x0,
    0x0, 0x2f, 0xbf, 0x77, 0xf5, 0x2, 0xfc, 0x0,
    0x0, 0x4f, 0xf9, 0x4f, 0xc0, 0x0, 0x8f, 0x90,
    0x0, 0x5f, 0x74, 0xfe, 0x20, 0x0, 0xc, 0xf6,
    0x0, 0x3, 0xa, 0xf3, 0x0, 0x0, 0x1, 0x60,
    0x0, 0x0, 0x0, 0x10, 0x0, 0x0, 0x0, 0x0,

    /* U+8BBE "设" */
    0x0, 0x33, 0x0, 0x1, 0x0, 0x0, 0x0, 0x0,
    0x0, 0xce, 0x30, 0x2f, 0xff, 0xff, 0x70, 0x0,
    0x0, 0x1d, 0xe1, 0x2f, 0x73, 0x4f, 0x60, 0x0,
    0x0, 0x2, 0x50, 0x3f, 0x40, 0x1f, 0x60, 0x0,
    0x0, 0x0, 0x0, 0x7f, 0x10, 0x1f, 0x60, 0x10,
    0x3b, 0xab, 0x31, 0xeb, 0x0, 0xf, 0xff, 0x80,
    0x3b, 0xbf, 0x3b, 0xf3, 0x0, 0x2, 0x66, 0x20,
    0x0, 0x4f, 0x24, 0xb5, 0x55, 0x55, 0x62, 0x0,
    0x0, 0x4f, 0x26, 0xef, 0xfd, 0xdf, 0xf1, 0x0,
    0x0, 0x5f, 0x20, 0xa, 0xd0, 0xe, 0xa0, 0x0,
    0x0, 0x5f, 0x12, 0x2, 0xf8, 0x7f, 0x20, 0x0,
    0x0, 0x5f, 0x8b, 0x0, 0x6f, 0xf8, 0x0, 0x0,
    0x0, 0x6f, 0xf8, 0x0, 0x8f, 0xfc, 0x30, 0x0,
    0x0, 0x8f, 0x63, 0x8e, 0xf9, 0x5d, 0xfd, 0x83,
    0x0, 0x4, 0x3f, 0xfa, 0x20, 0x0, 0x6d, 0xf1,
    0x0, 0x0, 0x4, 0x10, 0x0, 0x0, 0x0, 0x10,

    /* U+8BED "语" */
    0x0, 0x40, 0x0, 0x10, 0x0, 0x0, 0x0, 0x0,
    0x2, 0xfb, 0x2, 0xff, 0xff, 0xff, 0xff, 0x60,
    0x0, 0x7f, 0xc2, 0x43, 0xdb, 0x33, 0x33, 0x20,
    0x0, 0x7, 0xe1, 0x0, 0xd9, 0x0, 0x0, 0x0,
    0x0, 0x0, 0x20, 0xed, 0xfe, 0xdd, 0xe7, 0x0,
    0x24, 0x44, 0x30, 0x66, 0xf9, 0x56, 0xf5, 0x0,
    0x6f, 0xff, 0x80, 0x2, 0xf4, 0x2, 0xf4, 0x0,
    0x11, 0x1f, 0x84, 0x57, 0xf6, 0x57, 0xf7, 0x61,
    0x0, 0xf, 0x7a, 0xee, 0xee, 0xee, 0xee, 0xf2,
    0x0, 0xf, 0x70, 0x13, 0x33, 0x33, 0x34, 0x0,
    0x0, 0xf, 0x70, 0x5f, 0xff, 0xff, 0xff, 0x10,
    0x0, 0xf, 0x7a, 0x5f, 0x20, 0x0, 0x7f, 0x0,
    0x0, 0x1f, 0xfd, 0x5f, 0x20, 0x0, 0x7f, 0x0,
    0x0, 0x5f, 0xd1, 0x5f, 0xff, 0xff, 0xff, 0x0,
    0x0, 0x8, 0x10, 0x5f, 0x53, 0x33, 0x9f, 0x10,
    0x0, 0x0, 0x0, 0x13, 0x0, 0x0, 0x0, 0x0,

    /* U+8FD4 "返" */
    0x0, 0x0, 0x0, 0x0, 0x0, 0x0, 0x0, 0x0,
    0x1, 0xd7, 0x0, 0x22, 0x12, 0x46, 0x9c, 0x10,
    0x0, 0xaf, 0x70, 0x9f, 0xff, 0xfe, 0xdc, 0x60,
    0x0, 0xa, 0xe1, 0x8e, 0x10, 0x0, 0x0, 0x0,
    0x0, 0x0, 0x10, 0x8e, 0x22, 0x22, 0x23, 0x0,
    0x1, 0x1, 0x10, 0x8f, 0xff, 0xff, 0xfb, 0x0,
    0x4f, 0xff, 0x80, 0x8e, 0x10, 0x3, 0xf5, 0x0,
    0x13, 0x2f, 0x70, 0x9d, 0xdb, 0x18, 0xf0, 0x0,
    0x0, 0xf, 0x70, 0xbb, 0x3c, 0xee, 0x90, 0x0,
    0x0, 0xf, 0x70, 0xe8, 0x0, 0xef, 0x80, 0x0,
    0x0, 0xf, 0x76, 0xf2, 0x1c, 0xf9, 0xf9, 0x0,
    0x0, 0xf, 0x8e, 0xca, 0xfe, 0x30, 0x5f, 0xb0,
    0x0, 0x4f, 0xc3, 0x1a, 0x91, 0x0, 0x4, 0x50,
    0x7, 0xfb, 0xcf, 0xd8, 0x66, 0x67, 0x8b, 0xd4,
    0x9, 0xb0, 0x3, 0x9d, 0xff, 0xff, 0xed, 0xc0,
    0x0, 0x10, 0x0, 0x0, 0x0, 0x0, 0x0, 0x0,

    /* U+9009 "选" */
    0x0, 0x0, 0x0, 0x0, 0x17, 0x30, 0x0, 0x0,
    0x0, 0x81, 0x0, 0x44, 0x1f, 0x90, 0x0, 0x0,
    0x3, 0xfc, 0x0, 0xbd, 0x1f, 0x60, 0x0, 0x0,
    0x0, 0x6f, 0x71, 0xff, 0xef, 0xfe, 0xfc, 0x0,
    0x0, 0xa, 0x38, 0xf4, 0x4f, 0x94, 0x55, 0x0,
    0x0, 0x0, 0x7, 0x80, 0xf, 0x60, 0x0, 0x0,
    0x36, 0x56, 0x7f, 0xdd, 0xdf, 0xed, 0xde, 0x60,
    0x6e, 0xdf, 0x98, 0x7a, 0xf7, 0xfb, 0x78, 0x40,
    0x0, 0xf, 0x60, 0x8, 0xf0, 0xf8, 0x0, 0x0,
    0x0, 0xf, 0x60, 0xd, 0xc0, 0xf8, 0x7, 0x10,
    0x0, 0xf, 0x60, 0x8f, 0x50, 0xf8, 0x2f, 0x80,
    0x0, 0xf, 0x6b, 0xf9, 0x0, 0xdf, 0xff, 0x20,
    0x2, 0xbf, 0xd8, 0x60, 0x0, 0x27, 0x62, 0x0,
    0x3f, 0xe9, 0xef, 0xc8, 0x65, 0x66, 0x78, 0x90,
    0xb, 0x20, 0x5, 0xbe, 0xff, 0xff, 0xff, 0xa0,
    0x0, 0x0, 0x0, 0x0, 0x1, 0x0, 0x0, 0x0,

    /* U+91CD "重" */
    0x0, 0x0, 0x0, 0x0, 0x0, 0x2, 0x20, 0x0,
    0x3, 0x22, 0x23, 0x46, 0x9d, 0xfc, 0x0, 0x0,
    0xaf, 0xff, 0xef, 0xd8, 0x63, 0x20, 0x2, 0x55,
    0x54, 0x44, 0xfa, 0x44, 0x44, 0x44, 0x5f, 0xee,
    0xee, 0xef, 0xfe, 0xee, 0xef, 0xb0, 0x0, 0x54,
    0x44, 0xfa, 0x44, 0x45, 0x0, 0x0, 0xf, 0xfe,
    0xef, 0xfe, 0xef, 0xe0, 0x0, 0x0, 0xe9, 0x33,
    0xf9, 0x33, 0x9e, 0x0, 0x0, 0xe, 0xfe, 0xef,
    0xfe, 0xef, 0xe0, 0x0, 0x0, 0xf9, 0x33, 0xe9,
    0x33, 0x9e, 0x0, 0x0, 0xf, 0xff, 0xff, 0xff,
    0xff, 0xf0, 0x0, 0x3, 0x54, 0x44, 0xfa, 0x44,
    0x46, 0x10, 0x0, 0x8f, 0xee, 0xef, 0xfe, 0xef,
    0xf3, 0x1, 0x33, 0x33, 0x33, 0xe9, 0x33, 0x33,
    0x33, 0x4f, 0xff, 0xff, 0xff, 0xff, 0xff, 0xff,
    0xc0, 0x0, 0x0, 0x0, 0x0, 0x0, 0x0, 0x1,

    /* U+91CF "量" */
    0x0, 0x1, 0x0, 0x0, 0x0, 0x0, 0x10, 0x0,
    0x0, 0x1f, 0xff, 0xff, 0xff, 0xff, 0xe0, 0x0,
    0x0, 0xf, 0x60, 0x0, 0x0, 0x9, 0xe0, 0x0,
    0x0, 0xf, 0xff, 0xff, 0xff, 0xff, 0xe0, 0x0,
    0x0, 0xf, 0xb9, 0x99, 0x99, 0x9c, 0xe0, 0x0,
    0x1, 0x2a, 0x99, 0x99, 0x99, 0x99, 0xa0, 0x10,
    0x5f, 0xff, 0xff, 0xff, 0xff, 0xff, 0xff, 0xf2,
    0x12, 0x3a, 0x99, 0x99, 0x99, 0x99, 0xa3, 0x20,
    0x0, 0x2f, 0xa8, 0x8d, 0xe8, 0x8a, 0xf2, 0x0,
    0x0, 0x2f, 0xff, 0xff, 0xff, 0xff, 0xf2, 0x0,
    0x0, 0x2f, 0x97, 0x7d, 0xd7, 0x79, 0xf2, 0x0,
    0x0, 0x3a, 0x99, 0x9d, 0xe9, 0x99, 0xa3, 0x0,
    0x0, 0xdf, 0xff, 0xff, 0xff, 0xff, 0xfb, 0x0,
    0x3, 0x64, 0x44, 0x4c, 0xd4, 0x44, 0x45, 0x30,
    0xf, 0xff, 0xff, 0xff, 0xff, 0xff, 0xff, 0xd0,
    0x1, 0x0, 0x0, 0x0, 0x0, 0x0, 0x0, 0x10,

    /* U+95F4 "间" */
    0x0, 0x30, 0x0, 0x0, 0x0, 0x0, 0x0, 0x9,
    0xf5, 0x0, 0x54, 0x44, 0x44, 0x51, 0x0, 0xaf,
    0x41, 0xff, 0xff, 0xff, 0xf3, 0x25, 0x17, 0x0,
    0x0, 0x0, 0x4, 0xf2, 0x4f, 0x50, 0x0, 0x0,
    0x0, 0x4, 0xf2, 0x3f, 0x32, 0xff, 0xff, 0xff,
    0x14, 0xf2, 0x3f, 0x30, 0xf8, 0x33, 0x8f, 0x4,
    0xf2, 0x3f, 0x30, 0xf6, 0x0, 0x7f, 0x4, 0xf2,
    0x3f, 0x30, 0xff, 0xff, 0xff, 0x4, 0xf2, 0x3f,
    0x30, 0xf8, 0x33, 0x8f, 0x4, 0xf2, 0x3f, 0x30,
    0xf6, 0x0, 0x7f, 0x4, 0xf2, 0x3f, 0x31, 0xff,
    0xff, 0xff, 0x14, 0xf2, 0x3f, 0x30, 0x43, 0x33,
    0x34, 0x4, 0xf2, 0x4f, 0x30, 0x0, 0x0, 0x0,
    0x69, 0xf1, 0x4f, 0x40, 0x0, 0x0, 0x0, 0x9c,
    0x70,

    /* U+9762 "面" */
    0x4, 0x22, 0x22, 0x22, 0x22, 0x22, 0x22, 0x41,
    0x1f, 0xff, 0xff, 0xff, 0xff, 0xff, 0xff, 0xf3,
    0x1, 0x0, 0x0, 0x1f, 0xa0, 0x0, 0x0, 0x10,
    0x0, 0x44, 0x33, 0x8f, 0x73, 0x33, 0x44, 0x0,
    0x0, 0xaf, 0xff, 0xff, 0xff, 0xff, 0xfa, 0x0,
    0x0, 0x9d, 0x9, 0xd0, 0xd, 0x90, 0xda, 0x0,
    0x0, 0x9d, 0x9, 0xfd, 0xdf, 0x90, 0xda, 0x0,
    0x0, 0x9d, 0x9, 0xd5, 0x5e, 0x90, 0xda, 0x0,
    0x0, 0x9d, 0x9, 0xd1, 0x1d, 0x90, 0xda, 0x0,
    0x0, 0x9d, 0x9, 0xff, 0xff, 0x90, 0xda, 0x0,
    0x0, 0x9d, 0x9, 0xd1, 0x1d, 0x90, 0xda, 0x0,
    0x0, 0x9e, 0x3b, 0xd3, 0x3d, 0xa3, 0xda, 0x0,
    0x0, 0x9f, 0xff, 0xff, 0xff, 0xff, 0xfa, 0x0,
    0x0, 0xae, 0x0, 0x0, 0x0, 0x0, 0xeb, 0x0,
    0x0, 0x12, 0x0, 0x0, 0x0, 0x0, 0x0, 0x0,

    /* U+97F3 "音" */
    0x0, 0x0, 0x0, 0x10, 0x0, 0x0, 0x0, 0x0,
    0x0, 0x0, 0x0, 0xcd, 0x20, 0x0, 0x0, 0x0,
    0x1, 0x54, 0x44, 0x6f, 0xf4, 0x44, 0x44, 0x0,
    0x2, 0xff, 0xff, 0xee, 0xef, 0xfe, 0xfa, 0x0,
    0x0, 0x0, 0xeb, 0x0, 0x9, 0xf5, 0x0, 0x0,
    0x0, 0x0, 0x3f, 0xb0, 0x3f, 0x60, 0x0, 0x0,
    0x8e, 0xee, 0xef, 0xfe, 0xff, 0xee, 0xee, 0xf1,
    0x23, 0x34, 0x33, 0x33, 0x33, 0x33, 0x33, 0x40,
    0x0, 0xc, 0xff, 0xff, 0xff, 0xff, 0x70, 0x0,
    0x0, 0xb, 0xd4, 0x44, 0x44, 0x4f, 0x60, 0x0,
    0x0, 0xa, 0xd4, 0x44, 0x44, 0x4f, 0x60, 0x0,
    0x0, 0xa, 0xff, 0xff, 0xff, 0xff, 0x60, 0x0,
    0x0, 0xa, 0xc0, 0x0, 0x0, 0xf, 0x60, 0x0,
    0x0, 0xb, 0xff, 0xff, 0xff, 0xff, 0x60, 0x0,
    0x0, 0xc, 0xd3, 0x33, 0x33, 0x5f, 0x70, 0x0,
    0x0, 0x1, 0x10, 0x0, 0x0, 0x0, 0x0, 0x0,

    /* U+9891 "频" */
    0x0, 0x0, 0xcb, 0x0, 0x10, 0x0, 0x0, 0x1,
    0x1, 0x95, 0xda, 0x1, 0xff, 0xff, 0xff, 0xfb,
    0x0, 0xf8, 0xda, 0x15, 0x73, 0xbf, 0x33, 0x47,
    0x0, 0xf6, 0xdf, 0xf8, 0x0, 0xcc, 0x0, 0x0,
    0x0, 0xf6, 0xdb, 0x32, 0xbd, 0xfe, 0xdd, 0xc0,
    0x15, 0xf9, 0xdb, 0x45, 0xbe, 0x99, 0x9d, 0xd0,
    0x4f, 0xff, 0xff, 0xff, 0xbc, 0x28, 0x5b, 0xd0,
    0x0, 0x1, 0xd7, 0x0, 0xbc, 0x4f, 0x7b, 0xd0,
    0x0, 0xb7, 0xf5, 0xb7, 0xcc, 0x3f, 0x4b, 0xd0,
    0x3, 0xf6, 0xf7, 0xf8, 0xbc, 0x4f, 0x4b, 0xd0,
    0xa, 0xd0, 0xfd, 0xf0, 0xbc, 0x7f, 0x1b, 0xd0,
    0x2e, 0x41, 0xbf, 0x70, 0x99, 0xdd, 0x45, 0x60,
    0x0, 0x3, 0xeb, 0x0, 0xa, 0xfa, 0xfb, 0x10,
    0x2, 0xaf, 0xb0, 0x16, 0xdf, 0x70, 0x5f, 0xd2,
    0x2f, 0xe7, 0x0, 0x9f, 0xb3, 0x0, 0x2, 0xe9,
    0x4, 0x0, 0x0, 0x2, 0x0, 0x0, 0x0, 0x20,

    /* U+9ED8 "默" */
    0x1, 0x0, 0x0, 0x1, 0x4, 0xc6, 0x0, 0x0,
    0xd, 0xff, 0xff, 0xff, 0x4, 0xfe, 0xa0, 0x0,
    0xc, 0x94, 0xf5, 0x7e, 0x3, 0xf9, 0xf5, 0x0,
    0xc, 0xf8, 0xfb, 0xee, 0x3, 0xf3, 0xce, 0x10,
    0xc, 0xcf, 0xff, 0x9e, 0x3, 0xf3, 0x39, 0x0,
    0xc, 0xaa, 0xfa, 0x8f, 0xdd, 0xfd, 0xcc, 0xc0,
    0xd, 0xde, 0xfe, 0xde, 0x9a, 0xfa, 0x88, 0x80,
    0x9, 0x89, 0xf9, 0x88, 0x4, 0xf8, 0x0, 0x0,
    0x8, 0x78, 0xf8, 0x78, 0x6, 0xfc, 0x0, 0x0,
    0x7f, 0xee, 0xfe, 0xff, 0x69, 0xff, 0x20, 0x0,
    0x3b, 0x76, 0x78, 0xe8, 0xe, 0x8e, 0xa0, 0x0,
    0xc, 0xdf, 0xaf, 0xad, 0x6f, 0x27, 0xf4, 0x0,
    0x1f, 0x7e, 0x7f, 0x8d, 0xf9, 0x0, 0xde, 0x30,
    0x9f, 0x1b, 0x64, 0x7f, 0xc0, 0x0, 0x3f, 0xf4,
    0x14, 0x0, 0x2, 0xea, 0x0, 0x0, 0x5, 0x80,
    0x0, 0x0, 0x0, 0x10, 0x0, 0x0, 0x0, 0x0,

    /* U+F001 "" */
    0x0, 0x0, 0x0, 0x0, 0x0, 0x0, 0x0, 0x0,
    0x0, 0x0, 0x0, 0x0, 0x0, 0x0, 0x49, 0xdc,
    0x0, 0x0, 0x0, 0x0, 0x16, 0xbf, 0xff, 0xff,
    0x0, 0x0, 0x3, 0x8d, 0xff, 0xff, 0xff, 0xff,
    0x0, 0x0, 0xcf, 0xff, 0xff, 0xff, 0xff, 0xff,
    0x0, 0x0, 0xff, 0xff, 0xff, 0xff, 0xc7, 0xff,
    0x0, 0x0, 0xff, 0xff, 0xfa, 0x51, 0x0, 0xff,
    0x0, 0x0, 0xff, 0x84, 0x0, 0x0, 0x0, 0xff,
    0x0, 0x0, 0xff, 0x0, 0x0, 0x0, 0x0, 0xff,
    0x0, 0x0, 0xff, 0x0, 0x0, 0x0, 0x0, 0xff,
    0x0, 0x0, 0xff, 0x0, 0x0, 0x0, 0x0, 0xff,
    0x0, 0x0, 0xff, 0x0, 0x0, 0x2b, 0xee, 0xff,
    0x0, 0x0, 0xff, 0x0, 0x0, 0xdf, 0xff, 0xff,
    0x2b, 0xee, 0xff, 0x0, 0x0, 0xdf, 0xff, 0xfd,
    0xdf, 0xff, 0xff, 0x0, 0x0, 0x2b, 0xff, 0xb2,
    0xdf, 0xff, 0xfd, 0x0, 0x0, 0x0, 0x0, 0x0,
    0x2b, 0xff, 0xb2, 0x0, 0x0, 0x0, 0x0, 0x0,

    /* U+F008 "" */
    0xd0, 0xf, 0xff, 0xff, 0xff, 0xff, 0xf0, 0xd,
    0xff, 0xff, 0xc8, 0x88, 0x88, 0x8c, 0xff, 0xff,
    0xf0, 0xf, 0x80, 0x0, 0x0, 0x8, 0xf0, 0xf,
    0xf0, 0xf, 0x80, 0x0, 0x0, 0x8, 0xf0, 0xf,
    0xff, 0xff, 0x80, 0x0, 0x0, 0x8, 0xff, 0xff,
    0xf0, 0xf, 0xec, 0xcc, 0xcc, 0xce, 0xf0, 0xf,
    0xf0, 0xf, 0xec, 0xcc, 0xcc, 0xce, 0xf0, 0xf,
    0xff, 0xff, 0x80, 0x0, 0x0, 0x8, 0xff, 0xff,
    0xf0, 0xf, 0x80, 0x0, 0x0, 0x8, 0xf0, 0xf,
    0xf0, 0xf, 0x80, 0x0, 0x0, 0x8, 0xf0, 0xf,
    0xff, 0xff, 0xc8, 0x88, 0x88, 0x8c, 0xff, 0xff,
    0xd0, 0xf, 0xff, 0xff, 0xff, 0xff, 0xf0, 0xd,

    /* U+F00B "" */
    0xdf, 0xff, 0x73, 0xff, 0xff, 0xff, 0xff, 0xfd,
    0xff, 0xff, 0xa5, 0xff, 0xff, 0xff, 0xff, 0xff,
    0xff, 0xff, 0xa5, 0xff, 0xff, 0xff, 0xff, 0xff,
    0xdf, 0xff, 0x73, 0xff, 0xff, 0xff, 0xff, 0xfd,
    0x0, 0x0, 0x0, 0x0, 0x0, 0x0, 0x0, 0x0,
    0xdf, 0xff, 0x73, 0xff, 0xff, 0xff, 0xff, 0xfd,
    0xff, 0xff, 0xa5, 0xff, 0xff, 0xff, 0xff, 0xff,
    0xff, 0xff, 0xa5, 0xff, 0xff, 0xff, 0xff, 0xff,
    0xdf, 0xff, 0x73, 0xff, 0xff, 0xff, 0xff, 0xfd,
    0x0, 0x0, 0x0, 0x0, 0x0, 0x0, 0x0, 0x0,
    0xdf, 0xff, 0x73, 0xff, 0xff, 0xff, 0xff, 0xfd,
    0xff, 0xff, 0xa5, 0xff, 0xff, 0xff, 0xff, 0xff,
    0xff, 0xff, 0xa5, 0xff, 0xff, 0xff, 0xff, 0xff,
    0xdf, 0xff, 0x73, 0xff, 0xff, 0xff, 0xff, 0xfd,

    /* U+F00C "" */
    0x0, 0x0, 0x0, 0x0, 0x0, 0x0, 0xa, 0xb1,
    0x0, 0x0, 0x0, 0x0, 0x0, 0x0, 0xbf, 0xfc,
    0x0, 0x0, 0x0, 0x0, 0x0, 0xb, 0xff, 0xfb,
    0x0, 0x0, 0x0, 0x0, 0x0, 0xbf, 0xff, 0xc0,
    0x1b, 0xa0, 0x0, 0x0, 0xb, 0xff, 0xfc, 0x0,
    0xcf, 0xfb, 0x0, 0x0, 0xbf, 0xff, 0xc0, 0x0,
    0xbf, 0xff, 0xb0, 0xb, 0xff, 0xfc, 0x0, 0x0,
    0xc, 0xff, 0xfb, 0xbf, 0xff, 0xc0, 0x0, 0x0,
    0x0, 0xcf, 0xff, 0xff, 0xfb, 0x0, 0x0, 0x0,
    0x0, 0xc, 0xff, 0xff, 0xb0, 0x0, 0x0, 0x0,
    0x0, 0x0, 0xbf, 0xfb, 0x0, 0x0, 0x0, 0x0,
    0x0, 0x0, 0xb, 0xb0, 0x0, 0x0, 0x0, 0x0,

    /* U+F00D "" */
    0x3, 0x0, 0x0, 0x0, 0x3, 0x8, 0xfc, 0x10,
    0x0, 0x1c, 0xf8, 0xff, 0xfc, 0x10, 0x1c, 0xff,
    0xf5, 0xff, 0xfc, 0x2c, 0xff, 0xf5, 0x5, 0xff,
    0xff, 0xff, 0xf5, 0x0, 0x5, 0xff, 0xff, 0xf5,
    0x0, 0x0, 0x1d, 0xff, 0xfd, 0x10, 0x0, 0x1c,
    0xff, 0xff, 0xfc, 0x10, 0x1c, 0xff, 0xf9, 0xff,
    0xfc, 0x1c, 0xff, 0xf5, 0x5, 0xff, 0xfc, 0xdf,
    0xf5, 0x0, 0x5, 0xff, 0xd1, 0xa4, 0x0, 0x0,
    0x4, 0xa1,

    /* U+F011 "" */
    0x0, 0x0, 0x0, 0x4f, 0xe0, 0x0, 0x0, 0x0,
    0x0, 0x2, 0x10, 0x6f, 0xf1, 0x3, 0x10, 0x0,
    0x0, 0x5f, 0xd0, 0x6f, 0xf1, 0x3f, 0xd1, 0x0,
    0x3, 0xff, 0xf1, 0x6f, 0xf1, 0x5f, 0xfd, 0x0,
    0xd, 0xff, 0x40, 0x6f, 0xf1, 0x9, 0xff, 0x70,
    0x4f, 0xf7, 0x0, 0x6f, 0xf1, 0x0, 0xcf, 0xe0,
    0x9f, 0xf0, 0x0, 0x6f, 0xf1, 0x0, 0x5f, 0xf3,
    0xbf, 0xc0, 0x0, 0x6f, 0xf1, 0x0, 0x2f, 0xf5,
    0xbf, 0xc0, 0x0, 0x4f, 0xe0, 0x0, 0x1f, 0xf6,
    0xaf, 0xe0, 0x0, 0x0, 0x0, 0x0, 0x4f, 0xf4,
    0x6f, 0xf4, 0x0, 0x0, 0x0, 0x0, 0xaf, 0xf0,
    0xf, 0xfe, 0x10, 0x0, 0x0, 0x5, 0xff, 0xa0,
    0x6, 0xff, 0xd3, 0x0, 0x0, 0x7f, 0xff, 0x20,
    0x0, 0x9f, 0xff, 0xda, 0xbe, 0xff, 0xf4, 0x0,
    0x0, 0x6, 0xff, 0xff, 0xff, 0xfd, 0x30, 0x0,
    0x0, 0x0, 0x17, 0xbd, 0xca, 0x50, 0x0, 0x0,

    /* U+F013 "" */
    0x0, 0x0, 0x0, 0x8b, 0xb8, 0x0, 0x0, 0x0,
    0x0, 0x0, 0x0, 0xff, 0xff, 0x0, 0x0, 0x0,
    0x0, 0x30, 0x6, 0xff, 0xff, 0x60, 0x3, 0x0,
    0x4, 0xfd, 0xdf, 0xff, 0xff, 0xfd, 0xef, 0x40,
    0xd, 0xff, 0xff, 0xff, 0xff, 0xff, 0xff, 0xd0,
    0x4f, 0xff, 0xff, 0xf9, 0x9f, 0xff, 0xff, 0xf4,
    0x8, 0xff, 0xff, 0x20, 0x2, 0xff, 0xff, 0x80,
    0x0, 0xff, 0xf9, 0x0, 0x0, 0x9f, 0xff, 0x0,
    0x0, 0xff, 0xf9, 0x0, 0x0, 0x9f, 0xff, 0x0,
    0x8, 0xff, 0xff, 0x20, 0x2, 0xff, 0xff, 0x80,
    0x4f, 0xff, 0xff, 0xf9, 0x9f, 0xff, 0xff, 0xf4,
    0xd, 0xff, 0xff, 0xff, 0xff, 0xff, 0xff, 0xd0,
    0x4, 0xfe, 0xdf, 0xff, 0xff, 0xfd, 0xdf, 0x40,
    0x0, 0x30, 0x6, 0xff, 0xff, 0x60, 0x3, 0x0,
    0x0, 0x0, 0x0, 0xff, 0xff, 0x0, 0x0, 0x0,
    0x0, 0x0, 0x0, 0x8b, 0xb8, 0x0, 0x0, 0x0,

    /* U+F015 "" */
    0x0, 0x0, 0x0, 0x3, 0xdd, 0x30, 0x3f, 0xf3,
    0x0, 0x0, 0x0, 0x0, 0x6f, 0xff, 0xf5, 0x4f,
    0xf4, 0x0, 0x0, 0x0, 0x9, 0xff, 0x99, 0xff,
    0xbf, 0xf4, 0x0, 0x0, 0x1, 0xbf, 0xf6, 0x22,
    0x6f, 0xff, 0xf4, 0x0, 0x0, 0x2d, 0xfe, 0x35,
    0xff, 0x53, 0xef, 0xf4, 0x0, 0x4, 0xff, 0xc1,
    0x8f, 0xff, 0xf8, 0x1c, 0xfe, 0x40, 0x7f, 0xfa,
    0x1a, 0xff, 0xff, 0xff, 0xa1, 0xaf, 0xf7, 0xcf,
    0x82, 0xdf, 0xff, 0xff, 0xff, 0xfd, 0x28, 0xfc,
    0x14, 0xe, 0xff, 0xff, 0xff, 0xff, 0xff, 0xe0,
    0x41, 0x0, 0xf, 0xff, 0xff, 0xff, 0xff, 0xff,
    0xf0, 0x0, 0x0, 0xf, 0xff, 0xf9, 0x0, 0x8f,
    0xff, 0xf0, 0x0, 0x0, 0xf, 0xff, 0xf8, 0x0,
    0x8f, 0xff, 0xf0, 0x0, 0x0, 0xf, 0xff, 0xf8,
    0x0, 0x8f, 0xff, 0xf0, 0x0, 0x0, 0xe, 0xff,
    0xf6, 0x0, 0x6f, 0xff, 0xe0, 0x0,

    /* U+F019 "" */
    0x0, 0x0, 0x0, 0xdf, 0xfd, 0x0, 0x0, 0x0,
    0x0, 0x0, 0x0, 0xff, 0xff, 0x0, 0x0, 0x0,
    0x0, 0x0, 0x0, 0xff, 0xff, 0x0, 0x0, 0x0,
    0x0, 0x0, 0x0, 0xff, 0xff, 0x0, 0x0, 0x0,
    0x0, 0x0, 0x0, 0xff, 0xff, 0x0, 0x0, 0x0,
    0x0, 0x0, 0x0, 0xff, 0xff, 0x0, 0x0, 0x0,
    0x0, 0x4f, 0xff, 0xff, 0xff, 0xff, 0xf4, 0x0,
    0x0, 0xb, 0xff, 0xff, 0xff, 0xff, 0xb0, 0x0,
    0x0, 0x0, 0xbf, 0xff, 0xff, 0xfb, 0x0, 0x0,
    0x0, 0x0, 0xb, 0xff, 0xff, 0xb0, 0x0, 0x0,
    0x0, 0x0, 0x0, 0xbf, 0xfb, 0x0, 0x0, 0x0,
    0xdf, 0xff, 0xfc, 0x1b, 0xb1, 0xcf, 0xff, 0xfd,
    0xff, 0xff, 0xff, 0xc2, 0x2c, 0xff, 0xff, 0xff,
    0xff, 0xff, 0xff, 0xff, 0xff, 0xff, 0xff, 0xff,
    0xff, 0xff, 0xff, 0xff, 0xff, 0xf0, 0xe0, 0xff,
    0xdf, 0xff, 0xff, 0xff, 0xff, 0xff, 0xff, 0xfd,

    /* U+F01C "" */
    0x0, 0x4, 0xef, 0xff, 0xff, 0xff, 0xfe, 0x40,
    0x0, 0x0, 0x1e, 0xff, 0xff, 0xff, 0xff, 0xff,
    0xe1, 0x0, 0x0, 0xaf, 0xb0, 0x0, 0x0, 0x0,
    0xb, 0xfa, 0x0, 0x5, 0xff, 0x10, 0x0, 0x0,
    0x0, 0x1, 0xff, 0x50, 0x1e, 0xf6, 0x0, 0x0,
    0x0, 0x0, 0x0, 0x6f, 0xe1, 0xaf, 0xb0, 0x0,
    0x0, 0x0, 0x0, 0x0, 0xb, 0xfa, 0xff, 0xff,
    0xff, 0x70, 0x0, 0x8, 0xff, 0xff, 0xff, 0xff,
    0xff, 0xff, 0xe0, 0x0, 0xf, 0xff, 0xff, 0xff,
    0xff, 0xff, 0xff, 0xff, 0xff, 0xff, 0xff, 0xff,
    0xff, 0xff, 0xff, 0xff, 0xff, 0xff, 0xff, 0xff,
    0xff, 0xff, 0xff, 0xff, 0xff, 0xff, 0xff, 0xff,
    0xff, 0xff, 0xff, 0x8f, 0xff, 0xff, 0xff, 0xff,
    0xff, 0xff, 0xff, 0xf8,

    /* U+F021 "" */
    0x0, 0x0, 0x6, 0xbd, 0xda, 0x50, 0x2, 0xff,
    0x0, 0x5, 0xef, 0xff, 0xff, 0xfe, 0x42, 0xff,
    0x0, 0x7f, 0xff, 0xa7, 0x7b, 0xff, 0xf9, 0xff,
    0x5, 0xff, 0xc1, 0x0, 0x0, 0x2c, 0xff, 0xff,
    0xe, 0xfc, 0x0, 0x0, 0x2, 0x22, 0xdf, 0xff,
    0x5f, 0xf2, 0x0, 0x0, 0xf, 0xff, 0xff, 0xff,
    0x8f, 0xb0, 0x0, 0x0, 0xf, 0xff, 0xff, 0xff,
    0x0, 0x0, 0x0, 0x0, 0x0, 0x0, 0x0, 0x0,
    0x0, 0x0, 0x0, 0x0, 0x0, 0x0, 0x0, 0x0,
    0xff, 0xff, 0xff, 0xf0, 0x0, 0x0, 0xb, 0xf8,
    0xff, 0xff, 0xff, 0xf0, 0x0, 0x0, 0x2f, 0xf4,
    0xff, 0xfd, 0x22, 0x20, 0x0, 0x0, 0xcf, 0xe0,
    0xff, 0xff, 0xc2, 0x0, 0x0, 0x2c, 0xff, 0x40,
    0xff, 0x9f, 0xff, 0xb7, 0x6a, 0xff, 0xf7, 0x0,
    0xff, 0x24, 0xdf, 0xff, 0xff, 0xfe, 0x50, 0x0,
    0xff, 0x20, 0x5, 0xac, 0xdb, 0x60, 0x0, 0x0,

    /* U+F026 "" */
    0x0, 0x0, 0x0, 0x0, 0x0, 0x0, 0x0, 0x8d,
    0x0, 0x0, 0x8, 0xff, 0x0, 0x0, 0x8f, 0xff,
    0xdf, 0xff, 0xff, 0xff, 0xff, 0xff, 0xff, 0xff,
    0xff, 0xff, 0xff, 0xff, 0xff, 0xff, 0xff, 0xff,
    0xff, 0xff, 0xff, 0xff, 0xdf, 0xff, 0xff, 0xff,
    0x0, 0x0, 0x9f, 0xff, 0x0, 0x0, 0x9, 0xff,
    0x0, 0x0, 0x0, 0x8d, 0x0, 0x0, 0x0, 0x0,

    /* U+F027 "" */
    0x0, 0x0, 0x0, 0x0, 0x0, 0x0, 0x0, 0x0,
    0x0, 0x8d, 0x0, 0x0, 0x0, 0x0, 0x8, 0xff,
    0x0, 0x0, 0x0, 0x0, 0x8f, 0xff, 0x0, 0x0,
    0xcf, 0xff, 0xff, 0xff, 0x1, 0x50, 0xff, 0xff,
    0xff, 0xff, 0x6, 0xf7, 0xff, 0xff, 0xff, 0xff,
    0x0, 0xbe, 0xff, 0xff, 0xff, 0xff, 0x0, 0xae,
    0xff, 0xff, 0xff, 0xff, 0x5, 0xf8, 0xdf, 0xff,
    0xff, 0xff, 0x2, 0x60, 0x0, 0x0, 0x9f, 0xff,
    0x0, 0x0, 0x0, 0x0, 0x9, 0xff, 0x0, 0x0,
    0x0, 0x0, 0x0, 0x9e, 0x0, 0x0, 0x0, 0x0,
    0x0, 0x0, 0x0, 0x0,

    /* U+F028 "" */
    0x0, 0x0, 0x0, 0x0, 0x0, 0x0, 0x6, 0x10,
    0x0, 0x0, 0x0, 0x0, 0x0, 0x0, 0x0, 0x1f,
    0xd2, 0x0, 0x0, 0x0, 0x0, 0x8d, 0x0, 0x0,
    0x3, 0xee, 0x10, 0x0, 0x0, 0x8, 0xff, 0x0,
    0xa, 0xb1, 0x2f, 0xb0, 0x0, 0x0, 0x8f, 0xff,
    0x0, 0x5, 0xfc, 0x7, 0xf4, 0xdf, 0xff, 0xff,
    0xff, 0x2, 0x50, 0x5f, 0x60, 0xf9, 0xff, 0xff,
    0xff, 0xff, 0x6, 0xf7, 0xd, 0xc0, 0xbd, 0xff,
    0xff, 0xff, 0xff, 0x0, 0xae, 0x9, 0xf0, 0x9f,
    0xff, 0xff, 0xff, 0xff, 0x0, 0xae, 0x9, 0xe0,
    0x8f, 0xff, 0xff, 0xff, 0xff, 0x6, 0xf7, 0xd,
    0xc0, 0xad, 0xdf, 0xff, 0xff, 0xff, 0x2, 0x50,
    0x5f, 0x60, 0xe9, 0x0, 0x0, 0x9f, 0xff, 0x0,
    0x5, 0xfc, 0x6, 0xf4, 0x0, 0x0, 0x9, 0xff,
    0x0, 0xa, 0xb1, 0x2f, 0xb0, 0x0, 0x0, 0x0,
    0x8d, 0x0, 0x0, 0x2, 0xee, 0x10, 0x0, 0x0,
    0x0, 0x0, 0x0, 0x0, 0x1f, 0xd2, 0x0, 0x0,
    0x0, 0x0, 0x0, 0x0, 0x0, 0x6, 0x10, 0x0,

    /* U+F03E "" */
    0x8f, 0xff, 0xff, 0xff, 0xff, 0xff, 0xff, 0xf8,
    0xff, 0xfc, 0xff, 0xff, 0xff, 0xff, 0xff, 0xff,
    0xff, 0x20, 0x2f, 0xff, 0xff, 0xff, 0xff, 0xff,
    0xfc, 0x0, 0xc, 0xff, 0xff, 0xee, 0xff, 0xff,
    0xff, 0x20, 0x2f, 0xff, 0xfe, 0x12, 0xef, 0xff,
    0xff, 0xfc, 0xff, 0xff, 0xe1, 0x0, 0x2e, 0xff,
    0xff, 0xfe, 0x4e, 0xfe, 0x10, 0x0, 0x2, 0xff,
    0xff, 0xe1, 0x2, 0xc1, 0x0, 0x0, 0x0, 0xff,
    0xff, 0x10, 0x0, 0x0, 0x0, 0x0, 0x0, 0xff,
    0xff, 0x0, 0x0, 0x0, 0x0, 0x0, 0x0, 0xff,
    0xff, 0xff, 0xff, 0xff, 0xff, 0xff, 0xff, 0xff,
    0x8f, 0xff, 0xff, 0xff, 0xff, 0xff, 0xff, 0xf8,

    /* U+F043 "" */
    0x0, 0x0, 0x4e, 0x40, 0x0, 0x0, 0x0, 0xb,
    0xfb, 0x0, 0x0, 0x0, 0x1, 0xff, 0xf1, 0x0,
    0x0, 0x0, 0x9f, 0xff, 0x90, 0x0, 0x0, 0x2f,
    0xff, 0xff, 0x30, 0x0, 0xc, 0xff, 0xff, 0xfc,
    0x0, 0x7, 0xff, 0xff, 0xff, 0xf8, 0x2, 0xff,
    0xff, 0xff, 0xff, 0xf2, 0x9f, 0xff, 0xff, 0xff,
    0xff, 0x9e, 0xff, 0xff, 0xff, 0xff, 0xfe, 0xff,
    0x2f, 0xff, 0xff, 0xff, 0xfe, 0xf2, 0xbf, 0xff,
    0xff, 0xfe, 0x9f, 0xa1, 0xbf, 0xff, 0xff, 0x92,
    0xff, 0xa2, 0x2f, 0xff, 0xf2, 0x4, 0xff, 0xff,
    0xff, 0xf4, 0x0, 0x2, 0x9e, 0xfe, 0x92, 0x0,

    /* U+F048 "" */
    0x0, 0x0, 0x0, 0x0, 0x0, 0xff, 0x30, 0x0,
    0x1, 0xcc, 0xff, 0x40, 0x0, 0x2d, 0xff, 0xff,
    0x40, 0x3, 0xef, 0xff, 0xff, 0x40, 0x3f, 0xff,
    0xff, 0xff, 0x44, 0xff, 0xff, 0xff, 0xff, 0x9f,
    0xff, 0xff, 0xff, 0xff, 0xff, 0xff, 0xff, 0xff,
    0xff, 0xff, 0xff, 0xff, 0xff, 0xff, 0xaf, 0xff,
    0xff, 0xff, 0xff, 0x45, 0xff, 0xff, 0xff, 0xff,
    0x40, 0x4f, 0xff, 0xff, 0xff, 0x40, 0x3, 0xef,
    0xff, 0xff, 0x40, 0x0, 0x2d, 0xff, 0xff, 0x30,
    0x0, 0x1, 0xcc, 0x0, 0x0, 0x0, 0x0, 0x0,

    /* U+F04B "" */
    0x0, 0x0, 0x0, 0x0, 0x0, 0x0, 0x0, 0x8f,
    0x91, 0x0, 0x0, 0x0, 0x0, 0x0, 0xff, 0xff,
    0x70, 0x0, 0x0, 0x0, 0x0, 0xff, 0xff, 0xfd,
    0x40, 0x0, 0x0, 0x0, 0xff, 0xff, 0xff, 0xfa,
    0x10, 0x0, 0x0, 0xff, 0xff, 0xff, 0xff, 0xf7,
    0x0, 0x0, 0xff, 0xff, 0xff, 0xff, 0xff, 0xd5,
    0x0, 0xff, 0xff, 0xff, 0xff, 0xff, 0xff, 0xb2,
    0xff, 0xff, 0xff, 0xff, 0xff, 0xff, 0xfd, 0xff,
    0xff, 0xff, 0xff, 0xff, 0xff, 0xfd, 0xff, 0xff,
    0xff, 0xff, 0xff, 0xff, 0xb2, 0xff, 0xff, 0xff,
    0xff, 0xff, 0xd5, 0x0, 0xff, 0xff, 0xff, 0xff,
    0xf7, 0x0, 0x0, 0xff, 0xff, 0xff, 0xfa, 0x20,
    0x0, 0x0, 0xff, 0xff, 0xfd, 0x40, 0x0, 0x0,
    0x0, 0xff, 0xff, 0x70, 0x0, 0x0, 0x0, 0x0,
    0x8e, 0xa1, 0x0, 0x0, 0x0, 0x0, 0x0, 0x0,
    0x0, 0x0, 0x0, 0x0, 0x0, 0x0,

    /* U+F04C "" */
    0x0, 0x0, 0x0, 0x0, 0x0, 0x0, 0x0, 0x8f,
    0xff, 0xf8, 0x0, 0x8f, 0xff, 0xf8, 0xff, 0xff,
    0xff, 0x0, 0xff, 0xff, 0xff, 0xff, 0xff, 0xff,
    0x0, 0xff, 0xff, 0xff, 0xff, 0xff, 0xff, 0x0,
    0xff, 0xff, 0xff, 0xff, 0xff, 0xff, 0x0, 0xff,
    0xff, 0xff, 0xff, 0xff, 0xff, 0x0, 0xff, 0xff,
    0xff, 0xff, 0xff, 0xff, 0x0, 0xff, 0xff, 0xff,
    0xff, 0xff, 0xff, 0x0, 0xff, 0xff, 0xff, 0xff,
    0xff, 0xff, 0x0, 0xff, 0xff, 0xff, 0xff, 0xff,
    0xff, 0x0, 0xff, 0xff, 0xff, 0xff, 0xff, 0xff,
    0x0, 0xff, 0xff, 0xff, 0xff, 0xff, 0xff, 0x0,
    0xff, 0xff, 0xff, 0xff, 0xff, 0xff, 0x0, 0xff,
    0xff, 0xff, 0x7f, 0xff, 0xf7, 0x0, 0x7f, 0xff,
    0xf7,

    /* U+F04D "" */
    0x8f, 0xff, 0xff, 0xff, 0xff, 0xff, 0xf8, 0xff,
    0xff, 0xff, 0xff, 0xff, 0xff, 0xff, 0xff, 0xff,
    0xff, 0xff, 0xff, 0xff, 0xff, 0xff, 0xff, 0xff,
    0xff, 0xff, 0xff, 0xff, 0xff, 0xff, 0xff, 0xff,
    0xff, 0xff, 0xff, 0xff, 0xff, 0xff, 0xff, 0xff,
    0xff, 0xff, 0xff, 0xff, 0xff, 0xff, 0xff, 0xff,
    0xff, 0xff, 0xff, 0xff, 0xff, 0xff, 0xff, 0xff,
    0xff, 0xff, 0xff, 0xff, 0xff, 0xff, 0xff, 0xff,
    0xff, 0xff, 0xff, 0xff, 0xff, 0xff, 0xff, 0xff,
    0xff, 0xff, 0xff, 0xff, 0xff, 0xff, 0xff, 0xff,
    0xff, 0xff, 0xff, 0xff, 0xff, 0xff, 0xff, 0xff,
    0xff, 0xff, 0xff, 0x8f, 0xff, 0xff, 0xff, 0xff,
    0xff, 0xf8,

    /* U+F051 "" */
    0x0, 0x0, 0x0, 0x0, 0x0, 0xcc, 0x10, 0x0,
    0x3, 0xff, 0xff, 0xd2, 0x0, 0x4, 0xff, 0xff,
    0xfe, 0x30, 0x4, 0xff, 0xff, 0xff, 0xf4, 0x4,
    0xff, 0xff, 0xff, 0xff, 0x54, 0xff, 0xff, 0xff,
    0xff, 0xfa, 0xff, 0xff, 0xff, 0xff, 0xff, 0xff,
    0xff, 0xff, 0xff, 0xff, 0xff, 0xff, 0xff, 0xff,
    0xf9, 0xff, 0xff, 0xff, 0xff, 0x44, 0xff, 0xff,
    0xff, 0xf3, 0x4, 0xff, 0xff, 0xfe, 0x30, 0x4,
    0xff, 0xff, 0xd2, 0x0, 0x4, 0xff, 0xcc, 0x10,
    0x0, 0x3, 0xff, 0x0, 0x0, 0x0, 0x0, 0x0,

    /* U+F052 "" */
    0x0, 0x0, 0x0, 0x2d, 0xd2, 0x0, 0x0, 0x0,
    0x0, 0x0, 0x1, 0xef, 0xfe, 0x10, 0x0, 0x0,
    0x0, 0x0, 0x1d, 0xff, 0xff, 0xd1, 0x0, 0x0,
    0x0, 0x0, 0xcf, 0xff, 0xff, 0xfc, 0x0, 0x0,
    0x0, 0xb, 0xff, 0xff, 0xff, 0xff, 0xb0, 0x0,
    0x0, 0xaf, 0xff, 0xff, 0xff, 0xff, 0xfa, 0x0,
    0x9, 0xff, 0xff, 0xff, 0xff, 0xff, 0xff, 0x90,
    0xf, 0xff, 0xff, 0xff, 0xff, 0xff, 0xff, 0xf0,
    0x8, 0xff, 0xff, 0xff, 0xff, 0xff, 0xff, 0x80,
    0x0, 0x0, 0x0, 0x0, 0x0, 0x0, 0x0, 0x0,
    0xc, 0xff, 0xff, 0xff, 0xff, 0xff, 0xff, 0xc0,
    0xf, 0xff, 0xff, 0xff, 0xff, 0xff, 0xff, 0xf0,
    0xf, 0xff, 0xff, 0xff, 0xff, 0xff, 0xff, 0xf0,
    0xc, 0xff, 0xff, 0xff, 0xff, 0xff, 0xff, 0xc0,

    /* U+F053 "" */
    0x0, 0x0, 0x0, 0x1a, 0x40, 0x0, 0x0, 0x1,
    0xdf, 0xf0, 0x0, 0x0, 0x1d, 0xff, 0xa0, 0x0,
    0x1, 0xdf, 0xfa, 0x0, 0x0, 0x1d, 0xff, 0xa0,
    0x0, 0x1, 0xdf, 0xfa, 0x0, 0x0, 0xc, 0xff,
    0xa0, 0x0, 0x0, 0xd, 0xff, 0x80, 0x0, 0x0,
    0x1, 0xdf, 0xf8, 0x0, 0x0, 0x0, 0x1d, 0xff,
    0x80, 0x0, 0x0, 0x1, 0xdf, 0xf8, 0x0, 0x0,
    0x0, 0x1d, 0xff, 0x80, 0x0, 0x0, 0x1, 0xdf,
    0xf0, 0x0, 0x0, 0x0, 0x1b, 0x50,

    /* U+F054 "" */
    0x4, 0xa1, 0x0, 0x0, 0x0, 0xf, 0xfc, 0x10,
    0x0, 0x0, 0xa, 0xff, 0xc1, 0x0, 0x0, 0x0,
    0xaf, 0xfc, 0x10, 0x0, 0x0, 0xa, 0xff, 0xc1,
    0x0, 0x0, 0x0, 0xaf, 0xfc, 0x10, 0x0, 0x0,
    0xa, 0xff, 0xc0, 0x0, 0x0, 0x8, 0xff, 0xd0,
    0x0, 0x0, 0x8f, 0xfd, 0x10, 0x0, 0x8, 0xff,
    0xd1, 0x0, 0x0, 0x8f, 0xfd, 0x10, 0x0, 0x8,
    0xff, 0xd1, 0x0, 0x0, 0xf, 0xfd, 0x10, 0x0,
    0x0, 0x5, 0xb1, 0x0, 0x0, 0x0,

    /* U+F067 "" */
    0x0, 0x0, 0x4, 0xff, 0x40, 0x0, 0x0, 0x0,
    0x0, 0x8, 0xff, 0x80, 0x0, 0x0, 0x0, 0x0,
    0x8, 0xff, 0x80, 0x0, 0x0, 0x0, 0x0, 0x8,
    0xff, 0x80, 0x0, 0x0, 0x0, 0x0, 0x8, 0xff,
    0x80, 0x0, 0x0, 0x48, 0x88, 0x8c, 0xff, 0xc8,
    0x88, 0x84, 0xff, 0xff, 0xff, 0xff, 0xff, 0xff,
    0xff, 0xff, 0xff, 0xff, 0xff, 0xff, 0xff, 0xff,
    0x48, 0x88, 0x8c, 0xff, 0xc8, 0x88, 0x84, 0x0,
    0x0, 0x8, 0xff, 0x80, 0x0, 0x0, 0x0, 0x0,
    0x8, 0xff, 0x80, 0x0, 0x0, 0x0, 0x0, 0x8,
    0xff, 0x80, 0x0, 0x0, 0x0, 0x0, 0x8, 0xff,
    0x80, 0x0, 0x0, 0x0, 0x0, 0x4, 0xff, 0x40,
    0x0, 0x0,

    /* U+F068 "" */
    0x14, 0x44, 0x44, 0x44, 0x44, 0x44, 0x41, 0xef,
    0xff, 0xff, 0xff, 0xff, 0xff, 0xfe, 0xff, 0xff,
    0xff, 0xff, 0xff, 0xff, 0xff, 0x7b, 0xbb, 0xbb,
    0xbb, 0xbb, 0xbb, 0xb7,

    /* U+F06E "" */
    0x0, 0x0, 0x5, 0xad, 0xff, 0xda, 0x50, 0x0,
    0x0, 0x0, 0x4, 0xdf, 0xfc, 0x88, 0xcf, 0xfd,
    0x40, 0x0, 0x0, 0x7f, 0xfe, 0x40, 0x0, 0x4,
    0xef, 0xf7, 0x0, 0x7, 0xff, 0xf4, 0x0, 0x9e,
    0x80, 0x4f, 0xff, 0x70, 0x4f, 0xff, 0xc0, 0x0,
    0xaf, 0xf8, 0xc, 0xff, 0xf4, 0xdf, 0xff, 0x80,
    0x9a, 0xff, 0xfe, 0x8, 0xff, 0xfd, 0xdf, 0xff,
    0x80, 0xef, 0xff, 0xfe, 0x8, 0xff, 0xfd, 0x4f,
    0xff, 0xc0, 0x8f, 0xff, 0xf8, 0xc, 0xff, 0xf4,
    0x7, 0xff, 0xf4, 0x8, 0xee, 0x80, 0x4f, 0xff,
    0x70, 0x0, 0x7f, 0xfe, 0x40, 0x0, 0x4, 0xef,
    0xf8, 0x0, 0x0, 0x4, 0xdf, 0xfc, 0x88, 0xcf,
    0xfd, 0x40, 0x0, 0x0, 0x0, 0x5, 0xad, 0xff,
    0xda, 0x50, 0x0, 0x0,

    /* U+F070 "" */
    0x8c, 0x20, 0x0, 0x0, 0x0, 0x0, 0x0, 0x0,
    0x0, 0x0, 0xdf, 0xe4, 0x0, 0x0, 0x0, 0x0,
    0x0, 0x0, 0x0, 0x0, 0x1b, 0xff, 0x80, 0x49,
    0xdf, 0xfd, 0xa5, 0x0, 0x0, 0x0, 0x0, 0x7f,
    0xff, 0xff, 0xd8, 0x8c, 0xff, 0xd4, 0x0, 0x0,
    0x0, 0x4, 0xef, 0xf8, 0x0, 0x0, 0x4e, 0xff,
    0x70, 0x0, 0x0, 0x0, 0x1c, 0xff, 0x69, 0xe8,
    0x4, 0xff, 0xf7, 0x0, 0x4, 0xe3, 0x0, 0x9f,
    0xfe, 0xff, 0x80, 0xcf, 0xff, 0x40, 0xd, 0xff,
    0x70, 0x5, 0xff, 0xff, 0xe0, 0x8f, 0xff, 0xd0,
    0xd, 0xff, 0xf7, 0x0, 0x2d, 0xff, 0xe0, 0x8f,
    0xff, 0xd0, 0x4, 0xff, 0xfc, 0x0, 0x0, 0xaf,
    0xf8, 0xcf, 0xff, 0x30, 0x0, 0x7f, 0xff, 0x40,
    0x0, 0x6, 0xff, 0xff, 0xf7, 0x0, 0x0, 0x8,
    0xff, 0xf4, 0x0, 0x0, 0x3e, 0xff, 0xa0, 0x0,
    0x0, 0x0, 0x4d, 0xff, 0xc8, 0x82, 0x1, 0xbf,
    0xf7, 0x0, 0x0, 0x0, 0x0, 0x5a, 0xdf, 0xfc,
    0x10, 0x8, 0xff, 0xb0, 0x0, 0x0, 0x0, 0x0,
    0x0, 0x0, 0x0, 0x0, 0x4e, 0xfd, 0x0, 0x0,
    0x0, 0x0, 0x0, 0x0, 0x0, 0x0, 0x2, 0xc8,

    /* U+F071 "" */
    0x0, 0x0, 0x0, 0x0, 0x2d, 0xd2, 0x0, 0x0,
    0x0, 0x0, 0x0, 0x0, 0x0, 0x0, 0xbf, 0xfb,
    0x0, 0x0, 0x0, 0x0, 0x0, 0x0, 0x0, 0x5,
    0xff, 0xff, 0x50, 0x0, 0x0, 0x0, 0x0, 0x0,
    0x0, 0xd, 0xff, 0xff, 0xd0, 0x0, 0x0, 0x0,
    0x0, 0x0, 0x0, 0x7f, 0xff, 0xff, 0xf7, 0x0,
    0x0, 0x0, 0x0, 0x0, 0x1, 0xff, 0xd8, 0x8d,
    0xff, 0x10, 0x0, 0x0, 0x0, 0x0, 0xa, 0xff,
    0xa0, 0xa, 0xff, 0xa0, 0x0, 0x0, 0x0, 0x0,
    0x3f, 0xff, 0xb0, 0xb, 0xff, 0xf3, 0x0, 0x0,
    0x0, 0x0, 0xcf, 0xff, 0xc0, 0xc, 0xff, 0xfc,
    0x0, 0x0, 0x0, 0x5, 0xff, 0xff, 0xd0, 0xd,
    0xff, 0xff, 0x50, 0x0, 0x0, 0xe, 0xff, 0xff,
    0xf9, 0x9f, 0xff, 0xff, 0xe0, 0x0, 0x0, 0x8f,
    0xff, 0xff, 0xe2, 0x2e, 0xff, 0xff, 0xf8, 0x0,
    0x2, 0xff, 0xff, 0xff, 0x90, 0x9, 0xff, 0xff,
    0xff, 0x10, 0xa, 0xff, 0xff, 0xff, 0xe3, 0x3e,
    0xff, 0xff, 0xff, 0xa0, 0xf, 0xff, 0xff, 0xff,
    0xff, 0xff, 0xff, 0xff, 0xff, 0xf0, 0x8, 0xff,
    0xff, 0xff, 0xff, 0xff, 0xff, 0xff, 0xff, 0x80,

    /* U+F074 "" */
    0x0, 0x0, 0x0, 0x0, 0x0, 0x0, 0x0, 0x0,
    0x0, 0x0, 0x0, 0x0, 0x0, 0x0, 0xd8, 0x0,
    0x0, 0x0, 0x0, 0x0, 0x0, 0x0, 0xff, 0x80,
    0xff, 0xff, 0x70, 0x0, 0x7, 0xff, 0xff, 0xf8,
    0xff, 0xff, 0xf6, 0x0, 0x6f, 0xff, 0xff, 0xfd,
    0x78, 0x8e, 0xff, 0x15, 0xff, 0xe8, 0xff, 0xe2,
    0x0, 0x2, 0xe5, 0x4f, 0xfe, 0x20, 0xfe, 0x20,
    0x0, 0x0, 0x13, 0xff, 0xf3, 0x0, 0x52, 0x0,
    0x0, 0x0, 0x3f, 0xff, 0x31, 0x0, 0x52, 0x0,
    0x0, 0x2, 0xef, 0xf4, 0x5e, 0x20, 0xfe, 0x20,
    0x78, 0x8e, 0xff, 0x51, 0xff, 0xe8, 0xff, 0xe2,
    0xff, 0xff, 0xf6, 0x0, 0x6f, 0xff, 0xff, 0xfd,
    0xff, 0xff, 0x70, 0x0, 0x7, 0xff, 0xff, 0xf8,
    0x0, 0x0, 0x0, 0x0, 0x0, 0x0, 0xff, 0x80,
    0x0, 0x0, 0x0, 0x0, 0x0, 0x0, 0xd8, 0x0,
    0x0, 0x0, 0x0, 0x0, 0x0, 0x0, 0x0, 0x0,

    /* U+F077 "" */
    0x0, 0x0, 0x0, 0x0, 0x0, 0x0, 0x0, 0x0,
    0x0, 0x1, 0xdd, 0x10, 0x0, 0x0, 0x0, 0x0,
    0x1d, 0xff, 0xd1, 0x0, 0x0, 0x0, 0x1, 0xdf,
    0xff, 0xfd, 0x10, 0x0, 0x0, 0x1d, 0xff, 0x99,
    0xff, 0xd1, 0x0, 0x1, 0xdf, 0xf9, 0x0, 0x9f,
    0xfd, 0x10, 0x1d, 0xff, 0x90, 0x0, 0x9, 0xff,
    0xd1, 0xbf, 0xf9, 0x0, 0x0, 0x0, 0x9f, 0xfb,
    0x5f, 0x90, 0x0, 0x0, 0x0, 0x9, 0xf5, 0x0,
    0x0, 0x0, 0x0, 0x0, 0x0, 0x0,

    /* U+F078 "" */
    0x0, 0x0, 0x0, 0x0, 0x0, 0x0, 0x0, 0x5f,
    0x90, 0x0, 0x0, 0x0, 0x9, 0xf5, 0xbf, 0xf9,
    0x0, 0x0, 0x0, 0x9f, 0xfb, 0x1d, 0xff, 0x90,
    0x0, 0x9, 0xff, 0xd1, 0x1, 0xdf, 0xf9, 0x0,
    0x9f, 0xfd, 0x10, 0x0, 0x1d, 0xff, 0x99, 0xff,
    0xd1, 0x0, 0x0, 0x1, 0xdf, 0xff, 0xfd, 0x10,
    0x0, 0x0, 0x0, 0x1d, 0xff, 0xd1, 0x0, 0x0,
    0x0, 0x0, 0x1, 0xdd, 0x10, 0x0, 0x0, 0x0,
    0x0, 0x0, 0x0, 0x0, 0x0, 0x0,

    /* U+F079 "" */
    0x0, 0x0, 0x0, 0x0, 0x0, 0x0, 0x0, 0x0,
    0x0, 0x0, 0x0, 0x1d, 0xd1, 0x0, 0x0, 0x0,
    0x0, 0x0, 0x0, 0x0, 0x1, 0xdf, 0xfd, 0x10,
    0xef, 0xff, 0xff, 0xff, 0xd0, 0x0, 0x1d, 0xff,
    0xff, 0xd1, 0xaf, 0xff, 0xff, 0xff, 0xf0, 0x0,
    0xcf, 0xcf, 0xfc, 0xfc, 0x0, 0x0, 0x0, 0xf,
    0xf0, 0x0, 0x6b, 0x1f, 0xf1, 0xb6, 0x0, 0x0,
    0x0, 0xf, 0xf0, 0x0, 0x0, 0xf, 0xf0, 0x0,
    0x0, 0x0, 0x0, 0xf, 0xf0, 0x0, 0x0, 0xf,
    0xf0, 0x0, 0x0, 0x0, 0x0, 0xf, 0xf0, 0x0,
    0x0, 0xf, 0xf0, 0x0, 0x0, 0x0, 0x6b, 0x1f,
    0xf1, 0xb6, 0x0, 0xf, 0xf0, 0x0, 0x0, 0x0,
    0xcf, 0xcf, 0xfc, 0xfc, 0x0, 0xf, 0xff, 0xff,
    0xff, 0xfa, 0x1d, 0xff, 0xff, 0xd1, 0x0, 0xd,
    0xff, 0xff, 0xff, 0xfe, 0x1, 0xdf, 0xfd, 0x10,
    0x0, 0x0, 0x0, 0x0, 0x0, 0x0, 0x0, 0x1d,
    0xd1, 0x0, 0x0, 0x0, 0x0, 0x0, 0x0, 0x0,
    0x0, 0x0, 0x0, 0x0,

    /* U+F07B "" */
    0x8f, 0xff, 0xff, 0xd1, 0x0, 0x0, 0x0, 0x0,
    0xff, 0xff, 0xff, 0xfd, 0x10, 0x0, 0x0, 0x0,
    0xff, 0xff, 0xff, 0xff, 0xff, 0xff, 0xff, 0xf8,
    0xff, 0xff, 0xff, 0xff, 0xff, 0xff, 0xff, 0xff,
    0xff, 0xff, 0xff, 0xff, 0xff, 0xff, 0xff, 0xff,
    0xff, 0xff, 0xff, 0xff, 0xff, 0xff, 0xff, 0xff,
    0xff, 0xff, 0xff, 0xff, 0xff, 0xff, 0xff, 0xff,
    0xff, 0xff, 0xff, 0xff, 0xff, 0xff, 0xff, 0xff,
    0xff, 0xff, 0xff, 0xff, 0xff, 0xff, 0xff, 0xff,
    0xff, 0xff, 0xff, 0xff, 0xff, 0xff, 0xff, 0xff,
    0xff, 0xff, 0xff, 0xff, 0xff, 0xff, 0xff, 0xff,
    0x8f, 0xff, 0xff, 0xff, 0xff, 0xff, 0xff, 0xf8,

    /* U+F093 "" */
    0x0, 0x0, 0x0, 0xb, 0xb0, 0x0, 0x0, 0x0,
    0x0, 0x0, 0x0, 0xbf, 0xfb, 0x0, 0x0, 0x0,
    0x0, 0x0, 0xb, 0xff, 0xff, 0xb0, 0x0, 0x0,
    0x0, 0x0, 0xbf, 0xff, 0xff, 0xfb, 0x0, 0x0,
    0x0, 0xb, 0xff, 0xff, 0xff, 0xff, 0xb0, 0x0,
    0x0, 0x4f, 0xff, 0xff, 0xff, 0xff, 0xf4, 0x0,
    0x0, 0x0, 0x0, 0xff, 0xff, 0x0, 0x0, 0x0,
    0x0, 0x0, 0x0, 0xff, 0xff, 0x0, 0x0, 0x0,
    0x0, 0x0, 0x0, 0xff, 0xff, 0x0, 0x0, 0x0,
    0x0, 0x0, 0x0, 0xff, 0xff, 0x0, 0x0, 0x0,
    0x0, 0x0, 0x0, 0xff, 0xff, 0x0, 0x0, 0x0,
    0xdf, 0xff, 0xf0, 0xdf, 0xfd, 0xf, 0xff, 0xfd,
    0xff, 0xff, 0xf9, 0x0, 0x0, 0x9f, 0xff, 0xff,
    0xff, 0xff, 0xff, 0xff, 0xff, 0xff, 0xff, 0xff,
    0xff, 0xff, 0xff, 0xff, 0xff, 0xf0, 0xe0, 0xff,
    0xdf, 0xff, 0xff, 0xff, 0xff, 0xff, 0xff, 0xfd,

    /* U+F095 "" */
    0x0, 0x0, 0x0, 0x0, 0x0, 0x0, 0x0, 0x0,
    0x0, 0x0, 0x0, 0x0, 0x0, 0x0, 0xa, 0xea,
    0x62, 0x0, 0x0, 0x0, 0x0, 0x0, 0x2, 0xff,
    0xff, 0xf0, 0x0, 0x0, 0x0, 0x0, 0x0, 0x9f,
    0xff, 0xff, 0x0, 0x0, 0x0, 0x0, 0x0, 0xf,
    0xff, 0xff, 0xd0, 0x0, 0x0, 0x0, 0x0, 0x2,
    0xff, 0xff, 0xfb, 0x0, 0x0, 0x0, 0x0, 0x0,
    0x3, 0xef, 0xff, 0x70, 0x0, 0x0, 0x0, 0x0,
    0x0, 0x4, 0xff, 0xf2, 0x0, 0x0, 0x0, 0x0,
    0x0, 0x0, 0xbf, 0xfb, 0x0, 0x0, 0x0, 0x0,
    0x0, 0x0, 0x6f, 0xff, 0x30, 0x0, 0x0, 0x2,
    0x0, 0x0, 0x4f, 0xff, 0x90, 0x0, 0x2, 0x8f,
    0xf3, 0x0, 0x6f, 0xff, 0xd0, 0x0, 0xa, 0xff,
    0xff, 0xe4, 0xbf, 0xff, 0xd1, 0x0, 0x0, 0xef,
    0xff, 0xff, 0xff, 0xff, 0xd1, 0x0, 0x0, 0xa,
    0xff, 0xff, 0xff, 0xff, 0x90, 0x0, 0x0, 0x0,
    0x6f, 0xff, 0xff, 0xfb, 0x30, 0x0, 0x0, 0x0,
    0x2, 0xff, 0xdb, 0x72, 0x0, 0x0, 0x0, 0x0,
    0x0,

    /* U+F0C4 "" */
    0x8, 0xee, 0x80, 0x0, 0x0, 0x6, 0x61, 0x8,
    0xff, 0xff, 0x80, 0x0, 0x2d, 0xff, 0xd0, 0xef,
    0x33, 0xfe, 0x0, 0x2e, 0xff, 0xf3, 0xe, 0xf3,
    0x3f, 0xe0, 0x2e, 0xff, 0xf3, 0x0, 0x8f, 0xff,
    0xff, 0x6e, 0xff, 0xf3, 0x0, 0x0, 0x8e, 0xff,
    0xff, 0xff, 0xf3, 0x0, 0x0, 0x0, 0x2, 0xef,
    0xff, 0xf3, 0x0, 0x0, 0x0, 0x0, 0x2e, 0xff,
    0xff, 0x30, 0x0, 0x0, 0x8, 0xef, 0xff, 0xff,
    0xff, 0x30, 0x0, 0x8, 0xff, 0xff, 0xf6, 0xef,
    0xff, 0x30, 0x0, 0xef, 0x33, 0xfe, 0x2, 0xef,
    0xff, 0x30, 0xe, 0xf3, 0x3f, 0xe0, 0x2, 0xef,
    0xff, 0x30, 0x8f, 0xff, 0xf8, 0x0, 0x2, 0xdf,
    0xfd, 0x0, 0x8e, 0xe8, 0x0, 0x0, 0x0, 0x66,
    0x10,

    /* U+F0C5 "" */
    0x0, 0x0, 0xdf, 0xff, 0xff, 0xd, 0x10, 0x0,
    0x0, 0xff, 0xff, 0xff, 0xf, 0xd1, 0x0, 0x0,
    0xff, 0xff, 0xff, 0xf, 0xfd, 0xdf, 0xf0, 0xff,
    0xff, 0xff, 0x20, 0x0, 0xff, 0xf0, 0xff, 0xff,
    0xff, 0xff, 0xff, 0xff, 0xf0, 0xff, 0xff, 0xff,
    0xff, 0xff, 0xff, 0xf0, 0xff, 0xff, 0xff, 0xff,
    0xff, 0xff, 0xf0, 0xff, 0xff, 0xff, 0xff, 0xff,
    0xff, 0xf0, 0xff, 0xff, 0xff, 0xff, 0xff, 0xff,
    0xf0, 0xff, 0xff, 0xff, 0xff, 0xff, 0xff, 0xf0,
    0xff, 0xff, 0xff, 0xff, 0xff, 0xff, 0xf0, 0xff,
    0xff, 0xff, 0xff, 0xff, 0xff, 0xf0, 0xdf, 0xff,
    0xff, 0xff, 0xfd, 0xff, 0xf9, 0x0, 0x0, 0x0,
    0x0, 0x0, 0xff, 0xff, 0xff, 0xff, 0xff, 0x0,
    0x0, 0xdf, 0xff, 0xff, 0xff, 0xfd, 0x0, 0x0,

    /* U+F0C7 "" */
    0x8f, 0xff, 0xff, 0xff, 0xff, 0xc1, 0x0, 0xff,
    0xff, 0xff, 0xff, 0xff, 0xfd, 0x10, 0xff, 0x0,
    0x0, 0x0, 0x1, 0xff, 0xd1, 0xff, 0x0, 0x0,
    0x0, 0x0, 0xff, 0xfc, 0xff, 0x0, 0x0, 0x0,
    0x0, 0xff, 0xff, 0xff, 0x0, 0x0, 0x0, 0x0,
    0xff, 0xff, 0xff, 0xff, 0xff, 0xff, 0xff, 0xff,
    0xff, 0xff, 0xff, 0xff, 0xff, 0xff, 0xff, 0xff,
    0xff, 0xff, 0xfb, 0x11, 0xbf, 0xff, 0xff, 0xff,
    0xff, 0xf1, 0x0, 0x1f, 0xff, 0xff, 0xff, 0xff,
    0xf1, 0x0, 0x1f, 0xff, 0xff, 0xff, 0xff, 0xfb,
    0x11, 0xbf, 0xff, 0xff, 0xff, 0xff, 0xff, 0xff,
    0xff, 0xff, 0xff, 0x8f, 0xff, 0xff, 0xff, 0xff,
    0xff, 0xf8,

    /* U+F0C9 "" */
    0x12, 0x22, 0x22, 0x22, 0x22, 0x22, 0x21, 0xff,
    0xff, 0xff, 0xff, 0xff, 0xff, 0xff, 0xff, 0xff,
    0xff, 0xff, 0xff, 0xff, 0xff, 0x12, 0x22, 0x22,
    0x22, 0x22, 0x22, 0x21, 0x0, 0x0, 0x0, 0x0,
    0x0, 0x0, 0x0, 0x12, 0x22, 0x22, 0x22, 0x22,
    0x22, 0x21, 0xff, 0xff, 0xff, 0xff, 0xff, 0xff,
    0xff, 0xff, 0xff, 0xff, 0xff, 0xff, 0xff, 0xff,
    0x12, 0x22, 0x22, 0x22, 0x22, 0x22, 0x21, 0x0,
    0x0, 0x0, 0x0, 0x0, 0x0, 0x0, 0x12, 0x22,
    0x22, 0x22, 0x22, 0x22, 0x21, 0xff, 0xff, 0xff,
    0xff, 0xff, 0xff, 0xff, 0xff, 0xff, 0xff, 0xff,
    0xff, 0xff, 0xff, 0x12, 0x22, 0x22, 0x22, 0x22,
    0x22, 0x21,

    /* U+F0E0 "" */
    0x8f, 0xff, 0xff, 0xff, 0xff, 0xff, 0xff, 0xf8,
    0xff, 0xff, 0xff, 0xff, 0xff, 0xff, 0xff, 0xff,
    0xcf, 0xff, 0xff, 0xff, 0xff, 0xff, 0xff, 0xfc,
    0x9, 0xff, 0xff, 0xff, 0xff, 0xff, 0xff, 0x90,
    0xd2, 0x5f, 0xff, 0xff, 0xff, 0xff, 0xf5, 0x2d,
    0xff, 0x62, 0xcf, 0xff, 0xff, 0xfc, 0x26, 0xff,
    0xff, 0xfa, 0x18, 0xff, 0xff, 0x81, 0xaf, 0xff,
    0xff, 0xff, 0xe3, 0x4d, 0xd4, 0x3e, 0xff, 0xff,
    0xff, 0xff, 0xff, 0x81, 0x18, 0xff, 0xff, 0xff,
    0xff, 0xff, 0xff, 0xff, 0xff, 0xff, 0xff, 0xff,
    0xff, 0xff, 0xff, 0xff, 0xff, 0xff, 0xff, 0xff,
    0x8f, 0xff, 0xff, 0xff, 0xff, 0xff, 0xff, 0xf8,

    /* U+F0E7 "" */
    0x0, 0xdf, 0xff, 0xfd, 0x0, 0x0, 0x1, 0xff,
    0xff, 0xfc, 0x0, 0x0, 0x3, 0xff, 0xff, 0xf7,
    0x0, 0x0, 0x6, 0xff, 0xff, 0xf2, 0x0, 0x0,
    0x8, 0xff, 0xff, 0xd0, 0x0, 0x0, 0xa, 0xff,
    0xff, 0xff, 0xff, 0xd0, 0xc, 0xff, 0xff, 0xff,
    0xff, 0xa0, 0xe, 0xff, 0xff, 0xff, 0xff, 0x20,
    0xd, 0xff, 0xff, 0xff, 0xf8, 0x0, 0x0, 0x0,
    0xa, 0xff, 0xe0, 0x0, 0x0, 0x0, 0xe, 0xff,
    0x50, 0x0, 0x0, 0x0, 0x2f, 0xfc, 0x0, 0x0,
    0x0, 0x0, 0x5f, 0xf3, 0x0, 0x0, 0x0, 0x0,
    0x9f, 0xa0, 0x0, 0x0, 0x0, 0x0, 0xdf, 0x10,
    0x0, 0x0, 0x0, 0x0, 0xd7, 0x0, 0x0, 0x0,

    /* U+F0EA "" */
    0x0, 0x4, 0xde, 0x40, 0x0, 0x0, 0x0, 0xdf,
    0xff, 0x99, 0xff, 0xfd, 0x0, 0x0, 0xff, 0xff,
    0x99, 0xff, 0xff, 0x0, 0x0, 0xff, 0xff, 0xff,
    0xff, 0xff, 0x0, 0x0, 0xff, 0xff, 0x90, 0x0,
    0x0, 0x0, 0x0, 0xff, 0xff, 0xd, 0xff, 0xff,
    0xd, 0x10, 0xff, 0xff, 0xf, 0xff, 0xff, 0xf,
    0xd1, 0xff, 0xff, 0xf, 0xff, 0xff, 0xf, 0xfd,
    0xff, 0xff, 0xf, 0xff, 0xff, 0x20, 0x0, 0xff,
    0xff, 0xf, 0xff, 0xff, 0xff, 0xff, 0xff, 0xff,
    0xf, 0xff, 0xff, 0xff, 0xff, 0xff, 0xff, 0xf,
    0xff, 0xff, 0xff, 0xff, 0xdf, 0xff, 0xf, 0xff,
    0xff, 0xff, 0xff, 0x0, 0x0, 0xf, 0xff, 0xff,
    0xff, 0xff, 0x0, 0x0, 0xf, 0xff, 0xff, 0xff,
    0xff, 0x0, 0x0, 0xd, 0xff, 0xff, 0xff, 0xfd,

    /* U+F0F3 "" */
    0x0, 0x0, 0x0, 0xcc, 0x0, 0x0, 0x0, 0x0,
    0x0, 0x2, 0xff, 0x30, 0x0, 0x0, 0x0, 0x1,
    0xbf, 0xff, 0xfc, 0x20, 0x0, 0x0, 0x1e, 0xff,
    0xff, 0xff, 0xe1, 0x0, 0x0, 0x9f, 0xff, 0xff,
    0xff, 0xf8, 0x0, 0x0, 0xef, 0xff, 0xff, 0xff,
    0xfd, 0x0, 0x0, 0xff, 0xff, 0xff, 0xff, 0xff,
    0x0, 0x1, 0xff, 0xff, 0xff, 0xff, 0xff, 0x0,
    0x3, 0xff, 0xff, 0xff, 0xff, 0xff, 0x30, 0x8,
    0xff, 0xff, 0xff, 0xff, 0xff, 0x80, 0x1e, 0xff,
    0xff, 0xff, 0xff, 0xff, 0xe1, 0xcf, 0xff, 0xff,
    0xff, 0xff, 0xff, 0xfc, 0xcf, 0xff, 0xff, 0xff,
    0xff, 0xff, 0xfc, 0x0, 0x0, 0x0, 0x0, 0x0,
    0x0, 0x0, 0x0, 0x0, 0xe, 0xff, 0xe0, 0x0,
    0x0, 0x0, 0x0, 0x4, 0xee, 0x40, 0x0, 0x0,

    /* U+F11C "" */
    0x8f, 0xff, 0xff, 0xff, 0xff, 0xff, 0xff, 0xff,
    0xf8, 0xff, 0xff, 0xff, 0xff, 0xff, 0xff, 0xff,
    0xff, 0xff, 0xff, 0x0, 0xf0, 0xf, 0x0, 0xf0,
    0xf, 0x0, 0xff, 0xff, 0x0, 0xf0, 0xf, 0x0,
    0xf0, 0xf, 0x0, 0xff, 0xff, 0xff, 0xff, 0xff,
    0xff, 0xff, 0xff, 0xff, 0xff, 0xff, 0xf8, 0x8,
    0x80, 0x88, 0x8, 0x80, 0x8f, 0xff, 0xff, 0xf8,
    0x8, 0x80, 0x88, 0x8, 0x80, 0x8f, 0xff, 0xff,
    0xff, 0xff, 0xff, 0xff, 0xff, 0xff, 0xff, 0xff,
    0xff, 0x0, 0xf0, 0x0, 0x0, 0x0, 0xf, 0x0,
    0xff, 0xff, 0x0, 0xf0, 0x0, 0x0, 0x0, 0xf,
    0x0, 0xff, 0xff, 0xff, 0xff, 0xff, 0xff, 0xff,
    0xff, 0xff, 0xff, 0x8f, 0xff, 0xff, 0xff, 0xff,
    0xff, 0xff, 0xff, 0xf8,

    /* U+F124 "" */
    0x0, 0x0, 0x0, 0x0, 0x0, 0x0, 0x0, 0x0,
    0x0, 0x0, 0x0, 0x0, 0x0, 0x0, 0x0, 0x3,
    0xaf, 0x70, 0x0, 0x0, 0x0, 0x0, 0x0, 0x4,
    0xcf, 0xff, 0xf0, 0x0, 0x0, 0x0, 0x0, 0x6,
    0xdf, 0xff, 0xff, 0xa0, 0x0, 0x0, 0x0, 0x17,
    0xef, 0xff, 0xff, 0xff, 0x30, 0x0, 0x0, 0x18,
    0xff, 0xff, 0xff, 0xff, 0xfc, 0x0, 0x0, 0x2a,
    0xff, 0xff, 0xff, 0xff, 0xff, 0xf4, 0x0, 0x8,
    0xff, 0xff, 0xff, 0xff, 0xff, 0xff, 0xd0, 0x0,
    0xf, 0xff, 0xff, 0xff, 0xff, 0xff, 0xff, 0x60,
    0x0, 0x8, 0xff, 0xff, 0xff, 0xff, 0xff, 0xfe,
    0x0, 0x0, 0x0, 0x0, 0x0, 0x0, 0xff, 0xff,
    0xf7, 0x0, 0x0, 0x0, 0x0, 0x0, 0x0, 0xff,
    0xff, 0xf1, 0x0, 0x0, 0x0, 0x0, 0x0, 0x0,
    0xff, 0xff, 0x80, 0x0, 0x0, 0x0, 0x0, 0x0,
    0x0, 0xff, 0xff, 0x10, 0x0, 0x0, 0x0, 0x0,
    0x0, 0x0, 0xff, 0xfa, 0x0, 0x0, 0x0, 0x0,
    0x0, 0x0, 0x0, 0xff, 0xf2, 0x0, 0x0, 0x0,
    0x0, 0x0, 0x0, 0x0, 0x8f, 0x80, 0x0, 0x0,
    0x0, 0x0, 0x0, 0x0, 0x0, 0x0, 0x0, 0x0,
    0x0, 0x0,

    /* U+F15B "" */
    0xdf, 0xff, 0xff, 0xf0, 0xd1, 0x0, 0xff, 0xff,
    0xff, 0xf0, 0xfd, 0x10, 0xff, 0xff, 0xff, 0xf0,
    0xff, 0xd1, 0xff, 0xff, 0xff, 0xf0, 0xff, 0xfd,
    0xff, 0xff, 0xff, 0xf2, 0x0, 0x0, 0xff, 0xff,
    0xff, 0xff, 0xff, 0xff, 0xff, 0xff, 0xff, 0xff,
    0xff, 0xff, 0xff, 0xff, 0xff, 0xff, 0xff, 0xff,
    0xff, 0xff, 0xff, 0xff, 0xff, 0xff, 0xff, 0xff,
    0xff, 0xff, 0xff, 0xff, 0xff, 0xff, 0xff, 0xff,
    0xff, 0xff, 0xff, 0xff, 0xff, 0xff, 0xff, 0xff,
    0xff, 0xff, 0xff, 0xff, 0xff, 0xff, 0xff, 0xff,
    0xff, 0xff, 0xff, 0xff, 0xff, 0xff, 0xff, 0xff,
    0xff, 0xff, 0xdf, 0xff, 0xff, 0xff, 0xff, 0xfd,

    /* U+F1EB "" */
    0x0, 0x0, 0x0, 0x0, 0x0, 0x0, 0x0, 0x0,
    0x0, 0x0, 0x0, 0x0, 0x4, 0x9c, 0xef, 0xfe,
    0xc9, 0x40, 0x0, 0x0, 0x0, 0x7, 0xef, 0xff,
    0xff, 0xff, 0xff, 0xfe, 0x70, 0x0, 0x4, 0xdf,
    0xff, 0xfc, 0xa8, 0x8a, 0xcf, 0xff, 0xfd, 0x40,
    0x6f, 0xff, 0xd5, 0x0, 0x0, 0x0, 0x0, 0x5d,
    0xff, 0xf6, 0xcf, 0xf6, 0x0, 0x0, 0x0, 0x0,
    0x0, 0x0, 0x6f, 0xfc, 0x1a, 0x30, 0x0, 0x5a,
    0xdf, 0xfd, 0xa5, 0x0, 0x3, 0xa1, 0x0, 0x0,
    0x4d, 0xff, 0xff, 0xff, 0xff, 0xd4, 0x0, 0x0,
    0x0, 0x5, 0xff, 0xfe, 0xa8, 0x8a, 0xef, 0xff,
    0x50, 0x0, 0x0, 0x1, 0xdf, 0x70, 0x0, 0x0,
    0x7, 0xfd, 0x10, 0x0, 0x0, 0x0, 0x12, 0x0,
    0x0, 0x0, 0x0, 0x21, 0x0, 0x0, 0x0, 0x0,
    0x0, 0x0, 0x4e, 0xe4, 0x0, 0x0, 0x0, 0x0,
    0x0, 0x0, 0x0, 0x0, 0xef, 0xfe, 0x0, 0x0,
    0x0, 0x0, 0x0, 0x0, 0x0, 0x0, 0xef, 0xfe,
    0x0, 0x0, 0x0, 0x0, 0x0, 0x0, 0x0, 0x0,
    0x4e, 0xe4, 0x0, 0x0, 0x0, 0x0,

    /* U+F240 "" */
    0x8f, 0xff, 0xff, 0xff, 0xff, 0xff, 0xff, 0xff,
    0xff, 0x80, 0xff, 0xff, 0xff, 0xff, 0xff, 0xff,
    0xff, 0xff, 0xff, 0xf0, 0xff, 0x0, 0x0, 0x0,
    0x0, 0x0, 0x0, 0x0, 0xf, 0xfd, 0xff, 0xf,
    0xff, 0xff, 0xff, 0xff, 0xff, 0xff, 0xf, 0xff,
    0xff, 0xf, 0xff, 0xff, 0xff, 0xff, 0xff, 0xff,
    0x0, 0xff, 0xff, 0xf, 0xff, 0xff, 0xff, 0xff,
    0xff, 0xff, 0x0, 0xff, 0xff, 0xf, 0xff, 0xff,
    0xff, 0xff, 0xff, 0xff, 0xf, 0xff, 0xff, 0x0,
    0x0, 0x0, 0x0, 0x0, 0x0, 0x0, 0xf, 0xfd,
    0xff, 0xff, 0xff, 0xff, 0xff, 0xff, 0xff, 0xff,
    0xff, 0xf0, 0x8f, 0xff, 0xff, 0xff, 0xff, 0xff,
    0xff, 0xff, 0xff, 0x80,

    /* U+F241 "" */
    0x8f, 0xff, 0xff, 0xff, 0xff, 0xff, 0xff, 0xff,
    0xff, 0x80, 0xff, 0xff, 0xff, 0xff, 0xff, 0xff,
    0xff, 0xff, 0xff, 0xf0, 0xff, 0x0, 0x0, 0x0,
    0x0, 0x0, 0x0, 0x0, 0xf, 0xfd, 0xff, 0xf,
    0xff, 0xff, 0xff, 0xff, 0xf0, 0x0, 0xf, 0xff,
    0xff, 0xf, 0xff, 0xff, 0xff, 0xff, 0xf0, 0x0,
    0x0, 0xff, 0xff, 0xf, 0xff, 0xff, 0xff, 0xff,
    0xf0, 0x0, 0x0, 0xff, 0xff, 0xf, 0xff, 0xff,
    0xff, 0xff, 0xf0, 0x0, 0xf, 0xff, 0xff, 0x0,
    0x0, 0x0, 0x0, 0x0, 0x0, 0x0, 0xf, 0xfd,
    0xff, 0xff, 0xff, 0xff, 0xff, 0xff, 0xff, 0xff,
    0xff, 0xf0, 0x8f, 0xff, 0xff, 0xff, 0xff, 0xff,
    0xff, 0xff, 0xff, 0x80,

    /* U+F242 "" */
    0x8f, 0xff, 0xff, 0xff, 0xff, 0xff, 0xff, 0xff,
    0xff, 0x80, 0xff, 0xff, 0xff, 0xff, 0xff, 0xff,
    0xff, 0xff, 0xff, 0xf0, 0xff, 0x0, 0x0, 0x0,
    0x0, 0x0, 0x0, 0x0, 0xf, 0xfd, 0xff, 0xf,
    0xff, 0xff, 0xff, 0x0, 0x0, 0x0, 0xf, 0xff,
    0xff, 0xf, 0xff, 0xff, 0xff, 0x0, 0x0, 0x0,
    0x0, 0xff, 0xff, 0xf, 0xff, 0xff, 0xff, 0x0,
    0x0, 0x0, 0x0, 0xff, 0xff, 0xf, 0xff, 0xff,
    0xff, 0x0, 0x0, 0x0, 0xf, 0xff, 0xff, 0x0,
    0x0, 0x0, 0x0, 0x0, 0x0, 0x0, 0xf, 0xfd,
    0xff, 0xff, 0xff, 0xff, 0xff, 0xff, 0xff, 0xff,
    0xff, 0xf0, 0x8f, 0xff, 0xff, 0xff, 0xff, 0xff,
    0xff, 0xff, 0xff, 0x80,

    /* U+F243 "" */
    0x8f, 0xff, 0xff, 0xff, 0xff, 0xff, 0xff, 0xff,
    0xff, 0x80, 0xff, 0xff, 0xff, 0xff, 0xff, 0xff,
    0xff, 0xff, 0xff, 0xf0, 0xff, 0x0, 0x0, 0x0,
    0x0, 0x0, 0x0, 0x0, 0xf, 0xfd, 0xff, 0xf,
    0xff, 0xf0, 0x0, 0x0, 0x0, 0x0, 0xf, 0xff,
    0xff, 0xf, 0xff, 0xf0, 0x0, 0x0, 0x0, 0x0,
    0x0, 0xff, 0xff, 0xf, 0xff, 0xf0, 0x0, 0x0,
    0x0, 0x0, 0x0, 0xff, 0xff, 0xf, 0xff, 0xf0,
    0x0, 0x0, 0x0, 0x0, 0xf, 0xff, 0xff, 0x0,
    0x0, 0x0, 0x0, 0x0, 0x0, 0x0, 0xf, 0xfd,
    0xff, 0xff, 0xff, 0xff, 0xff, 0xff, 0xff, 0xff,
    0xff, 0xf0, 0x8f, 0xff, 0xff, 0xff, 0xff, 0xff,
    0xff, 0xff, 0xff, 0x80,

    /* U+F244 "" */
    0x8f, 0xff, 0xff, 0xff, 0xff, 0xff, 0xff, 0xff,
    0xff, 0x80, 0xff, 0xff, 0xff, 0xff, 0xff, 0xff,
    0xff, 0xff, 0xff, 0xf0, 0xff, 0x0, 0x0, 0x0,
    0x0, 0x0, 0x0, 0x0, 0xf, 0xfd, 0xff, 0x0,
    0x0, 0x0, 0x0, 0x0, 0x0, 0x0, 0xf, 0xff,
    0xff, 0x0, 0x0, 0x0, 0x0, 0x0, 0x0, 0x0,
    0x0, 0xff, 0xff, 0x0, 0x0, 0x0, 0x0, 0x0,
    0x0, 0x0, 0x0, 0xff, 0xff, 0x0, 0x0, 0x0,
    0x0, 0x0, 0x0, 0x0, 0xf, 0xff, 0xff, 0x0,
    0x0, 0x0, 0x0, 0x0, 0x0, 0x0, 0xf, 0xfd,
    0xff, 0xff, 0xff, 0xff, 0xff, 0xff, 0xff, 0xff,
    0xff, 0xf0, 0x8f, 0xff, 0xff, 0xff, 0xff, 0xff,
    0xff, 0xff, 0xff, 0x80,

    /* U+F287 "" */
    0x0, 0x0, 0x0, 0x0, 0x0, 0x1, 0x0, 0x0,
    0x0, 0x0, 0x0, 0x0, 0x0, 0x0, 0x0, 0x7,
    0xfd, 0x10, 0x0, 0x0, 0x0, 0x0, 0x0, 0x0,
    0x1, 0xcf, 0xff, 0xf5, 0x0, 0x0, 0x0, 0x0,
    0x0, 0x0, 0x0, 0xb9, 0x29, 0xfe, 0x10, 0x0,
    0x0, 0x0, 0x0, 0x0, 0x0, 0x3f, 0x10, 0x2,
    0x0, 0x0, 0x0, 0x0, 0x3, 0xdf, 0x80, 0xa,
    0x90, 0x0, 0x0, 0x0, 0x3, 0x70, 0x0, 0xdf,
    0xff, 0x77, 0xf7, 0x55, 0x55, 0x55, 0x55, 0x8f,
    0xd3, 0xf, 0xff, 0xfd, 0xcc, 0xdf, 0xdc, 0xcc,
    0xcc, 0xcd, 0xff, 0xb0, 0x8f, 0xfe, 0x10, 0x0,
    0xaa, 0x0, 0x0, 0x0, 0x4d, 0x40, 0x0, 0x46,
    0x10, 0x0, 0x1, 0xf2, 0x2, 0x33, 0x10, 0x0,
    0x0, 0x0, 0x0, 0x0, 0x0, 0x9, 0xb1, 0xcf,
    0xf9, 0x0, 0x0, 0x0, 0x0, 0x0, 0x0, 0x0,
    0xa, 0xff, 0xff, 0x90, 0x0, 0x0, 0x0, 0x0,
    0x0, 0x0, 0x0, 0x0, 0xbf, 0xf9, 0x0, 0x0,
    0x0, 0x0, 0x0, 0x0, 0x0, 0x0, 0x1, 0x22,
    0x0, 0x0, 0x0,

    /* U+F293 "" */
    0x0, 0x18, 0xdf, 0xfd, 0x92, 0x0, 0x2, 0xef,
    0xfb, 0xef, 0xff, 0x40, 0xd, 0xff, 0xfa, 0x2e,
    0xff, 0xe0, 0x4f, 0xff, 0xfa, 0x3, 0xff, 0xf5,
    0x9f, 0xfa, 0xfa, 0x35, 0x4f, 0xfa, 0xcf, 0xc0,
    0x8a, 0x3d, 0xb, 0xfd, 0xef, 0xfb, 0x3, 0x11,
    0x8f, 0xfe, 0xff, 0xff, 0xb0, 0x6, 0xff, 0xff,
    0xff, 0xff, 0xd1, 0x8, 0xff, 0xff, 0xef, 0xfd,
    0x11, 0x10, 0x9f, 0xff, 0xdf, 0xd1, 0x59, 0x3b,
    0xb, 0xfd, 0xaf, 0xd6, 0xfa, 0x37, 0x1d, 0xfb,
    0x5f, 0xff, 0xfa, 0x1, 0xdf, 0xf7, 0xd, 0xff,
    0xfa, 0x1d, 0xff, 0xf1, 0x3, 0xef, 0xfc, 0xdf,
    0xff, 0x50, 0x0, 0x18, 0xdf, 0xfe, 0xa3, 0x0,

    /* U+F2ED "" */
    0x0, 0x0, 0x7f, 0xff, 0xf7, 0x0, 0x0, 0xef,
    0xff, 0xff, 0xff, 0xff, 0xff, 0xfe, 0xef, 0xff,
    0xff, 0xff, 0xff, 0xff, 0xfe, 0x0, 0x0, 0x0,
    0x0, 0x0, 0x0, 0x0, 0xf, 0xff, 0xff, 0xff,
    0xff, 0xff, 0xf0, 0xf, 0xff, 0xff, 0xff, 0xff,
    0xff, 0xf0, 0xf, 0xf9, 0x9f, 0x99, 0xf9, 0x9f,
    0xf0, 0xf, 0xf8, 0x8f, 0x88, 0xf8, 0x8f, 0xf0,
    0xf, 0xf8, 0x8f, 0x88, 0xf8, 0x8f, 0xf0, 0xf,
    0xf8, 0x8f, 0x88, 0xf8, 0x8f, 0xf0, 0xf, 0xf8,
    0x8f, 0x88, 0xf8, 0x8f, 0xf0, 0xf, 0xf8, 0x8f,
    0x88, 0xf8, 0x8f, 0xf0, 0xf, 0xf8, 0x8f, 0x88,
    0xf8, 0x8f, 0xf0, 0xf, 0xf9, 0x9f, 0x99, 0xf9,
    0x9f, 0xf0, 0xf, 0xff, 0xff, 0xff, 0xff, 0xff,
    0xf0, 0x8, 0xff, 0xff, 0xff, 0xff, 0xff, 0x80,

    /* U+F304 "" */
    0x0, 0x0, 0x0, 0x0, 0x0, 0x0, 0x7f, 0xa0,
    0x0, 0x0, 0x0, 0x0, 0x0, 0x0, 0x7f, 0xff,
    0xb0, 0x0, 0x0, 0x0, 0x0, 0x0, 0xd, 0xff,
    0xff, 0xa0, 0x0, 0x0, 0x0, 0x0, 0x7a, 0x1d,
    0xff, 0xff, 0x0, 0x0, 0x0, 0x0, 0x7f, 0xfa,
    0x1d, 0xff, 0x70, 0x0, 0x0, 0x0, 0x7f, 0xff,
    0xfa, 0x1d, 0x70, 0x0, 0x0, 0x0, 0x7f, 0xff,
    0xff, 0xfa, 0x0, 0x0, 0x0, 0x0, 0x7f, 0xff,
    0xff, 0xff, 0x70, 0x0, 0x0, 0x0, 0x7f, 0xff,
    0xff, 0xff, 0x70, 0x0, 0x0, 0x0, 0x7f, 0xff,
    0xff, 0xff, 0x70, 0x0, 0x0, 0x0, 0x7f, 0xff,
    0xff, 0xff, 0x70, 0x0, 0x0, 0x0, 0x6f, 0xff,
    0xff, 0xff, 0x70, 0x0, 0x0, 0x0, 0xb, 0xff,
    0xff, 0xff, 0x70, 0x0, 0x0, 0x0, 0x0, 0xdf,
    0xff, 0xff, 0x70, 0x0, 0x0, 0x0, 0x0, 0xe,
    0xff, 0xff, 0x70, 0x0, 0x0, 0x0, 0x0, 0x0,
    0xde, 0xdb, 0x60, 0x0, 0x0, 0x0, 0x0, 0x0,
    0x0, 0x0, 0x0, 0x0, 0x0, 0x0, 0x0, 0x0,
    0x0,

    /* U+F55A "" */
    0x0, 0x0, 0x1b, 0xff, 0xff, 0xff, 0xff, 0xff,
    0xff, 0xe4, 0x0, 0x1, 0xdf, 0xff, 0xff, 0xff,
    0xff, 0xff, 0xff, 0xfe, 0x0, 0x1d, 0xff, 0xff,
    0xfa, 0xef, 0xfe, 0xaf, 0xff, 0xff, 0x1, 0xdf,
    0xff, 0xff, 0xa0, 0x2e, 0xe2, 0xa, 0xff, 0xff,
    0x1d, 0xff, 0xff, 0xff, 0xe2, 0x2, 0x20, 0x2e,
    0xff, 0xff, 0xcf, 0xff, 0xff, 0xff, 0xfe, 0x20,
    0x2, 0xef, 0xff, 0xff, 0xcf, 0xff, 0xff, 0xff,
    0xfe, 0x20, 0x2, 0xef, 0xff, 0xff, 0x1d, 0xff,
    0xff, 0xff, 0xe2, 0x2, 0x20, 0x2e, 0xff, 0xff,
    0x1, 0xdf, 0xff, 0xff, 0xa0, 0x2e, 0xe2, 0xa,
    0xff, 0xff, 0x0, 0x1d, 0xff, 0xff, 0xfa, 0xef,
    0xfe, 0xaf, 0xff, 0xff, 0x0, 0x1, 0xdf, 0xff,
    0xff, 0xff, 0xff, 0xff, 0xff, 0xfe, 0x0, 0x0,
    0x1b, 0xff, 0xff, 0xff, 0xff, 0xff, 0xff, 0xe4,

    /* U+F7C2 "" */
    0x0, 0x7, 0xff, 0xff, 0xff, 0xe4, 0x0, 0x7f,
    0xff, 0xff, 0xff, 0xfe, 0x7, 0xf8, 0xf, 0xb,
    0x40, 0xff, 0x7f, 0xf8, 0xf, 0xb, 0x40, 0xff,
    0xff, 0xf8, 0xf, 0xb, 0x40, 0xff, 0xff, 0xff,
    0xff, 0xff, 0xff, 0xff, 0xff, 0xff, 0xff, 0xff,
    0xff, 0xff, 0xff, 0xff, 0xff, 0xff, 0xff, 0xff,
    0xff, 0xff, 0xff, 0xff, 0xff, 0xff, 0xff, 0xff,
    0xff, 0xff, 0xff, 0xff, 0xff, 0xff, 0xff, 0xff,
    0xff, 0xff, 0xff, 0xff, 0xff, 0xff, 0xff, 0xff,
    0xff, 0xff, 0xff, 0xff, 0xff, 0xff, 0xff, 0xff,
    0xff, 0xff, 0xff, 0xff, 0xef, 0xff, 0xff, 0xff,
    0xff, 0xfe, 0x4e, 0xff, 0xff, 0xff, 0xff, 0xe4,

    /* U+F8A2 "" */
    0x0, 0x0, 0x0, 0x0, 0x0, 0x0, 0x0, 0x1,
    0x0, 0x0, 0x0, 0x0, 0x0, 0x0, 0x0, 0x3,
    0xe0, 0x0, 0x0, 0x10, 0x0, 0x0, 0x0, 0x2,
    0xef, 0x10, 0x0, 0xbf, 0x0, 0x0, 0x0, 0x0,
    0x7f, 0xf1, 0x0, 0xcf, 0xf1, 0x0, 0x0, 0x0,
    0x7, 0xff, 0x11, 0xcf, 0xff, 0x77, 0x77, 0x77,
    0x77, 0xbf, 0xf1, 0xcf, 0xff, 0xff, 0xff, 0xff,
    0xff, 0xff, 0xff, 0x17, 0xff, 0xff, 0xff, 0xff,
    0xff, 0xff, 0xff, 0xe0, 0x7, 0xff, 0xf1, 0x0,
    0x0, 0x0, 0x0, 0x0, 0x0, 0x6, 0xff, 0x10,
    0x0, 0x0, 0x0, 0x0, 0x0, 0x0, 0x5, 0xa0,
    0x0, 0x0, 0x0, 0x0, 0x0, 0x0,

    /* U+FF08 "（" */
    0x0, 0x8f, 0x50, 0xf, 0xe0, 0x5, 0xf8, 0x0,
    0xaf, 0x40, 0xd, 0xf0, 0x0, 0xfe, 0x0, 0xf,
    0xd0, 0x0, 0xfc, 0x0, 0xf, 0xd0, 0x0, 0xdf,
    0x0, 0xa, 0xf2, 0x0, 0x6f, 0x70, 0x1, 0xfc,
    0x0, 0xa, 0xf4, 0x0, 0x13, 0x10,

    /* U+FF09 "）" */
    0x5f, 0x80, 0x0, 0xef, 0x0, 0x9, 0xf5, 0x0,
    0x4f, 0xa0, 0x1, 0xfd, 0x0, 0xe, 0xf0, 0x0,
    0xdf, 0x0, 0xd, 0xf0, 0x0, 0xef, 0x0, 0xf,
    0xd0, 0x3, 0xfa, 0x0, 0x7f, 0x60, 0xd, 0xf1,
    0x4, 0xfa, 0x0, 0x13, 0x10, 0x0,

    /* U+FF1A "：" */
    0x1f, 0xf8, 0x1f, 0xf8, 0xa, 0xa5, 0x0, 0x0,
    0x8, 0x84, 0x1f, 0xf8, 0x1f, 0xf8, 0x0, 0x0
};


/*---------------------
 *  GLYPH DESCRIPTION
 *--------------------*/

static const lv_font_fmt_txt_glyph_dsc_t glyph_dsc[] = {
    {.bitmap_index = 0, .adv_w = 0, .box_w = 0, .box_h = 0, .ofs_x = 0, .ofs_y = 0} /* id = 0 reserved */,
    {.bitmap_index = 0, .adv_w = 70, .box_w = 0, .box_h = 0, .ofs_x = 0, .ofs_y = 0},
    {.bitmap_index = 0, .adv_w = 78, .box_w = 3, .box_h = 12, .ofs_x = 1, .ofs_y = -1},
    {.bitmap_index = 18, .adv_w = 112, .box_w = 5, .box_h = 4, .ofs_x = 1, .ofs_y = 7},
    {.bitmap_index = 28, .adv_w = 151, .box_w = 10, .box_h = 12, .ofs_x = 0, .ofs_y = -1},
    {.bitmap_index = 88, .adv_w = 142, .box_w = 9, .box_h = 14, .ofs_x = 0, .ofs_y = -3},
    {.bitmap_index = 151, .adv_w = 128, .box_w = 8, .box_h = 12, .ofs_x = 0, .ofs_y = -1},
    {.bitmap_index = 199, .adv_w = 211, .box_w = 12, .box_h = 12, .ofs_x = 1, .ofs_y = -1},
    {.bitmap_index = 271, .adv_w = 66, .box_w = 2, .box_h = 4, .ofs_x = 1, .ofs_y = 7},
    {.bitmap_index = 275, .adv_w = 85, .box_w = 6, .box_h = 15, .ofs_x = 0, .ofs_y = -4},
    {.bitmap_index = 320, .adv_w = 85, .box_w = 5, .box_h = 15, .ofs_x = 0, .ofs_y = -4},
    {.bitmap_index = 358, .adv_w = 111, .box_w = 7, .box_h = 7, .ofs_x = 0, .ofs_y = 1},
    {.bitmap_index = 383, .adv_w = 178, .box_w = 9, .box_h = 9, .ofs_x = 1, .ofs_y = 1},
    {.bitmap_index = 424, .adv_w = 62, .box_w = 3, .box_h = 6, .ofs_x = 0, .ofs_y = -4},
    {.bitmap_index = 433, .adv_w = 128, .box_w = 6, .box_h = 2, .ofs_x = 1, .ofs_y = 3},
    {.bitmap_index = 439, .adv_w = 62, .box_w = 3, .box_h = 3, .ofs_x = 0, .ofs_y = -1},
    {.bitmap_index = 444, .adv_w = 106, .box_w = 8, .box_h = 13, .ofs_x = -1, .ofs_y = -2},
    {.bitmap_index = 496, .adv_w = 142, .box_w = 9, .box_h = 12, .ofs_x = 0, .ofs_y = -1},
    {.bitmap_index = 550, .adv_w = 142, .box_w = 8, .box_h = 12, .ofs_x = 1, .ofs_y = -1},
    {.bitmap_index = 598, .adv_w = 142, .box_w = 9, .box_h = 12, .ofs_x = 0, .ofs_y = -1},
    {.bitmap_index = 652, .adv_w = 142, .box_w = 9, .box_h = 12, .ofs_x = 0, .ofs_y = -1},
    {.bitmap_index = 706, .adv_w = 142, .box_w = 9, .box_h = 12, .ofs_x = 0, .ofs_y = -1},
    {.bitmap_index = 760, .adv_w = 142, .box_w = 9, .box_h = 12, .ofs_x = 0, .ofs_y = -1},
    {.bitmap_index = 814, .adv_w = 142, .box_w = 9, .box_h = 12, .ofs_x = 0, .ofs_y = -1},
    {.bitmap_index = 868, .adv_w = 142, .box_w = 9, .box_h = 12, .ofs_x = 0, .ofs_y = -1},
    {.bitmap_index = 922, .adv_w = 142, .box_w = 9, .box_h = 12, .ofs_x = 0, .ofs_y = -1},
    {.bitmap_index = 976, .adv_w = 142, .box_w = 9, .box_h = 12, .ofs_x = 0, .ofs_y = -1},
    {.bitmap_index = 1030, .adv_w = 62, .box_w = 3, .box_h = 9, .ofs_x = 0, .ofs_y = -1},
    {.bitmap_index = 1044, .adv_w = 62, .box_w = 3, .box_h = 12, .ofs_x = 0, .ofs_y = -4},
    {.bitmap_index = 1062, .adv_w = 178, .box_w = 9, .box_h = 10, .ofs_x = 1, .ofs_y = 0},
    {.bitmap_index = 1107, .adv_w = 178, .box_w = 9, .box_h = 6, .ofs_x = 1, .ofs_y = 2},
    {.bitmap_index = 1134, .adv_w = 178, .box_w = 9, .box_h = 10, .ofs_x = 1, .ofs_y = 0},
    {.bitmap_index = 1179, .adv_w = 114, .box_w = 7, .box_h = 12, .ofs_x = 0, .ofs_y = -1},
    {.bitmap_index = 1221, .adv_w = 244, .box_w = 15, .box_h = 15, .ofs_x = 0, .ofs_y = -4},
    {.bitmap_index = 1334, .adv_w = 172, .box_w = 11, .box_h = 12, .ofs_x = 0, .ofs_y = -1},
    {.bitmap_index = 1400, .adv_w = 155, .box_w = 9, .box_h = 12, .ofs_x = 1, .ofs_y = -1},
    {.bitmap_index = 1454, .adv_w = 159, .box_w = 10, .box_h = 12, .ofs_x = 0, .ofs_y = -1},
    {.bitmap_index = 1514, .adv_w = 184, .box_w = 10, .box_h = 12, .ofs_x = 1, .ofs_y = -1},
    {.bitmap_index = 1574, .adv_w = 133, .box_w = 7, .box_h = 12, .ofs_x = 1, .ofs_y = -1},
    {.bitmap_index = 1616, .adv_w = 129, .box_w = 7, .box_h = 12, .ofs_x = 1, .ofs_y = -1},
    {.bitmap_index = 1658, .adv_w = 179, .box_w = 11, .box_h = 12, .ofs_x = 0, .ofs_y = -1},
    {.bitmap_index = 1724, .adv_w = 188, .box_w = 10, .box_h = 12, .ofs_x = 1, .ofs_y = -1},
    {.bitmap_index = 1784, .adv_w = 75, .box_w = 3, .box_h = 12, .ofs_x = 1, .ofs_y = -1},
    {.bitmap_index = 1802, .adv_w = 102, .box_w = 6, .box_h = 12, .ofs_x = 0, .ofs_y = -1},
    {.bitmap_index = 1838, .adv_w = 156, .box_w = 9, .box_h = 12, .ofs_x = 1, .ofs_y = -1},
    {.bitmap_index = 1892, .adv_w = 125, .box_w = 7, .box_h = 12, .ofs_x = 1, .ofs_y = -1},
    {.bitmap_index = 1934, .adv_w = 237, .box_w = 13, .box_h = 12, .ofs_x = 1, .ofs_y = -1},
    {.bitmap_index = 2012, .adv_w = 196, .box_w = 10, .box_h = 12, .ofs_x = 1, .ofs_y = -1},
    {.bitmap_index = 2072, .adv_w = 194, .box_w = 12, .box_h = 12, .ofs_x = 0, .ofs_y = -1},
    {.bitmap_index = 2144, .adv_w = 150, .box_w = 8, .box_h = 12, .ofs_x = 1, .ofs_y = -1},
    {.bitmap_index = 2192, .adv_w = 194, .box_w = 12, .box_h = 15, .ofs_x = 0, .ofs_y = -4},
    {.bitmap_index = 2282, .adv_w = 159, .box_w = 9, .box_h = 12, .ofs_x = 1, .ofs_y = -1},
    {.bitmap_index = 2336, .adv_w = 139, .box_w = 9, .box_h = 12, .ofs_x = 0, .ofs_y = -1},
    {.bitmap_index = 2390, .adv_w = 141, .box_w = 9, .box_h = 12, .ofs_x = 0, .ofs_y = -1},
    {.bitmap_index = 2444, .adv_w = 180, .box_w = 10, .box_h = 12, .ofs_x = 1, .ofs_y = -1},
    {.bitmap_index = 2504, .adv_w = 164, .box_w = 11, .box_h = 12, .ofs_x = 0, .ofs_y = -1},
    {.bitmap_index = 2570, .adv_w = 247, .box_w = 16, .box_h = 12, .ofs_x = 0, .ofs_y = -1},
    {.bitmap_index = 2666, .adv_w = 159, .box_w = 11, .box_h = 12, .ofs_x = -1, .ofs_y = -1},
    {.bitmap_index = 2732, .adv_w = 148, .box_w = 10, .box_h = 12, .ofs_x = 0, .ofs_y = -1},
    {.bitmap_index = 2792, .adv_w = 150, .box_w = 9, .box_h = 12, .ofs_x = 0, .ofs_y = -1},
    {.bitmap_index = 2846, .adv_w = 85, .box_w = 5, .box_h = 15, .ofs_x = 1, .ofs_y = -4},
    {.bitmap_index = 2884, .adv_w = 104, .box_w = 7, .box_h = 12, .ofs_x = 0, .ofs_y = -1},
    {.bitmap_index = 2926, .adv_w = 85, .box_w = 5, .box_h = 15, .ofs_x = 0, .ofs_y = -4},
    {.bitmap_index = 2964, .adv_w = 178, .box_w = 9, .box_h = 8, .ofs_x = 1, .ofs_y = 4},
    {.bitmap_index = 3000, .adv_w = 106, .box_w = 8, .box_h = 1, .ofs_x = -1, .ofs_y = -3},
    {.bitmap_index = 3004, .adv_w = 74, .box_w = 4, .box_h = 3, .ofs_x = 0, .ofs_y = 9},
    {.bitmap_index = 3010, .adv_w = 134, .box_w = 8, .box_h = 9, .ofs_x = 0, .ofs_y = -1},
    {.bitmap_index = 3046, .adv_w = 154, .box_w = 8, .box_h = 12, .ofs_x = 1, .ofs_y = -1},
    {.bitmap_index = 3094, .adv_w = 120, .box_w = 8, .box_h = 9, .ofs_x = 0, .ofs_y = -1},
    {.bitmap_index = 3130, .adv_w = 154, .box_w = 9, .box_h = 12, .ofs_x = 0, .ofs_y = -1},
    {.bitmap_index = 3184, .adv_w = 136, .box_w = 8, .box_h = 9, .ofs_x = 0, .ofs_y = -1},
    {.bitmap_index = 3220, .adv_w = 88, .box_w = 6, .box_h = 12, .ofs_x = 0, .ofs_y = -1},
    {.bitmap_index = 3256, .adv_w = 154, .box_w = 9, .box_h = 12, .ofs_x = 0, .ofs_y = -4},
    {.bitmap_index = 3310, .adv_w = 149, .box_w = 8, .box_h = 12, .ofs_x = 1, .ofs_y = -1},
    {.bitmap_index = 3358, .adv_w = 67, .box_w = 2, .box_h = 12, .ofs_x = 1, .ofs_y = -1},
    {.bitmap_index = 3370, .adv_w = 67, .box_w = 4, .box_h = 15, .ofs_x = -1, .ofs_y = -4},
    {.bitmap_index = 3400, .adv_w = 134, .box_w = 8, .box_h = 12, .ofs_x = 1, .ofs_y = -1},
    {.bitmap_index = 3448, .adv_w = 67, .box_w = 2, .box_h = 12, .ofs_x = 1, .ofs_y = -1},
    {.bitmap_index = 3460, .adv_w = 227, .box_w = 13, .box_h = 9, .ofs_x = 1, .ofs_y = -1},
    {.bitmap_index = 3519, .adv_w = 149, .box_w = 8, .box_h = 9, .ofs_x = 1, .ofs_y = -1},
    {.bitmap_index = 3555, .adv_w = 153, .box_w = 9, .box_h = 9, .ofs_x = 0, .ofs_y = -1},
    {.bitmap_index = 3596, .adv_w = 154, .box_w = 8, .box_h = 12, .ofs_x = 1, .ofs_y = -4},
    {.bitmap_index = 3644, .adv_w = 154, .box_w = 9, .box_h = 12, .ofs_x = 0, .ofs_y = -4},
    {.bitmap_index = 3698, .adv_w = 95, .box_w = 5, .box_h = 10, .ofs_x = 1, .ofs_y = -1},
    {.bitmap_index = 3723, .adv_w = 110, .box_w = 7, .box_h = 9, .ofs_x = 0, .ofs_y = -1},
    {.bitmap_index = 3755, .adv_w = 93, .box_w = 6, .box_h = 11, .ofs_x = 0, .ofs_y = -1},
    {.bitmap_index = 3788, .adv_w = 149, .box_w = 8, .box_h = 9, .ofs_x = 1, .ofs_y = -1},
    {.bitmap_index = 3824, .adv_w = 130, .box_w = 9, .box_h = 9, .ofs_x = 0, .ofs_y = -1},
    {.bitmap_index = 3865, .adv_w = 194, .box_w = 12, .box_h = 9, .ofs_x = 0, .ofs_y = -1},
    {.bitmap_index = 3919, .adv_w = 128, .box_w = 8, .box_h = 9, .ofs_x = 0, .ofs_y = -1},
    {.bitmap_index = 3955, .adv_w = 130, .box_w = 10, .box_h = 12, .ofs_x = -1, .ofs_y = -4},
    {.bitmap_index = 4015, .adv_w = 119, .box_w = 8, .box_h = 9, .ofs_x = 0, .ofs_y = -1},
    {.bitmap_index = 4051, .adv_w = 85, .box_w = 6, .box_h = 15, .ofs_x = 0, .ofs_y = -4},
    {.bitmap_index = 4096, .adv_w = 71, .box_w = 3, .box_h = 15, .ofs_x = 1, .ofs_y = -4},
    {.bitmap_index = 4119, .adv_w = 85, .box_w = 6, .box_h = 15, .ofs_x = 0, .ofs_y = -4},
    {.bitmap_index = 4164, .adv_w = 178, .box_w = 9, .box_h = 4, .ofs_x = 1, .ofs_y = 3},
    {.bitmap_index = 4182, .adv_w = 256, .box_w = 13, .box_h = 15, .ofs_x = 1, .ofs_y = -2},
    {.bitmap_index = 4280, .adv_w = 256, .box_w = 14, .box_h = 16, .ofs_x = 1, .ofs_y = -3},
    {.bitmap_index = 4392, .adv_w = 256, .box_w = 15, .box_h = 16, .ofs_x = 1, .ofs_y = -3},
    {.bitmap_index = 4512, .adv_w = 256, .box_w = 14, .box_h = 16, .ofs_x = 1, .ofs_y = -3},
    {.bitmap_index = 4624, .adv_w = 256, .box_w = 15, .box_h = 16, .ofs_x = 0, .ofs_y = -3},
    {.bitmap_index = 4744, .adv_w = 256, .box_w = 16, .box_h = 15, .ofs_x = 0, .ofs_y = -2},
    {.bitmap_index = 4864, .adv_w = 256, .box_w = 15, .box_h = 16, .ofs_x = 0, .ofs_y = -3},
    {.bitmap_index = 4984, .adv_w = 256, .box_w = 13, .box_h = 14, .ofs_x = 1, .ofs_y = -2},
    {.bitmap_index = 5075, .adv_w = 256, .box_w = 14, .box_h = 14, .ofs_x = 1, .ofs_y = -2},
    {.bitmap_index = 5173, .adv_w = 256, .box_w = 16, .box_h = 16, .ofs_x = 0, .ofs_y = -3},
    {.bitmap_index = 5301, .adv_w = 256, .box_w = 16, .box_h = 15, .ofs_x = 0, .ofs_y = -2},
    {.bitmap_index = 5421, .adv_w = 256, .box_w = 15, .box_h = 16, .ofs_x = 1, .ofs_y = -3},
    {.bitmap_index = 5541, .adv_w = 256, .box_w = 15, .box_h = 16, .ofs_x = 1, .ofs_y = -3},
    {.bitmap_index = 5661, .adv_w = 256, .box_w = 16, .box_h = 16, .ofs_x = 0, .ofs_y = -3},
    {.bitmap_index = 5789, .adv_w = 256, .box_w = 16, .box_h = 16, .ofs_x = 0, .ofs_y = -3},
    {.bitmap_index = 5917, .adv_w = 256, .box_w = 17, .box_h = 16, .ofs_x = 0, .ofs_y = -3},
    {.bitmap_index = 6053, .adv_w = 256, .box_w = 16, .box_h = 15, .ofs_x = 0, .ofs_y = -2},
    {.bitmap_index = 6173, .adv_w = 256, .box_w = 14, .box_h = 15, .ofs_x = 1, .ofs_y = -2},
    {.bitmap_index = 6278, .adv_w = 256, .box_w = 16, .box_h = 16, .ofs_x = 0, .ofs_y = -3},
    {.bitmap_index = 6406, .adv_w = 256, .box_w = 16, .box_h = 16, .ofs_x = 0, .ofs_y = -3},
    {.bitmap_index = 6534, .adv_w = 256, .box_w = 16, .box_h = 16, .ofs_x = 0, .ofs_y = -3},
    {.bitmap_index = 6662, .adv_w = 256, .box_w = 16, .box_h = 16, .ofs_x = 0, .ofs_y = -2},
    {.bitmap_index = 6790, .adv_w = 256, .box_w = 16, .box_h = 15, .ofs_x = 0, .ofs_y = -2},
    {.bitmap_index = 6910, .adv_w = 256, .box_w = 16, .box_h = 16, .ofs_x = 0, .ofs_y = -3},
    {.bitmap_index = 7038, .adv_w = 256, .box_w = 16, .box_h = 16, .ofs_x = 0, .ofs_y = -3},
    {.bitmap_index = 7166, .adv_w = 256, .box_w = 16, .box_h = 16, .ofs_x = 0, .ofs_y = -3},
    {.bitmap_index = 7294, .adv_w = 256, .box_w = 16, .box_h = 16, .ofs_x = 0, .ofs_y = -3},
    {.bitmap_index = 7422, .adv_w = 256, .box_w = 15, .box_h = 16, .ofs_x = 1, .ofs_y = -3},
    {.bitmap_index = 7542, .adv_w = 256, .box_w = 16, .box_h = 16, .ofs_x = 0, .ofs_y = -3},
    {.bitmap_index = 7670, .adv_w = 256, .box_w = 16, .box_h = 16, .ofs_x = 0, .ofs_y = -3},
    {.bitmap_index = 7798, .adv_w = 256, .box_w = 16, .box_h = 15, .ofs_x = 0, .ofs_y = -2},
    {.bitmap_index = 7918, .adv_w = 256, .box_w = 16, .box_h = 16, .ofs_x = 0, .ofs_y = -3},
    {.bitmap_index = 8046, .adv_w = 256, .box_w = 15, .box_h = 15, .ofs_x = 0, .ofs_y = -2},
    {.bitmap_index = 8159, .adv_w = 256, .box_w = 16, .box_h = 16, .ofs_x = 0, .ofs_y = -3},
    {.bitmap_index = 8287, .adv_w = 256, .box_w = 16, .box_h = 15, .ofs_x = 0, .ofs_y = -3},
    {.bitmap_index = 8407, .adv_w = 256, .box_w = 15, .box_h = 16, .ofs_x = 0, .ofs_y = -3},
    {.bitmap_index = 8527, .adv_w = 256, .box_w = 16, .box_h = 15, .ofs_x = 0, .ofs_y = -2},
    {.bitmap_index = 8647, .adv_w = 256, .box_w = 16, .box_h = 16, .ofs_x = 0, .ofs_y = -3},
    {.bitmap_index = 8775, .adv_w = 256, .box_w = 16, .box_h = 16, .ofs_x = 0, .ofs_y = -3},
    {.bitmap_index = 8903, .adv_w = 256, .box_w = 14, .box_h = 16, .ofs_x = 1, .ofs_y = -3},
    {.bitmap_index = 9015, .adv_w = 256, .box_w = 16, .box_h = 16, .ofs_x = 0, .ofs_y = -3},
    {.bitmap_index = 9143, .adv_w = 256, .box_w = 14, .box_h = 16, .ofs_x = 1, .ofs_y = -3},
    {.bitmap_index = 9255, .adv_w = 256, .box_w = 14, .box_h = 15, .ofs_x = 1, .ofs_y = -2},
    {.bitmap_index = 9360, .adv_w = 256, .box_w = 16, .box_h = 16, .ofs_x = 0, .ofs_y = -3},
    {.bitmap_index = 9488, .adv_w = 256, .box_w = 12, .box_h = 15, .ofs_x = 2, .ofs_y = -2},
    {.bitmap_index = 9578, .adv_w = 256, .box_w = 16, .box_h = 15, .ofs_x = 0, .ofs_y = -2},
    {.bitmap_index = 9698, .adv_w = 256, .box_w = 16, .box_h = 15, .ofs_x = 0, .ofs_y = -2},
    {.bitmap_index = 9818, .adv_w = 256, .box_w = 17, .box_h = 16, .ofs_x = -1, .ofs_y = -3},
    {.bitmap_index = 9954, .adv_w = 256, .box_w = 15, .box_h = 15, .ofs_x = 0, .ofs_y = -2},
    {.bitmap_index = 10067, .adv_w = 256, .box_w = 16, .box_h = 16, .ofs_x = 0, .ofs_y = -3},
    {.bitmap_index = 10195, .adv_w = 256, .box_w = 16, .box_h = 16, .ofs_x = 0, .ofs_y = -3},
    {.bitmap_index = 10323, .adv_w = 256, .box_w = 16, .box_h = 16, .ofs_x = 0, .ofs_y = -3},
    {.bitmap_index = 10451, .adv_w = 256, .box_w = 16, .box_h = 16, .ofs_x = 0, .ofs_y = -3},
    {.bitmap_index = 10579, .adv_w = 256, .box_w = 16, .box_h = 16, .ofs_x = 0, .ofs_y = -3},
    {.bitmap_index = 10707, .adv_w = 256, .box_w = 15, .box_h = 16, .ofs_x = 0, .ofs_y = -3},
    {.bitmap_index = 10827, .adv_w = 256, .box_w = 16, .box_h = 16, .ofs_x = 0, .ofs_y = -3},
    {.bitmap_index = 10955, .adv_w = 256, .box_w = 14, .box_h = 15, .ofs_x = 1, .ofs_y = -2},
    {.bitmap_index = 11060, .adv_w = 256, .box_w = 16, .box_h = 15, .ofs_x = 0, .ofs_y = -3},
    {.bitmap_index = 11180, .adv_w = 256, .box_w = 16, .box_h = 16, .ofs_x = 0, .ofs_y = -3},
    {.bitmap_index = 11308, .adv_w = 256, .box_w = 16, .box_h = 16, .ofs_x = 0, .ofs_y = -3},
    {.bitmap_index = 11436, .adv_w = 256, .box_w = 16, .box_h = 16, .ofs_x = 0, .ofs_y = -3},
    {.bitmap_index = 11564, .adv_w = 256, .box_w = 16, .box_h = 17, .ofs_x = 0, .ofs_y = -2},
    {.bitmap_index = 11700, .adv_w = 256, .box_w = 16, .box_h = 12, .ofs_x = 0, .ofs_y = 0},
    {.bitmap_index = 11796, .adv_w = 256, .box_w = 16, .box_h = 14, .ofs_x = 0, .ofs_y = -1},
    {.bitmap_index = 11908, .adv_w = 256, .box_w = 16, .box_h = 12, .ofs_x = 0, .ofs_y = 0},
    {.bitmap_index = 12004, .adv_w = 176, .box_w = 11, .box_h = 12, .ofs_x = 0, .ofs_y = 0},
    {.bitmap_index = 12070, .adv_w = 256, .box_w = 16, .box_h = 16, .ofs_x = 0, .ofs_y = -2},
    {.bitmap_index = 12198, .adv_w = 256, .box_w = 16, .box_h = 16, .ofs_x = 0, .ofs_y = -2},
    {.bitmap_index = 12326, .adv_w = 288, .box_w = 18, .box_h = 14, .ofs_x = 0, .ofs_y = -1},
    {.bitmap_index = 12452, .adv_w = 256, .box_w = 16, .box_h = 16, .ofs_x = 0, .ofs_y = -2},
    {.bitmap_index = 12580, .adv_w = 288, .box_w = 18, .box_h = 12, .ofs_x = 0, .ofs_y = 0},
    {.bitmap_index = 12688, .adv_w = 256, .box_w = 16, .box_h = 16, .ofs_x = 0, .ofs_y = -2},
    {.bitmap_index = 12816, .adv_w = 128, .box_w = 8, .box_h = 14, .ofs_x = 0, .ofs_y = -1},
    {.bitmap_index = 12872, .adv_w = 192, .box_w = 12, .box_h = 14, .ofs_x = 0, .ofs_y = -1},
    {.bitmap_index = 12956, .adv_w = 288, .box_w = 18, .box_h = 16, .ofs_x = 0, .ofs_y = -2},
    {.bitmap_index = 13100, .adv_w = 256, .box_w = 16, .box_h = 12, .ofs_x = 0, .ofs_y = 0},
    {.bitmap_index = 13196, .adv_w = 176, .box_w = 11, .box_h = 16, .ofs_x = 0, .ofs_y = -2},
    {.bitmap_index = 13284, .adv_w = 224, .box_w = 10, .box_h = 16, .ofs_x = 2, .ofs_y = -2},
    {.bitmap_index = 13364, .adv_w = 224, .box_w = 14, .box_h = 18, .ofs_x = 0, .ofs_y = -3},
    {.bitmap_index = 13490, .adv_w = 224, .box_w = 14, .box_h = 15, .ofs_x = 0, .ofs_y = -1},
    {.bitmap_index = 13595, .adv_w = 224, .box_w = 14, .box_h = 14, .ofs_x = 0, .ofs_y = -1},
    {.bitmap_index = 13693, .adv_w = 224, .box_w = 10, .box_h = 16, .ofs_x = 2, .ofs_y = -2},
    {.bitmap_index = 13773, .adv_w = 224, .box_w = 16, .box_h = 14, .ofs_x = -1, .ofs_y = -1},
    {.bitmap_index = 13885, .adv_w = 160, .box_w = 10, .box_h = 14, .ofs_x = 0, .ofs_y = -1},
    {.bitmap_index = 13955, .adv_w = 160, .box_w = 10, .box_h = 14, .ofs_x = 0, .ofs_y = -1},
    {.bitmap_index = 14025, .adv_w = 224, .box_w = 14, .box_h = 14, .ofs_x = 0, .ofs_y = -1},
    {.bitmap_index = 14123, .adv_w = 224, .box_w = 14, .box_h = 4, .ofs_x = 0, .ofs_y = 4},
    {.bitmap_index = 14151, .adv_w = 288, .box_w = 18, .box_h = 12, .ofs_x = 0, .ofs_y = 0},
    {.bitmap_index = 14259, .adv_w = 320, .box_w = 20, .box_h = 16, .ofs_x = 0, .ofs_y = -2},
    {.bitmap_index = 14419, .adv_w = 288, .box_w = 20, .box_h = 16, .ofs_x = -1, .ofs_y = -2},
    {.bitmap_index = 14579, .adv_w = 256, .box_w = 16, .box_h = 16, .ofs_x = 0, .ofs_y = -2},
    {.bitmap_index = 14707, .adv_w = 224, .box_w = 14, .box_h = 10, .ofs_x = 0, .ofs_y = 1},
    {.bitmap_index = 14777, .adv_w = 224, .box_w = 14, .box_h = 10, .ofs_x = 0, .ofs_y = 1},
    {.bitmap_index = 14847, .adv_w = 320, .box_w = 20, .box_h = 14, .ofs_x = 0, .ofs_y = -1},
    {.bitmap_index = 14987, .adv_w = 256, .box_w = 16, .box_h = 12, .ofs_x = 0, .ofs_y = 0},
    {.bitmap_index = 15083, .adv_w = 256, .box_w = 16, .box_h = 16, .ofs_x = 0, .ofs_y = -2},
    {.bitmap_index = 15211, .adv_w = 256, .box_w = 17, .box_h = 17, .ofs_x = -1, .ofs_y = -2},
    {.bitmap_index = 15356, .adv_w = 224, .box_w = 15, .box_h = 14, .ofs_x = 0, .ofs_y = -1},
    {.bitmap_index = 15461, .adv_w = 224, .box_w = 14, .box_h = 16, .ofs_x = 0, .ofs_y = -2},
    {.bitmap_index = 15573, .adv_w = 224, .box_w = 14, .box_h = 14, .ofs_x = 0, .ofs_y = -1},
    {.bitmap_index = 15671, .adv_w = 224, .box_w = 14, .box_h = 14, .ofs_x = 0, .ofs_y = -1},
    {.bitmap_index = 15769, .adv_w = 256, .box_w = 16, .box_h = 12, .ofs_x = 0, .ofs_y = 0},
    {.bitmap_index = 15865, .adv_w = 160, .box_w = 12, .box_h = 16, .ofs_x = -1, .ofs_y = -2},
    {.bitmap_index = 15961, .adv_w = 224, .box_w = 14, .box_h = 16, .ofs_x = 0, .ofs_y = -2},
    {.bitmap_index = 16073, .adv_w = 224, .box_w = 14, .box_h = 16, .ofs_x = 0, .ofs_y = -2},
    {.bitmap_index = 16185, .adv_w = 288, .box_w = 18, .box_h = 12, .ofs_x = 0, .ofs_y = 0},
    {.bitmap_index = 16293, .adv_w = 256, .box_w = 18, .box_h = 18, .ofs_x = -1, .ofs_y = -3},
    {.bitmap_index = 16455, .adv_w = 192, .box_w = 12, .box_h = 16, .ofs_x = 0, .ofs_y = -2},
    {.bitmap_index = 16551, .adv_w = 320, .box_w = 20, .box_h = 15, .ofs_x = 0, .ofs_y = -1},
    {.bitmap_index = 16701, .adv_w = 320, .box_w = 20, .box_h = 10, .ofs_x = 0, .ofs_y = 1},
    {.bitmap_index = 16801, .adv_w = 320, .box_w = 20, .box_h = 10, .ofs_x = 0, .ofs_y = 1},
    {.bitmap_index = 16901, .adv_w = 320, .box_w = 20, .box_h = 10, .ofs_x = 0, .ofs_y = 1},
    {.bitmap_index = 17001, .adv_w = 320, .box_w = 20, .box_h = 10, .ofs_x = 0, .ofs_y = 1},
    {.bitmap_index = 17101, .adv_w = 320, .box_w = 20, .box_h = 10, .ofs_x = 0, .ofs_y = 1},
    {.bitmap_index = 17201, .adv_w = 320, .box_w = 21, .box_h = 14, .ofs_x = 0, .ofs_y = -1},
    {.bitmap_index = 17348, .adv_w = 224, .box_w = 12, .box_h = 16, .ofs_x = 1, .ofs_y = -2},
    {.bitmap_index = 17444, .adv_w = 224, .box_w = 14, .box_h = 16, .ofs_x = 0, .ofs_y = -2},
    {.bitmap_index = 17556, .adv_w = 256, .box_w = 17, .box_h = 17, .ofs_x = -1, .ofs_y = -3},
    {.bitmap_index = 17701, .adv_w = 320, .box_w = 20, .box_h = 12, .ofs_x = 0, .ofs_y = 0},
    {.bitmap_index = 17821, .adv_w = 192, .box_w = 12, .box_h = 16, .ofs_x = 0, .ofs_y = -2},
    {.bitmap_index = 17917, .adv_w = 258, .box_w = 17, .box_h = 11, .ofs_x = 0, .ofs_y = 1},
    {.bitmap_index = 18011, .adv_w = 256, .box_w = 5, .box_h = 15, .ofs_x = 10, .ofs_y = -3},
    {.bitmap_index = 18049, .adv_w = 256, .box_w = 5, .box_h = 15, .ofs_x = 1, .ofs_y = -3},
    {.bitmap_index = 18087, .adv_w = 256, .box_w = 4, .box_h = 8, .ofs_x = 2, .ofs_y = -1}
};

/*---------------------
 *  CHARACTER MAPPING
 *--------------------*/

static const uint16_t unicode_list_1[] = {
    0x0, 0x81, 0x346, 0x358, 0x47b, 0x528, 0x602, 0x8b1,
    0x8d1, 0x9a1, 0xafc, 0xb07, 0xd23, 0xd5f, 0xd6d, 0xd8c,
    0xfd5, 0x100b, 0x1062, 0x1079, 0x13e3, 0x1478, 0x14bc, 0x157c,
    0x1680, 0x1711, 0x1783, 0x17c9, 0x18c7, 0x1952, 0x1d36, 0x1da2,
    0x241a, 0x271f, 0x29d4, 0x2a41, 0x2bde, 0x2cac, 0x2d80, 0x2ece,
    0x30b2, 0x3124, 0x3141, 0x32d0, 0x33bd, 0x3455, 0x35af, 0x3b99,
    0x3bd3, 0x3d77, 0x3d91, 0x3dc0, 0x41a7, 0x41dc, 0x43a0, 0x43a2,
    0x47c7, 0x4935, 0x49c6, 0x4a64, 0x50ab, 0xa1d4, 0xa1db, 0xa1de,
    0xa1df, 0xa1e0, 0xa1e4, 0xa1e6, 0xa1e8, 0xa1ec, 0xa1ef, 0xa1f4,
    0xa1f9, 0xa1fa, 0xa1fb, 0xa211, 0xa216, 0xa21b, 0xa21e, 0xa21f,
    0xa220, 0xa224, 0xa225, 0xa226, 0xa227, 0xa23a, 0xa23b, 0xa241,
    0xa243, 0xa244, 0xa247, 0xa24a, 0xa24b, 0xa24c, 0xa24e, 0xa266,
    0xa268, 0xa297, 0xa298, 0xa29a, 0xa29c, 0xa2b3, 0xa2ba, 0xa2bd,
    0xa2c6, 0xa2ef, 0xa2f7, 0xa32e, 0xa3be, 0xa413, 0xa414, 0xa415,
    0xa416, 0xa417, 0xa45a, 0xa466, 0xa4c0, 0xa4d7, 0xa72d, 0xa995,
    0xaa75, 0xb0db, 0xb0dc, 0xb0ed
};

/*Collect the unicode lists and glyph_id offsets*/
static const lv_font_fmt_txt_cmap_t cmaps[] =
{
    {
        .range_start = 32, .range_length = 95, .glyph_id_start = 1,
        .unicode_list = NULL, .glyph_id_ofs_list = NULL, .list_length = 0, .type = LV_FONT_FMT_TXT_CMAP_FORMAT0_TINY
    },
    {
        .range_start = 20013, .range_length = 45294, .glyph_id_start = 96,
        .unicode_list = unicode_list_1, .glyph_id_ofs_list = NULL, .list_length = 124, .type = LV_FONT_FMT_TXT_CMAP_SPARSE_TINY
    }
};



/*--------------------
 *  ALL CUSTOM DATA
 *--------------------*/

#if LVGL_VERSION_MAJOR == 8
/*Store all the custom data of the font*/
static  lv_font_fmt_txt_glyph_cache_t cache;
#endif

#if LVGL_VERSION_MAJOR >= 8
static const lv_font_fmt_txt_dsc_t font_dsc = {
#else
static lv_font_fmt_txt_dsc_t font_dsc = {
#endif
    .glyph_bitmap = glyph_bitmap,
    .glyph_dsc = glyph_dsc,
    .cmaps = cmaps,
    .kern_dsc = NULL,
    .kern_scale = 0,
    .cmap_num = 2,
    .bpp = 4,
    .kern_classes = 0,
    .bitmap_format = 0,
#if LVGL_VERSION_MAJOR == 8
    .cache = &cache
#endif
};



/*-----------------
 *  PUBLIC FONT
 *----------------*/

/*Initialize a public general font descriptor*/
#if LVGL_VERSION_MAJOR >= 8
const lv_font_t lv_font_Dengb_16 = {
#else
lv_font_t lv_font_Dengb_16 = {
#endif
    .get_glyph_dsc = lv_font_get_glyph_dsc_fmt_txt,    /*Function pointer to get glyph's data*/
    .get_glyph_bitmap = lv_font_get_bitmap_fmt_txt,    /*Function pointer to get glyph's bitmap*/
    .line_height = 19,          /*The maximum line height required by the font*/
    .base_line = 4,             /*Baseline measured from the bottom of the line*/
#if !(LVGL_VERSION_MAJOR == 6 && LVGL_VERSION_MINOR == 0)
    .subpx = LV_FONT_SUBPX_NONE,
#endif
#if LV_VERSION_CHECK(7, 4, 0) || LVGL_VERSION_MAJOR >= 8
    .underline_position = -3,
    .underline_thickness = 1,
#endif
    .dsc = &font_dsc,          /*The custom font data. Will be accessed by `get_glyph_bitmap/dsc` */
#if LV_VERSION_CHECK(8, 2, 0) || LVGL_VERSION_MAJOR >= 9
    .fallback = NULL,
#endif
    .user_data = NULL,
};



#endif /*#if LV_FONT_DENGB_16*/

