/*******************************************************************************
 * Size: 26 px
 * Bpp: 4
 * Opts: undefined
 ******************************************************************************/

#ifdef LV_LVGL_H_INCLUDE_SIMPLE
#include "lvgl.h"
#else
#include "lvgl.h"
#endif

#ifndef LV_FONT_DENGB_26
#define LV_FONT_DENGB_26 1
#endif

#if LV_FONT_DENGB_26

/*-----------------
 *    BITMAPS
 *----------------*/

/*Store the image of the glyphs*/
static LV_ATTRIBUTE_LARGE_CONST const uint8_t glyph_bitmap[] = {
    /* U+0020 " " */

    /* U+0021 "!" */
    0x9f, 0xf7, 0x8f, 0xf7, 0x8f, 0xf7, 0x7f, 0xf6,
    0x7f, 0xf6, 0x7f, 0xf5, 0x6f, 0xf5, 0x6f, 0xf4,
    0x5f, 0xf4, 0x5f, 0xf3, 0x4f, 0xf3, 0x4f, 0xf2,
    0x16, 0x60, 0x0, 0x0, 0x0, 0x0, 0x8e, 0xe6,
    0x9f, 0xf7, 0x9f, 0xf7,

    /* U+0022 "\"" */
    0x4f, 0xf9, 0x3, 0xff, 0xa3, 0xff, 0x80, 0x2f,
    0xf9, 0x2f, 0xf7, 0x1, 0xff, 0x81, 0xff, 0x60,
    0xf, 0xf7, 0xf, 0xf5, 0x0, 0xff, 0x60, 0x55,
    0x10, 0x5, 0x52,

    /* U+0023 "#" */
    0x0, 0x0, 0x8, 0xf2, 0x0, 0x9, 0xf1, 0x0,
    0x0, 0x0, 0xbe, 0x0, 0x0, 0xce, 0x0, 0x0,
    0x0, 0xf, 0xb0, 0x0, 0xf, 0xa0, 0x0, 0x0,
    0x2, 0xf8, 0x0, 0x3, 0xf7, 0x0, 0x0, 0x0,
    0x6f, 0x40, 0x0, 0x7f, 0x30, 0x0, 0xff, 0xff,
    0xff, 0xff, 0xff, 0xff, 0xfc, 0x9, 0x99, 0xfe,
    0x99, 0x99, 0xfe, 0x99, 0x70, 0x0, 0xf, 0xa0,
    0x0, 0x1f, 0x90, 0x0, 0x0, 0x3, 0xf7, 0x0,
    0x4, 0xf6, 0x0, 0x0, 0x0, 0x6f, 0x40, 0x0,
    0x7f, 0x30, 0x0, 0x0, 0x9, 0xf1, 0x0, 0xa,
    0xf0, 0x0, 0x6, 0x99, 0xef, 0x99, 0x99, 0xef,
    0x99, 0x91, 0xbf, 0xff, 0xff, 0xff, 0xff, 0xff,
    0xff, 0x10, 0x4, 0xf6, 0x0, 0x5, 0xf5, 0x0,
    0x0, 0x0, 0x7f, 0x30, 0x0, 0x8f, 0x20, 0x0,
    0x0, 0xb, 0xf0, 0x0, 0xc, 0xe0, 0x0, 0x0,
    0x0, 0xec, 0x0, 0x0, 0xfb, 0x0, 0x0, 0x0,
    0x1f, 0x90, 0x0, 0x2f, 0x70, 0x0, 0x0,

    /* U+0024 "$" */
    0x0, 0x0, 0x0, 0x4a, 0x10, 0x0, 0x0, 0x0,
    0x4, 0xbe, 0xff, 0xfe, 0x92, 0x0, 0x0, 0x6f,
    0xff, 0xff, 0xff, 0xfe, 0x20, 0x1, 0xff, 0xd3,
    0x7f, 0x48, 0xff, 0xb0, 0x6, 0xff, 0x50, 0x7f,
    0x20, 0xcf, 0xf2, 0x8, 0xff, 0x30, 0x7f, 0x20,
    0x58, 0x50, 0x7, 0xff, 0x60, 0x7f, 0x20, 0x0,
    0x0, 0x3, 0xff, 0xe3, 0x7f, 0x20, 0x0, 0x0,
    0x0, 0xbf, 0xff, 0xef, 0x60, 0x0, 0x0, 0x0,
    0xa, 0xff, 0xff, 0xff, 0xa2, 0x0, 0x0, 0x0,
    0x38, 0xdf, 0xff, 0xff, 0x50, 0x0, 0x0, 0x0,
    0x7f, 0x6a, 0xff, 0xf1, 0x0, 0x0, 0x0, 0x7f,
    0x20, 0x8f, 0xf7, 0x0, 0x1, 0x0, 0x7f, 0x20,
    0x1f, 0xf9, 0x1c, 0xf9, 0x0, 0x7f, 0x20, 0x1f,
    0xf9, 0xe, 0xfe, 0x10, 0x7f, 0x20, 0x4f, 0xf7,
    0x7, 0xff, 0xc3, 0x7f, 0x35, 0xef, 0xf1, 0x0,
    0xbf, 0xff, 0xff, 0xff, 0xff, 0x60, 0x0, 0x5,
    0xbe, 0xff, 0xfe, 0xa3, 0x0, 0x0, 0x0, 0x0,
    0x7f, 0x20, 0x0, 0x0, 0x0, 0x0, 0x0, 0x7f,
    0x20, 0x0, 0x0,

    /* U+0025 "%" */
    0x4, 0xee, 0x30, 0x0, 0x2f, 0x50, 0x0, 0xec,
    0xdd, 0x0, 0x8, 0xe0, 0x0, 0x4f, 0x56, 0xf2,
    0x0, 0xd9, 0x0, 0x7, 0xf3, 0x4f, 0x50, 0x3f,
    0x30, 0x0, 0x8f, 0x24, 0xf7, 0x9, 0xd0, 0x0,
    0x9, 0xf2, 0x3f, 0x80, 0xe7, 0x0, 0x0, 0x9f,
    0x23, 0xf7, 0x5f, 0x20, 0x0, 0x8, 0xf3, 0x4f,
    0x6b, 0xc3, 0xee, 0x40, 0x6f, 0x45, 0xf6, 0xf6,
    0xee, 0xee, 0x2, 0xf8, 0x9f, 0x8f, 0x4f, 0x75,
    0xf4, 0xb, 0xff, 0xac, 0xa6, 0xf4, 0x3f, 0x70,
    0x18, 0x83, 0xf4, 0x7f, 0x42, 0xf8, 0x0, 0x0,
    0x8e, 0x8, 0xf4, 0x2f, 0x90, 0x0, 0xe, 0x80,
    0x7f, 0x42, 0xf8, 0x0, 0x4, 0xf3, 0x6, 0xf4,
    0x3f, 0x70, 0x0, 0xad, 0x0, 0x3f, 0x65, 0xf4,
    0x0, 0xf, 0x70, 0x0, 0xdd, 0xde, 0x0, 0x5,
    0xf1, 0x0, 0x3, 0xee, 0x40,

    /* U+0026 "&" */
    0x0, 0x0, 0x2, 0x9d, 0xfe, 0xc6, 0x0, 0x0,
    0x0, 0x0, 0x0, 0x0, 0x3f, 0xff, 0xde, 0xff,
    0xb0, 0x0, 0x0, 0x0, 0x0, 0x0, 0xcf, 0xf3,
    0x0, 0xaf, 0xf5, 0x0, 0x0, 0x0, 0x0, 0x0,
    0xff, 0xa0, 0x0, 0x4f, 0xf7, 0x0, 0x0, 0x0,
    0x0, 0x0, 0xff, 0xa0, 0x0, 0x7f, 0xf6, 0x0,
    0x0, 0x0, 0x0, 0x0, 0xcf, 0xe0, 0x3, 0xef,
    0xe1, 0x0, 0x0, 0x0, 0x0, 0x0, 0x6f, 0xf8,
    0x8f, 0xfe, 0x30, 0x0, 0x0, 0x0, 0x0, 0x0,
    0xe, 0xff, 0xff, 0xa1, 0x0, 0x0, 0x0, 0x0,
    0x0, 0x6, 0xef, 0xff, 0xf3, 0x0, 0x0, 0xe,
    0xe8, 0x0, 0x0, 0xbf, 0xfe, 0xbf, 0xf8, 0x0,
    0x0, 0x4f, 0xf7, 0x0, 0xa, 0xff, 0xa0, 0xb,
    0xff, 0x60, 0x0, 0x9f, 0xf2, 0x0, 0x2f, 0xfd,
    0x0, 0x0, 0xdf, 0xf6, 0x1, 0xff, 0xb0, 0x0,
    0x5f, 0xf9, 0x0, 0x0, 0x1d, 0xff, 0x6a, 0xff,
    0x30, 0x0, 0x5f, 0xf9, 0x0, 0x0, 0x2, 0xef,
    0xff, 0xf9, 0x0, 0x0, 0x2f, 0xfe, 0x10, 0x0,
    0x0, 0x4f, 0xff, 0xf2, 0x0, 0x0, 0xc, 0xff,
    0xe8, 0x54, 0x6a, 0xff, 0xff, 0xfe, 0x84, 0x60,
    0x1, 0xdf, 0xff, 0xff, 0xff, 0xff, 0x69, 0xff,
    0xff, 0xf1, 0x0, 0x6, 0xce, 0xff, 0xda, 0x61,
    0x0, 0x4b, 0xef, 0xd0,

    /* U+0027 "'" */
    0x1f, 0xfc, 0xf, 0xfb, 0xf, 0xfa, 0xe, 0xf9,
    0xd, 0xf8, 0x4, 0x52,

    /* U+0028 "(" */
    0x0, 0x1, 0xef, 0xc0, 0x0, 0xb, 0xff, 0x20,
    0x0, 0x5f, 0xf7, 0x0, 0x0, 0xef, 0xd0, 0x0,
    0x6, 0xff, 0x50, 0x0, 0xd, 0xfe, 0x0, 0x0,
    0x2f, 0xfa, 0x0, 0x0, 0x6f, 0xf6, 0x0, 0x0,
    0x9f, 0xf2, 0x0, 0x0, 0xaf, 0xf1, 0x0, 0x0,
    0xcf, 0xf0, 0x0, 0x0, 0xcf, 0xf0, 0x0, 0x0,
    0xcf, 0xf0, 0x0, 0x0, 0xaf, 0xf1, 0x0, 0x0,
    0x9f, 0xf2, 0x0, 0x0, 0x6f, 0xf6, 0x0, 0x0,
    0x1f, 0xfa, 0x0, 0x0, 0xd, 0xfe, 0x0, 0x0,
    0x6, 0xff, 0x50, 0x0, 0x0, 0xef, 0xd0, 0x0,
    0x0, 0x5f, 0xf7, 0x0, 0x0, 0xb, 0xff, 0x20,
    0x0, 0x1, 0xef, 0xc0,

    /* U+0029 ")" */
    0x3f, 0xf9, 0x0, 0x0, 0x7, 0xff, 0x50, 0x0,
    0x0, 0xdf, 0xe1, 0x0, 0x0, 0x4f, 0xf8, 0x0,
    0x0, 0xc, 0xff, 0x10, 0x0, 0x5, 0xff, 0x70,
    0x0, 0x0, 0xff, 0xc0, 0x0, 0x0, 0xcf, 0xf0,
    0x0, 0x0, 0x8f, 0xf3, 0x0, 0x0, 0x7f, 0xf5,
    0x0, 0x0, 0x6f, 0xf6, 0x0, 0x0, 0x5f, 0xf7,
    0x0, 0x0, 0x6f, 0xf6, 0x0, 0x0, 0x7f, 0xf5,
    0x0, 0x0, 0x8f, 0xf3, 0x0, 0x0, 0xcf, 0xf0,
    0x0, 0x0, 0xff, 0xc0, 0x0, 0x5, 0xff, 0x70,
    0x0, 0xb, 0xff, 0x10, 0x0, 0x4f, 0xf8, 0x0,
    0x0, 0xdf, 0xe1, 0x0, 0x7, 0xff, 0x50, 0x0,
    0x3f, 0xfa, 0x0, 0x0,

    /* U+002A "*" */
    0x0, 0x0, 0x6f, 0xb0, 0x0, 0x0, 0x0, 0x5,
    0xfa, 0x0, 0x0, 0x6, 0x10, 0x4f, 0x90, 0x5,
    0x13, 0xff, 0xa7, 0xfa, 0x9e, 0xf8, 0x3a, 0xef,
    0xff, 0xff, 0xfb, 0x60, 0x0, 0x3f, 0xff, 0x60,
    0x0, 0x0, 0xb, 0xf7, 0xfe, 0x10, 0x0, 0x8,
    0xfc, 0x8, 0xfb, 0x0, 0x1, 0xef, 0x30, 0xe,
    0xf3, 0x0, 0x0, 0x40, 0x0, 0x31, 0x0,

    /* U+002B "+" */
    0x0, 0x0, 0x2, 0xee, 0x20, 0x0, 0x0, 0x0,
    0x0, 0x2, 0xff, 0x30, 0x0, 0x0, 0x0, 0x0,
    0x2, 0xff, 0x30, 0x0, 0x0, 0x0, 0x0, 0x2,
    0xff, 0x30, 0x0, 0x0, 0x0, 0x0, 0x2, 0xff,
    0x30, 0x0, 0x0, 0x24, 0x44, 0x46, 0xff, 0x64,
    0x44, 0x42, 0x8f, 0xff, 0xff, 0xff, 0xff, 0xff,
    0xf9, 0x8f, 0xff, 0xff, 0xff, 0xff, 0xff, 0xf9,
    0x0, 0x0, 0x2, 0xff, 0x30, 0x0, 0x0, 0x0,
    0x0, 0x2, 0xff, 0x30, 0x0, 0x0, 0x0, 0x0,
    0x2, 0xff, 0x30, 0x0, 0x0, 0x0, 0x0, 0x2,
    0xff, 0x30, 0x0, 0x0, 0x0, 0x0, 0x2, 0xff,
    0x30, 0x0, 0x0,

    /* U+002C "," */
    0x14, 0x42, 0x6f, 0xfb, 0x6f, 0xfb, 0x6f, 0xfa,
    0x0, 0xf9, 0x5, 0xf6, 0xc, 0xf1, 0x28, 0x50,

    /* U+002D "-" */
    0x18, 0x88, 0x88, 0x88, 0x13, 0xff, 0xff, 0xff,
    0xf2, 0x3f, 0xff, 0xff, 0xff, 0x20,

    /* U+002E "." */
    0x14, 0x42, 0x6f, 0xfa, 0x6f, 0xfa, 0x6f, 0xfa,

    /* U+002F "/" */
    0x0, 0x0, 0x0, 0x0, 0x1f, 0xfa, 0x0, 0x0,
    0x0, 0x0, 0x7f, 0xf3, 0x0, 0x0, 0x0, 0x0,
    0xef, 0xc0, 0x0, 0x0, 0x0, 0x5, 0xff, 0x50,
    0x0, 0x0, 0x0, 0xc, 0xfe, 0x0, 0x0, 0x0,
    0x0, 0x3f, 0xf8, 0x0, 0x0, 0x0, 0x0, 0xaf,
    0xf1, 0x0, 0x0, 0x0, 0x1, 0xff, 0xa0, 0x0,
    0x0, 0x0, 0x8, 0xff, 0x30, 0x0, 0x0, 0x0,
    0xe, 0xfc, 0x0, 0x0, 0x0, 0x0, 0x5f, 0xf5,
    0x0, 0x0, 0x0, 0x0, 0xcf, 0xe0, 0x0, 0x0,
    0x0, 0x3, 0xff, 0x70, 0x0, 0x0, 0x0, 0xa,
    0xff, 0x10, 0x0, 0x0, 0x0, 0x1f, 0xfa, 0x0,
    0x0, 0x0, 0x0, 0x8f, 0xf3, 0x0, 0x0, 0x0,
    0x0, 0xef, 0xc0, 0x0, 0x0, 0x0, 0x6, 0xff,
    0x50, 0x0, 0x0, 0x0, 0xc, 0xfe, 0x0, 0x0,
    0x0, 0x0, 0x18, 0x84, 0x0, 0x0, 0x0, 0x0,

    /* U+0030 "0" */
    0x0, 0x6, 0xce, 0xfd, 0x92, 0x0, 0x0, 0xc,
    0xff, 0xff, 0xff, 0xf4, 0x0, 0x9, 0xff, 0xd6,
    0x59, 0xff, 0xe1, 0x1, 0xff, 0xe0, 0x0, 0x8,
    0xff, 0x80, 0x6f, 0xf8, 0x0, 0x0, 0x1f, 0xfd,
    0xa, 0xff, 0x40, 0x0, 0x0, 0xdf, 0xf1, 0xcf,
    0xf2, 0x0, 0x0, 0xb, 0xff, 0x3d, 0xff, 0x0,
    0x0, 0x0, 0xaf, 0xf4, 0xef, 0xf0, 0x0, 0x0,
    0x9, 0xff, 0x5e, 0xff, 0x0, 0x0, 0x0, 0x9f,
    0xf5, 0xdf, 0xf0, 0x0, 0x0, 0xa, 0xff, 0x4c,
    0xff, 0x20, 0x0, 0x0, 0xbf, 0xf3, 0x9f, 0xf4,
    0x0, 0x0, 0xd, 0xff, 0x5, 0xff, 0x80, 0x0,
    0x2, 0xff, 0xc0, 0x1f, 0xfe, 0x10, 0x0, 0x9f,
    0xf6, 0x0, 0x8f, 0xfd, 0x64, 0x9f, 0xfd, 0x0,
    0x0, 0xbf, 0xff, 0xff, 0xfe, 0x20, 0x0, 0x0,
    0x6c, 0xef, 0xd8, 0x10, 0x0,

    /* U+0031 "1" */
    0x0, 0x0, 0x3d, 0xff, 0x60, 0x0, 0x0, 0x0,
    0x8f, 0xff, 0xf6, 0x0, 0x0, 0x3, 0xdf, 0xfe,
    0xff, 0x60, 0x0, 0x0, 0xbf, 0xe5, 0x8f, 0xf6,
    0x0, 0x0, 0xb, 0x90, 0x8, 0xff, 0x60, 0x0,
    0x0, 0x20, 0x0, 0x8f, 0xf6, 0x0, 0x0, 0x0,
    0x0, 0x8, 0xff, 0x60, 0x0, 0x0, 0x0, 0x0,
    0x8f, 0xf6, 0x0, 0x0, 0x0, 0x0, 0x8, 0xff,
    0x60, 0x0, 0x0, 0x0, 0x0, 0x8f, 0xf6, 0x0,
    0x0, 0x0, 0x0, 0x8, 0xff, 0x60, 0x0, 0x0,
    0x0, 0x0, 0x8f, 0xf6, 0x0, 0x0, 0x0, 0x0,
    0x8, 0xff, 0x60, 0x0, 0x0, 0x0, 0x0, 0x8f,
    0xf6, 0x0, 0x0, 0x0, 0x0, 0x8, 0xff, 0x60,
    0x0, 0x0, 0x44, 0x44, 0xaf, 0xf8, 0x44, 0x41,
    0x2f, 0xff, 0xff, 0xff, 0xff, 0xff, 0x52, 0xff,
    0xff, 0xff, 0xff, 0xff, 0xf5,

    /* U+0032 "2" */
    0x0, 0x18, 0xcf, 0xfe, 0xa4, 0x0, 0x0, 0x2e,
    0xff, 0xff, 0xff, 0xf9, 0x0, 0xd, 0xff, 0xc6,
    0x69, 0xff, 0xf5, 0x4, 0xff, 0xc0, 0x0, 0x7,
    0xff, 0xb0, 0x8f, 0xf6, 0x0, 0x0, 0x1f, 0xfe,
    0x0, 0x0, 0x0, 0x0, 0x1, 0xff, 0xe0, 0x0,
    0x0, 0x0, 0x0, 0x7f, 0xfa, 0x0, 0x0, 0x0,
    0x0, 0x3f, 0xff, 0x30, 0x0, 0x0, 0x0, 0x3e,
    0xff, 0x80, 0x0, 0x0, 0x0, 0x4f, 0xff, 0xa0,
    0x0, 0x0, 0x0, 0x5f, 0xff, 0x80, 0x0, 0x0,
    0x0, 0x7f, 0xff, 0x60, 0x0, 0x0, 0x0, 0x7f,
    0xfe, 0x30, 0x0, 0x0, 0x0, 0x4f, 0xfe, 0x30,
    0x0, 0x0, 0x0, 0x1e, 0xff, 0x30, 0x0, 0x0,
    0x0, 0x8, 0xff, 0xc6, 0x66, 0x66, 0x66, 0x61,
    0xdf, 0xff, 0xff, 0xff, 0xff, 0xff, 0x3d, 0xff,
    0xff, 0xff, 0xff, 0xff, 0xf3,

    /* U+0033 "3" */
    0x0, 0x1, 0x8d, 0xff, 0xea, 0x40, 0x0, 0x0,
    0x4f, 0xff, 0xff, 0xff, 0xf8, 0x0, 0x1, 0xef,
    0xfb, 0x65, 0xaf, 0xff, 0x40, 0x7, 0xff, 0xa0,
    0x0, 0x9, 0xff, 0x90, 0x7, 0xcd, 0x30, 0x0,
    0x4, 0xff, 0xb0, 0x0, 0x0, 0x0, 0x0, 0x5,
    0xff, 0x90, 0x0, 0x0, 0x0, 0x0, 0xc, 0xff,
    0x40, 0x0, 0x0, 0x5, 0x68, 0xdf, 0xf8, 0x0,
    0x0, 0x0, 0xf, 0xff, 0xfa, 0x30, 0x0, 0x0,
    0x0, 0xf, 0xff, 0xff, 0xd5, 0x0, 0x0, 0x0,
    0x0, 0x2, 0x6e, 0xff, 0x70, 0x0, 0x0, 0x0,
    0x0, 0x2, 0xff, 0xf0, 0x0, 0x1, 0x0, 0x0,
    0x0, 0xdf, 0xf3, 0xe, 0xff, 0x0, 0x0, 0x0,
    0xef, 0xf2, 0xc, 0xff, 0x70, 0x0, 0x4, 0xff,
    0xf0, 0x5, 0xff, 0xfa, 0x65, 0x9f, 0xff, 0x90,
    0x0, 0x8f, 0xff, 0xff, 0xff, 0xfb, 0x0, 0x0,
    0x3, 0xad, 0xff, 0xeb, 0x50, 0x0,

    /* U+0034 "4" */
    0x0, 0x0, 0x0, 0x6, 0xff, 0xf4, 0x0, 0x0,
    0x0, 0x0, 0x1f, 0xff, 0xf4, 0x0, 0x0, 0x0,
    0x0, 0xaf, 0xff, 0xf4, 0x0, 0x0, 0x0, 0x4,
    0xff, 0xcf, 0xf4, 0x0, 0x0, 0x0, 0xd, 0xf9,
    0x9f, 0xf4, 0x0, 0x0, 0x0, 0x8f, 0xe1, 0x9f,
    0xf4, 0x0, 0x0, 0x2, 0xff, 0x60, 0x9f, 0xf4,
    0x0, 0x0, 0xb, 0xfc, 0x0, 0x9f, 0xf4, 0x0,
    0x0, 0x5f, 0xf2, 0x0, 0x9f, 0xf4, 0x0, 0x1,
    0xef, 0x80, 0x0, 0x9f, 0xf4, 0x0, 0x9, 0xfe,
    0x0, 0x0, 0x9f, 0xf4, 0x0, 0x3f, 0xf5, 0x0,
    0x0, 0x9f, 0xf4, 0x0, 0x8f, 0xff, 0xff, 0xff,
    0xff, 0xff, 0xfd, 0x8f, 0xff, 0xff, 0xff, 0xff,
    0xff, 0xfd, 0x25, 0x55, 0x55, 0x55, 0xbf, 0xf7,
    0x54, 0x0, 0x0, 0x0, 0x0, 0x9f, 0xf4, 0x0,
    0x0, 0x0, 0x0, 0x0, 0x9f, 0xf4, 0x0, 0x0,
    0x0, 0x0, 0x0, 0x9f, 0xf4, 0x0,

    /* U+0035 "5" */
    0xc, 0xff, 0xff, 0xff, 0xff, 0xf5, 0x0, 0xdf,
    0xff, 0xff, 0xff, 0xff, 0x50, 0xe, 0xfd, 0x55,
    0x55, 0x55, 0x51, 0x0, 0xff, 0xb0, 0x0, 0x0,
    0x0, 0x0, 0xf, 0xfa, 0x0, 0x0, 0x0, 0x0,
    0x1, 0xff, 0x90, 0x0, 0x0, 0x0, 0x0, 0x2f,
    0xf9, 0x2, 0x44, 0x20, 0x0, 0x3, 0xff, 0xbd,
    0xff, 0xff, 0xc3, 0x0, 0x4f, 0xff, 0xff, 0xff,
    0xff, 0xf3, 0x4, 0xff, 0xe6, 0x20, 0x4d, 0xff,
    0xc0, 0x1, 0x10, 0x0, 0x0, 0x2f, 0xff, 0x10,
    0x0, 0x0, 0x0, 0x0, 0xcf, 0xf4, 0x0, 0x0,
    0x0, 0x0, 0xb, 0xff, 0x44, 0x68, 0x10, 0x0,
    0x0, 0xdf, 0xf2, 0xaf, 0xf7, 0x0, 0x0, 0x5f,
    0xfe, 0x3, 0xff, 0xfa, 0x55, 0x9f, 0xff, 0x60,
    0x7, 0xff, 0xff, 0xff, 0xff, 0x80, 0x0, 0x3,
    0xae, 0xff, 0xd9, 0x30, 0x0,

    /* U+0036 "6" */
    0x0, 0x2, 0x9d, 0xfe, 0xc6, 0x0, 0x0, 0x5,
    0xff, 0xff, 0xff, 0xfb, 0x0, 0x3, 0xff, 0xf8,
    0x46, 0xef, 0xf6, 0x0, 0xbf, 0xf5, 0x0, 0x3,
    0xff, 0xb0, 0x1f, 0xfc, 0x0, 0x0, 0x3, 0x0,
    0x6, 0xff, 0x70, 0x0, 0x0, 0x0, 0x0, 0x8f,
    0xf4, 0x0, 0x11, 0x0, 0x0, 0xa, 0xff, 0x26,
    0xef, 0xff, 0xa2, 0x0, 0xbf, 0xfa, 0xff, 0xff,
    0xff, 0xe2, 0xc, 0xff, 0xf9, 0x20, 0x3c, 0xff,
    0xc0, 0xbf, 0xfb, 0x0, 0x0, 0x1e, 0xff, 0x2a,
    0xff, 0x60, 0x0, 0x0, 0xaf, 0xf5, 0x7f, 0xf6,
    0x0, 0x0, 0x9, 0xff, 0x53, 0xff, 0xa0, 0x0,
    0x0, 0xbf, 0xf4, 0xe, 0xff, 0x20, 0x0, 0x2f,
    0xff, 0x0, 0x5f, 0xfe, 0x64, 0x7e, 0xff, 0x80,
    0x0, 0x8f, 0xff, 0xff, 0xff, 0xb0, 0x0, 0x0,
    0x4a, 0xef, 0xeb, 0x50, 0x0,

    /* U+0037 "7" */
    0xbf, 0xff, 0xff, 0xff, 0xff, 0xff, 0x2b, 0xff,
    0xff, 0xff, 0xff, 0xff, 0xf2, 0x46, 0x66, 0x66,
    0x66, 0x6d, 0xff, 0x10, 0x0, 0x0, 0x0, 0x4,
    0xff, 0x60, 0x0, 0x0, 0x0, 0x1, 0xef, 0xc0,
    0x0, 0x0, 0x0, 0x0, 0x9f, 0xf3, 0x0, 0x0,
    0x0, 0x0, 0x2f, 0xfa, 0x0, 0x0, 0x0, 0x0,
    0xb, 0xff, 0x20, 0x0, 0x0, 0x0, 0x3, 0xff,
    0xa0, 0x0, 0x0, 0x0, 0x0, 0xbf, 0xf3, 0x0,
    0x0, 0x0, 0x0, 0x2f, 0xfc, 0x0, 0x0, 0x0,
    0x0, 0x8, 0xff, 0x60, 0x0, 0x0, 0x0, 0x0,
    0xef, 0xf1, 0x0, 0x0, 0x0, 0x0, 0x2f, 0xfd,
    0x0, 0x0, 0x0, 0x0, 0x6, 0xff, 0x90, 0x0,
    0x0, 0x0, 0x0, 0x9f, 0xf7, 0x0, 0x0, 0x0,
    0x0, 0xb, 0xff, 0x50, 0x0, 0x0, 0x0, 0x0,
    0xbf, 0xf4, 0x0, 0x0, 0x0,

    /* U+0038 "8" */
    0x0, 0x18, 0xdf, 0xfe, 0xb4, 0x0, 0x0, 0x4f,
    0xff, 0xff, 0xff, 0xf9, 0x0, 0xe, 0xff, 0x92,
    0x15, 0xef, 0xf6, 0x5, 0xff, 0xc0, 0x0, 0x6,
    0xff, 0xb0, 0x7f, 0xf8, 0x0, 0x0, 0x2f, 0xfd,
    0x6, 0xff, 0x80, 0x0, 0x2, 0xff, 0xc0, 0x1f,
    0xfc, 0x0, 0x0, 0x6f, 0xf8, 0x0, 0x8f, 0xf9,
    0x21, 0x6f, 0xfd, 0x10, 0x0, 0x6e, 0xff, 0xff,
    0xfa, 0x10, 0x0, 0x19, 0xef, 0xff, 0xff, 0xc5,
    0x0, 0x1e, 0xff, 0x61, 0x3, 0xcf, 0xf6, 0x9,
    0xff, 0x60, 0x0, 0x1, 0xef, 0xf0, 0xdf, 0xf2,
    0x0, 0x0, 0xb, 0xff, 0x3d, 0xff, 0x20, 0x0,
    0x0, 0xcf, 0xf4, 0xbf, 0xf7, 0x0, 0x0, 0x1f,
    0xff, 0x24, 0xff, 0xf7, 0x21, 0x4c, 0xff, 0xb0,
    0x8, 0xff, 0xff, 0xff, 0xff, 0xd1, 0x0, 0x3,
    0x9d, 0xff, 0xeb, 0x60, 0x0,

    /* U+0039 "9" */
    0x0, 0x29, 0xdf, 0xfd, 0x81, 0x0, 0x0, 0x6f,
    0xff, 0xff, 0xff, 0xe2, 0x0, 0x3f, 0xff, 0xa5,
    0x5a, 0xff, 0xd0, 0xa, 0xff, 0x90, 0x0, 0xa,
    0xff, 0x50, 0xdf, 0xf2, 0x0, 0x0, 0x2f, 0xfb,
    0xe, 0xff, 0x0, 0x0, 0x0, 0xff, 0xe0, 0xef,
    0xf1, 0x0, 0x0, 0xf, 0xff, 0x1b, 0xff, 0x70,
    0x0, 0x4, 0xff, 0xf2, 0x5f, 0xff, 0x61, 0x16,
    0xef, 0xff, 0x30, 0xbf, 0xff, 0xff, 0xfe, 0xcf,
    0xf2, 0x0, 0x8e, 0xff, 0xfb, 0x2c, 0xff, 0x10,
    0x0, 0x2, 0x20, 0x0, 0xef, 0xf0, 0x0, 0x0,
    0x0, 0x0, 0x1f, 0xfd, 0x0, 0x24, 0x0, 0x0,
    0x6, 0xff, 0x80, 0x9f, 0xf7, 0x0, 0x0, 0xdf,
    0xf2, 0x2, 0xff, 0xf8, 0x46, 0xdf, 0xf9, 0x0,
    0x6, 0xff, 0xff, 0xff, 0xfb, 0x0, 0x0, 0x3,
    0xad, 0xfe, 0xb5, 0x0, 0x0,

    /* U+003A ":" */
    0x6f, 0xfa, 0x6f, 0xfa, 0x6f, 0xfa, 0x0, 0x0,
    0x0, 0x0, 0x0, 0x0, 0x0, 0x0, 0x0, 0x0,
    0x0, 0x0, 0x0, 0x0, 0x6f, 0xfa, 0x6f, 0xfa,
    0x6f, 0xfa,

    /* U+003B ";" */
    0x6f, 0xfa, 0x6f, 0xfa, 0x6f, 0xfa, 0x0, 0x0,
    0x0, 0x0, 0x0, 0x0, 0x0, 0x0, 0x0, 0x0,
    0x0, 0x0, 0x0, 0x0, 0x6f, 0xfa, 0x6f, 0xfa,
    0x6f, 0xfa, 0x1, 0xf9, 0x5, 0xf6, 0xc, 0xf1,
    0x28, 0x50,

    /* U+003C "<" */
    0x0, 0x0, 0x0, 0x0, 0x0, 0x0, 0x0, 0x0,
    0x0, 0x0, 0x0, 0x0, 0x4, 0xa8, 0x0, 0x0,
    0x0, 0x0, 0x17, 0xdf, 0xf9, 0x0, 0x0, 0x0,
    0x5b, 0xff, 0xff, 0xb3, 0x0, 0x2, 0x9e, 0xff,
    0xfe, 0x82, 0x0, 0x6, 0xcf, 0xff, 0xfb, 0x40,
    0x0, 0x0, 0x8f, 0xff, 0xd7, 0x10, 0x0, 0x0,
    0x0, 0x8f, 0xf5, 0x0, 0x0, 0x0, 0x0, 0x0,
    0x8f, 0xff, 0xa4, 0x0, 0x0, 0x0, 0x0, 0x2a,
    0xff, 0xff, 0xd7, 0x10, 0x0, 0x0, 0x0, 0x6,
    0xcf, 0xff, 0xfb, 0x40, 0x0, 0x0, 0x0, 0x2,
    0x8e, 0xff, 0xfe, 0x81, 0x0, 0x0, 0x0, 0x0,
    0x5b, 0xff, 0xf9, 0x0, 0x0, 0x0, 0x0, 0x0,
    0x17, 0xd9, 0x0, 0x0, 0x0, 0x0, 0x0, 0x0,
    0x1,

    /* U+003D "=" */
    0x8f, 0xff, 0xff, 0xff, 0xff, 0xff, 0xf9, 0x8f,
    0xff, 0xff, 0xff, 0xff, 0xff, 0xf9, 0x24, 0x44,
    0x44, 0x44, 0x44, 0x44, 0x42, 0x0, 0x0, 0x0,
    0x0, 0x0, 0x0, 0x0, 0x0, 0x0, 0x0, 0x0,
    0x0, 0x0, 0x0, 0x0, 0x0, 0x0, 0x0, 0x0,
    0x0, 0x0, 0x24, 0x44, 0x44, 0x44, 0x44, 0x44,
    0x42, 0x8f, 0xff, 0xff, 0xff, 0xff, 0xff, 0xf9,
    0x8f, 0xff, 0xff, 0xff, 0xff, 0xff, 0xf9,

    /* U+003E ">" */
    0x0, 0x0, 0x0, 0x0, 0x0, 0x0, 0x0, 0x7a,
    0x40, 0x0, 0x0, 0x0, 0x0, 0x0, 0x8f, 0xfd,
    0x71, 0x0, 0x0, 0x0, 0x0, 0x3b, 0xff, 0xff,
    0xb5, 0x0, 0x0, 0x0, 0x0, 0x18, 0xef, 0xff,
    0xe9, 0x30, 0x0, 0x0, 0x0, 0x4, 0xaf, 0xff,
    0xfc, 0x61, 0x0, 0x0, 0x0, 0x1, 0x7d, 0xff,
    0xf9, 0x0, 0x0, 0x0, 0x0, 0x0, 0x5e, 0xf9,
    0x0, 0x0, 0x0, 0x0, 0x3a, 0xff, 0xf9, 0x0,
    0x0, 0x1, 0x7d, 0xff, 0xff, 0xa3, 0x0, 0x4,
    0xaf, 0xff, 0xfc, 0x60, 0x0, 0x17, 0xef, 0xff,
    0xe8, 0x20, 0x0, 0x0, 0x8f, 0xff, 0xb5, 0x0,
    0x0, 0x0, 0x0, 0x8d, 0x71, 0x0, 0x0, 0x0,
    0x0, 0x0, 0x10, 0x0, 0x0, 0x0, 0x0, 0x0,
    0x0,

    /* U+003F "?" */
    0x0, 0x19, 0xdf, 0xfc, 0x70, 0x0, 0x3, 0xef,
    0xff, 0xff, 0xfc, 0x0, 0xd, 0xff, 0xa5, 0x7e,
    0xff, 0x80, 0x5f, 0xfa, 0x0, 0x2, 0xff, 0xd0,
    0x9f, 0xf3, 0x0, 0x0, 0xdf, 0xf0, 0x34, 0x40,
    0x0, 0x0, 0xef, 0xf0, 0x0, 0x0, 0x0, 0x4,
    0xff, 0xb0, 0x0, 0x0, 0x0, 0x2e, 0xff, 0x40,
    0x0, 0x0, 0x2, 0xef, 0xf8, 0x0, 0x0, 0x0,
    0x1e, 0xff, 0x80, 0x0, 0x0, 0x0, 0x9f, 0xf7,
    0x0, 0x0, 0x0, 0x0, 0xff, 0xc0, 0x0, 0x0,
    0x0, 0x1, 0xdd, 0x60, 0x0, 0x0, 0x0, 0x0,
    0x0, 0x0, 0x0, 0x0, 0x0, 0x0, 0x0, 0x0,
    0x0, 0x0, 0x0, 0x5, 0xee, 0xa0, 0x0, 0x0,
    0x0, 0x5, 0xff, 0xb0, 0x0, 0x0, 0x0, 0x5,
    0xff, 0xb0, 0x0, 0x0,

    /* U+0040 "@" */
    0x0, 0x0, 0x0, 0x0, 0x5a, 0xde, 0xff, 0xdb,
    0x61, 0x0, 0x0, 0x0, 0x0, 0x0, 0x8, 0xff,
    0xfe, 0xcc, 0xde, 0xff, 0xf8, 0x0, 0x0, 0x0,
    0x0, 0x3d, 0xfe, 0x72, 0x0, 0x0, 0x2, 0x8f,
    0xfc, 0x10, 0x0, 0x0, 0x4f, 0xf8, 0x0, 0x0,
    0x0, 0x0, 0x0, 0x2c, 0xfc, 0x0, 0x0, 0x2f,
    0xf5, 0x0, 0x0, 0x0, 0x0, 0x0, 0x0, 0x1e,
    0xf6, 0x0, 0xc, 0xf7, 0x0, 0x0, 0x7d, 0xfe,
    0x90, 0x6f, 0xd0, 0x4f, 0xe0, 0x6, 0xfc, 0x0,
    0x2, 0xdf, 0xea, 0xcf, 0xca, 0xf9, 0x0, 0xdf,
    0x30, 0xdf, 0x40, 0x1, 0xef, 0xa0, 0x0, 0x4f,
    0xff, 0x60, 0x9, 0xf7, 0x2f, 0xe0, 0x0, 0x9f,
    0xd0, 0x0, 0x0, 0xaf, 0xf2, 0x0, 0x7f, 0x87,
    0xfa, 0x0, 0x1f, 0xf5, 0x0, 0x0, 0x8, 0xff,
    0x0, 0x6, 0xf9, 0x9f, 0x70, 0x6, 0xff, 0x0,
    0x0, 0x0, 0xaf, 0xb0, 0x0, 0x7f, 0x7b, 0xf5,
    0x0, 0x9f, 0xc0, 0x0, 0x0, 0xd, 0xf8, 0x0,
    0x9, 0xf6, 0xbf, 0x50, 0xb, 0xfa, 0x0, 0x0,
    0x2, 0xff, 0x40, 0x0, 0xdf, 0x2a, 0xf7, 0x0,
    0xaf, 0xb0, 0x0, 0x0, 0x9f, 0xf1, 0x0, 0x3f,
    0xd0, 0x8f, 0x90, 0x7, 0xfe, 0x0, 0x0, 0x4f,
    0xef, 0x0, 0xc, 0xf5, 0x4, 0xfe, 0x0, 0x1f,
    0xfa, 0x11, 0x7f, 0x7d, 0xf2, 0x2b, 0xfa, 0x0,
    0xe, 0xf5, 0x0, 0x5f, 0xff, 0xff, 0x80, 0x8f,
    0xff, 0xfa, 0x0, 0x0, 0x6f, 0xe1, 0x0, 0x27,
    0x97, 0x20, 0x0, 0x59, 0x83, 0x0, 0x0, 0x0,
    0xbf, 0xd3, 0x0, 0x0, 0x0, 0x0, 0x0, 0x3,
    0x0, 0x0, 0x0, 0x0, 0xbf, 0xf9, 0x30, 0x0,
    0x0, 0x14, 0x8d, 0xf7, 0x0, 0x0, 0x0, 0x0,
    0x7f, 0xff, 0xfe, 0xcd, 0xef, 0xff, 0xd7, 0x0,
    0x0, 0x0, 0x0, 0x0, 0x6, 0xad, 0xff, 0xed,
    0xb7, 0x30, 0x0, 0x0, 0x0,

    /* U+0041 "A" */
    0x0, 0x0, 0x0, 0x4f, 0xff, 0xb0, 0x0, 0x0,
    0x0, 0x0, 0x0, 0x0, 0xaf, 0xff, 0xf1, 0x0,
    0x0, 0x0, 0x0, 0x0, 0x0, 0xff, 0xff, 0xf7,
    0x0, 0x0, 0x0, 0x0, 0x0, 0x6, 0xff, 0x9f,
    0xfd, 0x0, 0x0, 0x0, 0x0, 0x0, 0xc, 0xff,
    0x3c, 0xff, 0x30, 0x0, 0x0, 0x0, 0x0, 0x2f,
    0xfd, 0x6, 0xff, 0x90, 0x0, 0x0, 0x0, 0x0,
    0x8f, 0xf7, 0x1, 0xff, 0xe0, 0x0, 0x0, 0x0,
    0x0, 0xdf, 0xf1, 0x0, 0xaf, 0xf4, 0x0, 0x0,
    0x0, 0x3, 0xff, 0xb0, 0x0, 0x4f, 0xfa, 0x0,
    0x0, 0x0, 0x9, 0xff, 0x50, 0x0, 0xe, 0xff,
    0x10, 0x0, 0x0, 0xf, 0xff, 0x0, 0x0, 0x8,
    0xff, 0x60, 0x0, 0x0, 0x5f, 0xff, 0xff, 0xff,
    0xff, 0xff, 0xc0, 0x0, 0x0, 0xbf, 0xff, 0xff,
    0xff, 0xff, 0xff, 0xf2, 0x0, 0x1, 0xff, 0xf5,
    0x55, 0x55, 0x55, 0xbf, 0xf8, 0x0, 0x7, 0xff,
    0xa0, 0x0, 0x0, 0x0, 0x3f, 0xfe, 0x0, 0xd,
    0xff, 0x40, 0x0, 0x0, 0x0, 0xd, 0xff, 0x40,
    0x3f, 0xfe, 0x0, 0x0, 0x0, 0x0, 0x7, 0xff,
    0xa0, 0x9f, 0xf8, 0x0, 0x0, 0x0, 0x0, 0x1,
    0xff, 0xf0,

    /* U+0042 "B" */
    0xcf, 0xff, 0xff, 0xec, 0x93, 0x0, 0xc, 0xff,
    0xff, 0xff, 0xff, 0xf7, 0x0, 0xcf, 0xf6, 0x23,
    0x5b, 0xff, 0xf3, 0xc, 0xff, 0x50, 0x0, 0xc,
    0xff, 0x90, 0xcf, 0xf5, 0x0, 0x0, 0x7f, 0xfb,
    0xc, 0xff, 0x50, 0x0, 0x7, 0xff, 0x90, 0xcf,
    0xf5, 0x0, 0x0, 0xcf, 0xf4, 0xc, 0xff, 0x61,
    0x24, 0xbf, 0xf9, 0x0, 0xcf, 0xff, 0xff, 0xff,
    0xd6, 0x0, 0xc, 0xff, 0xff, 0xff, 0xff, 0xd7,
    0x0, 0xcf, 0xf5, 0x0, 0x14, 0xbf, 0xfc, 0xc,
    0xff, 0x50, 0x0, 0x0, 0xbf, 0xf7, 0xcf, 0xf5,
    0x0, 0x0, 0x6, 0xff, 0xbc, 0xff, 0x50, 0x0,
    0x0, 0x7f, 0xfb, 0xcf, 0xf5, 0x0, 0x0, 0xd,
    0xff, 0x8c, 0xff, 0x73, 0x33, 0x6d, 0xff, 0xf2,
    0xcf, 0xff, 0xff, 0xff, 0xff, 0xe4, 0xc, 0xff,
    0xff, 0xff, 0xeb, 0x71, 0x0,

    /* U+0043 "C" */
    0x0, 0x0, 0x4a, 0xef, 0xfd, 0x93, 0x0, 0x0,
    0x0, 0xbf, 0xff, 0xff, 0xff, 0xf8, 0x0, 0x0,
    0xcf, 0xff, 0xa7, 0x7c, 0xff, 0xf6, 0x0, 0x7f,
    0xff, 0x30, 0x0, 0x6, 0xff, 0xf1, 0xe, 0xff,
    0x60, 0x0, 0x0, 0xa, 0xfc, 0x34, 0xff, 0xe0,
    0x0, 0x0, 0x0, 0x22, 0x0, 0x7f, 0xfa, 0x0,
    0x0, 0x0, 0x0, 0x0, 0x9, 0xff, 0x80, 0x0,
    0x0, 0x0, 0x0, 0x0, 0xaf, 0xf7, 0x0, 0x0,
    0x0, 0x0, 0x0, 0xa, 0xff, 0x70, 0x0, 0x0,
    0x0, 0x0, 0x0, 0x9f, 0xf8, 0x0, 0x0, 0x0,
    0x0, 0x0, 0x7, 0xff, 0xb0, 0x0, 0x0, 0x0,
    0x0, 0x0, 0x3f, 0xff, 0x0, 0x0, 0x0, 0x3,
    0x60, 0x0, 0xdf, 0xf7, 0x0, 0x0, 0x0, 0xbf,
    0xf4, 0x6, 0xff, 0xf4, 0x0, 0x0, 0x7f, 0xfe,
    0x10, 0xb, 0xff, 0xfa, 0x67, 0xcf, 0xff, 0x50,
    0x0, 0xa, 0xff, 0xff, 0xff, 0xff, 0x60, 0x0,
    0x0, 0x4, 0xad, 0xff, 0xd9, 0x20, 0x0,

    /* U+0044 "D" */
    0xcf, 0xff, 0xff, 0xfe, 0xc9, 0x40, 0x0, 0x0,
    0xcf, 0xff, 0xff, 0xff, 0xff, 0xfc, 0x20, 0x0,
    0xcf, 0xf9, 0x66, 0x68, 0xbf, 0xff, 0xf3, 0x0,
    0xcf, 0xf5, 0x0, 0x0, 0x2, 0xcf, 0xfe, 0x10,
    0xcf, 0xf5, 0x0, 0x0, 0x0, 0xd, 0xff, 0x80,
    0xcf, 0xf5, 0x0, 0x0, 0x0, 0x5, 0xff, 0xd0,
    0xcf, 0xf5, 0x0, 0x0, 0x0, 0x0, 0xff, 0xf1,
    0xcf, 0xf5, 0x0, 0x0, 0x0, 0x0, 0xdf, 0xf3,
    0xcf, 0xf5, 0x0, 0x0, 0x0, 0x0, 0xcf, 0xf5,
    0xcf, 0xf5, 0x0, 0x0, 0x0, 0x0, 0xcf, 0xf4,
    0xcf, 0xf5, 0x0, 0x0, 0x0, 0x0, 0xef, 0xf3,
    0xcf, 0xf5, 0x0, 0x0, 0x0, 0x1, 0xff, 0xf1,
    0xcf, 0xf5, 0x0, 0x0, 0x0, 0x7, 0xff, 0xc0,
    0xcf, 0xf5, 0x0, 0x0, 0x0, 0x1e, 0xff, 0x60,
    0xcf, 0xf5, 0x0, 0x0, 0x2, 0xdf, 0xfc, 0x0,
    0xcf, 0xf9, 0x66, 0x67, 0xbf, 0xff, 0xe2, 0x0,
    0xcf, 0xff, 0xff, 0xff, 0xff, 0xfc, 0x10, 0x0,
    0xcf, 0xff, 0xff, 0xff, 0xda, 0x40, 0x0, 0x0,

    /* U+0045 "E" */
    0xcf, 0xff, 0xff, 0xff, 0xff, 0xc, 0xff, 0xff,
    0xff, 0xff, 0xf0, 0xcf, 0xf9, 0x66, 0x66, 0x66,
    0xc, 0xff, 0x50, 0x0, 0x0, 0x0, 0xcf, 0xf5,
    0x0, 0x0, 0x0, 0xc, 0xff, 0x50, 0x0, 0x0,
    0x0, 0xcf, 0xf5, 0x0, 0x0, 0x0, 0xc, 0xff,
    0x50, 0x0, 0x0, 0x0, 0xcf, 0xff, 0xff, 0xff,
    0xf3, 0xc, 0xff, 0xff, 0xff, 0xff, 0x30, 0xcf,
    0xf8, 0x55, 0x55, 0x51, 0xc, 0xff, 0x50, 0x0,
    0x0, 0x0, 0xcf, 0xf5, 0x0, 0x0, 0x0, 0xc,
    0xff, 0x50, 0x0, 0x0, 0x0, 0xcf, 0xf5, 0x0,
    0x0, 0x0, 0xc, 0xff, 0x96, 0x66, 0x66, 0x63,
    0xcf, 0xff, 0xff, 0xff, 0xff, 0x8c, 0xff, 0xff,
    0xff, 0xff, 0xf8,

    /* U+0046 "F" */
    0xcf, 0xff, 0xff, 0xff, 0xff, 0x3c, 0xff, 0xff,
    0xff, 0xff, 0xf3, 0xcf, 0xf9, 0x66, 0x66, 0x66,
    0x1c, 0xff, 0x50, 0x0, 0x0, 0x0, 0xcf, 0xf5,
    0x0, 0x0, 0x0, 0xc, 0xff, 0x50, 0x0, 0x0,
    0x0, 0xcf, 0xf5, 0x0, 0x0, 0x0, 0xc, 0xff,
    0x50, 0x0, 0x0, 0x0, 0xcf, 0xff, 0xff, 0xff,
    0xfe, 0xc, 0xff, 0xff, 0xff, 0xff, 0xe0, 0xcf,
    0xf8, 0x55, 0x55, 0x54, 0xc, 0xff, 0x50, 0x0,
    0x0, 0x0, 0xcf, 0xf5, 0x0, 0x0, 0x0, 0xc,
    0xff, 0x50, 0x0, 0x0, 0x0, 0xcf, 0xf5, 0x0,
    0x0, 0x0, 0xc, 0xff, 0x50, 0x0, 0x0, 0x0,
    0xcf, 0xf5, 0x0, 0x0, 0x0, 0xc, 0xff, 0x50,
    0x0, 0x0, 0x0,

    /* U+0047 "G" */
    0x0, 0x0, 0x39, 0xde, 0xfe, 0xc8, 0x10, 0x0,
    0x0, 0x9, 0xff, 0xff, 0xff, 0xff, 0xf6, 0x0,
    0x0, 0xbf, 0xff, 0xb7, 0x78, 0xdf, 0xff, 0x50,
    0x6, 0xff, 0xf5, 0x0, 0x0, 0x9, 0xff, 0xe0,
    0xe, 0xff, 0x70, 0x0, 0x0, 0x0, 0xcb, 0x71,
    0x3f, 0xff, 0x0, 0x0, 0x0, 0x0, 0x0, 0x0,
    0x7f, 0xfa, 0x0, 0x0, 0x0, 0x0, 0x0, 0x0,
    0x9f, 0xf8, 0x0, 0x0, 0x0, 0x0, 0x0, 0x0,
    0xaf, 0xf7, 0x0, 0x0, 0x23, 0x33, 0x33, 0x31,
    0xaf, 0xf7, 0x0, 0x0, 0x9f, 0xff, 0xff, 0xf8,
    0x9f, 0xf8, 0x0, 0x0, 0x9f, 0xff, 0xff, 0xf8,
    0x6f, 0xfb, 0x0, 0x0, 0x0, 0x0, 0x6f, 0xf8,
    0x3f, 0xff, 0x10, 0x0, 0x0, 0x0, 0x6f, 0xf8,
    0xd, 0xff, 0x90, 0x0, 0x0, 0x0, 0x6f, 0xf8,
    0x5, 0xff, 0xf6, 0x0, 0x0, 0x2, 0xcf, 0xf8,
    0x0, 0x9f, 0xff, 0xc8, 0x67, 0xbf, 0xff, 0xe3,
    0x0, 0x8, 0xff, 0xff, 0xff, 0xff, 0xfa, 0x10,
    0x0, 0x0, 0x28, 0xce, 0xfe, 0xc8, 0x30, 0x0,

    /* U+0048 "H" */
    0xcf, 0xf5, 0x0, 0x0, 0x0, 0x1, 0xff, 0xec,
    0xff, 0x50, 0x0, 0x0, 0x0, 0x1f, 0xfe, 0xcf,
    0xf5, 0x0, 0x0, 0x0, 0x1, 0xff, 0xec, 0xff,
    0x50, 0x0, 0x0, 0x0, 0x1f, 0xfe, 0xcf, 0xf5,
    0x0, 0x0, 0x0, 0x1, 0xff, 0xec, 0xff, 0x50,
    0x0, 0x0, 0x0, 0x1f, 0xfe, 0xcf, 0xf5, 0x0,
    0x0, 0x0, 0x1, 0xff, 0xec, 0xff, 0xa8, 0x88,
    0x88, 0x88, 0x8f, 0xfe, 0xcf, 0xff, 0xff, 0xff,
    0xff, 0xff, 0xff, 0xec, 0xff, 0xff, 0xff, 0xff,
    0xff, 0xff, 0xfe, 0xcf, 0xf5, 0x0, 0x0, 0x0,
    0x1, 0xff, 0xec, 0xff, 0x50, 0x0, 0x0, 0x0,
    0x1f, 0xfe, 0xcf, 0xf5, 0x0, 0x0, 0x0, 0x1,
    0xff, 0xec, 0xff, 0x50, 0x0, 0x0, 0x0, 0x1f,
    0xfe, 0xcf, 0xf5, 0x0, 0x0, 0x0, 0x1, 0xff,
    0xec, 0xff, 0x50, 0x0, 0x0, 0x0, 0x1f, 0xfe,
    0xcf, 0xf5, 0x0, 0x0, 0x0, 0x1, 0xff, 0xec,
    0xff, 0x50, 0x0, 0x0, 0x0, 0x1f, 0xfe,

    /* U+0049 "I" */
    0xcf, 0xf5, 0xcf, 0xf5, 0xcf, 0xf5, 0xcf, 0xf5,
    0xcf, 0xf5, 0xcf, 0xf5, 0xcf, 0xf5, 0xcf, 0xf5,
    0xcf, 0xf5, 0xcf, 0xf5, 0xcf, 0xf5, 0xcf, 0xf5,
    0xcf, 0xf5, 0xcf, 0xf5, 0xcf, 0xf5, 0xcf, 0xf5,
    0xcf, 0xf5, 0xcf, 0xf5,

    /* U+004A "J" */
    0x0, 0xaf, 0xff, 0xff, 0x70, 0xa, 0xff, 0xff,
    0xf7, 0x0, 0x46, 0x6c, 0xff, 0x70, 0x0, 0x0,
    0xaf, 0xf7, 0x0, 0x0, 0xa, 0xff, 0x70, 0x0,
    0x0, 0xaf, 0xf7, 0x0, 0x0, 0xa, 0xff, 0x70,
    0x0, 0x0, 0xaf, 0xf7, 0x0, 0x0, 0xa, 0xff,
    0x70, 0x0, 0x0, 0xaf, 0xf7, 0x0, 0x0, 0xa,
    0xff, 0x70, 0x0, 0x0, 0xaf, 0xf7, 0x0, 0x0,
    0xa, 0xff, 0x60, 0x0, 0x0, 0xcf, 0xf5, 0x0,
    0x0, 0x3f, 0xff, 0x17, 0x86, 0x9f, 0xff, 0xa0,
    0x9f, 0xff, 0xff, 0xd1, 0x7, 0xef, 0xfd, 0x80,
    0x0,

    /* U+004B "K" */
    0xcf, 0xf5, 0x0, 0x0, 0xa, 0xff, 0xe1, 0xcf,
    0xf5, 0x0, 0x0, 0x6f, 0xff, 0x30, 0xcf, 0xf5,
    0x0, 0x3, 0xff, 0xf6, 0x0, 0xcf, 0xf5, 0x0,
    0x1e, 0xff, 0xa0, 0x0, 0xcf, 0xf5, 0x0, 0xbf,
    0xfc, 0x0, 0x0, 0xcf, 0xf5, 0x8, 0xff, 0xe2,
    0x0, 0x0, 0xcf, 0xf5, 0x4f, 0xff, 0x40, 0x0,
    0x0, 0xcf, 0xf7, 0xef, 0xf8, 0x0, 0x0, 0x0,
    0xcf, 0xff, 0xff, 0xfc, 0x0, 0x0, 0x0, 0xcf,
    0xff, 0xff, 0xff, 0x60, 0x0, 0x0, 0xcf, 0xff,
    0x48, 0xff, 0xf2, 0x0, 0x0, 0xcf, 0xf6, 0x0,
    0xdf, 0xfb, 0x0, 0x0, 0xcf, 0xf5, 0x0, 0x4f,
    0xff, 0x60, 0x0, 0xcf, 0xf5, 0x0, 0x9, 0xff,
    0xe1, 0x0, 0xcf, 0xf5, 0x0, 0x1, 0xef, 0xfb,
    0x0, 0xcf, 0xf5, 0x0, 0x0, 0x5f, 0xff, 0x50,
    0xcf, 0xf5, 0x0, 0x0, 0xb, 0xff, 0xe1, 0xcf,
    0xf5, 0x0, 0x0, 0x1, 0xff, 0xfa,

    /* U+004C "L" */
    0xcf, 0xf5, 0x0, 0x0, 0x0, 0xc, 0xff, 0x50,
    0x0, 0x0, 0x0, 0xcf, 0xf5, 0x0, 0x0, 0x0,
    0xc, 0xff, 0x50, 0x0, 0x0, 0x0, 0xcf, 0xf5,
    0x0, 0x0, 0x0, 0xc, 0xff, 0x50, 0x0, 0x0,
    0x0, 0xcf, 0xf5, 0x0, 0x0, 0x0, 0xc, 0xff,
    0x50, 0x0, 0x0, 0x0, 0xcf, 0xf5, 0x0, 0x0,
    0x0, 0xc, 0xff, 0x50, 0x0, 0x0, 0x0, 0xcf,
    0xf5, 0x0, 0x0, 0x0, 0xc, 0xff, 0x50, 0x0,
    0x0, 0x0, 0xcf, 0xf5, 0x0, 0x0, 0x0, 0xc,
    0xff, 0x50, 0x0, 0x0, 0x0, 0xcf, 0xf5, 0x0,
    0x0, 0x0, 0xc, 0xff, 0x96, 0x66, 0x66, 0x61,
    0xcf, 0xff, 0xff, 0xff, 0xff, 0x3c, 0xff, 0xff,
    0xff, 0xff, 0xf3,

    /* U+004D "M" */
    0xcf, 0xff, 0x90, 0x0, 0x0, 0x0, 0x0, 0x8,
    0xff, 0xfd, 0xcf, 0xff, 0xf1, 0x0, 0x0, 0x0,
    0x0, 0xe, 0xff, 0xfd, 0xcf, 0xff, 0xf6, 0x0,
    0x0, 0x0, 0x0, 0x5f, 0xff, 0xfd, 0xcf, 0xfd,
    0xfd, 0x0, 0x0, 0x0, 0x0, 0xbf, 0xdf, 0xfd,
    0xcf, 0xf7, 0xff, 0x30, 0x0, 0x0, 0x2, 0xff,
    0x7f, 0xfd, 0xcf, 0xf1, 0xff, 0xa0, 0x0, 0x0,
    0x8, 0xff, 0x1f, 0xfd, 0xcf, 0xf0, 0xbf, 0xf1,
    0x0, 0x0, 0xe, 0xfb, 0xf, 0xfd, 0xcf, 0xf0,
    0x4f, 0xf7, 0x0, 0x0, 0x4f, 0xf5, 0xf, 0xfd,
    0xcf, 0xf0, 0xe, 0xfd, 0x0, 0x0, 0xbf, 0xe0,
    0xf, 0xfd, 0xcf, 0xf0, 0x8, 0xff, 0x40, 0x1,
    0xff, 0x80, 0xf, 0xfd, 0xcf, 0xf0, 0x1, 0xff,
    0xa0, 0x7, 0xff, 0x20, 0xf, 0xfd, 0xcf, 0xf0,
    0x0, 0xbf, 0xf1, 0xd, 0xfc, 0x0, 0xf, 0xfd,
    0xcf, 0xf0, 0x0, 0x4f, 0xf6, 0x4f, 0xf6, 0x0,
    0xf, 0xfd, 0xcf, 0xf0, 0x0, 0xe, 0xfb, 0xaf,
    0xf0, 0x0, 0xf, 0xfd, 0xcf, 0xf0, 0x0, 0x8,
    0xff, 0xff, 0x90, 0x0, 0xf, 0xfd, 0xcf, 0xf0,
    0x0, 0x1, 0xff, 0xff, 0x30, 0x0, 0xf, 0xfd,
    0xcf, 0xf0, 0x0, 0x0, 0xbf, 0xfd, 0x0, 0x0,
    0xf, 0xfd, 0xcf, 0xf0, 0x0, 0x0, 0x4f, 0xf6,
    0x0, 0x0, 0xf, 0xfd,

    /* U+004E "N" */
    0xcf, 0xff, 0x30, 0x0, 0x0, 0x0, 0x1f, 0xfb,
    0xcf, 0xff, 0xd0, 0x0, 0x0, 0x0, 0x1f, 0xfb,
    0xcf, 0xff, 0xf7, 0x0, 0x0, 0x0, 0x1f, 0xfb,
    0xcf, 0xff, 0xff, 0x20, 0x0, 0x0, 0x1f, 0xfb,
    0xcf, 0xf6, 0xff, 0xb0, 0x0, 0x0, 0x1f, 0xfb,
    0xcf, 0xf0, 0xcf, 0xf5, 0x0, 0x0, 0x1f, 0xfb,
    0xcf, 0xf0, 0x3f, 0xfe, 0x0, 0x0, 0x1f, 0xfb,
    0xcf, 0xf0, 0x9, 0xff, 0x90, 0x0, 0x1f, 0xfb,
    0xcf, 0xf0, 0x0, 0xef, 0xf3, 0x0, 0x1f, 0xfb,
    0xcf, 0xf0, 0x0, 0x5f, 0xfc, 0x0, 0x1f, 0xfb,
    0xcf, 0xf0, 0x0, 0xb, 0xff, 0x70, 0x1f, 0xfb,
    0xcf, 0xf0, 0x0, 0x1, 0xff, 0xf1, 0x1f, 0xfb,
    0xcf, 0xf0, 0x0, 0x0, 0x7f, 0xfb, 0x1f, 0xfb,
    0xcf, 0xf0, 0x0, 0x0, 0xd, 0xff, 0x5f, 0xfb,
    0xcf, 0xf0, 0x0, 0x0, 0x3, 0xff, 0xef, 0xfb,
    0xcf, 0xf0, 0x0, 0x0, 0x0, 0x9f, 0xff, 0xfb,
    0xcf, 0xf0, 0x0, 0x0, 0x0, 0x1e, 0xff, 0xfb,
    0xcf, 0xf0, 0x0, 0x0, 0x0, 0x5, 0xff, 0xfb,

    /* U+004F "O" */
    0x0, 0x0, 0x17, 0xbe, 0xff, 0xda, 0x50, 0x0,
    0x0, 0x0, 0x7, 0xff, 0xff, 0xff, 0xff, 0xfd,
    0x30, 0x0, 0x0, 0x9f, 0xff, 0xd8, 0x67, 0xaf,
    0xff, 0xf4, 0x0, 0x6, 0xff, 0xf6, 0x0, 0x0,
    0x1, 0xbf, 0xfe, 0x10, 0xe, 0xff, 0x70, 0x0,
    0x0, 0x0, 0xd, 0xff, 0x80, 0x4f, 0xfe, 0x0,
    0x0, 0x0, 0x0, 0x5, 0xff, 0xe0, 0x8f, 0xfa,
    0x0, 0x0, 0x0, 0x0, 0x0, 0xff, 0xf2, 0xaf,
    0xf7, 0x0, 0x0, 0x0, 0x0, 0x0, 0xdf, 0xf5,
    0xbf, 0xf6, 0x0, 0x0, 0x0, 0x0, 0x0, 0xcf,
    0xf6, 0xbf, 0xf6, 0x0, 0x0, 0x0, 0x0, 0x0,
    0xcf, 0xf6, 0xaf, 0xf7, 0x0, 0x0, 0x0, 0x0,
    0x0, 0xdf, 0xf5, 0x8f, 0xfa, 0x0, 0x0, 0x0,
    0x0, 0x0, 0xff, 0xf2, 0x4f, 0xff, 0x0, 0x0,
    0x0, 0x0, 0x5, 0xff, 0xe0, 0xd, 0xff, 0x80,
    0x0, 0x0, 0x0, 0xd, 0xff, 0x70, 0x5, 0xff,
    0xf7, 0x0, 0x0, 0x1, 0xbf, 0xfd, 0x0, 0x0,
    0x9f, 0xff, 0xd8, 0x67, 0x9e, 0xff, 0xf3, 0x0,
    0x0, 0x7, 0xff, 0xff, 0xff, 0xff, 0xfd, 0x20,
    0x0, 0x0, 0x0, 0x17, 0xce, 0xff, 0xda, 0x50,
    0x0, 0x0,

    /* U+0050 "P" */
    0xcf, 0xff, 0xff, 0xfd, 0xa4, 0x0, 0xc, 0xff,
    0xff, 0xff, 0xff, 0xfa, 0x0, 0xcf, 0xf6, 0x23,
    0x49, 0xff, 0xf8, 0xc, 0xff, 0x50, 0x0, 0x6,
    0xff, 0xf0, 0xcf, 0xf5, 0x0, 0x0, 0xe, 0xff,
    0x4c, 0xff, 0x50, 0x0, 0x0, 0xcf, 0xf5, 0xcf,
    0xf5, 0x0, 0x0, 0xe, 0xff, 0x3c, 0xff, 0x50,
    0x0, 0x4, 0xff, 0xf0, 0xcf, 0xf5, 0x0, 0x26,
    0xff, 0xf8, 0xc, 0xff, 0xff, 0xff, 0xff, 0xfa,
    0x0, 0xcf, 0xff, 0xff, 0xff, 0xc5, 0x0, 0xc,
    0xff, 0x62, 0x21, 0x0, 0x0, 0x0, 0xcf, 0xf5,
    0x0, 0x0, 0x0, 0x0, 0xc, 0xff, 0x50, 0x0,
    0x0, 0x0, 0x0, 0xcf, 0xf5, 0x0, 0x0, 0x0,
    0x0, 0xc, 0xff, 0x50, 0x0, 0x0, 0x0, 0x0,
    0xcf, 0xf5, 0x0, 0x0, 0x0, 0x0, 0xc, 0xff,
    0x50, 0x0, 0x0, 0x0, 0x0,

    /* U+0051 "Q" */
    0x0, 0x0, 0x17, 0xbe, 0xff, 0xda, 0x50, 0x0,
    0x0, 0x0, 0x7, 0xff, 0xff, 0xff, 0xff, 0xfd,
    0x30, 0x0, 0x0, 0x9f, 0xff, 0xd8, 0x77, 0xaf,
    0xff, 0xf4, 0x0, 0x5, 0xff, 0xf7, 0x0, 0x0,
    0x1, 0xbf, 0xfe, 0x10, 0xd, 0xff, 0x80, 0x0,
    0x0, 0x0, 0xd, 0xff, 0x80, 0x4f, 0xff, 0x0,
    0x0, 0x0, 0x0, 0x5, 0xff, 0xe0, 0x8f, 0xfa,
    0x0, 0x0, 0x0, 0x0, 0x0, 0xff, 0xf2, 0xaf,
    0xf7, 0x0, 0x0, 0x0, 0x0, 0x0, 0xdf, 0xf5,
    0xbf, 0xf6, 0x0, 0x0, 0x0, 0x0, 0x0, 0xcf,
    0xf6, 0xbf, 0xf6, 0x0, 0x0, 0x0, 0x0, 0x0,
    0xcf, 0xf6, 0xaf, 0xf7, 0x0, 0x0, 0x0, 0x0,
    0x0, 0xdf, 0xf5, 0x8f, 0xfa, 0x0, 0x0, 0x0,
    0x0, 0x0, 0xff, 0xf2, 0x4f, 0xfe, 0x0, 0x0,
    0x0, 0x0, 0x4, 0xff, 0xe0, 0xe, 0xff, 0x60,
    0x0, 0x0, 0x0, 0xb, 0xff, 0x90, 0x7, 0xff,
    0xf4, 0x0, 0x0, 0x0, 0x8f, 0xff, 0x10, 0x0,
    0xcf, 0xff, 0xa4, 0x23, 0x6c, 0xff, 0xf5, 0x0,
    0x0, 0xb, 0xff, 0xff, 0xff, 0xff, 0xff, 0x60,
    0x0, 0x0, 0x0, 0x5b, 0xff, 0xff, 0xfe, 0x92,
    0x0, 0x0, 0x0, 0x0, 0x0, 0x3, 0xff, 0xf0,
    0x0, 0x0, 0x0, 0x0, 0x0, 0x0, 0x0, 0xcf,
    0xf8, 0x0, 0x0, 0x0, 0x0, 0x0, 0x0, 0x0,
    0x4f, 0xff, 0x94, 0x43, 0x0, 0x0, 0x0, 0x0,
    0x0, 0x8, 0xff, 0xff, 0xf9, 0x0, 0x0, 0x0,
    0x0, 0x0, 0x0, 0x5c, 0xff, 0xd6, 0x0,

    /* U+0052 "R" */
    0xcf, 0xff, 0xff, 0xff, 0xc8, 0x20, 0x0, 0xcf,
    0xff, 0xff, 0xff, 0xff, 0xf5, 0x0, 0xcf, 0xf6,
    0x22, 0x35, 0xcf, 0xff, 0x30, 0xcf, 0xf5, 0x0,
    0x0, 0xb, 0xff, 0xa0, 0xcf, 0xf5, 0x0, 0x0,
    0x4, 0xff, 0xe0, 0xcf, 0xf5, 0x0, 0x0, 0x2,
    0xff, 0xf0, 0xcf, 0xf5, 0x0, 0x0, 0x4, 0xff,
    0xe0, 0xcf, 0xf5, 0x0, 0x0, 0xb, 0xff, 0x90,
    0xcf, 0xf6, 0x22, 0x25, 0xcf, 0xff, 0x20, 0xcf,
    0xff, 0xff, 0xff, 0xff, 0xe3, 0x0, 0xcf, 0xff,
    0xff, 0xff, 0xf6, 0x0, 0x0, 0xcf, 0xf5, 0x0,
    0xcf, 0xf6, 0x0, 0x0, 0xcf, 0xf5, 0x0, 0x2f,
    0xff, 0x20, 0x0, 0xcf, 0xf5, 0x0, 0x8, 0xff,
    0xc0, 0x0, 0xcf, 0xf5, 0x0, 0x0, 0xdf, 0xf7,
    0x0, 0xcf, 0xf5, 0x0, 0x0, 0x4f, 0xff, 0x20,
    0xcf, 0xf5, 0x0, 0x0, 0xa, 0xff, 0xc0, 0xcf,
    0xf5, 0x0, 0x0, 0x1, 0xef, 0xf7,

    /* U+0053 "S" */
    0x0, 0x3, 0xad, 0xff, 0xea, 0x30, 0x0, 0x0,
    0x7f, 0xff, 0xff, 0xff, 0xf7, 0x0, 0x3, 0xff,
    0xf8, 0x44, 0x9f, 0xff, 0x40, 0x8, 0xff, 0x80,
    0x0, 0x8, 0xff, 0xb0, 0xa, 0xff, 0x40, 0x0,
    0x1, 0x85, 0x20, 0x9, 0xff, 0x70, 0x0, 0x0,
    0x0, 0x0, 0x6, 0xff, 0xf6, 0x0, 0x0, 0x0,
    0x0, 0x0, 0xdf, 0xff, 0xe9, 0x40, 0x0, 0x0,
    0x0, 0x1c, 0xff, 0xff, 0xfe, 0x81, 0x0, 0x0,
    0x0, 0x49, 0xef, 0xff, 0xfe, 0x20, 0x0, 0x0,
    0x0, 0x3, 0x9f, 0xff, 0xc0, 0x0, 0x0, 0x0,
    0x0, 0x3, 0xff, 0xf2, 0x0, 0x0, 0x0, 0x0,
    0x0, 0xbf, 0xf5, 0x2c, 0xfc, 0x0, 0x0, 0x0,
    0xbf, 0xf4, 0xe, 0xff, 0x50, 0x0, 0x1, 0xff,
    0xf1, 0x7, 0xff, 0xf9, 0x55, 0x7e, 0xff, 0xa0,
    0x0, 0xaf, 0xff, 0xff, 0xff, 0xfc, 0x10, 0x0,
    0x4, 0xae, 0xff, 0xeb, 0x50, 0x0,

    /* U+0054 "T" */
    0xaf, 0xff, 0xff, 0xff, 0xff, 0xff, 0xff, 0xa,
    0xff, 0xff, 0xff, 0xff, 0xff, 0xff, 0xf0, 0x46,
    0x66, 0x6a, 0xff, 0xc6, 0x66, 0x66, 0x0, 0x0,
    0x0, 0x6f, 0xfa, 0x0, 0x0, 0x0, 0x0, 0x0,
    0x6, 0xff, 0xa0, 0x0, 0x0, 0x0, 0x0, 0x0,
    0x6f, 0xfa, 0x0, 0x0, 0x0, 0x0, 0x0, 0x6,
    0xff, 0xa0, 0x0, 0x0, 0x0, 0x0, 0x0, 0x6f,
    0xfa, 0x0, 0x0, 0x0, 0x0, 0x0, 0x6, 0xff,
    0xa0, 0x0, 0x0, 0x0, 0x0, 0x0, 0x6f, 0xfa,
    0x0, 0x0, 0x0, 0x0, 0x0, 0x6, 0xff, 0xa0,
    0x0, 0x0, 0x0, 0x0, 0x0, 0x6f, 0xfa, 0x0,
    0x0, 0x0, 0x0, 0x0, 0x6, 0xff, 0xa0, 0x0,
    0x0, 0x0, 0x0, 0x0, 0x6f, 0xfa, 0x0, 0x0,
    0x0, 0x0, 0x0, 0x6, 0xff, 0xa0, 0x0, 0x0,
    0x0, 0x0, 0x0, 0x6f, 0xfa, 0x0, 0x0, 0x0,
    0x0, 0x0, 0x6, 0xff, 0xa0, 0x0, 0x0, 0x0,
    0x0, 0x0, 0x6f, 0xfa, 0x0, 0x0, 0x0,

    /* U+0055 "U" */
    0x1f, 0xff, 0x0, 0x0, 0x0, 0x0, 0xbf, 0xf5,
    0x1f, 0xff, 0x0, 0x0, 0x0, 0x0, 0xbf, 0xf5,
    0x1f, 0xff, 0x0, 0x0, 0x0, 0x0, 0xbf, 0xf5,
    0x1f, 0xff, 0x0, 0x0, 0x0, 0x0, 0xbf, 0xf5,
    0x1f, 0xff, 0x0, 0x0, 0x0, 0x0, 0xbf, 0xf5,
    0x1f, 0xff, 0x0, 0x0, 0x0, 0x0, 0xbf, 0xf5,
    0x1f, 0xff, 0x0, 0x0, 0x0, 0x0, 0xbf, 0xf5,
    0x1f, 0xff, 0x0, 0x0, 0x0, 0x0, 0xbf, 0xf5,
    0x1f, 0xff, 0x0, 0x0, 0x0, 0x0, 0xbf, 0xf5,
    0x1f, 0xff, 0x0, 0x0, 0x0, 0x0, 0xbf, 0xf5,
    0x1f, 0xff, 0x0, 0x0, 0x0, 0x0, 0xbf, 0xf5,
    0x1f, 0xff, 0x0, 0x0, 0x0, 0x0, 0xbf, 0xf5,
    0xf, 0xff, 0x20, 0x0, 0x0, 0x0, 0xef, 0xf3,
    0xc, 0xff, 0x70, 0x0, 0x0, 0x4, 0xff, 0xf0,
    0x7, 0xff, 0xf3, 0x0, 0x0, 0x1d, 0xff, 0xa0,
    0x0, 0xdf, 0xff, 0xa7, 0x69, 0xff, 0xfe, 0x10,
    0x0, 0x2d, 0xff, 0xff, 0xff, 0xff, 0xd2, 0x0,
    0x0, 0x0, 0x5b, 0xef, 0xfe, 0xb6, 0x0, 0x0,

    /* U+0056 "V" */
    0xaf, 0xf8, 0x0, 0x0, 0x0, 0x0, 0xd, 0xff,
    0x55, 0xff, 0xd0, 0x0, 0x0, 0x0, 0x2, 0xff,
    0xf0, 0xe, 0xff, 0x30, 0x0, 0x0, 0x0, 0x7f,
    0xfa, 0x0, 0x9f, 0xf8, 0x0, 0x0, 0x0, 0xd,
    0xff, 0x40, 0x3, 0xff, 0xd0, 0x0, 0x0, 0x2,
    0xff, 0xe0, 0x0, 0xd, 0xff, 0x20, 0x0, 0x0,
    0x7f, 0xf8, 0x0, 0x0, 0x7f, 0xf8, 0x0, 0x0,
    0xd, 0xff, 0x20, 0x0, 0x2, 0xff, 0xd0, 0x0,
    0x2, 0xff, 0xc0, 0x0, 0x0, 0xc, 0xff, 0x20,
    0x0, 0x7f, 0xf7, 0x0, 0x0, 0x0, 0x6f, 0xf8,
    0x0, 0xc, 0xff, 0x10, 0x0, 0x0, 0x1, 0xff,
    0xd0, 0x2, 0xff, 0xb0, 0x0, 0x0, 0x0, 0xa,
    0xff, 0x20, 0x7f, 0xf5, 0x0, 0x0, 0x0, 0x0,
    0x4f, 0xf7, 0xc, 0xff, 0x0, 0x0, 0x0, 0x0,
    0x0, 0xef, 0xc1, 0xff, 0x90, 0x0, 0x0, 0x0,
    0x0, 0x9, 0xff, 0x6f, 0xf4, 0x0, 0x0, 0x0,
    0x0, 0x0, 0x3f, 0xfe, 0xfe, 0x0, 0x0, 0x0,
    0x0, 0x0, 0x0, 0xdf, 0xff, 0x80, 0x0, 0x0,
    0x0, 0x0, 0x0, 0x7, 0xff, 0xf2, 0x0, 0x0,
    0x0,

    /* U+0057 "W" */
    0xbf, 0xf7, 0x0, 0x0, 0x0, 0x1f, 0xff, 0x20,
    0x0, 0x0, 0x5, 0xff, 0xd6, 0xff, 0xb0, 0x0,
    0x0, 0x5, 0xff, 0xf6, 0x0, 0x0, 0x0, 0x9f,
    0xf8, 0x2f, 0xff, 0x0, 0x0, 0x0, 0xaf, 0xff,
    0xb0, 0x0, 0x0, 0xd, 0xff, 0x40, 0xef, 0xf3,
    0x0, 0x0, 0xe, 0xfc, 0xff, 0x0, 0x0, 0x1,
    0xff, 0xf0, 0x9, 0xff, 0x70, 0x0, 0x3, 0xff,
    0x5f, 0xf4, 0x0, 0x0, 0x5f, 0xfb, 0x0, 0x5f,
    0xfb, 0x0, 0x0, 0x7f, 0xf0, 0xef, 0x80, 0x0,
    0x9, 0xff, 0x70, 0x1, 0xff, 0xe0, 0x0, 0xc,
    0xfc, 0xa, 0xfd, 0x0, 0x0, 0xdf, 0xf2, 0x0,
    0xc, 0xff, 0x20, 0x0, 0xff, 0x80, 0x6f, 0xf1,
    0x0, 0x1f, 0xfe, 0x0, 0x0, 0x8f, 0xf6, 0x0,
    0x5f, 0xf3, 0x2, 0xff, 0x60, 0x5, 0xff, 0x90,
    0x0, 0x4, 0xff, 0xa0, 0x9, 0xfe, 0x0, 0xd,
    0xfa, 0x0, 0x9f, 0xf5, 0x0, 0x0, 0xf, 0xfe,
    0x0, 0xdf, 0xa0, 0x0, 0x9f, 0xe0, 0xd, 0xff,
    0x10, 0x0, 0x0, 0xbf, 0xf2, 0x1f, 0xf6, 0x0,
    0x5, 0xff, 0x31, 0xff, 0xc0, 0x0, 0x0, 0x7,
    0xff, 0x55, 0xff, 0x10, 0x0, 0xf, 0xf7, 0x5f,
    0xf8, 0x0, 0x0, 0x0, 0x3f, 0xf9, 0x9f, 0xd0,
    0x0, 0x0, 0xcf, 0xa8, 0xff, 0x30, 0x0, 0x0,
    0x0, 0xef, 0xdc, 0xf8, 0x0, 0x0, 0x7, 0xfe,
    0xcf, 0xf0, 0x0, 0x0, 0x0, 0xa, 0xff, 0xff,
    0x40, 0x0, 0x0, 0x3f, 0xff, 0xfa, 0x0, 0x0,
    0x0, 0x0, 0x6f, 0xff, 0xf0, 0x0, 0x0, 0x0,
    0xef, 0xff, 0x60, 0x0, 0x0, 0x0, 0x1, 0xff,
    0xfb, 0x0, 0x0, 0x0, 0xa, 0xff, 0xf2, 0x0,
    0x0,

    /* U+0058 "X" */
    0x3, 0xff, 0xf1, 0x0, 0x0, 0x0, 0x1e, 0xff,
    0x40, 0x0, 0x7f, 0xfb, 0x0, 0x0, 0x0, 0x9f,
    0xfa, 0x0, 0x0, 0xc, 0xff, 0x50, 0x0, 0x3,
    0xff, 0xe1, 0x0, 0x0, 0x2, 0xff, 0xe1, 0x0,
    0xd, 0xff, 0x50, 0x0, 0x0, 0x0, 0x7f, 0xf9,
    0x0, 0x8f, 0xfa, 0x0, 0x0, 0x0, 0x0, 0xc,
    0xff, 0x42, 0xff, 0xe1, 0x0, 0x0, 0x0, 0x0,
    0x2, 0xff, 0xdc, 0xff, 0x60, 0x0, 0x0, 0x0,
    0x0, 0x0, 0x7f, 0xff, 0xfb, 0x0, 0x0, 0x0,
    0x0, 0x0, 0x0, 0xe, 0xff, 0xf3, 0x0, 0x0,
    0x0, 0x0, 0x0, 0x0, 0x6f, 0xff, 0xfa, 0x0,
    0x0, 0x0, 0x0, 0x0, 0x2, 0xff, 0xfe, 0xff,
    0x50, 0x0, 0x0, 0x0, 0x0, 0xb, 0xff, 0x64,
    0xff, 0xe0, 0x0, 0x0, 0x0, 0x0, 0x6f, 0xfc,
    0x0, 0xaf, 0xf9, 0x0, 0x0, 0x0, 0x1, 0xff,
    0xf2, 0x0, 0x1e, 0xff, 0x30, 0x0, 0x0, 0xb,
    0xff, 0x70, 0x0, 0x5, 0xff, 0xd0, 0x0, 0x0,
    0x6f, 0xfc, 0x0, 0x0, 0x0, 0xbf, 0xf8, 0x0,
    0x1, 0xef, 0xf3, 0x0, 0x0, 0x0, 0x2f, 0xff,
    0x20, 0xb, 0xff, 0x80, 0x0, 0x0, 0x0, 0x7,
    0xff, 0xc0,

    /* U+0059 "Y" */
    0xbf, 0xf9, 0x0, 0x0, 0x0, 0x8, 0xff, 0xb2,
    0xff, 0xf2, 0x0, 0x0, 0x1, 0xff, 0xf2, 0x9,
    0xff, 0xa0, 0x0, 0x0, 0x9f, 0xf9, 0x0, 0x1f,
    0xff, 0x30, 0x0, 0x2f, 0xff, 0x10, 0x0, 0x7f,
    0xfb, 0x0, 0xa, 0xff, 0x70, 0x0, 0x0, 0xdf,
    0xf4, 0x3, 0xff, 0xd0, 0x0, 0x0, 0x5, 0xff,
    0xc0, 0xbf, 0xf5, 0x0, 0x0, 0x0, 0xc, 0xff,
    0x9f, 0xfc, 0x0, 0x0, 0x0, 0x0, 0x3f, 0xff,
    0xff, 0x30, 0x0, 0x0, 0x0, 0x0, 0xaf, 0xff,
    0xa0, 0x0, 0x0, 0x0, 0x0, 0x2, 0xff, 0xf2,
    0x0, 0x0, 0x0, 0x0, 0x0, 0xf, 0xff, 0x0,
    0x0, 0x0, 0x0, 0x0, 0x0, 0xff, 0xf0, 0x0,
    0x0, 0x0, 0x0, 0x0, 0xf, 0xff, 0x0, 0x0,
    0x0, 0x0, 0x0, 0x0, 0xff, 0xf0, 0x0, 0x0,
    0x0, 0x0, 0x0, 0xf, 0xff, 0x0, 0x0, 0x0,
    0x0, 0x0, 0x0, 0xff, 0xf0, 0x0, 0x0, 0x0,
    0x0, 0x0, 0xf, 0xff, 0x0, 0x0, 0x0,

    /* U+005A "Z" */
    0x5, 0xff, 0xff, 0xff, 0xff, 0xff, 0xff, 0x0,
    0x5f, 0xff, 0xff, 0xff, 0xff, 0xff, 0xf0, 0x2,
    0x66, 0x66, 0x66, 0x66, 0xdf, 0xfb, 0x0, 0x0,
    0x0, 0x0, 0x0, 0x4f, 0xfe, 0x10, 0x0, 0x0,
    0x0, 0x0, 0x1e, 0xff, 0x40, 0x0, 0x0, 0x0,
    0x0, 0xb, 0xff, 0x80, 0x0, 0x0, 0x0, 0x0,
    0x7, 0xff, 0xc0, 0x0, 0x0, 0x0, 0x0, 0x3,
    0xff, 0xf2, 0x0, 0x0, 0x0, 0x0, 0x1, 0xef,
    0xf5, 0x0, 0x0, 0x0, 0x0, 0x0, 0xaf, 0xf9,
    0x0, 0x0, 0x0, 0x0, 0x0, 0x6f, 0xfd, 0x0,
    0x0, 0x0, 0x0, 0x0, 0x2f, 0xff, 0x20, 0x0,
    0x0, 0x0, 0x0, 0xd, 0xff, 0x60, 0x0, 0x0,
    0x0, 0x0, 0x9, 0xff, 0xa0, 0x0, 0x0, 0x0,
    0x0, 0x5, 0xff, 0xe1, 0x0, 0x0, 0x0, 0x0,
    0x1, 0xff, 0xfa, 0x66, 0x66, 0x66, 0x66, 0x64,
    0x5f, 0xff, 0xff, 0xff, 0xff, 0xff, 0xff, 0xa5,
    0xff, 0xff, 0xff, 0xff, 0xff, 0xff, 0xfa,

    /* U+005B "[" */
    0x1f, 0xff, 0xff, 0xf6, 0x1f, 0xff, 0xff, 0xf6,
    0x1f, 0xfb, 0x0, 0x0, 0x1f, 0xfb, 0x0, 0x0,
    0x1f, 0xfb, 0x0, 0x0, 0x1f, 0xfb, 0x0, 0x0,
    0x1f, 0xfb, 0x0, 0x0, 0x1f, 0xfb, 0x0, 0x0,
    0x1f, 0xfb, 0x0, 0x0, 0x1f, 0xfb, 0x0, 0x0,
    0x1f, 0xfb, 0x0, 0x0, 0x1f, 0xfb, 0x0, 0x0,
    0x1f, 0xfb, 0x0, 0x0, 0x1f, 0xfb, 0x0, 0x0,
    0x1f, 0xfb, 0x0, 0x0, 0x1f, 0xfb, 0x0, 0x0,
    0x1f, 0xfb, 0x0, 0x0, 0x1f, 0xfb, 0x0, 0x0,
    0x1f, 0xfb, 0x0, 0x0, 0x1f, 0xfb, 0x0, 0x0,
    0x1f, 0xfb, 0x0, 0x0, 0x1f, 0xff, 0xff, 0xf6,
    0x1f, 0xff, 0xff, 0xf6,

    /* U+005C "\\" */
    0xcf, 0xf1, 0x0, 0x0, 0x0, 0x5, 0xff, 0x80,
    0x0, 0x0, 0x0, 0xe, 0xfe, 0x0, 0x0, 0x0,
    0x0, 0x8f, 0xf5, 0x0, 0x0, 0x0, 0x1, 0xff,
    0xc0, 0x0, 0x0, 0x0, 0xa, 0xff, 0x30, 0x0,
    0x0, 0x0, 0x4f, 0xfa, 0x0, 0x0, 0x0, 0x0,
    0xdf, 0xf1, 0x0, 0x0, 0x0, 0x6, 0xff, 0x70,
    0x0, 0x0, 0x0, 0xf, 0xfe, 0x0, 0x0, 0x0,
    0x0, 0x9f, 0xf5, 0x0, 0x0, 0x0, 0x2, 0xff,
    0xc0, 0x0, 0x0, 0x0, 0xb, 0xff, 0x30, 0x0,
    0x0, 0x0, 0x4f, 0xf9, 0x0, 0x0, 0x0, 0x0,
    0xdf, 0xf1, 0x0, 0x0, 0x0, 0x7, 0xff, 0x70,
    0x0, 0x0, 0x0, 0x1f, 0xfe, 0x0, 0x0, 0x0,
    0x0, 0x9f, 0xf5,

    /* U+005D "]" */
    0x9f, 0xff, 0xff, 0xe8, 0xff, 0xff, 0xfe, 0x0,
    0x0, 0xef, 0xe0, 0x0, 0xe, 0xfe, 0x0, 0x0,
    0xef, 0xe0, 0x0, 0xe, 0xfe, 0x0, 0x0, 0xef,
    0xe0, 0x0, 0xe, 0xfe, 0x0, 0x0, 0xef, 0xe0,
    0x0, 0xe, 0xfe, 0x0, 0x0, 0xef, 0xe0, 0x0,
    0xe, 0xfe, 0x0, 0x0, 0xef, 0xe0, 0x0, 0xe,
    0xfe, 0x0, 0x0, 0xef, 0xe0, 0x0, 0xe, 0xfe,
    0x0, 0x0, 0xef, 0xe0, 0x0, 0xe, 0xfe, 0x0,
    0x0, 0xef, 0xe0, 0x0, 0xe, 0xfe, 0x0, 0x0,
    0xef, 0xe8, 0xff, 0xff, 0xfe, 0x9f, 0xff, 0xff,
    0xe0,

    /* U+005E "^" */
    0x0, 0x0, 0xd, 0xff, 0xe0, 0x0, 0x0, 0x0,
    0x0, 0x5f, 0xff, 0xf5, 0x0, 0x0, 0x0, 0x0,
    0xdf, 0x88, 0xfd, 0x0, 0x0, 0x0, 0x4, 0xff,
    0x11, 0xff, 0x40, 0x0, 0x0, 0xc, 0xf9, 0x0,
    0xaf, 0xc0, 0x0, 0x0, 0x3f, 0xf2, 0x0, 0x2f,
    0xf3, 0x0, 0x0, 0xbf, 0xa0, 0x0, 0xb, 0xfb,
    0x0, 0x2, 0xff, 0x30, 0x0, 0x3, 0xff, 0x30,
    0xa, 0xfc, 0x0, 0x0, 0x0, 0xcf, 0xa0, 0x1f,
    0xf4, 0x0, 0x0, 0x0, 0x4f, 0xf2, 0x9f, 0xd0,
    0x0, 0x0, 0x0, 0xd, 0xf9,

    /* U+005F "_" */
    0x3f, 0xff, 0xff, 0xff, 0xff, 0xff, 0x2, 0x22,
    0x22, 0x22, 0x22, 0x22,

    /* U+0060 "`" */
    0x6f, 0xfa, 0x0, 0x0, 0x6f, 0xf7, 0x0, 0x0,
    0x4f, 0xf5, 0x0, 0x0, 0x3e, 0xf2,

    /* U+0061 "a" */
    0x0, 0x5, 0xbe, 0xff, 0xd7, 0x0, 0x0, 0x7f,
    0xff, 0xff, 0xff, 0xc0, 0x1, 0xff, 0xe3, 0x1,
    0xbf, 0xf6, 0x0, 0x13, 0x30, 0x0, 0x3f, 0xfa,
    0x0, 0x0, 0x0, 0x0, 0x1f, 0xfc, 0x0, 0x17,
    0xce, 0xff, 0xff, 0xfd, 0x2, 0xef, 0xfe, 0xba,
    0xaf, 0xfd, 0xb, 0xff, 0x90, 0x0, 0x1f, 0xfd,
    0xf, 0xff, 0x10, 0x0, 0x3f, 0xfd, 0xf, 0xff,
    0x10, 0x0, 0x8f, 0xfd, 0xd, 0xff, 0x91, 0x17,
    0xff, 0xfd, 0x5, 0xff, 0xff, 0xff, 0x7f, 0xfd,
    0x0, 0x5c, 0xff, 0xc5, 0xf, 0xfd,

    /* U+0062 "b" */
    0x1f, 0xfd, 0x0, 0x0, 0x0, 0x0, 0x0, 0x1f,
    0xfd, 0x0, 0x0, 0x0, 0x0, 0x0, 0x1f, 0xfd,
    0x0, 0x0, 0x0, 0x0, 0x0, 0x1f, 0xfd, 0x0,
    0x0, 0x0, 0x0, 0x0, 0x1f, 0xfd, 0x0, 0x0,
    0x0, 0x0, 0x0, 0x1f, 0xfd, 0x5, 0xce, 0xfd,
    0x80, 0x0, 0x1f, 0xfd, 0x7f, 0xff, 0xff, 0xfd,
    0x10, 0x1f, 0xff, 0xf8, 0x31, 0x5d, 0xff, 0xa0,
    0x1f, 0xff, 0x80, 0x0, 0x2, 0xff, 0xf1, 0x1f,
    0xff, 0x10, 0x0, 0x0, 0xbf, 0xf5, 0x1f, 0xfd,
    0x0, 0x0, 0x0, 0x8f, 0xf7, 0x1f, 0xfd, 0x0,
    0x0, 0x0, 0x8f, 0xf8, 0x1f, 0xfe, 0x0, 0x0,
    0x0, 0x9f, 0xf7, 0x1f, 0xff, 0x10, 0x0, 0x0,
    0xbf, 0xf5, 0x1f, 0xff, 0x80, 0x0, 0x2, 0xff,
    0xf1, 0x1f, 0xff, 0xf8, 0x21, 0x5d, 0xff, 0x90,
    0x1f, 0xfc, 0x8f, 0xff, 0xff, 0xfc, 0x0, 0x2f,
    0xfb, 0x6, 0xcf, 0xfc, 0x70, 0x0,

    /* U+0063 "c" */
    0x0, 0x19, 0xdf, 0xec, 0x60, 0x0, 0x3f, 0xff,
    0xff, 0xff, 0xb0, 0xe, 0xff, 0x72, 0x3d, 0xff,
    0x66, 0xff, 0x80, 0x0, 0x4f, 0xfa, 0xbf, 0xf3,
    0x0, 0x0, 0x10, 0xd, 0xff, 0x10, 0x0, 0x0,
    0x0, 0xef, 0xf0, 0x0, 0x0, 0x0, 0xd, 0xff,
    0x10, 0x0, 0x0, 0x0, 0xbf, 0xf3, 0x0, 0x0,
    0x43, 0x17, 0xff, 0x90, 0x0, 0x4f, 0xfb, 0x1e,
    0xff, 0x61, 0x3d, 0xff, 0x50, 0x4f, 0xff, 0xff,
    0xff, 0xa0, 0x0, 0x2a, 0xef, 0xfc, 0x60, 0x0,

    /* U+0064 "d" */
    0x0, 0x0, 0x0, 0x0, 0x3, 0xff, 0xb0, 0x0,
    0x0, 0x0, 0x0, 0x3f, 0xfb, 0x0, 0x0, 0x0,
    0x0, 0x3, 0xff, 0xb0, 0x0, 0x0, 0x0, 0x0,
    0x3f, 0xfb, 0x0, 0x0, 0x0, 0x0, 0x3, 0xff,
    0xb0, 0x1, 0x9d, 0xfe, 0xb3, 0x3f, 0xfb, 0x3,
    0xff, 0xff, 0xff, 0xf7, 0xff, 0xb0, 0xef, 0xfb,
    0x31, 0x4c, 0xff, 0xfb, 0x6f, 0xfc, 0x0, 0x0,
    0xd, 0xff, 0xbb, 0xff, 0x60, 0x0, 0x0, 0x6f,
    0xfb, 0xdf, 0xf3, 0x0, 0x0, 0x3, 0xff, 0xbe,
    0xff, 0x20, 0x0, 0x0, 0x2f, 0xfb, 0xdf, 0xf2,
    0x0, 0x0, 0x3, 0xff, 0xbb, 0xff, 0x50, 0x0,
    0x0, 0x5f, 0xfb, 0x7f, 0xfa, 0x0, 0x0, 0xc,
    0xff, 0xb1, 0xef, 0xf7, 0x0, 0x9, 0xff, 0xfb,
    0x4, 0xff, 0xff, 0xef, 0xf6, 0xff, 0xc0, 0x2,
    0xae, 0xfe, 0xa3, 0x1f, 0xfd,

    /* U+0065 "e" */
    0x0, 0x17, 0xcf, 0xfd, 0x91, 0x0, 0x2, 0xef,
    0xff, 0xff, 0xfe, 0x30, 0xd, 0xff, 0x71, 0x6,
    0xff, 0xd0, 0x6f, 0xfa, 0x0, 0x0, 0x9f, 0xf5,
    0xaf, 0xf4, 0x0, 0x0, 0x4f, 0xfa, 0xdf, 0xfd,
    0xdd, 0xdd, 0xdf, 0xfd, 0xdf, 0xff, 0xff, 0xff,
    0xff, 0xfe, 0xdf, 0xf3, 0x0, 0x0, 0x0, 0x0,
    0xaf, 0xf6, 0x0, 0x0, 0x0, 0x0, 0x6f, 0xfd,
    0x0, 0x0, 0x1d, 0x81, 0xd, 0xff, 0xa2, 0x4,
    0xdf, 0xf5, 0x2, 0xef, 0xff, 0xff, 0xff, 0x70,
    0x0, 0x18, 0xdf, 0xfe, 0xa3, 0x0,

    /* U+0066 "f" */
    0x0, 0x0, 0x7d, 0xff, 0xe2, 0x0, 0x8, 0xff,
    0xff, 0xf2, 0x0, 0xe, 0xff, 0x40, 0x0, 0x0,
    0xf, 0xfe, 0x0, 0x0, 0x0, 0x1f, 0xfd, 0x0,
    0x0, 0x5f, 0xff, 0xff, 0xff, 0xa0, 0x5f, 0xff,
    0xff, 0xff, 0xa0, 0x1, 0x2f, 0xfd, 0x11, 0x0,
    0x0, 0x1f, 0xfd, 0x0, 0x0, 0x0, 0x1f, 0xfd,
    0x0, 0x0, 0x0, 0x1f, 0xfd, 0x0, 0x0, 0x0,
    0x1f, 0xfd, 0x0, 0x0, 0x0, 0x1f, 0xfd, 0x0,
    0x0, 0x0, 0x1f, 0xfd, 0x0, 0x0, 0x0, 0x1f,
    0xfd, 0x0, 0x0, 0x0, 0x1f, 0xfd, 0x0, 0x0,
    0x0, 0x1f, 0xfd, 0x0, 0x0, 0x0, 0x1f, 0xfd,
    0x0, 0x0,

    /* U+0067 "g" */
    0x0, 0x2a, 0xef, 0xea, 0x20, 0xff, 0xc0, 0x4f,
    0xff, 0xff, 0xff, 0x4f, 0xfc, 0x1e, 0xff, 0xb3,
    0x13, 0xbe, 0xff, 0xb6, 0xff, 0xd0, 0x0, 0x0,
    0xdf, 0xfb, 0xbf, 0xf6, 0x0, 0x0, 0x7, 0xff,
    0xbd, 0xff, 0x30, 0x0, 0x0, 0x4f, 0xfb, 0xef,
    0xf2, 0x0, 0x0, 0x2, 0xff, 0xbd, 0xff, 0x30,
    0x0, 0x0, 0x4f, 0xfb, 0xbf, 0xf6, 0x0, 0x0,
    0x7, 0xff, 0xb7, 0xff, 0xd0, 0x0, 0x0, 0xef,
    0xfb, 0x1f, 0xff, 0xb3, 0x24, 0xce, 0xff, 0xb0,
    0x5f, 0xff, 0xff, 0xfe, 0x4f, 0xfb, 0x0, 0x3b,
    0xef, 0xe9, 0x12, 0xff, 0xb0, 0x0, 0x0, 0x0,
    0x0, 0x4f, 0xfa, 0x29, 0xcb, 0x0, 0x0, 0xc,
    0xff, 0x50, 0xef, 0xfa, 0x32, 0x4b, 0xff, 0xc0,
    0x4, 0xff, 0xff, 0xff, 0xff, 0xd1, 0x0, 0x2,
    0x9d, 0xff, 0xec, 0x60, 0x0,

    /* U+0068 "h" */
    0x1f, 0xfd, 0x0, 0x0, 0x0, 0x0, 0x1, 0xff,
    0xd0, 0x0, 0x0, 0x0, 0x0, 0x1f, 0xfd, 0x0,
    0x0, 0x0, 0x0, 0x1, 0xff, 0xd0, 0x0, 0x0,
    0x0, 0x0, 0x1f, 0xfd, 0x0, 0x0, 0x0, 0x0,
    0x1, 0xff, 0xd0, 0x4c, 0xef, 0xc6, 0x0, 0x1f,
    0xfd, 0x6f, 0xff, 0xff, 0xf7, 0x1, 0xff, 0xef,
    0xc7, 0x7d, 0xff, 0xf0, 0x1f, 0xff, 0xa0, 0x0,
    0xe, 0xff, 0x41, 0xff, 0xf2, 0x0, 0x0, 0xaf,
    0xf5, 0x1f, 0xfe, 0x0, 0x0, 0x8, 0xff, 0x61,
    0xff, 0xd0, 0x0, 0x0, 0x8f, 0xf6, 0x1f, 0xfd,
    0x0, 0x0, 0x8, 0xff, 0x61, 0xff, 0xd0, 0x0,
    0x0, 0x8f, 0xf6, 0x1f, 0xfd, 0x0, 0x0, 0x8,
    0xff, 0x61, 0xff, 0xd0, 0x0, 0x0, 0x8f, 0xf6,
    0x1f, 0xfd, 0x0, 0x0, 0x8, 0xff, 0x61, 0xff,
    0xd0, 0x0, 0x0, 0x8f, 0xf6,

    /* U+0069 "i" */
    0x1f, 0xfd, 0x1f, 0xfd, 0x7, 0x75, 0x0, 0x0,
    0x0, 0x0, 0x1f, 0xfd, 0x1f, 0xfd, 0x1f, 0xfd,
    0x1f, 0xfd, 0x1f, 0xfd, 0x1f, 0xfd, 0x1f, 0xfd,
    0x1f, 0xfd, 0x1f, 0xfd, 0x1f, 0xfd, 0x1f, 0xfd,
    0x1f, 0xfd, 0x1f, 0xfd,

    /* U+006A "j" */
    0x0, 0x1f, 0xfd, 0x0, 0x1f, 0xfd, 0x0, 0x7,
    0x75, 0x0, 0x0, 0x0, 0x0, 0x0, 0x0, 0x0,
    0x1f, 0xfd, 0x0, 0x1f, 0xfd, 0x0, 0x1f, 0xfd,
    0x0, 0x1f, 0xfd, 0x0, 0x1f, 0xfd, 0x0, 0x1f,
    0xfd, 0x0, 0x1f, 0xfd, 0x0, 0x1f, 0xfd, 0x0,
    0x1f, 0xfd, 0x0, 0x1f, 0xfd, 0x0, 0x1f, 0xfd,
    0x0, 0x1f, 0xfd, 0x0, 0x1f, 0xfd, 0x0, 0x1f,
    0xfd, 0x0, 0x2f, 0xfd, 0x0, 0x9f, 0xfa, 0x7f,
    0xff, 0xf5, 0x6f, 0xfd, 0x60,

    /* U+006B "k" */
    0x1f, 0xfd, 0x0, 0x0, 0x0, 0x0, 0x1, 0xff,
    0xd0, 0x0, 0x0, 0x0, 0x0, 0x1f, 0xfd, 0x0,
    0x0, 0x0, 0x0, 0x1, 0xff, 0xd0, 0x0, 0x0,
    0x0, 0x0, 0x1f, 0xfd, 0x0, 0x0, 0x0, 0x0,
    0x1, 0xff, 0xd0, 0x0, 0x6, 0xff, 0xd1, 0x1f,
    0xfd, 0x0, 0x4, 0xff, 0xe1, 0x1, 0xff, 0xd0,
    0x3, 0xff, 0xe2, 0x0, 0x1f, 0xfd, 0x2, 0xef,
    0xf3, 0x0, 0x1, 0xff, 0xd1, 0xdf, 0xf3, 0x0,
    0x0, 0x1f, 0xfe, 0xcf, 0xf8, 0x0, 0x0, 0x1,
    0xff, 0xff, 0xff, 0xf2, 0x0, 0x0, 0x1f, 0xff,
    0xd9, 0xff, 0xc0, 0x0, 0x1, 0xff, 0xe0, 0xd,
    0xff, 0x80, 0x0, 0x1f, 0xfd, 0x0, 0x2f, 0xff,
    0x30, 0x1, 0xff, 0xd0, 0x0, 0x7f, 0xfd, 0x0,
    0x1f, 0xfd, 0x0, 0x0, 0xcf, 0xfa, 0x1, 0xff,
    0xd0, 0x0, 0x1, 0xff, 0xf5,

    /* U+006C "l" */
    0x1f, 0xfd, 0x1f, 0xfd, 0x1f, 0xfd, 0x1f, 0xfd,
    0x1f, 0xfd, 0x1f, 0xfd, 0x1f, 0xfd, 0x1f, 0xfd,
    0x1f, 0xfd, 0x1f, 0xfd, 0x1f, 0xfd, 0x1f, 0xfd,
    0x1f, 0xfd, 0x1f, 0xfd, 0x1f, 0xfd, 0x1f, 0xfd,
    0x1f, 0xfd, 0x1f, 0xfd,

    /* U+006D "m" */
    0x2f, 0xf9, 0x5, 0xcf, 0xeb, 0x30, 0x4, 0xbe,
    0xfc, 0x50, 0x2, 0xff, 0xa6, 0xff, 0xff, 0xff,
    0x34, 0xff, 0xff, 0xff, 0x60, 0x1f, 0xfd, 0xf9,
    0x46, 0xef, 0xfb, 0xeb, 0x45, 0xdf, 0xfe, 0x1,
    0xff, 0xf9, 0x0, 0x3, 0xff, 0xfb, 0x0, 0x1,
    0xff, 0xf2, 0x1f, 0xff, 0x10, 0x0, 0xf, 0xff,
    0x40, 0x0, 0xc, 0xff, 0x31, 0xff, 0xe0, 0x0,
    0x0, 0xef, 0xf2, 0x0, 0x0, 0xaf, 0xf4, 0x1f,
    0xfd, 0x0, 0x0, 0xe, 0xff, 0x10, 0x0, 0xa,
    0xff, 0x41, 0xff, 0xd0, 0x0, 0x0, 0xef, 0xf1,
    0x0, 0x0, 0xaf, 0xf4, 0x1f, 0xfd, 0x0, 0x0,
    0xe, 0xff, 0x10, 0x0, 0xa, 0xff, 0x41, 0xff,
    0xd0, 0x0, 0x0, 0xef, 0xf1, 0x0, 0x0, 0xaf,
    0xf4, 0x1f, 0xfd, 0x0, 0x0, 0xe, 0xff, 0x10,
    0x0, 0xa, 0xff, 0x41, 0xff, 0xd0, 0x0, 0x0,
    0xef, 0xf1, 0x0, 0x0, 0xaf, 0xf4, 0x1f, 0xfd,
    0x0, 0x0, 0xe, 0xff, 0x10, 0x0, 0xa, 0xff,
    0x40,

    /* U+006E "n" */
    0x2f, 0xf9, 0x4, 0xbe, 0xfc, 0x60, 0x2, 0xff,
    0xa5, 0xff, 0xff, 0xff, 0x70, 0x1f, 0xfd, 0xfa,
    0x45, 0xcf, 0xff, 0x1, 0xff, 0xf9, 0x0, 0x0,
    0xef, 0xf4, 0x1f, 0xff, 0x10, 0x0, 0xa, 0xff,
    0x61, 0xff, 0xe0, 0x0, 0x0, 0x8f, 0xf6, 0x1f,
    0xfd, 0x0, 0x0, 0x8, 0xff, 0x61, 0xff, 0xd0,
    0x0, 0x0, 0x8f, 0xf6, 0x1f, 0xfd, 0x0, 0x0,
    0x8, 0xff, 0x61, 0xff, 0xd0, 0x0, 0x0, 0x8f,
    0xf6, 0x1f, 0xfd, 0x0, 0x0, 0x8, 0xff, 0x61,
    0xff, 0xd0, 0x0, 0x0, 0x8f, 0xf6, 0x1f, 0xfd,
    0x0, 0x0, 0x8, 0xff, 0x60,

    /* U+006F "o" */
    0x0, 0x5, 0xbe, 0xff, 0xd9, 0x30, 0x0, 0x1,
    0xcf, 0xff, 0xff, 0xff, 0xf7, 0x0, 0xc, 0xff,
    0xc5, 0x22, 0x7f, 0xff, 0x50, 0x5f, 0xfd, 0x0,
    0x0, 0x5, 0xff, 0xe0, 0xaf, 0xf6, 0x0, 0x0,
    0x0, 0xef, 0xf3, 0xdf, 0xf3, 0x0, 0x0, 0x0,
    0xbf, 0xf5, 0xef, 0xf2, 0x0, 0x0, 0x0, 0xaf,
    0xf6, 0xdf, 0xf4, 0x0, 0x0, 0x0, 0xbf, 0xf5,
    0xaf, 0xf7, 0x0, 0x0, 0x0, 0xef, 0xf2, 0x4f,
    0xfe, 0x0, 0x0, 0x6, 0xff, 0xd0, 0xb, 0xff,
    0xc4, 0x23, 0x8f, 0xff, 0x40, 0x1, 0xcf, 0xff,
    0xff, 0xff, 0xf6, 0x0, 0x0, 0x5, 0xbe, 0xff,
    0xd8, 0x20, 0x0,

    /* U+0070 "p" */
    0x2f, 0xfa, 0x5, 0xce, 0xfd, 0x80, 0x0, 0x2f,
    0xfc, 0x7f, 0xff, 0xff, 0xfd, 0x10, 0x1f, 0xfe,
    0xf9, 0x32, 0x5e, 0xff, 0xa0, 0x1f, 0xff, 0x80,
    0x0, 0x2, 0xff, 0xf1, 0x1f, 0xff, 0x10, 0x0,
    0x0, 0xbf, 0xf5, 0x1f, 0xfd, 0x0, 0x0, 0x0,
    0x8f, 0xf7, 0x1f, 0xfc, 0x0, 0x0, 0x0, 0x8f,
    0xf8, 0x1f, 0xfd, 0x0, 0x0, 0x0, 0x9f, 0xf7,
    0x1f, 0xff, 0x10, 0x0, 0x0, 0xcf, 0xf5, 0x1f,
    0xff, 0x70, 0x0, 0x2, 0xff, 0xf1, 0x1f, 0xff,
    0xf8, 0x32, 0x5e, 0xff, 0x80, 0x1f, 0xfc, 0x9f,
    0xff, 0xff, 0xfb, 0x0, 0x1f, 0xfd, 0x7, 0xdf,
    0xfc, 0x60, 0x0, 0x1f, 0xfd, 0x0, 0x0, 0x0,
    0x0, 0x0, 0x1f, 0xfd, 0x0, 0x0, 0x0, 0x0,
    0x0, 0x1f, 0xfd, 0x0, 0x0, 0x0, 0x0, 0x0,
    0x1f, 0xfd, 0x0, 0x0, 0x0, 0x0, 0x0, 0x1f,
    0xfd, 0x0, 0x0, 0x0, 0x0, 0x0,

    /* U+0071 "q" */
    0x0, 0x29, 0xdf, 0xea, 0x30, 0xff, 0xd0, 0x3f,
    0xff, 0xff, 0xff, 0x5f, 0xfc, 0xe, 0xff, 0xb3,
    0x24, 0xcf, 0xff, 0xb6, 0xff, 0xc0, 0x0, 0x0,
    0xdf, 0xfb, 0xbf, 0xf6, 0x0, 0x0, 0x6, 0xff,
    0xbd, 0xff, 0x30, 0x0, 0x0, 0x3f, 0xfb, 0xef,
    0xf2, 0x0, 0x0, 0x2, 0xff, 0xbd, 0xff, 0x30,
    0x0, 0x0, 0x3f, 0xfb, 0xbf, 0xf6, 0x0, 0x0,
    0x6, 0xff, 0xb7, 0xff, 0xc0, 0x0, 0x0, 0xdf,
    0xfb, 0x1f, 0xff, 0xa3, 0x24, 0xce, 0xff, 0xb0,
    0x5f, 0xff, 0xff, 0xff, 0x6f, 0xfb, 0x0, 0x3a,
    0xef, 0xea, 0x23, 0xff, 0xb0, 0x0, 0x0, 0x0,
    0x0, 0x3f, 0xfb, 0x0, 0x0, 0x0, 0x0, 0x3,
    0xff, 0xb0, 0x0, 0x0, 0x0, 0x0, 0x3f, 0xfb,
    0x0, 0x0, 0x0, 0x0, 0x3, 0xff, 0xb0, 0x0,
    0x0, 0x0, 0x0, 0x3f, 0xfb,

    /* U+0072 "r" */
    0x2f, 0xf9, 0x7, 0xef, 0x41, 0xff, 0xa7, 0xff,
    0xf4, 0x1f, 0xfb, 0xec, 0x76, 0x21, 0xff, 0xfc,
    0x0, 0x0, 0x1f, 0xff, 0x40, 0x0, 0x1, 0xff,
    0xf0, 0x0, 0x0, 0x1f, 0xfd, 0x0, 0x0, 0x1,
    0xff, 0xd0, 0x0, 0x0, 0x1f, 0xfd, 0x0, 0x0,
    0x1, 0xff, 0xd0, 0x0, 0x0, 0x1f, 0xfd, 0x0,
    0x0, 0x1, 0xff, 0xd0, 0x0, 0x0, 0x1f, 0xfd,
    0x0, 0x0, 0x0,

    /* U+0073 "s" */
    0x0, 0x3b, 0xef, 0xeb, 0x40, 0x0, 0x3f, 0xff,
    0xef, 0xff, 0x50, 0xb, 0xff, 0x20, 0x1d, 0xfd,
    0x0, 0xef, 0xd0, 0x0, 0x11, 0x0, 0xc, 0xff,
    0x60, 0x0, 0x0, 0x0, 0x6f, 0xff, 0xea, 0x50,
    0x0, 0x0, 0x6e, 0xff, 0xff, 0xe4, 0x0, 0x0,
    0x3, 0x8d, 0xff, 0xf1, 0x0, 0x0, 0x0, 0xa,
    0xff, 0x50, 0x35, 0x10, 0x0, 0x5f, 0xf5, 0x3f,
    0xf9, 0x0, 0x1b, 0xff, 0x20, 0xaf, 0xff, 0xef,
    0xff, 0x90, 0x0, 0x7c, 0xff, 0xfc, 0x50, 0x0,

    /* U+0074 "t" */
    0x0, 0xb, 0xf6, 0x0, 0x0, 0x0, 0xff, 0x60,
    0x0, 0x0, 0x5f, 0xf6, 0x0, 0x6, 0xff, 0xff,
    0xff, 0xf8, 0x6f, 0xff, 0xff, 0xff, 0x80, 0x18,
    0xff, 0x71, 0x10, 0x0, 0x8f, 0xf6, 0x0, 0x0,
    0x8, 0xff, 0x60, 0x0, 0x0, 0x8f, 0xf6, 0x0,
    0x0, 0x8, 0xff, 0x60, 0x0, 0x0, 0x8f, 0xf6,
    0x0, 0x0, 0x8, 0xff, 0x60, 0x0, 0x0, 0x8f,
    0xf7, 0x0, 0x0, 0x6, 0xff, 0xd3, 0x22, 0x0,
    0x1f, 0xff, 0xff, 0xb0, 0x0, 0x3c, 0xff, 0xd7,

    /* U+0075 "u" */
    0x4f, 0xfa, 0x0, 0x0, 0xa, 0xff, 0x44, 0xff,
    0xa0, 0x0, 0x0, 0xaf, 0xf4, 0x4f, 0xfa, 0x0,
    0x0, 0xa, 0xff, 0x44, 0xff, 0xa0, 0x0, 0x0,
    0xaf, 0xf4, 0x4f, 0xfa, 0x0, 0x0, 0xa, 0xff,
    0x44, 0xff, 0xa0, 0x0, 0x0, 0xaf, 0xf4, 0x4f,
    0xfa, 0x0, 0x0, 0xa, 0xff, 0x43, 0xff, 0xa0,
    0x0, 0x0, 0xcf, 0xf4, 0x3f, 0xfc, 0x0, 0x0,
    0xe, 0xff, 0x41, 0xff, 0xf1, 0x0, 0x6, 0xff,
    0xf4, 0xd, 0xff, 0xd5, 0x48, 0xfc, 0xff, 0x40,
    0x5f, 0xff, 0xff, 0xf9, 0x8f, 0xf4, 0x0, 0x4c,
    0xff, 0xc6, 0x7, 0xff, 0x50,

    /* U+0076 "v" */
    0xcf, 0xf4, 0x0, 0x0, 0x1, 0xff, 0xf0, 0x6f,
    0xf9, 0x0, 0x0, 0x6, 0xff, 0x90, 0x1f, 0xfe,
    0x0, 0x0, 0xb, 0xff, 0x30, 0xb, 0xff, 0x40,
    0x0, 0x1f, 0xfd, 0x0, 0x5, 0xff, 0x90, 0x0,
    0x6f, 0xf7, 0x0, 0x0, 0xef, 0xe0, 0x0, 0xbf,
    0xf1, 0x0, 0x0, 0x9f, 0xf4, 0x1, 0xff, 0xb0,
    0x0, 0x0, 0x3f, 0xf9, 0x6, 0xff, 0x50, 0x0,
    0x0, 0xd, 0xfe, 0xc, 0xff, 0x0, 0x0, 0x0,
    0x7, 0xff, 0x4f, 0xf9, 0x0, 0x0, 0x0, 0x2,
    0xff, 0xdf, 0xf3, 0x0, 0x0, 0x0, 0x0, 0xcf,
    0xff, 0xd0, 0x0, 0x0, 0x0, 0x0, 0x6f, 0xff,
    0x70, 0x0, 0x0,

    /* U+0077 "w" */
    0xcf, 0xf0, 0x0, 0x0, 0xef, 0xf6, 0x0, 0x0,
    0x7f, 0xf5, 0x7f, 0xf4, 0x0, 0x2, 0xff, 0xfb,
    0x0, 0x0, 0xaf, 0xf1, 0x3f, 0xf8, 0x0, 0x6,
    0xfe, 0xff, 0x0, 0x0, 0xef, 0xc0, 0xe, 0xfc,
    0x0, 0xb, 0xf9, 0xff, 0x40, 0x2, 0xff, 0x80,
    0xa, 0xff, 0x10, 0xf, 0xf5, 0xcf, 0x80, 0x6,
    0xff, 0x30, 0x6, 0xff, 0x40, 0x4f, 0xf1, 0x8f,
    0xd0, 0xa, 0xfe, 0x0, 0x2, 0xff, 0x80, 0x8f,
    0xc0, 0x3f, 0xf1, 0xe, 0xfa, 0x0, 0x0, 0xdf,
    0xc0, 0xcf, 0x80, 0xf, 0xf6, 0x2f, 0xf5, 0x0,
    0x0, 0x9f, 0xf2, 0xff, 0x30, 0xb, 0xfa, 0x6f,
    0xf1, 0x0, 0x0, 0x4f, 0xf8, 0xff, 0x0, 0x6,
    0xfe, 0xaf, 0xc0, 0x0, 0x0, 0xf, 0xfe, 0xfa,
    0x0, 0x2, 0xff, 0xef, 0x80, 0x0, 0x0, 0xc,
    0xff, 0xf6, 0x0, 0x0, 0xef, 0xff, 0x30, 0x0,
    0x0, 0x7, 0xff, 0xf1, 0x0, 0x0, 0x9f, 0xff,
    0x0, 0x0,

    /* U+0078 "x" */
    0x5f, 0xfc, 0x0, 0x0, 0xd, 0xff, 0x40, 0x9f,
    0xf6, 0x0, 0x8, 0xff, 0x80, 0x0, 0xdf, 0xf1,
    0x2, 0xff, 0xd0, 0x0, 0x3, 0xff, 0xb0, 0xcf,
    0xf2, 0x0, 0x0, 0x7, 0xff, 0xbf, 0xf6, 0x0,
    0x0, 0x0, 0xb, 0xff, 0xfa, 0x0, 0x0, 0x0,
    0x0, 0x6f, 0xff, 0x50, 0x0, 0x0, 0x0, 0x1e,
    0xff, 0xfe, 0x10, 0x0, 0x0, 0xb, 0xff, 0x6f,
    0xfb, 0x0, 0x0, 0x6, 0xff, 0x80, 0x9f, 0xf6,
    0x0, 0x2, 0xff, 0xd0, 0x0, 0xdf, 0xf2, 0x0,
    0xdf, 0xf3, 0x0, 0x4, 0xff, 0xd0, 0x8f, 0xf8,
    0x0, 0x0, 0x9, 0xff, 0x90,

    /* U+0079 "y" */
    0xd, 0xff, 0x40, 0x0, 0x0, 0xf, 0xff, 0x10,
    0x6f, 0xf9, 0x0, 0x0, 0x5, 0xff, 0xa0, 0x1,
    0xff, 0xe0, 0x0, 0x0, 0xaf, 0xf4, 0x0, 0xa,
    0xff, 0x40, 0x0, 0xf, 0xfe, 0x0, 0x0, 0x3f,
    0xfa, 0x0, 0x5, 0xff, 0x80, 0x0, 0x0, 0xdf,
    0xf0, 0x0, 0xaf, 0xf2, 0x0, 0x0, 0x7, 0xff,
    0x50, 0xf, 0xfb, 0x0, 0x0, 0x0, 0x1f, 0xfb,
    0x5, 0xff, 0x50, 0x0, 0x0, 0x0, 0xaf, 0xf1,
    0xaf, 0xf0, 0x0, 0x0, 0x0, 0x3, 0xff, 0x6f,
    0xf9, 0x0, 0x0, 0x0, 0x0, 0xd, 0xfe, 0xff,
    0x30, 0x0, 0x0, 0x0, 0x0, 0x7f, 0xff, 0xd0,
    0x0, 0x0, 0x0, 0x0, 0x1, 0xff, 0xf7, 0x0,
    0x0, 0x0, 0x0, 0x0, 0xf, 0xff, 0x10, 0x0,
    0x0, 0x0, 0x0, 0x9, 0xff, 0x90, 0x0, 0x0,
    0x0, 0x4, 0x49, 0xff, 0xe1, 0x0, 0x0, 0x0,
    0x0, 0xef, 0xff, 0xf4, 0x0, 0x0, 0x0, 0x0,
    0xc, 0xff, 0xb3, 0x0, 0x0, 0x0, 0x0,

    /* U+007A "z" */
    0xd, 0xff, 0xff, 0xff, 0xff, 0xf0, 0xd, 0xff,
    0xff, 0xff, 0xff, 0xf0, 0x1, 0x11, 0x11, 0x19,
    0xff, 0xb0, 0x0, 0x0, 0x0, 0x5f, 0xfd, 0x0,
    0x0, 0x0, 0x2, 0xff, 0xf2, 0x0, 0x0, 0x0,
    0x1d, 0xff, 0x40, 0x0, 0x0, 0x0, 0xbf, 0xf7,
    0x0, 0x0, 0x0, 0x9, 0xff, 0xa0, 0x0, 0x0,
    0x0, 0x6f, 0xfd, 0x0, 0x0, 0x0, 0x3, 0xff,
    0xe2, 0x0, 0x0, 0x0, 0x1e, 0xff, 0x62, 0x22,
    0x22, 0x21, 0x5f, 0xff, 0xff, 0xff, 0xff, 0xf9,
    0x5f, 0xff, 0xff, 0xff, 0xff, 0xf9,

    /* U+007B "{" */
    0x0, 0x0, 0x5c, 0xff, 0x50, 0x0, 0x5f, 0xff,
    0xf5, 0x0, 0xc, 0xff, 0x80, 0x0, 0x0, 0xff,
    0xe0, 0x0, 0x0, 0xf, 0xfc, 0x0, 0x0, 0x0,
    0xff, 0xc0, 0x0, 0x0, 0xf, 0xfc, 0x0, 0x0,
    0x0, 0xff, 0xc0, 0x0, 0x0, 0xf, 0xfb, 0x0,
    0x0, 0x4, 0xff, 0x90, 0x0, 0x14, 0xef, 0xf3,
    0x0, 0xc, 0xff, 0xd4, 0x0, 0x0, 0xcf, 0xfe,
    0x50, 0x0, 0x0, 0x3d, 0xff, 0x40, 0x0, 0x0,
    0x3f, 0xfa, 0x0, 0x0, 0x0, 0xff, 0xb0, 0x0,
    0x0, 0xf, 0xfc, 0x0, 0x0, 0x0, 0xff, 0xc0,
    0x0, 0x0, 0xf, 0xfc, 0x0, 0x0, 0x0, 0xff,
    0xe0, 0x0, 0x0, 0xc, 0xff, 0x71, 0x0, 0x0,
    0x5f, 0xff, 0xf5, 0x0, 0x0, 0x5c, 0xff, 0x50,

    /* U+007C "|" */
    0xbf, 0xfb, 0xff, 0xbf, 0xfb, 0xff, 0xbf, 0xfb,
    0xff, 0xbf, 0xfb, 0xff, 0xbf, 0xfb, 0xff, 0xbf,
    0xfb, 0xff, 0xbf, 0xfb, 0xff, 0xbf, 0xfb, 0xff,
    0xbf, 0xfb, 0xff, 0xbf, 0xfb, 0xff, 0xbf, 0xfb,
    0xff, 0xbf, 0xf0,

    /* U+007D "}" */
    0xcf, 0xea, 0x10, 0x0, 0xc, 0xff, 0xfd, 0x0,
    0x0, 0x2, 0xcf, 0xf5, 0x0, 0x0, 0x5, 0xff,
    0x80, 0x0, 0x0, 0x2f, 0xf9, 0x0, 0x0, 0x2,
    0xff, 0x90, 0x0, 0x0, 0x2f, 0xf9, 0x0, 0x0,
    0x2, 0xff, 0x90, 0x0, 0x0, 0x1f, 0xfc, 0x0,
    0x0, 0x0, 0xaf, 0xf8, 0x10, 0x0, 0x0, 0xaf,
    0xff, 0x50, 0x0, 0x9, 0xff, 0xf5, 0x0, 0xa,
    0xff, 0xa2, 0x0, 0x0, 0xff, 0xd0, 0x0, 0x0,
    0x2f, 0xfa, 0x0, 0x0, 0x2, 0xff, 0x90, 0x0,
    0x0, 0x2f, 0xf9, 0x0, 0x0, 0x2, 0xff, 0x90,
    0x0, 0x0, 0x3f, 0xf8, 0x0, 0x0, 0x5, 0xff,
    0x80, 0x0, 0x2, 0xdf, 0xf5, 0x0, 0xc, 0xff,
    0xfd, 0x0, 0x0, 0xcf, 0xe9, 0x10, 0x0, 0x0,

    /* U+007E "~" */
    0x6, 0xcf, 0xeb, 0x60, 0x0, 0x0, 0x3, 0x8f,
    0xff, 0xff, 0xff, 0xa4, 0x24, 0xba, 0x9c, 0x53,
    0x48, 0xef, 0xff, 0xff, 0xf9, 0x30, 0x0, 0x0,
    0x4, 0xae, 0xfd, 0x70,

    /* U+4E0A "上" */
    0x0, 0x0, 0x0, 0x0, 0x5, 0x74, 0x10, 0x0,
    0x0, 0x0, 0x0, 0x0, 0x0, 0x0, 0x0, 0x0,
    0x8, 0xff, 0x60, 0x0, 0x0, 0x0, 0x0, 0x0,
    0x0, 0x0, 0x0, 0x0, 0x7, 0xff, 0x0, 0x0,
    0x0, 0x0, 0x0, 0x0, 0x0, 0x0, 0x0, 0x0,
    0x7, 0xff, 0x0, 0x0, 0x0, 0x0, 0x0, 0x0,
    0x0, 0x0, 0x0, 0x0, 0x7, 0xff, 0x0, 0x0,
    0x0, 0x0, 0x0, 0x0, 0x0, 0x0, 0x0, 0x0,
    0x7, 0xff, 0x0, 0x0, 0x0, 0x0, 0x0, 0x0,
    0x0, 0x0, 0x0, 0x0, 0x7, 0xff, 0x0, 0x0,
    0x0, 0x0, 0x0, 0x0, 0x0, 0x0, 0x0, 0x0,
    0x7, 0xff, 0x0, 0x0, 0x0, 0x0, 0x10, 0x0,
    0x0, 0x0, 0x0, 0x0, 0x7, 0xff, 0xff, 0xff,
    0xff, 0xff, 0xe0, 0x0, 0x0, 0x0, 0x0, 0x0,
    0x7, 0xff, 0xff, 0xff, 0xff, 0xff, 0xe0, 0x0,
    0x0, 0x0, 0x0, 0x0, 0x7, 0xff, 0x11, 0x11,
    0x11, 0x12, 0x30, 0x0, 0x0, 0x0, 0x0, 0x0,
    0x7, 0xff, 0x0, 0x0, 0x0, 0x0, 0x0, 0x0,
    0x0, 0x0, 0x0, 0x0, 0x7, 0xff, 0x0, 0x0,
    0x0, 0x0, 0x0, 0x0, 0x0, 0x0, 0x0, 0x0,
    0x7, 0xff, 0x0, 0x0, 0x0, 0x0, 0x0, 0x0,
    0x0, 0x0, 0x0, 0x0, 0x7, 0xff, 0x0, 0x0,
    0x0, 0x0, 0x0, 0x0, 0x0, 0x0, 0x0, 0x0,
    0x7, 0xff, 0x0, 0x0, 0x0, 0x0, 0x0, 0x0,
    0x0, 0x0, 0x0, 0x0, 0x7, 0xff, 0x0, 0x0,
    0x0, 0x0, 0x0, 0x0, 0x0, 0x0, 0x0, 0x0,
    0x7, 0xff, 0x0, 0x0, 0x0, 0x0, 0x0, 0x0,
    0x0, 0x0, 0x0, 0x0, 0x7, 0xff, 0x0, 0x0,
    0x0, 0x0, 0x0, 0x0, 0x10, 0x0, 0x0, 0x0,
    0x7, 0xff, 0x0, 0x0, 0x0, 0x0, 0x0, 0x10,
    0x9f, 0xff, 0xff, 0xff, 0xff, 0xff, 0xff, 0xff,
    0xff, 0xff, 0xff, 0xf0, 0x9f, 0xff, 0xff, 0xff,
    0xff, 0xff, 0xff, 0xff, 0xff, 0xff, 0xff, 0xf0,
    0x22, 0x10, 0x0, 0x0, 0x0, 0x0, 0x0, 0x0,
    0x0, 0x0, 0x1, 0x30,

    /* U+4E0B "下" */
    0x14, 0x32, 0x22, 0x22, 0x22, 0x22, 0x22, 0x22,
    0x22, 0x22, 0x23, 0x45, 0xff, 0xff, 0xff, 0xff,
    0xff, 0xff, 0xff, 0xff, 0xff, 0xff, 0xff, 0x5f,
    0xff, 0xff, 0xff, 0xff, 0xff, 0xff, 0xff, 0xff,
    0xff, 0xff, 0xf0, 0x10, 0x0, 0x0, 0x0, 0xe,
    0xf8, 0x0, 0x0, 0x0, 0x0, 0x1, 0x0, 0x0,
    0x0, 0x0, 0x0, 0xef, 0x80, 0x0, 0x0, 0x0,
    0x0, 0x0, 0x0, 0x0, 0x0, 0x0, 0xe, 0xf8,
    0x0, 0x0, 0x0, 0x0, 0x0, 0x0, 0x0, 0x0,
    0x0, 0x0, 0xef, 0x80, 0x62, 0x0, 0x0, 0x0,
    0x0, 0x0, 0x0, 0x0, 0x0, 0xe, 0xf8, 0x7f,
    0xe2, 0x0, 0x0, 0x0, 0x0, 0x0, 0x0, 0x0,
    0x0, 0xef, 0x85, 0xff, 0xe3, 0x0, 0x0, 0x0,
    0x0, 0x0, 0x0, 0x0, 0xe, 0xf8, 0x4, 0xff,
    0xf4, 0x0, 0x0, 0x0, 0x0, 0x0, 0x0, 0x0,
    0xef, 0x80, 0x3, 0xef, 0xf4, 0x0, 0x0, 0x0,
    0x0, 0x0, 0x0, 0xe, 0xf8, 0x0, 0x2, 0xef,
    0xf5, 0x0, 0x0, 0x0, 0x0, 0x0, 0x0, 0xef,
    0x80, 0x0, 0x3, 0xff, 0xf5, 0x0, 0x0, 0x0,
    0x0, 0x0, 0xe, 0xf8, 0x0, 0x0, 0x4, 0xfe,
    0x30, 0x0, 0x0, 0x0, 0x0, 0x0, 0xef, 0x80,
    0x0, 0x0, 0x5, 0x20, 0x0, 0x0, 0x0, 0x0,
    0x0, 0xe, 0xf8, 0x0, 0x0, 0x0, 0x0, 0x0,
    0x0, 0x0, 0x0, 0x0, 0x0, 0xef, 0x80, 0x0,
    0x0, 0x0, 0x0, 0x0, 0x0, 0x0, 0x0, 0x0,
    0xe, 0xf8, 0x0, 0x0, 0x0, 0x0, 0x0, 0x0,
    0x0, 0x0, 0x0, 0x0, 0xef, 0x90, 0x0, 0x0,
    0x0, 0x0, 0x0, 0x0, 0x0, 0x0, 0x0, 0xf,
    0xf9, 0x0, 0x0, 0x0, 0x0, 0x0, 0x0, 0x0,
    0x0, 0x0, 0x0, 0xff, 0xa0, 0x0, 0x0, 0x0,
    0x0, 0x0, 0x0, 0x0, 0x0, 0x0, 0x1f, 0xfb,
    0x0, 0x0, 0x0, 0x0, 0x0,

    /* U+4E50 "乐" */
    0x0, 0x0, 0x0, 0x0, 0x0, 0x0, 0x0, 0x0,
    0x3, 0x97, 0x0, 0x0, 0x0, 0x2, 0x10, 0x0,
    0x12, 0x35, 0x79, 0xcf, 0xff, 0xf3, 0x0, 0x0,
    0x0, 0xdf, 0xff, 0xff, 0xff, 0xff, 0xff, 0xff,
    0xff, 0xd0, 0x0, 0x0, 0xe, 0xff, 0xff, 0xfe,
    0xed, 0xb9, 0x75, 0x31, 0x2, 0x0, 0x0, 0x0,
    0xff, 0x71, 0x0, 0x2, 0x0, 0x0, 0x0, 0x0,
    0x0, 0x0, 0x0, 0x1f, 0xf4, 0x0, 0x0, 0xff,
    0xe0, 0x0, 0x0, 0x0, 0x0, 0x0, 0x4, 0xff,
    0x10, 0x0, 0xf, 0xfa, 0x0, 0x0, 0x0, 0x0,
    0x0, 0x0, 0x6f, 0xf0, 0x0, 0x0, 0xef, 0x70,
    0x0, 0x0, 0x0, 0x0, 0x0, 0x8, 0xfc, 0x0,
    0x0, 0xd, 0xf7, 0x0, 0x0, 0x0, 0x0, 0x0,
    0x0, 0xdf, 0xa0, 0x0, 0x0, 0xdf, 0x70, 0x0,
    0x0, 0x0, 0x0, 0x0, 0x8f, 0xff, 0xee, 0xee,
    0xef, 0xfe, 0xee, 0xee, 0xee, 0xef, 0x80, 0x4,
    0xff, 0xff, 0xff, 0xff, 0xff, 0xff, 0xff, 0xff,
    0xff, 0xf8, 0x0, 0x6, 0x31, 0x11, 0x11, 0x1d,
    0xf8, 0x11, 0x11, 0x11, 0x13, 0x20, 0x0, 0x0,
    0x9, 0x30, 0x0, 0xdf, 0x70, 0x9, 0x30, 0x0,
    0x0, 0x0, 0x0, 0x4, 0xff, 0x80, 0xd, 0xf7,
    0xb, 0xfe, 0x20, 0x0, 0x0, 0x0, 0x0, 0xdf,
    0xf7, 0x0, 0xdf, 0x70, 0x4f, 0xfe, 0x10, 0x0,
    0x0, 0x0, 0x8f, 0xf6, 0x0, 0xd, 0xf7, 0x0,
    0x5f, 0xfd, 0x10, 0x0, 0x0, 0x3f, 0xfb, 0x0,
    0x0, 0xdf, 0x70, 0x0, 0x7f, 0xfb, 0x0, 0x0,
    0x2e, 0xfe, 0x10, 0x0, 0xd, 0xf7, 0x0, 0x0,
    0x9f, 0xf9, 0x0, 0x2d, 0xff, 0x30, 0x0, 0x0,
    0xdf, 0x70, 0x0, 0x0, 0xcf, 0xf7, 0xb, 0xff,
    0x60, 0x5, 0xa8, 0x8f, 0xf7, 0x0, 0x0, 0x1,
    0xef, 0x70, 0x6, 0x90, 0x0, 0xf, 0xff, 0xff,
    0x40, 0x0, 0x0, 0x4, 0x40, 0x0, 0x0, 0x0,
    0x0, 0xbf, 0xea, 0x50, 0x0, 0x0, 0x0, 0x0,
    0x0, 0x0, 0x0, 0x0, 0x0, 0x0, 0x0, 0x0,
    0x0, 0x0, 0x0, 0x0,

    /* U+4EAE "亮" */
    0x0, 0x0, 0x0, 0x0, 0x0, 0x20, 0x0, 0x0,
    0x0, 0x0, 0x0, 0x0, 0x0, 0x0, 0x0, 0x0,
    0x7, 0xf9, 0x10, 0x0, 0x0, 0x0, 0x0, 0x0,
    0x0, 0x0, 0x0, 0x0, 0x1e, 0xff, 0xe6, 0x0,
    0x0, 0x0, 0x0, 0x0, 0x0, 0x0, 0x0, 0x0,
    0x0, 0x8f, 0xfc, 0x0, 0x0, 0x0, 0x0, 0x0,
    0xd, 0xdc, 0xcc, 0xcc, 0xcc, 0xce, 0xfd, 0xcc,
    0xcc, 0xcc, 0xdf, 0x20, 0xd, 0xff, 0xff, 0xff,
    0xff, 0xff, 0xff, 0xff, 0xff, 0xff, 0xff, 0x20,
    0x4, 0x32, 0x35, 0x43, 0x22, 0x22, 0x22, 0x22,
    0x33, 0x52, 0x24, 0x0, 0x0, 0x0, 0x3f, 0xff,
    0xff, 0xff, 0xff, 0xff, 0xff, 0xf0, 0x0, 0x0,
    0x0, 0x0, 0x1f, 0xfe, 0xdd, 0xdd, 0xdd, 0xdd,
    0xef, 0xe0, 0x0, 0x0, 0x0, 0x0, 0x1f, 0xf3,
    0x0, 0x0, 0x0, 0x0, 0x7f, 0xd0, 0x0, 0x0,
    0x0, 0x0, 0x1f, 0xff, 0xff, 0xff, 0xff, 0xff,
    0xff, 0xe0, 0x0, 0x0, 0x0, 0x0, 0x3f, 0xff,
    0xff, 0xff, 0xff, 0xff, 0xff, 0xf0, 0x0, 0x0,
    0x3, 0x21, 0x12, 0x0, 0x0, 0x0, 0x0, 0x0,
    0x1, 0x30, 0x12, 0x20, 0xc, 0xff, 0xff, 0xff,
    0xff, 0xff, 0xff, 0xff, 0xff, 0xff, 0xff, 0x80,
    0xb, 0xff, 0xdd, 0xdd, 0xdd, 0xdd, 0xdd, 0xdd,
    0xdd, 0xdd, 0xff, 0x70, 0xb, 0xfa, 0x0, 0x2,
    0x10, 0x0, 0x0, 0x12, 0x10, 0x0, 0xdf, 0x70,
    0xb, 0xfa, 0x0, 0xd, 0xff, 0xff, 0xff, 0xff,
    0x60, 0x0, 0xef, 0x70, 0xb, 0xda, 0x0, 0xb,
    0xff, 0xee, 0xee, 0xff, 0x40, 0x0, 0xcc, 0x70,
    0x0, 0x0, 0x0, 0xb, 0xfa, 0x0, 0x1, 0xff,
    0x40, 0x0, 0x0, 0x0, 0x0, 0x0, 0x0, 0xc,
    0xfa, 0x0, 0x1, 0xff, 0x40, 0x0, 0x42, 0x0,
    0x0, 0x0, 0x0, 0x2f, 0xf7, 0x0, 0x1, 0xff,
    0x40, 0x0, 0x7e, 0x60, 0x0, 0x0, 0x1, 0xcf,
    0xf2, 0x0, 0x1, 0xff, 0x40, 0x0, 0xbf, 0xf2,
    0x0, 0x2, 0x7e, 0xff, 0x90, 0x0, 0x1, 0xff,
    0x72, 0x38, 0xff, 0xc0, 0xc, 0xff, 0xff, 0xf9,
    0x0, 0x0, 0x0, 0xff, 0xff, 0xff, 0xff, 0x30,
    0x5, 0xff, 0xf9, 0x20, 0x0, 0x0, 0x0, 0x5c,
    0xef, 0xfe, 0xb3, 0x0, 0x0, 0x74, 0x0, 0x0,
    0x0, 0x0, 0x0, 0x0, 0x0, 0x0, 0x0, 0x0,

    /* U+4F4D "位" */
    0x0, 0x0, 0x0, 0x30, 0x0, 0x0, 0x6, 0x10,
    0x0, 0x0, 0x0, 0x0, 0x0, 0x0, 0x0, 0x1,
    0xfd, 0x60, 0x0, 0x9f, 0xd2, 0x0, 0x0, 0x0,
    0x0, 0x0, 0x0, 0x0, 0x6, 0xff, 0xe1, 0x0,
    0x9f, 0xfe, 0x20, 0x0, 0x0, 0x0, 0x0, 0x0,
    0x0, 0xb, 0xff, 0x50, 0x0, 0x8, 0xff, 0xd1,
    0x0, 0x0, 0x0, 0x0, 0x0, 0x0, 0x1f, 0xfe,
    0x0, 0x0, 0x0, 0x9f, 0xfb, 0x0, 0x0, 0x0,
    0x0, 0x0, 0x0, 0x8f, 0xf7, 0x10, 0x0, 0x0,
    0xb, 0xc1, 0x0, 0x0, 0x1, 0x0, 0x0, 0x0,
    0xff, 0xf2, 0xdf, 0xfe, 0xee, 0xef, 0xfe, 0xee,
    0xef, 0xff, 0x20, 0x0, 0x7, 0xff, 0xf2, 0xdf,
    0xff, 0xff, 0xff, 0xff, 0xff, 0xff, 0xff, 0x20,
    0x0, 0x1f, 0xff, 0xf2, 0x32, 0x10, 0x0, 0x0,
    0x0, 0x2, 0x1, 0x23, 0x0, 0x0, 0xbf, 0xff,
    0xf2, 0x0, 0x0, 0x10, 0x0, 0x0, 0x2f, 0xd8,
    0x10, 0x0, 0x6, 0xff, 0xff, 0xf2, 0x0, 0x9e,
    0xa0, 0x0, 0x0, 0x5f, 0xfd, 0x10, 0x0, 0x4f,
    0xff, 0xaf, 0xf2, 0x0, 0xcf, 0xf0, 0x0, 0x0,
    0x7f, 0xf5, 0x0, 0x0, 0x5d, 0xfc, 0x3f, 0xf2,
    0x0, 0x5f, 0xf6, 0x0, 0x0, 0xaf, 0xf1, 0x0,
    0x0, 0x0, 0x63, 0x3f, 0xf2, 0x0, 0xf, 0xfb,
    0x0, 0x0, 0xdf, 0xd0, 0x0, 0x0, 0x0, 0x0,
    0x3f, 0xf2, 0x0, 0xa, 0xff, 0x10, 0x1, 0xff,
    0x90, 0x0, 0x0, 0x0, 0x0, 0x3f, 0xf2, 0x0,
    0x4, 0xff, 0x60, 0x4, 0xff, 0x50, 0x0, 0x0,
    0x0, 0x0, 0x3f, 0xf2, 0x0, 0x0, 0xff, 0xb0,
    0x8, 0xff, 0x10, 0x0, 0x0, 0x0, 0x0, 0x3f,
    0xf2, 0x0, 0x0, 0xbf, 0xf1, 0xc, 0xfc, 0x0,
    0x0, 0x0, 0x0, 0x0, 0x3f, 0xf2, 0x0, 0x0,
    0x6f, 0xf6, 0x1f, 0xf8, 0x0, 0x0, 0x0, 0x0,
    0x0, 0x3f, 0xf2, 0x0, 0x0, 0x2f, 0xc4, 0x5f,
    0xf3, 0x0, 0x0, 0x0, 0x0, 0x0, 0x3f, 0xf3,
    0x31, 0x0, 0x2, 0x0, 0x9f, 0xe0, 0x0, 0x1,
    0x30, 0x0, 0x0, 0x3f, 0xf8, 0xff, 0xff, 0xff,
    0xff, 0xff, 0xff, 0xff, 0xff, 0xf2, 0x0, 0x0,
    0x4f, 0xf9, 0xff, 0xee, 0xee, 0xee, 0xee, 0xee,
    0xee, 0xef, 0xf2, 0x0, 0x0, 0x4f, 0xf3, 0x0,
    0x0, 0x0, 0x0, 0x0, 0x0, 0x0, 0x0, 0x10,
    0x0, 0x0, 0x6f, 0xf4, 0x0, 0x0, 0x0, 0x0,
    0x0, 0x0, 0x0, 0x0, 0x0,

    /* U+4F5C "作" */
    0x0, 0x0, 0x1, 0x71, 0x0, 0x0, 0x37, 0x20,
    0x0, 0x0, 0x0, 0x0, 0x0, 0x0, 0x6, 0xff,
    0x90, 0x0, 0x9f, 0xfc, 0x0, 0x0, 0x0, 0x0,
    0x0, 0x0, 0xb, 0xff, 0x90, 0x0, 0xdf, 0xf5,
    0x0, 0x0, 0x0, 0x0, 0x0, 0x0, 0x1f, 0xfb,
    0x0, 0x2, 0xff, 0xa0, 0x0, 0x0, 0x0, 0x0,
    0x0, 0x0, 0x7f, 0xf4, 0x0, 0x8, 0xff, 0x30,
    0x0, 0x0, 0x0, 0x0, 0x0, 0x0, 0xef, 0xc0,
    0x0, 0xe, 0xfc, 0x0, 0x0, 0x0, 0x0, 0x1,
    0x0, 0x7, 0xff, 0x70, 0x0, 0x5f, 0xff, 0xff,
    0xff, 0xff, 0xff, 0xfc, 0x0, 0x2f, 0xff, 0x70,
    0x0, 0xdf, 0xff, 0xff, 0xff, 0xff, 0xff, 0xfc,
    0x0, 0xbf, 0xff, 0x70, 0x8, 0xff, 0x5e, 0xf9,
    0x11, 0x11, 0x11, 0x23, 0x7, 0xff, 0xff, 0x70,
    0x4f, 0xfb, 0xe, 0xf9, 0x0, 0x0, 0x0, 0x0,
    0x5f, 0xfe, 0xff, 0x72, 0xef, 0xf2, 0xe, 0xf9,
    0x0, 0x0, 0x0, 0x0, 0x8f, 0xf5, 0xef, 0x7d,
    0xff, 0x50, 0xe, 0xf9, 0x0, 0x0, 0x12, 0x10,
    0x2, 0x80, 0xef, 0x70, 0x89, 0x0, 0xe, 0xff,
    0xff, 0xff, 0xff, 0x40, 0x0, 0x0, 0xef, 0x70,
    0x0, 0x0, 0xe, 0xff, 0xee, 0xef, 0xff, 0x40,
    0x0, 0x0, 0xef, 0x70, 0x0, 0x0, 0xe, 0xf9,
    0x0, 0x0, 0x1, 0x0, 0x0, 0x0, 0xef, 0x70,
    0x0, 0x0, 0xe, 0xf9, 0x0, 0x0, 0x0, 0x0,
    0x0, 0x0, 0xef, 0x70, 0x0, 0x0, 0xe, 0xf9,
    0x0, 0x0, 0x0, 0x0, 0x0, 0x0, 0xef, 0x70,
    0x0, 0x0, 0xe, 0xff, 0xee, 0xee, 0xff, 0xf5,
    0x0, 0x0, 0xef, 0x70, 0x0, 0x0, 0xe, 0xff,
    0xff, 0xff, 0xff, 0xf5, 0x0, 0x0, 0xef, 0x70,
    0x0, 0x0, 0xe, 0xf9, 0x0, 0x0, 0x11, 0x31,
    0x0, 0x0, 0xef, 0x70, 0x0, 0x0, 0xe, 0xf9,
    0x0, 0x0, 0x0, 0x0, 0x0, 0x0, 0xef, 0x70,
    0x0, 0x0, 0xe, 0xf9, 0x0, 0x0, 0x0, 0x0,
    0x0, 0x0, 0xff, 0x70, 0x0, 0x0, 0xe, 0xf9,
    0x0, 0x0, 0x0, 0x0, 0x0, 0x0, 0xff, 0x80,
    0x0, 0x0, 0xf, 0xfa, 0x0, 0x0, 0x0, 0x0,
    0x0, 0x1, 0xdd, 0x80, 0x0, 0x0, 0xf, 0xfb,
    0x0, 0x0, 0x0, 0x0,

    /* U+4FDD "保" */
    0x0, 0x0, 0x0, 0x22, 0x0, 0x0, 0x0, 0x0,
    0x0, 0x0, 0x0, 0x0, 0x0, 0x0, 0x0, 0x0,
    0x8f, 0xd5, 0x0, 0x0, 0x0, 0x0, 0x0, 0x0,
    0x0, 0x0, 0x0, 0x0, 0x0, 0xdf, 0xf3, 0x8e,
    0xdc, 0xcc, 0xcc, 0xcc, 0xdf, 0x50, 0x0, 0x0,
    0x0, 0x3, 0xff, 0x80, 0x7f, 0xff, 0xff, 0xff,
    0xff, 0xff, 0x40, 0x0, 0x0, 0x0, 0xa, 0xff,
    0x10, 0x6f, 0xe3, 0x33, 0x33, 0x35, 0xff, 0x30,
    0x0, 0x0, 0x0, 0x1f, 0xfa, 0x0, 0x6f, 0xe0,
    0x0, 0x0, 0x2, 0xff, 0x20, 0x0, 0x0, 0x0,
    0x9f, 0xf3, 0x0, 0x6f, 0xe0, 0x0, 0x0, 0x2,
    0xff, 0x20, 0x0, 0x0, 0x3, 0xff, 0xf0, 0x0,
    0x6f, 0xe0, 0x0, 0x0, 0x2, 0xff, 0x20, 0x0,
    0x0, 0xd, 0xff, 0xf0, 0x0, 0x7f, 0xfc, 0xcc,
    0xcc, 0xcd, 0xff, 0x30, 0x0, 0x0, 0x9f, 0xff,
    0xf0, 0x0, 0x8f, 0xff, 0xff, 0xff, 0xff, 0xff,
    0x50, 0x0, 0x7, 0xff, 0xff, 0xf0, 0x0, 0x34,
    0x32, 0x2f, 0xf6, 0x22, 0x35, 0x20, 0x0, 0x4f,
    0xff, 0x9f, 0xf0, 0x0, 0x0, 0x0, 0xf, 0xf5,
    0x0, 0x0, 0x0, 0x0, 0x7, 0xf8, 0x5f, 0xf0,
    0x9d, 0xcb, 0xbb, 0xbf, 0xfc, 0xbb, 0xbb, 0xce,
    0x30, 0x0, 0x40, 0x5f, 0xf0, 0x9f, 0xff, 0xff,
    0xff, 0xff, 0xff, 0xff, 0xff, 0x30, 0x0, 0x0,
    0x5f, 0xf0, 0x45, 0x44, 0x48, 0xff, 0xff, 0xc4,
    0x44, 0x56, 0x10, 0x0, 0x0, 0x5f, 0xf0, 0x0,
    0x0, 0xd, 0xff, 0xff, 0xf4, 0x0, 0x0, 0x0,
    0x0, 0x0, 0x5f, 0xf0, 0x0, 0x0, 0x7f, 0xff,
    0xff, 0xfe, 0x10, 0x0, 0x0, 0x0, 0x0, 0x5f,
    0xf0, 0x0, 0x4, 0xff, 0x8f, 0xf9, 0xff, 0xd1,
    0x0, 0x0, 0x0, 0x0, 0x5f, 0xf0, 0x0, 0x3f,
    0xfd, 0xf, 0xf5, 0x9f, 0xfd, 0x20, 0x0, 0x0,
    0x0, 0x5f, 0xf0, 0x5, 0xff, 0xe2, 0xf, 0xf5,
    0xb, 0xff, 0xe4, 0x0, 0x0, 0x0, 0x5f, 0xf1,
    0xaf, 0xff, 0x30, 0xf, 0xf5, 0x0, 0xcf, 0xff,
    0xb2, 0x0, 0x0, 0x5f, 0xf4, 0xef, 0xf3, 0x0,
    0xf, 0xf5, 0x0, 0xb, 0xff, 0xd2, 0x0, 0x0,
    0x6f, 0xf0, 0x3d, 0x20, 0x0, 0xf, 0xf5, 0x0,
    0x0, 0x8e, 0x10, 0x0, 0x0, 0x7f, 0xf0, 0x0,
    0x0, 0x0, 0x1f, 0xf6, 0x0, 0x0, 0x1, 0x0,
    0x0, 0x0, 0x8f, 0xf1, 0x0, 0x0, 0x0, 0x3f,
    0xf7, 0x0, 0x0, 0x0, 0x0,

    /* U+5165 "入" */
    0x0, 0x0, 0x0, 0x0, 0x8, 0x30, 0x0, 0x0,
    0x0, 0x0, 0x0, 0x0, 0x0, 0x0, 0x0, 0x0,
    0x0, 0x8f, 0xf9, 0x0, 0x0, 0x0, 0x0, 0x0,
    0x0, 0x0, 0x0, 0x0, 0x0, 0x0, 0x9f, 0xff,
    0xa0, 0x0, 0x0, 0x0, 0x0, 0x0, 0x0, 0x0,
    0x0, 0x0, 0x0, 0x2, 0xdf, 0xf6, 0x0, 0x0,
    0x0, 0x0, 0x0, 0x0, 0x0, 0x0, 0x0, 0x0,
    0x0, 0x2f, 0xfe, 0x0, 0x0, 0x0, 0x0, 0x0,
    0x0, 0x0, 0x0, 0x0, 0x0, 0x0, 0x5f, 0xff,
    0x50, 0x0, 0x0, 0x0, 0x0, 0x0, 0x0, 0x0,
    0x0, 0x0, 0x0, 0xaf, 0xff, 0xc0, 0x0, 0x0,
    0x0, 0x0, 0x0, 0x0, 0x0, 0x0, 0x0, 0x0,
    0xef, 0xef, 0xf3, 0x0, 0x0, 0x0, 0x0, 0x0,
    0x0, 0x0, 0x0, 0x0, 0x5, 0xff, 0x4e, 0xfa,
    0x0, 0x0, 0x0, 0x0, 0x0, 0x0, 0x0, 0x0,
    0x0, 0xb, 0xfe, 0x8, 0xff, 0x30, 0x0, 0x0,
    0x0, 0x0, 0x0, 0x0, 0x0, 0x0, 0x3f, 0xf8,
    0x1, 0xff, 0xb0, 0x0, 0x0, 0x0, 0x0, 0x0,
    0x0, 0x0, 0x0, 0xbf, 0xf1, 0x0, 0x9f, 0xf5,
    0x0, 0x0, 0x0, 0x0, 0x0, 0x0, 0x0, 0x3,
    0xff, 0x90, 0x0, 0x2f, 0xfe, 0x0, 0x0, 0x0,
    0x0, 0x0, 0x0, 0x0, 0xd, 0xff, 0x10, 0x0,
    0x8, 0xff, 0xa0, 0x0, 0x0, 0x0, 0x0, 0x0,
    0x0, 0x7f, 0xf8, 0x0, 0x0, 0x0, 0xef, 0xf6,
    0x0, 0x0, 0x0, 0x0, 0x0, 0x4, 0xff, 0xd0,
    0x0, 0x0, 0x0, 0x5f, 0xff, 0x40, 0x0, 0x0,
    0x0, 0x0, 0x2e, 0xff, 0x30, 0x0, 0x0, 0x0,
    0x9, 0xff, 0xf3, 0x0, 0x0, 0x0, 0x2, 0xef,
    0xf6, 0x0, 0x0, 0x0, 0x0, 0x0, 0xdf, 0xff,
    0x50, 0x0, 0x0, 0x5f, 0xff, 0x80, 0x0, 0x0,
    0x0, 0x0, 0x0, 0x1e, 0xff, 0xf8, 0x0, 0x19,
    0xff, 0xf9, 0x0, 0x0, 0x0, 0x0, 0x0, 0x0,
    0x2, 0xef, 0xff, 0xd3, 0x3d, 0xff, 0x80, 0x0,
    0x0, 0x0, 0x0, 0x0, 0x0, 0x0, 0x2e, 0xff,
    0x60, 0x0, 0xa6, 0x0, 0x0, 0x0, 0x0, 0x0,
    0x0, 0x0, 0x0, 0x1, 0xb2, 0x0,

    /* U+5173 "关" */
    0x0, 0x0, 0x0, 0x0, 0x0, 0x0, 0x0, 0x0,
    0x10, 0x0, 0x0, 0x0, 0x0, 0x0, 0x1, 0xc3,
    0x0, 0x0, 0x0, 0x0, 0xe, 0xa1, 0x0, 0x0,
    0x0, 0x0, 0x0, 0xcf, 0xf8, 0x0, 0x0, 0x0,
    0x7, 0xff, 0xe1, 0x0, 0x0, 0x0, 0x0, 0x3,
    0xdf, 0xfd, 0x30, 0x0, 0x1, 0xff, 0xd3, 0x0,
    0x0, 0x0, 0x0, 0x0, 0x0, 0x7f, 0xff, 0x70,
    0x0, 0xbf, 0xf2, 0x0, 0x0, 0x0, 0x0, 0x0,
    0x0, 0x0, 0x3e, 0xf7, 0x0, 0x6f, 0xf5, 0x0,
    0x0, 0x0, 0x0, 0x0, 0x10, 0x0, 0x0, 0x17,
    0x0, 0x3f, 0xf9, 0x0, 0x0, 0x1, 0x0, 0x0,
    0xc, 0xff, 0xee, 0xee, 0xee, 0xef, 0xff, 0xee,
    0xee, 0xff, 0xc0, 0x0, 0x0, 0xcf, 0xff, 0xff,
    0xff, 0xff, 0xff, 0xff, 0xff, 0xff, 0xfc, 0x0,
    0x0, 0x3, 0x21, 0x0, 0x0, 0x7, 0xfe, 0x0,
    0x0, 0x0, 0x11, 0x20, 0x0, 0x0, 0x0, 0x0,
    0x0, 0x0, 0x7f, 0xe0, 0x0, 0x0, 0x0, 0x0,
    0x0, 0x0, 0x0, 0x0, 0x0, 0x0, 0x8, 0xfd,
    0x0, 0x0, 0x0, 0x0, 0x0, 0x0, 0x1, 0x0,
    0x0, 0x0, 0x0, 0x9f, 0xc0, 0x0, 0x0, 0x0,
    0x0, 0x10, 0x0, 0xbf, 0xfe, 0xee, 0xee, 0xef,
    0xff, 0xee, 0xee, 0xee, 0xef, 0xfe, 0x0, 0xb,
    0xff, 0xff, 0xff, 0xff, 0xff, 0xff, 0xff, 0xff,
    0xff, 0xff, 0xe0, 0x0, 0x32, 0x10, 0x0, 0x0,
    0x2f, 0xff, 0xf3, 0x0, 0x0, 0x1, 0x23, 0x0,
    0x0, 0x0, 0x0, 0x0, 0x9, 0xfe, 0xdf, 0xd0,
    0x0, 0x0, 0x0, 0x0, 0x0, 0x0, 0x0, 0x0,
    0x4, 0xff, 0x83, 0xff, 0xb0, 0x0, 0x0, 0x0,
    0x0, 0x0, 0x0, 0x0, 0x2, 0xef, 0xd0, 0x8,
    0xff, 0xb1, 0x0, 0x0, 0x0, 0x0, 0x0, 0x0,
    0x4, 0xef, 0xf2, 0x0, 0xa, 0xff, 0xe5, 0x0,
    0x0, 0x0, 0x0, 0x0, 0x2a, 0xff, 0xe3, 0x0,
    0x0, 0xa, 0xff, 0xfc, 0x40, 0x0, 0x0, 0x4,
    0xaf, 0xff, 0xc2, 0x0, 0x0, 0x0, 0x8, 0xff,
    0xff, 0xe9, 0x40, 0x1e, 0xff, 0xff, 0x70, 0x0,
    0x0, 0x0, 0x0, 0x3, 0xdf, 0xff, 0xf8, 0x0,
    0x4f, 0xfa, 0x10, 0x0, 0x0, 0x0, 0x0, 0x0,
    0x0, 0x5c, 0xfb, 0x0, 0x0, 0x62, 0x0, 0x0,
    0x0, 0x0, 0x0, 0x0, 0x0, 0x0, 0x3, 0x10,
    0x0,

    /* U+5185 "内" */
    0x0, 0x0, 0x0, 0x0, 0x8, 0xa8, 0x40, 0x0,
    0x0, 0x0, 0x0, 0x0, 0x0, 0x0, 0x0, 0xaf,
    0xf6, 0x0, 0x0, 0x0, 0x0, 0x0, 0x0, 0x0,
    0x0, 0x9, 0xff, 0x0, 0x0, 0x0, 0x0, 0x0,
    0x0, 0x0, 0x0, 0x0, 0x8f, 0xe0, 0x0, 0x0,
    0x0, 0x0, 0x4, 0x32, 0x11, 0x11, 0x19, 0xfe,
    0x11, 0x11, 0x11, 0x24, 0x20, 0xff, 0xff, 0xff,
    0xff, 0xff, 0xff, 0xff, 0xff, 0xff, 0xf6, 0xf,
    0xff, 0xff, 0xff, 0xff, 0xff, 0xff, 0xff, 0xff,
    0xff, 0x40, 0xff, 0x70, 0x0, 0x0, 0xbf, 0xd0,
    0x0, 0x0, 0x3f, 0xf3, 0xe, 0xf7, 0x0, 0x0,
    0xd, 0xfb, 0x0, 0x0, 0x3, 0xff, 0x30, 0xef,
    0x70, 0x0, 0x0, 0xff, 0xc0, 0x0, 0x0, 0x3f,
    0xf3, 0xe, 0xf7, 0x0, 0x0, 0x4f, 0xff, 0x90,
    0x0, 0x3, 0xff, 0x30, 0xef, 0x70, 0x0, 0xa,
    0xff, 0xff, 0x70, 0x0, 0x3f, 0xf3, 0xe, 0xf7,
    0x0, 0x2, 0xff, 0xbd, 0xff, 0x60, 0x3, 0xff,
    0x30, 0xef, 0x70, 0x0, 0xbf, 0xf3, 0x3f, 0xff,
    0x30, 0x3f, 0xf3, 0xe, 0xf7, 0x0, 0x8f, 0xf9,
    0x0, 0x6f, 0xfe, 0x13, 0xff, 0x30, 0xef, 0x70,
    0x8f, 0xfd, 0x0, 0x0, 0xaf, 0xfd, 0x4f, 0xf3,
    0xe, 0xf9, 0xcf, 0xfe, 0x20, 0x0, 0x1, 0xef,
    0xc5, 0xff, 0x30, 0xef, 0x88, 0xfd, 0x20, 0x0,
    0x0, 0x4, 0x80, 0x3f, 0xf3, 0xe, 0xf7, 0x5,
    0x0, 0x0, 0x0, 0x0, 0x0, 0x3, 0xff, 0x30,
    0xef, 0x70, 0x0, 0x0, 0x0, 0x0, 0x0, 0x0,
    0x4f, 0xf3, 0xf, 0xf8, 0x0, 0x0, 0x0, 0x0,
    0x5, 0x77, 0x7c, 0xff, 0x20, 0xff, 0x90, 0x0,
    0x0, 0x0, 0x0, 0x5f, 0xff, 0xff, 0xd0, 0xf,
    0xfa, 0x0, 0x0, 0x0, 0x0, 0x0, 0xff, 0xfe,
    0x91, 0x0, 0x0, 0x0, 0x0, 0x0, 0x0, 0x0,
    0x3, 0x31, 0x0, 0x0,

    /* U+5230 "到" */
    0x0, 0x0, 0x0, 0x0, 0x0, 0x0, 0x0, 0x0,
    0x0, 0x0, 0x0, 0x0, 0x0, 0x0, 0x0, 0x0,
    0x0, 0x0, 0x10, 0x0, 0x0, 0x5f, 0xe8, 0x1f,
    0xfe, 0xee, 0xee, 0xee, 0xee, 0xfe, 0x0, 0x0,
    0x4, 0xff, 0x51, 0xff, 0xff, 0xff, 0xff, 0xff,
    0xff, 0xe0, 0x0, 0x0, 0x4f, 0xf1, 0x3, 0x11,
    0x1b, 0xf9, 0x21, 0x11, 0x23, 0x9, 0xdb, 0x44,
    0xff, 0x10, 0x0, 0x3, 0xff, 0xd3, 0x15, 0x0,
    0x0, 0x7f, 0xf2, 0x4f, 0xf1, 0x0, 0x0, 0xcf,
    0xe1, 0x3e, 0xf5, 0x0, 0x6, 0xff, 0x4, 0xff,
    0x10, 0x0, 0x6f, 0xf4, 0x2, 0xef, 0xf3, 0x0,
    0x6f, 0xe0, 0x4f, 0xf1, 0x0, 0x2f, 0xf7, 0x0,
    0x3, 0xff, 0xe2, 0x6, 0xfe, 0x4, 0xff, 0x10,
    0x8e, 0xff, 0x99, 0xab, 0xcf, 0xff, 0xd0, 0x6f,
    0xe0, 0x4f, 0xf1, 0xc, 0xff, 0xff, 0xff, 0xff,
    0xff, 0xff, 0x86, 0xfe, 0x4, 0xff, 0x10, 0x7f,
    0xda, 0x8b, 0x84, 0x20, 0x1e, 0xb0, 0x6f, 0xe0,
    0x4f, 0xf1, 0x0, 0x0, 0x0, 0xcf, 0xf3, 0x0,
    0x30, 0x6, 0xfe, 0x4, 0xff, 0x10, 0x0, 0x0,
    0xb, 0xfc, 0x0, 0x0, 0x0, 0x6f, 0xe0, 0x4f,
    0xf1, 0x1, 0x21, 0x11, 0xbf, 0xb1, 0x11, 0x20,
    0x6, 0xfe, 0x4, 0xff, 0x10, 0x4f, 0xff, 0xff,
    0xff, 0xff, 0xff, 0x30, 0x6f, 0xe0, 0x4f, 0xf1,
    0x4, 0xfe, 0xee, 0xff, 0xfe, 0xee, 0xf3, 0x7,
    0xff, 0x4, 0xff, 0x10, 0x0, 0x0, 0xa, 0xfa,
    0x0, 0x0, 0x0, 0x9f, 0xf1, 0x4f, 0xf1, 0x0,
    0x0, 0x0, 0xaf, 0xa0, 0x0, 0x0, 0x0, 0x0,
    0x4, 0xff, 0x10, 0x0, 0x0, 0xa, 0xfa, 0x0,
    0x1, 0x53, 0x0, 0x0, 0x4f, 0xf1, 0x0, 0x0,
    0x13, 0xcf, 0xda, 0xce, 0xff, 0x20, 0x0, 0x4,
    0xff, 0x19, 0xff, 0xff, 0xff, 0xff, 0xff, 0xff,
    0xd0, 0x0, 0x0, 0x4f, 0xf1, 0x4f, 0xff, 0xff,
    0xec, 0xa8, 0x64, 0x21, 0x0, 0x1a, 0x8c, 0xff,
    0x10, 0xb9, 0x63, 0x0, 0x0, 0x0, 0x0, 0x0,
    0x0, 0xaf, 0xff, 0xd0, 0x0, 0x0, 0x0, 0x0,
    0x0, 0x0, 0x0, 0x0, 0x3, 0xfe, 0xa2, 0x0,
    0x0, 0x0, 0x0, 0x0, 0x0, 0x0, 0x0, 0x0,
    0x0, 0x0, 0x0,

    /* U+529F "功" */
    0x0, 0x0, 0x0, 0x0, 0x0, 0x0, 0x0, 0x0,
    0x0, 0x0, 0x0, 0x0, 0x0, 0x0, 0x0, 0x0,
    0x0, 0x0, 0x0, 0x5f, 0xeb, 0x0, 0x0, 0x0,
    0x0, 0x0, 0x0, 0x0, 0x0, 0x0, 0x0, 0x4f,
    0xf7, 0x0, 0x0, 0x0, 0x0, 0x0, 0x0, 0x0,
    0x0, 0x0, 0x0, 0x3f, 0xf4, 0x0, 0x0, 0x0,
    0x7, 0xca, 0xaa, 0xaa, 0xaa, 0xc8, 0x0, 0x3f,
    0xf4, 0x0, 0x0, 0x0, 0x8, 0xff, 0xff, 0xff,
    0xff, 0xf9, 0x0, 0x3f, 0xf3, 0x0, 0x0, 0x0,
    0x4, 0x76, 0x58, 0xff, 0x55, 0x75, 0x0, 0x3f,
    0xf5, 0x34, 0x46, 0x89, 0x0, 0x0, 0x4, 0xff,
    0x10, 0x4f, 0xee, 0xff, 0xff, 0xff, 0xff, 0xfd,
    0x0, 0x0, 0x4, 0xff, 0x10, 0x3f, 0xff, 0xff,
    0xfe, 0xdc, 0xbe, 0xfc, 0x0, 0x0, 0x4, 0xff,
    0x10, 0x15, 0x31, 0x5f, 0xf2, 0x0, 0xa, 0xfb,
    0x0, 0x0, 0x4, 0xff, 0x10, 0x0, 0x0, 0x5f,
    0xf2, 0x0, 0xb, 0xfb, 0x0, 0x0, 0x4, 0xff,
    0x10, 0x0, 0x0, 0x6f, 0xf1, 0x0, 0xb, 0xfa,
    0x0, 0x0, 0x4, 0xff, 0x10, 0x0, 0x0, 0x7f,
    0xf0, 0x0, 0xc, 0xfa, 0x0, 0x0, 0x4, 0xff,
    0x10, 0x0, 0x0, 0xbf, 0xd0, 0x0, 0xd, 0xfa,
    0x0, 0x0, 0x4, 0xff, 0x10, 0x1, 0x0, 0xef,
    0xa0, 0x0, 0xd, 0xf9, 0x0, 0x0, 0x4, 0xff,
    0x12, 0x9f, 0x4, 0xff, 0x50, 0x0, 0xe, 0xf8,
    0x0, 0x0, 0x4, 0xff, 0xcf, 0xfe, 0xa, 0xff,
    0x0, 0x0, 0xf, 0xf8, 0x0, 0x14, 0x8c, 0xff,
    0xff, 0xf9, 0x4f, 0xf8, 0x0, 0x0, 0xf, 0xf7,
    0xc, 0xff, 0xff, 0xfe, 0x94, 0x1, 0xef, 0xe1,
    0x0, 0x0, 0xf, 0xf6, 0x6, 0xff, 0xe9, 0x40,
    0x0, 0xc, 0xff, 0x50, 0x0, 0x0, 0x1f, 0xf5,
    0x0, 0xa4, 0x0, 0x0, 0x1, 0xcf, 0xf9, 0x0,
    0x0, 0x0, 0x3f, 0xf4, 0x0, 0x0, 0x0, 0x0,
    0x3d, 0xff, 0xb0, 0x0, 0x2b, 0x9a, 0xef, 0xf1,
    0x0, 0x0, 0x0, 0x1a, 0xff, 0xfb, 0x0, 0x0,
    0xe, 0xff, 0xff, 0x90, 0x0, 0x0, 0x0, 0x7,
    0xff, 0x90, 0x0, 0x0, 0xa, 0xfd, 0xa5, 0x0,
    0x0, 0x0, 0x0, 0x0, 0x36, 0x0, 0x0, 0x0,
    0x0, 0x0, 0x0, 0x0,

    /* U+52A8 "动" */
    0x0, 0x0, 0x0, 0x0, 0x0, 0x0, 0x0, 0x2d,
    0xb9, 0x10, 0x0, 0x0, 0x0, 0x0, 0x0, 0x0,
    0x0, 0x0, 0x2, 0xff, 0xc0, 0x0, 0x0, 0x3,
    0x32, 0x11, 0x11, 0x11, 0x32, 0x0, 0x1f, 0xf6,
    0x0, 0x0, 0x0, 0xcf, 0xff, 0xff, 0xff, 0xff,
    0x80, 0x1, 0xff, 0x60, 0x0, 0x0, 0xc, 0xfe,
    0xee, 0xee, 0xee, 0xf8, 0x0, 0x1f, 0xf6, 0x0,
    0x0, 0x0, 0x0, 0x0, 0x0, 0x0, 0x0, 0x21,
    0x1, 0xff, 0x72, 0x23, 0x45, 0x0, 0x0, 0x0,
    0x0, 0x0, 0xa, 0xff, 0xff, 0xff, 0xff, 0xff,
    0xd0, 0x0, 0x0, 0x0, 0x0, 0x0, 0x9f, 0xff,
    0xff, 0xed, 0xce, 0xfc, 0x32, 0x11, 0x11, 0x11,
    0x11, 0x26, 0x30, 0x2f, 0xf4, 0x0, 0xbf, 0xbd,
    0xff, 0xff, 0xff, 0xff, 0xff, 0xf1, 0x2, 0xff,
    0x40, 0xb, 0xfa, 0xde, 0xed, 0xef, 0xfe, 0xdd,
    0xef, 0x10, 0x3f, 0xf4, 0x0, 0xcf, 0x90, 0x0,
    0x9, 0xff, 0x80, 0x0, 0x0, 0x5, 0xff, 0x20,
    0xc, 0xf8, 0x0, 0x0, 0xef, 0x90, 0x10, 0x0,
    0x0, 0x7f, 0xf1, 0x0, 0xcf, 0x80, 0x0, 0x6f,
    0xf2, 0x9f, 0x40, 0x0, 0xa, 0xfe, 0x0, 0xd,
    0xf7, 0x0, 0xe, 0xf9, 0xd, 0xfc, 0x0, 0x0,
    0xdf, 0xb0, 0x0, 0xef, 0x60, 0x6, 0xff, 0x10,
    0x5f, 0xf4, 0x0, 0x2f, 0xf8, 0x0, 0xe, 0xf6,
    0x1, 0xef, 0x90, 0x0, 0xdf, 0xc0, 0x7, 0xff,
    0x30, 0x0, 0xff, 0x51, 0xbf, 0xf7, 0x78, 0xae,
    0xff, 0x40, 0xdf, 0xe0, 0x0, 0xf, 0xf4, 0x9f,
    0xff, 0xff, 0xff, 0xff, 0xfb, 0x5f, 0xf8, 0x0,
    0x1, 0xff, 0x41, 0xef, 0xeb, 0x97, 0x53, 0x8f,
    0xfe, 0xff, 0x10, 0x0, 0x2f, 0xf3, 0x3, 0x20,
    0x0, 0x0, 0x1, 0xce, 0xff, 0x70, 0x53, 0x2a,
    0xff, 0x20, 0x0, 0x0, 0x0, 0x0, 0xa, 0xff,
    0xc0, 0x9, 0xff, 0xff, 0xd0, 0x0, 0x0, 0x0,
    0x0, 0xc, 0xff, 0xe1, 0x0, 0x2f, 0xfe, 0x91,
    0x0, 0x0, 0x0, 0x0, 0x0, 0x6, 0xc2, 0x0,
    0x0, 0x42, 0x0, 0x0,

    /* U+5355 "单" */
    0x0, 0x0, 0x0, 0x31, 0x0, 0x0, 0x0, 0x0,
    0x50, 0x0, 0x0, 0x0, 0x0, 0x0, 0x3, 0xfe,
    0x40, 0x0, 0x0, 0x8, 0xfc, 0x30, 0x0, 0x0,
    0x0, 0x0, 0x5, 0xff, 0xf8, 0x0, 0x0, 0x1f,
    0xfe, 0x50, 0x0, 0x0, 0x0, 0x0, 0x0, 0x2d,
    0xff, 0x70, 0x0, 0xbf, 0xf3, 0x0, 0x0, 0x0,
    0x0, 0x0, 0x20, 0x0, 0xbd, 0x0, 0x5, 0xff,
    0x60, 0x1, 0x10, 0x0, 0x0, 0x1, 0xff, 0xff,
    0xff, 0xff, 0xff, 0xff, 0xff, 0xff, 0x80, 0x0,
    0x0, 0x0, 0xff, 0xff, 0xff, 0xff, 0xff, 0xff,
    0xff, 0xff, 0x70, 0x0, 0x0, 0x0, 0xef, 0x70,
    0x0, 0xf, 0xf6, 0x0, 0x0, 0xff, 0x60, 0x0,
    0x0, 0x0, 0xef, 0x70, 0x0, 0xf, 0xf6, 0x0,
    0x0, 0xff, 0x60, 0x0, 0x0, 0x0, 0xef, 0xed,
    0xdd, 0xdf, 0xfe, 0xdd, 0xdd, 0xff, 0x60, 0x0,
    0x0, 0x0, 0xef, 0xff, 0xff, 0xff, 0xff, 0xff,
    0xff, 0xff, 0x60, 0x0, 0x0, 0x0, 0xef, 0x70,
    0x0, 0xf, 0xf6, 0x0, 0x0, 0xff, 0x60, 0x0,
    0x0, 0x0, 0xef, 0x70, 0x0, 0xf, 0xf6, 0x0,
    0x0, 0xff, 0x60, 0x0, 0x0, 0x0, 0xff, 0xfe,
    0xee, 0xef, 0xfe, 0xee, 0xee, 0xff, 0x60, 0x0,
    0x0, 0x1, 0xff, 0xff, 0xff, 0xff, 0xff, 0xff,
    0xff, 0xff, 0x80, 0x0, 0x0, 0x0, 0x31, 0x0,
    0x0, 0xf, 0xf6, 0x0, 0x0, 0x12, 0x20, 0x0,
    0x0, 0x0, 0x0, 0x0, 0x0, 0xf, 0xf6, 0x0,
    0x0, 0x0, 0x0, 0x0, 0xbd, 0xcc, 0xcc, 0xcc,
    0xcc, 0xcf, 0xfd, 0xcc, 0xcc, 0xcc, 0xcc, 0xe6,
    0xbf, 0xff, 0xff, 0xff, 0xff, 0xff, 0xff, 0xff,
    0xff, 0xff, 0xff, 0xf6, 0x33, 0x22, 0x22, 0x22,
    0x22, 0x2f, 0xf7, 0x22, 0x22, 0x22, 0x22, 0x42,
    0x0, 0x0, 0x0, 0x0, 0x0, 0xf, 0xf6, 0x0,
    0x0, 0x0, 0x0, 0x0, 0x0, 0x0, 0x0, 0x0,
    0x0, 0xf, 0xf6, 0x0, 0x0, 0x0, 0x0, 0x0,
    0x0, 0x0, 0x0, 0x0, 0x0, 0xf, 0xf6, 0x0,
    0x0, 0x0, 0x0, 0x0, 0x0, 0x0, 0x0, 0x0,
    0x0, 0xf, 0xf7, 0x0, 0x0, 0x0, 0x0, 0x0,
    0x0, 0x0, 0x0, 0x0, 0x0, 0x2f, 0xf8, 0x0,
    0x0, 0x0, 0x0, 0x0, 0x0, 0x0, 0x0, 0x0,
    0x0, 0x1, 0x10, 0x0, 0x0, 0x0, 0x0, 0x0,

    /* U+53D7 "受" */
    0x0, 0x0, 0x0, 0x0, 0x0, 0x0, 0x0, 0x0,
    0x1, 0x5b, 0x20, 0x0, 0x0, 0x7, 0x65, 0x44,
    0x44, 0x45, 0x67, 0x9b, 0xef, 0xff, 0xc0, 0x0,
    0x0, 0xa, 0xff, 0xff, 0xff, 0xff, 0xff, 0xff,
    0xff, 0xff, 0xf7, 0x0, 0x0, 0x3, 0xcd, 0xdc,
    0xcc, 0xcf, 0xc8, 0x76, 0x43, 0xda, 0x10, 0x0,
    0x0, 0x0, 0x3c, 0x90, 0x0, 0xdf, 0xc0, 0x0,
    0x6, 0xff, 0xe0, 0x0, 0x0, 0x0, 0x9f, 0xf6,
    0x0, 0x6f, 0xf6, 0x0, 0x1f, 0xfd, 0x20, 0x0,
    0x0, 0x0, 0xc, 0xff, 0x30, 0xc, 0xfe, 0x0,
    0xcf, 0xe2, 0x0, 0x0, 0x0, 0x0, 0x1, 0xef,
    0xa0, 0x4, 0xfb, 0x29, 0xff, 0x30, 0x0, 0x0,
    0x7, 0xff, 0xee, 0xff, 0xee, 0xee, 0xfe, 0xef,
    0xff, 0xee, 0xef, 0xb0, 0x6, 0xff, 0xff, 0xff,
    0xff, 0xff, 0xff, 0xff, 0xff, 0xff, 0xff, 0xa0,
    0x5, 0xff, 0x0, 0x0, 0x0, 0x0, 0x0, 0x0,
    0x0, 0x0, 0xcf, 0x90, 0x6, 0xff, 0x13, 0x10,
    0x0, 0x0, 0x0, 0x0, 0x1, 0x20, 0xdf, 0xa0,
    0x7, 0xff, 0x4f, 0xff, 0xff, 0xff, 0xff, 0xff,
    0xff, 0xb0, 0xef, 0xb0, 0x0, 0x11, 0x2f, 0xff,
    0xff, 0xee, 0xee, 0xef, 0xff, 0x20, 0x0, 0x0,
    0x0, 0x0, 0x1, 0xc, 0xfd, 0x0, 0x0, 0x7f,
    0xf5, 0x0, 0x0, 0x0, 0x0, 0x0, 0x0, 0x2,
    0xff, 0x90, 0x4, 0xff, 0x90, 0x0, 0x0, 0x0,
    0x0, 0x0, 0x0, 0x0, 0x7f, 0xf7, 0x4f, 0xfc,
    0x0, 0x0, 0x0, 0x0, 0x0, 0x0, 0x0, 0x0,
    0xa, 0xff, 0xff, 0xd1, 0x0, 0x0, 0x0, 0x0,
    0x0, 0x0, 0x0, 0x0, 0x2, 0xff, 0xff, 0x40,
    0x0, 0x0, 0x0, 0x0, 0x0, 0x0, 0x0, 0x1,
    0x8f, 0xff, 0xff, 0xfb, 0x40, 0x0, 0x0, 0x0,
    0x0, 0x0, 0x36, 0xbf, 0xff, 0xe6, 0x4d, 0xff,
    0xfe, 0x96, 0x32, 0x10, 0x4e, 0xef, 0xff, 0xff,
    0xe8, 0x10, 0x0, 0x6d, 0xff, 0xff, 0xff, 0xf4,
    0xa, 0xff, 0xff, 0xb6, 0x0, 0x0, 0x0, 0x0,
    0x39, 0xef, 0xff, 0x80, 0x3, 0xb8, 0x51, 0x0,
    0x0, 0x0, 0x0, 0x0, 0x0, 0x3, 0x8c, 0x0,

    /* U+542F "启" */
    0x0, 0x0, 0x0, 0x0, 0x0, 0x30, 0x0, 0x0,
    0x0, 0x0, 0x0, 0x0, 0x0, 0x0, 0x0, 0x0,
    0x1f, 0xe7, 0x10, 0x0, 0x0, 0x0, 0x0, 0x0,
    0x0, 0x0, 0x0, 0x6, 0xff, 0xff, 0x81, 0x0,
    0x0, 0x0, 0x0, 0x0, 0x0, 0x0, 0x0, 0x1,
    0x8e, 0xff, 0xb0, 0x0, 0x0, 0x0, 0x0, 0x0,
    0x3, 0x10, 0x0, 0x0, 0x19, 0xf3, 0x0, 0x1,
    0x22, 0x0, 0x0, 0x1, 0xff, 0xff, 0xff, 0xff,
    0xff, 0xff, 0xff, 0xff, 0x90, 0x0, 0x0, 0xf,
    0xff, 0xee, 0xee, 0xee, 0xee, 0xee, 0xef, 0xf8,
    0x0, 0x0, 0x0, 0xff, 0x60, 0x0, 0x0, 0x0,
    0x0, 0x0, 0xef, 0x70, 0x0, 0x0, 0xf, 0xf6,
    0x0, 0x0, 0x0, 0x0, 0x0, 0xe, 0xf7, 0x0,
    0x0, 0x0, 0xff, 0x60, 0x0, 0x0, 0x0, 0x0,
    0x0, 0xef, 0x70, 0x0, 0x0, 0xf, 0xff, 0xee,
    0xee, 0xee, 0xee, 0xee, 0xef, 0xf8, 0x0, 0x0,
    0x0, 0xff, 0xff, 0xff, 0xff, 0xff, 0xff, 0xff,
    0xff, 0x90, 0x0, 0x0, 0xf, 0xf6, 0x0, 0x0,
    0x0, 0x0, 0x0, 0x1, 0x32, 0x0, 0x0, 0x0,
    0xff, 0x60, 0x0, 0x0, 0x0, 0x0, 0x0, 0x0,
    0x0, 0x0, 0x0, 0x2f, 0xfa, 0xdc, 0xbb, 0xbb,
    0xbb, 0xbb, 0xbc, 0xde, 0x20, 0x0, 0x4, 0xff,
    0x7f, 0xff, 0xff, 0xff, 0xff, 0xff, 0xff, 0xf1,
    0x0, 0x0, 0x8f, 0xe3, 0xff, 0x53, 0x33, 0x33,
    0x33, 0x37, 0xff, 0x0, 0x0, 0xc, 0xfa, 0x3f,
    0xf2, 0x0, 0x0, 0x0, 0x0, 0x5f, 0xf0, 0x0,
    0x2, 0xff, 0x43, 0xff, 0x20, 0x0, 0x0, 0x0,
    0x5, 0xff, 0x0, 0x0, 0xaf, 0xd0, 0x3f, 0xf2,
    0x0, 0x0, 0x0, 0x0, 0x5f, 0xf0, 0x0, 0x4f,
    0xf5, 0x3, 0xff, 0x20, 0x0, 0x0, 0x0, 0x5,
    0xff, 0x0, 0x1e, 0xfb, 0x0, 0x3f, 0xff, 0xff,
    0xff, 0xff, 0xff, 0xff, 0xf0, 0x1e, 0xfe, 0x10,
    0x3, 0xff, 0xff, 0xff, 0xff, 0xff, 0xff, 0xff,
    0x0, 0x28, 0x40, 0x0, 0x4f, 0xf2, 0x0, 0x0,
    0x0, 0x0, 0x6f, 0xf2, 0x0, 0x0, 0x0, 0x6,
    0xff, 0x40, 0x0, 0x0, 0x0, 0x0, 0x0, 0x0,

    /* U+56DE "回" */
    0x3, 0x21, 0x0, 0x0, 0x0, 0x0, 0x0, 0x0,
    0x1, 0x12, 0x10, 0xff, 0xff, 0xff, 0xff, 0xff,
    0xff, 0xff, 0xff, 0xff, 0xf7, 0xf, 0xff, 0xff,
    0xff, 0xff, 0xff, 0xff, 0xff, 0xff, 0xff, 0x60,
    0xef, 0x80, 0x0, 0x0, 0x0, 0x0, 0x0, 0x0,
    0x1f, 0xf6, 0xe, 0xf8, 0x0, 0x0, 0x0, 0x0,
    0x0, 0x0, 0x1, 0xff, 0x60, 0xef, 0x80, 0x24,
    0x33, 0x33, 0x33, 0x34, 0x30, 0x1f, 0xf6, 0xe,
    0xf8, 0x4, 0xff, 0xff, 0xff, 0xff, 0xf8, 0x1,
    0xff, 0x60, 0xef, 0x80, 0x3f, 0xfc, 0xcc, 0xcc,
    0xff, 0x60, 0x1f, 0xf6, 0xe, 0xf8, 0x2, 0xff,
    0x20, 0x0, 0xe, 0xf6, 0x1, 0xff, 0x60, 0xef,
    0x80, 0x2f, 0xf2, 0x0, 0x0, 0xef, 0x60, 0x1f,
    0xf6, 0xe, 0xf8, 0x2, 0xff, 0x20, 0x0, 0xe,
    0xf6, 0x1, 0xff, 0x60, 0xef, 0x80, 0x2f, 0xf2,
    0x0, 0x0, 0xef, 0x60, 0x1f, 0xf6, 0xe, 0xf8,
    0x3, 0xff, 0x42, 0x22, 0x2e, 0xf6, 0x1, 0xff,
    0x60, 0xef, 0x80, 0x4f, 0xff, 0xff, 0xff, 0xff,
    0x70, 0x1f, 0xf6, 0xe, 0xf8, 0x5, 0xed, 0xcc,
    0xcc, 0xcd, 0xe8, 0x1, 0xff, 0x60, 0xef, 0x80,
    0x0, 0x0, 0x0, 0x0, 0x0, 0x0, 0x1f, 0xf6,
    0xe, 0xf8, 0x0, 0x0, 0x0, 0x0, 0x0, 0x0,
    0x1, 0xff, 0x60, 0xef, 0x81, 0x11, 0x11, 0x11,
    0x11, 0x11, 0x11, 0x1f, 0xf6, 0xe, 0xff, 0xff,
    0xff, 0xff, 0xff, 0xff, 0xff, 0xff, 0xff, 0x60,
    0xef, 0xfe, 0xee, 0xee, 0xee, 0xee, 0xee, 0xee,
    0xef, 0xf6, 0xf, 0xf8, 0x0, 0x0, 0x0, 0x0,
    0x0, 0x0, 0x2, 0xff, 0x60, 0xff, 0x90, 0x0,
    0x0, 0x0, 0x0, 0x0, 0x0, 0x29, 0x94, 0x0,
    0x0, 0x0, 0x0, 0x0, 0x0, 0x0, 0x0, 0x0,
    0x0, 0x0,

    /* U+56FE "图" */
    0x4, 0x33, 0x22, 0x22, 0x22, 0x22, 0x22, 0x22,
    0x22, 0x33, 0x41, 0x1f, 0xff, 0xff, 0xff, 0xff,
    0xff, 0xff, 0xff, 0xff, 0xff, 0xf4, 0x1f, 0xfd,
    0xcc, 0xcc, 0xef, 0xfc, 0xcc, 0xcc, 0xcc, 0xdf,
    0xf3, 0xf, 0xf5, 0x0, 0x0, 0xef, 0xd2, 0x0,
    0x0, 0x0, 0x3f, 0xf3, 0xf, 0xf5, 0x0, 0x9,
    0xff, 0xee, 0xee, 0xef, 0xb0, 0x3f, 0xf2, 0xf,
    0xf5, 0x0, 0x6f, 0xff, 0xff, 0xff, 0xfd, 0x10,
    0x3f, 0xf2, 0xf, 0xf5, 0x7, 0xff, 0xa4, 0x1,
    0xcf, 0xf3, 0x0, 0x3f, 0xf2, 0xf, 0xf5, 0xaf,
    0xfb, 0xef, 0x7b, 0xff, 0x40, 0x0, 0x3f, 0xf2,
    0xf, 0xf5, 0xa, 0x80, 0xaf, 0xff, 0xf4, 0x0,
    0x0, 0x3f, 0xf2, 0xf, 0xf5, 0x0, 0x0, 0x7f,
    0xff, 0xfb, 0x40, 0x0, 0x3f, 0xf2, 0xf, 0xf5,
    0x1, 0x7e, 0xff, 0xda, 0xff, 0xfd, 0x83, 0x3f,
    0xf2, 0xf, 0xfb, 0xcf, 0xff, 0xff, 0x91, 0x3c,
    0xff, 0xff, 0xff, 0xf2, 0xf, 0xfa, 0xff, 0xf9,
    0x4f, 0xff, 0x91, 0x4b, 0xff, 0x6f, 0xf2, 0xf,
    0xf5, 0x58, 0x10, 0x4, 0xbf, 0xff, 0x30, 0x25,
    0x3f, 0xf2, 0xf, 0xf5, 0x0, 0x3, 0xc5, 0x4,
    0xde, 0x0, 0x0, 0x3f, 0xf2, 0xf, 0xf5, 0x0,
    0xb, 0xff, 0xe7, 0x12, 0x0, 0x0, 0x3f, 0xf2,
    0xf, 0xf5, 0x0, 0x3, 0x9f, 0xff, 0xe7, 0x10,
    0x0, 0x3f, 0xf2, 0xf, 0xf5, 0x0, 0x0, 0x0,
    0x6e, 0xff, 0xe0, 0x0, 0x3f, 0xf2, 0xf, 0xf6,
    0x0, 0x0, 0x0, 0x1, 0x7e, 0x70, 0x0, 0x3f,
    0xf2, 0xf, 0xff, 0xff, 0xff, 0xff, 0xff, 0xff,
    0xff, 0xff, 0xff, 0xf3, 0xf, 0xfe, 0xee, 0xee,
    0xee, 0xee, 0xee, 0xee, 0xee, 0xef, 0xf3, 0x1f,
    0xf6, 0x0, 0x0, 0x0, 0x0, 0x0, 0x0, 0x0,
    0x4f, 0xf4, 0x2f, 0xf8, 0x0, 0x0, 0x0, 0x0,
    0x0, 0x0, 0x0, 0x0, 0x0,

    /* U+57CE "城" */
    0x0, 0x0, 0x20, 0x0, 0x0, 0x0, 0x0, 0x2,
    0xca, 0x80, 0x20, 0x0, 0x0, 0x0, 0x3, 0xff,
    0xb0, 0x0, 0x0, 0x0, 0x2, 0xff, 0xb7, 0xf6,
    0x0, 0x0, 0x0, 0x1, 0xff, 0x60, 0x0, 0x0,
    0x0, 0x1, 0xff, 0x6c, 0xff, 0x80, 0x0, 0x0,
    0x0, 0xff, 0x40, 0x0, 0x0, 0x0, 0x0, 0xff,
    0x50, 0x9f, 0xf6, 0x0, 0x0, 0x0, 0xff, 0x40,
    0x0, 0x0, 0x0, 0x0, 0xff, 0x60, 0x8, 0xd0,
    0x0, 0x0, 0x0, 0xff, 0x40, 0x8, 0xcb, 0xaa,
    0xaa, 0xff, 0xca, 0xaa, 0xcc, 0x80, 0x0, 0x0,
    0xff, 0x40, 0x7, 0xff, 0xff, 0xff, 0xff, 0xff,
    0xff, 0xff, 0x90, 0xe, 0xed, 0xff, 0xee, 0xe6,
    0xff, 0x44, 0x44, 0xcf, 0xb4, 0x44, 0x46, 0x40,
    0xf, 0xff, 0xff, 0xff, 0xe5, 0xfe, 0x0, 0x0,
    0xaf, 0xb0, 0x6c, 0x71, 0x0, 0x3, 0x22, 0xff,
    0x52, 0x35, 0xfe, 0x0, 0x0, 0x8f, 0xd0, 0x8f,
    0xf8, 0x0, 0x0, 0x0, 0xff, 0x40, 0x5, 0xff,
    0xdd, 0xde, 0xcf, 0xe0, 0xaf, 0xd0, 0x0, 0x0,
    0x0, 0xff, 0x40, 0x5, 0xff, 0xff, 0xff, 0x8f,
    0xf1, 0xef, 0x90, 0x0, 0x0, 0x0, 0xff, 0x40,
    0x5, 0xfe, 0x23, 0xff, 0x4f, 0xf7, 0xff, 0x40,
    0x0, 0x0, 0x0, 0xff, 0x40, 0x6, 0xfd, 0x1,
    0xff, 0x3d, 0xfe, 0xff, 0x0, 0x0, 0x0, 0x0,
    0xff, 0x41, 0x8a, 0xfc, 0x1, 0xff, 0x39, 0xff,
    0xfa, 0x0, 0x0, 0x0, 0x0, 0xff, 0xdf, 0xfa,
    0xfa, 0x2, 0xff, 0x25, 0xff, 0xf3, 0x0, 0x0,
    0x25, 0x8c, 0xff, 0xff, 0xfc, 0xf8, 0x3, 0xff,
    0x21, 0xff, 0xd0, 0x0, 0x0, 0x7f, 0xff, 0xff,
    0xb6, 0x3f, 0xfd, 0xac, 0xff, 0x6, 0xff, 0xc0,
    0x0, 0x0, 0xf, 0xfc, 0x60, 0x0, 0x6f, 0xf9,
    0xff, 0xfa, 0x2f, 0xff, 0xf2, 0x5, 0x0, 0x5,
    0x30, 0x0, 0x0, 0xdf, 0xb2, 0xeb, 0x61, 0xdf,
    0xff, 0xf9, 0xf, 0x20, 0x0, 0x0, 0x0, 0x7,
    0xff, 0x30, 0x0, 0x2d, 0xff, 0x48, 0xff, 0x5f,
    0xf1, 0x0, 0x0, 0x0, 0x5f, 0xf9, 0x0, 0x6,
    0xef, 0xf6, 0x1, 0xef, 0xff, 0xe0, 0x0, 0x0,
    0x5, 0xff, 0xd0, 0x0, 0x3d, 0xff, 0x70, 0x0,
    0x4f, 0xff, 0x90, 0x0, 0x0, 0x0, 0x2b, 0x20,
    0x0, 0x0, 0x96, 0x0, 0x0, 0x5, 0xdd, 0x20,
    0x0, 0x0, 0x0, 0x0, 0x0, 0x0, 0x0, 0x0,
    0x0, 0x0, 0x0, 0x0, 0x0,

    /* U+5929 "天" */
    0x0, 0x0, 0x55, 0x43, 0x33, 0x33, 0x33, 0x33,
    0x33, 0x33, 0x45, 0x0, 0x0, 0x0, 0x0, 0xdf,
    0xff, 0xff, 0xff, 0xff, 0xff, 0xff, 0xff, 0xfd,
    0x0, 0x0, 0x0, 0x0, 0xce, 0xdc, 0xcc, 0xcc,
    0xff, 0xdc, 0xcc, 0xcd, 0xec, 0x0, 0x0, 0x0,
    0x0, 0x0, 0x0, 0x0, 0x3, 0xff, 0x40, 0x0,
    0x0, 0x0, 0x0, 0x0, 0x0, 0x0, 0x0, 0x0,
    0x0, 0x4, 0xff, 0x40, 0x0, 0x0, 0x0, 0x0,
    0x0, 0x0, 0x0, 0x0, 0x0, 0x0, 0x5, 0xff,
    0x30, 0x0, 0x0, 0x0, 0x0, 0x0, 0x0, 0x0,
    0x0, 0x0, 0x0, 0x6, 0xff, 0x20, 0x0, 0x0,
    0x0, 0x0, 0x0, 0x0, 0x54, 0x33, 0x33, 0x33,
    0x38, 0xff, 0x43, 0x33, 0x33, 0x33, 0x51, 0x0,
    0x0, 0xef, 0xff, 0xff, 0xff, 0xff, 0xff, 0xff,
    0xff, 0xff, 0xff, 0xf4, 0x0, 0x0, 0xee, 0xdc,
    0xcc, 0xcc, 0xcf, 0xff, 0xfc, 0xcc, 0xcc, 0xcd,
    0xe4, 0x0, 0x0, 0x0, 0x0, 0x0, 0x0, 0x1f,
    0xff, 0xf1, 0x0, 0x0, 0x0, 0x0, 0x0, 0x0,
    0x0, 0x0, 0x0, 0x0, 0x6f, 0xff, 0xf7, 0x0,
    0x0, 0x0, 0x0, 0x0, 0x0, 0x0, 0x0, 0x0,
    0x0, 0xdf, 0xeb, 0xfe, 0x0, 0x0, 0x0, 0x0,
    0x0, 0x0, 0x0, 0x0, 0x0, 0x6, 0xff, 0x84,
    0xff, 0x80, 0x0, 0x0, 0x0, 0x0, 0x0, 0x0,
    0x0, 0x0, 0x1e, 0xff, 0x10, 0xcf, 0xf3, 0x0,
    0x0, 0x0, 0x0, 0x0, 0x0, 0x0, 0x0, 0xcf,
    0xf7, 0x0, 0x2f, 0xfe, 0x10, 0x0, 0x0, 0x0,
    0x0, 0x0, 0x0, 0xb, 0xff, 0xb0, 0x0, 0x6,
    0xff, 0xd1, 0x0, 0x0, 0x0, 0x0, 0x0, 0x1,
    0xcf, 0xfd, 0x0, 0x0, 0x0, 0x8f, 0xfe, 0x30,
    0x0, 0x0, 0x0, 0x0, 0x7f, 0xff, 0xc1, 0x0,
    0x0, 0x0, 0x9, 0xff, 0xf9, 0x10, 0x0, 0x1,
    0x7e, 0xff, 0xfa, 0x0, 0x0, 0x0, 0x0, 0x0,
    0x7f, 0xff, 0xf9, 0x30, 0xa, 0xff, 0xfe, 0x60,
    0x0, 0x0, 0x0, 0x0, 0x0, 0x4, 0xef, 0xff,
    0x50, 0x0, 0x8f, 0xa1, 0x0, 0x0, 0x0, 0x0,
    0x0, 0x0, 0x0, 0x19, 0xf4, 0x0, 0x0, 0x1,
    0x0, 0x0, 0x0, 0x0, 0x0, 0x0, 0x0, 0x0,
    0x0, 0x10, 0x0,

    /* U+5934 "头" */
    0x0, 0x0, 0x0, 0x0, 0x0, 0x0, 0x0, 0x0,
    0x0, 0x0, 0x0, 0x0, 0x0, 0x0, 0x0, 0x0,
    0x0, 0x0, 0xd, 0xca, 0x30, 0x0, 0x0, 0x0,
    0x0, 0x0, 0x1, 0xa2, 0x0, 0x0, 0xd, 0xff,
    0x10, 0x0, 0x0, 0x0, 0x0, 0x0, 0x9, 0xff,
    0x80, 0x0, 0xc, 0xfc, 0x0, 0x0, 0x0, 0x0,
    0x0, 0x0, 0x5, 0xef, 0xfd, 0x40, 0xb, 0xfc,
    0x0, 0x0, 0x0, 0x0, 0x0, 0x0, 0x0, 0x8,
    0xff, 0xfa, 0xa, 0xfb, 0x0, 0x0, 0x0, 0x0,
    0x0, 0x0, 0x0, 0x0, 0x3d, 0xfa, 0xb, 0xfb,
    0x0, 0x0, 0x0, 0x0, 0x0, 0x0, 0x72, 0x0,
    0x0, 0x90, 0xb, 0xfa, 0x0, 0x0, 0x0, 0x0,
    0x0, 0x4, 0xff, 0x81, 0x0, 0x0, 0xc, 0xf9,
    0x0, 0x0, 0x0, 0x0, 0x0, 0x5, 0xef, 0xfe,
    0x50, 0x0, 0xe, 0xf8, 0x0, 0x0, 0x0, 0x0,
    0x0, 0x0, 0x8, 0xff, 0xfb, 0x10, 0xf, 0xf6,
    0x0, 0x0, 0x0, 0x0, 0x0, 0x0, 0x0, 0x2d,
    0xfe, 0x10, 0x1f, 0xf4, 0x0, 0x0, 0x0, 0x0,
    0x0, 0x0, 0x0, 0x0, 0x94, 0x0, 0x4f, 0xf2,
    0x0, 0x0, 0x0, 0x0, 0x13, 0x10, 0x0, 0x0,
    0x0, 0x0, 0x8f, 0xf0, 0x0, 0x0, 0x2, 0x30,
    0x5f, 0xff, 0xff, 0xff, 0xff, 0xff, 0xff, 0xff,
    0xff, 0xff, 0xff, 0xf2, 0x5f, 0xff, 0xff, 0xff,
    0xff, 0xff, 0xff, 0xff, 0xff, 0xff, 0xff, 0xf2,
    0x13, 0x10, 0x0, 0x0, 0x0, 0xb, 0xff, 0x11,
    0x0, 0x0, 0x2, 0x30, 0x0, 0x0, 0x0, 0x0,
    0x0, 0x7f, 0xf7, 0x5f, 0x60, 0x0, 0x0, 0x0,
    0x0, 0x0, 0x0, 0x0, 0x5, 0xff, 0xc0, 0xef,
    0xfb, 0x10, 0x0, 0x0, 0x0, 0x0, 0x0, 0x0,
    0x8f, 0xfe, 0x10, 0x1b, 0xff, 0xe5, 0x0, 0x0,
    0x0, 0x0, 0x0, 0x4d, 0xff, 0xd2, 0x0, 0x0,
    0x6f, 0xff, 0xa0, 0x0, 0x0, 0x3, 0x7d, 0xff,
    0xfa, 0x10, 0x0, 0x0, 0x2, 0xcf, 0xfd, 0x30,
    0xa, 0xff, 0xff, 0xfd, 0x50, 0x0, 0x0, 0x0,
    0x0, 0xa, 0xff, 0xf5, 0x2, 0xff, 0xfd, 0x60,
    0x0, 0x0, 0x0, 0x0, 0x0, 0x0, 0x7f, 0xe1,
    0x0, 0x59, 0x30, 0x0, 0x0, 0x0, 0x0, 0x0,
    0x0, 0x0, 0x4, 0x30,

    /* U+59CB "始" */
    0x0, 0x0, 0x0, 0x0, 0x0, 0x0, 0x0, 0x0,
    0x10, 0x0, 0x0, 0x0, 0x0, 0x0, 0x0, 0xb,
    0x73, 0x0, 0x0, 0x0, 0x0, 0xed, 0x70, 0x0,
    0x0, 0x0, 0x0, 0x0, 0xf, 0xff, 0x40, 0x0,
    0x0, 0x4, 0xff, 0xd2, 0x0, 0x0, 0x0, 0x0,
    0x0, 0x1f, 0xf9, 0x0, 0x0, 0x0, 0xb, 0xfe,
    0x10, 0x0, 0x0, 0x0, 0x0, 0x0, 0x2f, 0xf5,
    0x0, 0x0, 0x0, 0x3f, 0xf6, 0x0, 0x20, 0x0,
    0x0, 0x0, 0x0, 0x4f, 0xf3, 0x0, 0x0, 0x0,
    0xcf, 0xd0, 0x7, 0xf6, 0x0, 0x0, 0x0, 0x0,
    0x6f, 0xf0, 0x0, 0x0, 0x5, 0xff, 0x40, 0xc,
    0xff, 0x30, 0x0, 0x5, 0xa9, 0xcf, 0xf9, 0xab,
    0xd3, 0xd, 0xfa, 0x0, 0x1, 0xef, 0xd0, 0x0,
    0x6, 0xff, 0xff, 0xff, 0xff, 0xf2, 0xbf, 0xe1,
    0x0, 0x11, 0x7f, 0xf9, 0x0, 0x3, 0x86, 0xff,
    0xa5, 0xaf, 0xeb, 0xff, 0xff, 0xff, 0xff, 0xff,
    0xff, 0x40, 0x0, 0x1, 0xff, 0x40, 0x9f, 0xc5,
    0xff, 0xff, 0xfd, 0xcb, 0xa9, 0xef, 0xe0, 0x0,
    0x5, 0xff, 0x10, 0xbf, 0xa0, 0x74, 0x20, 0x0,
    0x0, 0x0, 0x6c, 0x20, 0x0, 0x9, 0xfd, 0x0,
    0xef, 0x70, 0x0, 0x0, 0x0, 0x0, 0x0, 0x0,
    0x0, 0x0, 0xe, 0xf9, 0x2, 0xff, 0x40, 0x8f,
    0xfe, 0xee, 0xee, 0xef, 0xf2, 0x0, 0x0, 0x3f,
    0xf5, 0x6, 0xff, 0x10, 0x7f, 0xff, 0xff, 0xff,
    0xff, 0xf1, 0x0, 0x0, 0x8f, 0xfc, 0x1b, 0xfc,
    0x0, 0x6f, 0xe0, 0x0, 0x0, 0x6f, 0xf0, 0x0,
    0x0, 0x8, 0xff, 0xef, 0xf7, 0x0, 0x6f, 0xe0,
    0x0, 0x0, 0x6f, 0xf0, 0x0, 0x0, 0x0, 0x4f,
    0xff, 0xf1, 0x0, 0x6f, 0xe0, 0x0, 0x0, 0x6f,
    0xf0, 0x0, 0x0, 0x0, 0x5, 0xff, 0xf5, 0x0,
    0x6f, 0xe0, 0x0, 0x0, 0x6f, 0xf0, 0x0, 0x0,
    0x0, 0xb, 0xff, 0xff, 0x60, 0x6f, 0xe0, 0x0,
    0x0, 0x6f, 0xf0, 0x0, 0x0, 0x0, 0xaf, 0xf8,
    0xef, 0xf6, 0x6f, 0xe1, 0x11, 0x11, 0x6f, 0xf0,
    0x0, 0x0, 0x1b, 0xff, 0x80, 0x2e, 0xe1, 0x6f,
    0xff, 0xff, 0xff, 0xff, 0xf0, 0x0, 0x5, 0xef,
    0xf7, 0x0, 0x4, 0x30, 0x7f, 0xfd, 0xdd, 0xdd,
    0xef, 0xf0, 0x0, 0x5, 0xcf, 0x50, 0x0, 0x0,
    0x0, 0x8f, 0xf0, 0x0, 0x0, 0x7f, 0xf1, 0x0,
    0x0, 0x1, 0x0, 0x0, 0x0, 0x0, 0x12, 0x20,
    0x0, 0x0, 0x0, 0x0, 0x0,

    /* U+5B50 "子" */
    0x0, 0x1, 0x0, 0x0, 0x0, 0x0, 0x0, 0x0,
    0x0, 0x0, 0x11, 0x0, 0x0, 0xd, 0xff, 0xff,
    0xff, 0xff, 0xff, 0xff, 0xff, 0xff, 0xf2, 0x0,
    0x0, 0xd, 0xff, 0xff, 0xff, 0xff, 0xff, 0xff,
    0xff, 0xff, 0x40, 0x0, 0x0, 0x3, 0x21, 0x11,
    0x11, 0x11, 0x11, 0x15, 0xff, 0xf4, 0x0, 0x0,
    0x0, 0x0, 0x0, 0x0, 0x0, 0x0, 0x0, 0x5f,
    0xff, 0x40, 0x0, 0x0, 0x0, 0x0, 0x0, 0x0,
    0x0, 0x0, 0x7, 0xff, 0xe3, 0x0, 0x0, 0x0,
    0x0, 0x0, 0x0, 0x0, 0x0, 0x1, 0xbf, 0xfd,
    0x20, 0x0, 0x0, 0x0, 0x0, 0x0, 0x0, 0x0,
    0x0, 0x2e, 0xff, 0xa0, 0x0, 0x0, 0x0, 0x0,
    0x0, 0x0, 0x0, 0x0, 0x0, 0x4f, 0xf8, 0x0,
    0x0, 0x0, 0x0, 0x0, 0x13, 0x11, 0x0, 0x0,
    0x0, 0x3f, 0xf4, 0x0, 0x0, 0x0, 0x11, 0x31,
    0x5f, 0xff, 0xff, 0xff, 0xff, 0xff, 0xff, 0xff,
    0xff, 0xff, 0xff, 0xf5, 0x5f, 0xff, 0xff, 0xff,
    0xff, 0xff, 0xff, 0xff, 0xff, 0xff, 0xff, 0xf5,
    0x1, 0x0, 0x0, 0x0, 0x0, 0x3f, 0xf4, 0x0,
    0x0, 0x0, 0x0, 0x10, 0x0, 0x0, 0x0, 0x0,
    0x0, 0x3f, 0xf4, 0x0, 0x0, 0x0, 0x0, 0x0,
    0x0, 0x0, 0x0, 0x0, 0x0, 0x3f, 0xf4, 0x0,
    0x0, 0x0, 0x0, 0x0, 0x0, 0x0, 0x0, 0x0,
    0x0, 0x3f, 0xf4, 0x0, 0x0, 0x0, 0x0, 0x0,
    0x0, 0x0, 0x0, 0x0, 0x0, 0x3f, 0xf4, 0x0,
    0x0, 0x0, 0x0, 0x0, 0x0, 0x0, 0x0, 0x0,
    0x0, 0x3f, 0xf4, 0x0, 0x0, 0x0, 0x0, 0x0,
    0x0, 0x0, 0x0, 0x0, 0x0, 0x3f, 0xf4, 0x0,
    0x0, 0x0, 0x0, 0x0, 0x0, 0x0, 0x0, 0x0,
    0x0, 0x3f, 0xf3, 0x0, 0x0, 0x0, 0x0, 0x0,
    0x0, 0x0, 0x0, 0x9, 0x87, 0xbf, 0xf3, 0x0,
    0x0, 0x0, 0x0, 0x0, 0x0, 0x0, 0x0, 0x9,
    0xff, 0xff, 0xe0, 0x0, 0x0, 0x0, 0x0, 0x0,
    0x0, 0x0, 0x0, 0x2, 0xff, 0xd9, 0x20, 0x0,
    0x0, 0x0, 0x0, 0x0, 0x0, 0x0, 0x0, 0x0,
    0x0, 0x0, 0x0, 0x0, 0x0, 0x0, 0x0, 0x0,

    /* U+5B58 "存" */
    0x0, 0x0, 0x0, 0x0, 0x17, 0x41, 0x0, 0x0,
    0x0, 0x0, 0x0, 0x0, 0x0, 0x0, 0x0, 0x0,
    0x3f, 0xfe, 0x0, 0x0, 0x0, 0x0, 0x0, 0x0,
    0x0, 0x0, 0x0, 0x0, 0x6f, 0xf4, 0x0, 0x0,
    0x0, 0x0, 0x0, 0x0, 0x1, 0x10, 0x0, 0x0,
    0xaf, 0xe0, 0x0, 0x0, 0x0, 0x0, 0x1, 0x20,
    0xd, 0xff, 0xff, 0xff, 0xff, 0xff, 0xff, 0xff,
    0xff, 0xff, 0xff, 0xf0, 0xd, 0xff, 0xff, 0xff,
    0xff, 0xff, 0xff, 0xff, 0xff, 0xff, 0xff, 0xf0,
    0x1, 0x10, 0x0, 0xb, 0xfd, 0x0, 0x0, 0x0,
    0x0, 0x0, 0x0, 0x20, 0x0, 0x0, 0x0, 0x2f,
    0xf5, 0x0, 0x0, 0x0, 0x0, 0x0, 0x0, 0x0,
    0x0, 0x0, 0x0, 0xbf, 0xe0, 0x6d, 0xcb, 0xbb,
    0xbb, 0xbb, 0xbc, 0xa0, 0x0, 0x0, 0x4, 0xff,
    0x60, 0x7f, 0xff, 0xff, 0xff, 0xff, 0xfe, 0x10,
    0x0, 0x0, 0x1e, 0xfd, 0x0, 0x26, 0x54, 0x44,
    0x46, 0xff, 0xe2, 0x0, 0x0, 0x0, 0xcf, 0xf4,
    0x0, 0x0, 0x0, 0x0, 0x2e, 0xfe, 0x20, 0x0,
    0x0, 0xb, 0xff, 0xf1, 0x0, 0x0, 0x0, 0x4,
    0xff, 0xd2, 0x0, 0x0, 0x2, 0xcf, 0xff, 0xf1,
    0x0, 0x0, 0x0, 0x9, 0xfe, 0x10, 0x0, 0x0,
    0x6f, 0xff, 0xdf, 0xf1, 0xaf, 0xee, 0xee, 0xef,
    0xff, 0xee, 0xee, 0xfe, 0x2d, 0xf9, 0x4f, 0xf1,
    0xaf, 0xff, 0xff, 0xff, 0xff, 0xff, 0xff, 0xff,
    0x2, 0x70, 0x4f, 0xf1, 0x22, 0x11, 0x11, 0x19,
    0xfc, 0x11, 0x11, 0x23, 0x0, 0x0, 0x4f, 0xf1,
    0x0, 0x0, 0x0, 0x9, 0xfc, 0x0, 0x0, 0x0,
    0x0, 0x0, 0x4f, 0xf1, 0x0, 0x0, 0x0, 0x9,
    0xfc, 0x0, 0x0, 0x0, 0x0, 0x0, 0x4f, 0xf1,
    0x0, 0x0, 0x0, 0x9, 0xfc, 0x0, 0x0, 0x0,
    0x0, 0x0, 0x4f, 0xf1, 0x0, 0x0, 0x0, 0x9,
    0xfc, 0x0, 0x0, 0x0, 0x0, 0x0, 0x4f, 0xf1,
    0x0, 0x0, 0x0, 0x9, 0xfc, 0x0, 0x0, 0x0,
    0x0, 0x0, 0x5f, 0xf2, 0x0, 0x0, 0xaa, 0x9e,
    0xfc, 0x0, 0x0, 0x0, 0x0, 0x0, 0x5f, 0xf2,
    0x0, 0x0, 0x7f, 0xff, 0xf8, 0x0, 0x0, 0x0,
    0x0, 0x0, 0x6f, 0xf3, 0x0, 0x0, 0x1e, 0xd9,
    0x40, 0x0, 0x0, 0x0,

    /* U+5B89 "安" */
    0x0, 0x0, 0x0, 0x0, 0x0, 0x82, 0x0, 0x0,
    0x0, 0x0, 0x0, 0x0, 0x0, 0x0, 0x0, 0x0,
    0x7, 0xff, 0x70, 0x0, 0x0, 0x0, 0x0, 0x0,
    0x0, 0x0, 0x0, 0x0, 0x5, 0xef, 0xfc, 0x10,
    0x0, 0x0, 0x0, 0x0, 0x0, 0x10, 0x0, 0x0,
    0x0, 0xa, 0xfb, 0x0, 0x0, 0x0, 0x1, 0x0,
    0x0, 0xdf, 0xfe, 0xee, 0xee, 0xee, 0xfe, 0xee,
    0xee, 0xee, 0xff, 0x40, 0x0, 0xcf, 0xff, 0xff,
    0xff, 0xff, 0xff, 0xff, 0xff, 0xff, 0xff, 0x30,
    0x0, 0xbf, 0x90, 0x0, 0x0, 0x64, 0x0, 0x0,
    0x0, 0x2, 0xff, 0x20, 0x0, 0xbf, 0x90, 0x0,
    0x0, 0xff, 0xe4, 0x0, 0x0, 0x2, 0xff, 0x30,
    0x0, 0xcf, 0xa0, 0x0, 0x5, 0xff, 0x80, 0x0,
    0x0, 0x3, 0xff, 0x40, 0x0, 0x67, 0x50, 0x0,
    0xc, 0xfe, 0x0, 0x0, 0x0, 0x2, 0x77, 0x20,
    0x0, 0x0, 0x0, 0x0, 0x3f, 0xf6, 0x0, 0x0,
    0x0, 0x0, 0x0, 0x0, 0x1e, 0xcc, 0xcc, 0xcc,
    0xef, 0xfc, 0xcc, 0xcc, 0xcc, 0xcc, 0xcc, 0xdb,
    0x1f, 0xff, 0xff, 0xff, 0xff, 0xff, 0xff, 0xff,
    0xff, 0xff, 0xff, 0xfc, 0x5, 0x32, 0x22, 0x2d,
    0xfd, 0x22, 0x22, 0x2d, 0xfd, 0x22, 0x22, 0x44,
    0x0, 0x0, 0x0, 0x6f, 0xf4, 0x0, 0x0, 0x4f,
    0xf5, 0x0, 0x0, 0x0, 0x0, 0x0, 0x2, 0xff,
    0xc0, 0x0, 0x0, 0xcf, 0xd0, 0x0, 0x0, 0x0,
    0x0, 0x0, 0xb, 0xff, 0xfe, 0x82, 0x7, 0xff,
    0x40, 0x0, 0x0, 0x0, 0x0, 0x0, 0x0, 0x5a,
    0xef, 0xff, 0xbf, 0xfa, 0x0, 0x0, 0x0, 0x0,
    0x0, 0x0, 0x0, 0x0, 0x5, 0xbf, 0xff, 0xf6,
    0x0, 0x0, 0x0, 0x0, 0x0, 0x0, 0x0, 0x0,
    0x0, 0x8f, 0xff, 0xff, 0xc3, 0x0, 0x0, 0x0,
    0x0, 0x0, 0x0, 0x1, 0x7e, 0xff, 0xc3, 0x9f,
    0xff, 0xa1, 0x0, 0x0, 0x0, 0x0, 0x37, 0xbf,
    0xff, 0xe6, 0x0, 0x2, 0xcf, 0xff, 0x60, 0x0,
    0x1c, 0xef, 0xff, 0xff, 0xe6, 0x0, 0x0, 0x0,
    0x7, 0xff, 0xfb, 0x0, 0x4, 0xff, 0xff, 0xa4,
    0x0, 0x0, 0x0, 0x0, 0x0, 0x3e, 0xf5, 0x0,
    0x0, 0x99, 0x40, 0x0, 0x0, 0x0, 0x0, 0x0,
    0x0, 0x2, 0x50, 0x0,

    /* U+5B9A "定" */
    0x0, 0x0, 0x0, 0x0, 0x0, 0x57, 0x0, 0x0,
    0x0, 0x0, 0x0, 0x0, 0x0, 0x0, 0x0, 0x0,
    0x0, 0x1, 0xef, 0xd3, 0x0, 0x0, 0x0, 0x0,
    0x0, 0x0, 0x0, 0x0, 0x0, 0x0, 0x1, 0xaf,
    0xff, 0x80, 0x0, 0x0, 0x0, 0x0, 0x0, 0x0,
    0x0, 0x0, 0x0, 0x0, 0x5, 0xef, 0xf6, 0x0,
    0x0, 0x0, 0x0, 0x0, 0x0, 0x5f, 0xed, 0xdd,
    0xdd, 0xdd, 0xef, 0xfd, 0xdd, 0xdd, 0xdd, 0xeb,
    0x0, 0x0, 0x4f, 0xff, 0xff, 0xff, 0xff, 0xff,
    0xff, 0xff, 0xff, 0xff, 0xfa, 0x0, 0x0, 0x3f,
    0xf4, 0x22, 0x22, 0x22, 0x22, 0x22, 0x22, 0x22,
    0x2c, 0xf9, 0x0, 0x0, 0x3f, 0xf2, 0x0, 0x0,
    0x0, 0x0, 0x0, 0x0, 0x0, 0xc, 0xf9, 0x0,
    0x0, 0x5f, 0xf4, 0x0, 0x0, 0x0, 0x0, 0x0,
    0x0, 0x0, 0xd, 0xfa, 0x0, 0x0, 0x13, 0x36,
    0x73, 0x11, 0x11, 0x11, 0x11, 0x11, 0x25, 0x95,
    0x64, 0x0, 0x0, 0x0, 0x8, 0xff, 0xff, 0xff,
    0xff, 0xff, 0xff, 0xff, 0xf0, 0x0, 0x0, 0x0,
    0x0, 0x8, 0xff, 0xee, 0xee, 0xff, 0xee, 0xee,
    0xff, 0xf0, 0x0, 0x0, 0x0, 0x0, 0x0, 0x0,
    0x0, 0x0, 0xff, 0x50, 0x0, 0x0, 0x10, 0x0,
    0x0, 0x0, 0x0, 0x0, 0x78, 0x51, 0x0, 0xff,
    0x50, 0x0, 0x0, 0x0, 0x0, 0x0, 0x0, 0x0,
    0x0, 0xbf, 0xf9, 0x0, 0xff, 0x50, 0x0, 0x1,
    0x13, 0x0, 0x0, 0x0, 0x0, 0x0, 0xef, 0xc0,
    0x0, 0xff, 0xff, 0xff, 0xff, 0xff, 0x0, 0x0,
    0x0, 0x0, 0x2, 0xff, 0x70, 0x0, 0xff, 0xee,
    0xee, 0xef, 0xff, 0x0, 0x0, 0x0, 0x0, 0x7,
    0xff, 0x30, 0x0, 0xff, 0x50, 0x0, 0x0, 0x1,
    0x0, 0x0, 0x0, 0x0, 0xd, 0xff, 0x80, 0x0,
    0xff, 0x50, 0x0, 0x0, 0x0, 0x0, 0x0, 0x0,
    0x0, 0x7f, 0xff, 0xf7, 0x0, 0xff, 0x50, 0x0,
    0x0, 0x0, 0x0, 0x0, 0x0, 0x3, 0xff, 0xc9,
    0xff, 0xc5, 0xff, 0x50, 0x0, 0x0, 0x0, 0x0,
    0x0, 0x0, 0x2e, 0xff, 0x20, 0x9f, 0xff, 0xff,
    0xb8, 0x66, 0x55, 0x66, 0x89, 0x90, 0x6, 0xff,
    0xf5, 0x0, 0x4, 0xcf, 0xff, 0xff, 0xff, 0xff,
    0xff, 0xff, 0x60, 0x1a, 0xff, 0x60, 0x0, 0x0,
    0x2, 0x69, 0xbd, 0xef, 0xff, 0xff, 0xff, 0x20,
    0x0, 0x76, 0x0, 0x0, 0x0, 0x0, 0x0, 0x0,
    0x0, 0x0, 0x0, 0x0, 0x0,

    /* U+5BB9 "容" */
    0x0, 0x0, 0x0, 0x0, 0x0, 0x2, 0x0, 0x0,
    0x0, 0x0, 0x0, 0x0, 0x0, 0x0, 0x0, 0x0,
    0x0, 0x0, 0xe, 0xe4, 0x0, 0x0, 0x0, 0x0,
    0x0, 0x0, 0x0, 0x0, 0x0, 0x0, 0x0, 0x4f,
    0xff, 0xa1, 0x0, 0x0, 0x0, 0x0, 0x0, 0x0,
    0x0, 0x0, 0x0, 0x0, 0x2, 0xdf, 0xf4, 0x0,
    0x0, 0x0, 0x0, 0x0, 0x0, 0x4f, 0xfe, 0xee,
    0xee, 0xee, 0xef, 0xfe, 0xee, 0xee, 0xef, 0xf1,
    0x0, 0x0, 0x2f, 0xff, 0xff, 0xff, 0xff, 0xff,
    0xff, 0xff, 0xff, 0xff, 0xf0, 0x0, 0x0, 0x1f,
    0xf4, 0x0, 0x3c, 0x30, 0x0, 0x8, 0xa1, 0x0,
    0x7f, 0xe0, 0x0, 0x0, 0x2f, 0xf4, 0x0, 0xdf,
    0xf6, 0x0, 0x5f, 0xfd, 0x20, 0x7f, 0xf0, 0x0,
    0x0, 0x3f, 0xf6, 0xa, 0xff, 0xa2, 0x95, 0x7,
    0xff, 0xf5, 0x9f, 0xf1, 0x0, 0x0, 0x3, 0x31,
    0x9f, 0xf9, 0x6, 0xff, 0xe2, 0x3e, 0xff, 0x80,
    0x0, 0x0, 0x0, 0x0, 0x2c, 0xff, 0x90, 0x4f,
    0xff, 0xc0, 0x2, 0xdf, 0xf2, 0x0, 0x0, 0x0,
    0x0, 0x8, 0xf8, 0x4, 0xff, 0xff, 0xfb, 0x10,
    0x1b, 0x30, 0x0, 0x0, 0x0, 0x0, 0x0, 0x20,
    0x5f, 0xff, 0x66, 0xff, 0xe5, 0x0, 0x0, 0x0,
    0x0, 0x0, 0x0, 0x0, 0x19, 0xff, 0xf5, 0x0,
    0x3e, 0xff, 0xd5, 0x0, 0x0, 0x0, 0x0, 0x0,
    0x7, 0xef, 0xfd, 0x30, 0x0, 0x1, 0xaf, 0xff,
    0xe9, 0x41, 0x0, 0x1, 0x4a, 0xff, 0xff, 0xb1,
    0x0, 0x0, 0x0, 0x4, 0xdf, 0xff, 0xff, 0xe5,
    0x2e, 0xff, 0xff, 0xff, 0xff, 0xff, 0xff, 0xff,
    0xff, 0xff, 0xbf, 0xff, 0xa0, 0x2, 0xff, 0x93,
    0x7f, 0xfe, 0xee, 0xee, 0xee, 0xef, 0xfe, 0x1,
    0x6b, 0x10, 0x0, 0x30, 0x0, 0x7f, 0xe0, 0x0,
    0x0, 0x0, 0x7, 0xfe, 0x0, 0x0, 0x0, 0x0,
    0x0, 0x0, 0x7f, 0xe0, 0x0, 0x0, 0x0, 0x7,
    0xfe, 0x0, 0x0, 0x0, 0x0, 0x0, 0x0, 0x7f,
    0xe0, 0x0, 0x0, 0x0, 0x7, 0xfe, 0x0, 0x0,
    0x0, 0x0, 0x0, 0x0, 0x7f, 0xff, 0xff, 0xff,
    0xff, 0xff, 0xfe, 0x0, 0x0, 0x0, 0x0, 0x0,
    0x0, 0x7f, 0xff, 0xff, 0xff, 0xff, 0xff, 0xfe,
    0x0, 0x0, 0x0, 0x0, 0x0, 0x0, 0x8f, 0xf0,
    0x0, 0x0, 0x0, 0x8, 0xff, 0x0, 0x0, 0x0,
    0x0, 0x0, 0x0, 0x9f, 0xf0, 0x0, 0x0, 0x0,
    0xa, 0xff, 0x0, 0x0, 0x0, 0x0, 0x0, 0x0,
    0x23, 0x30, 0x0, 0x0, 0x0, 0x0, 0x0, 0x0,
    0x0, 0x0,

    /* U+5BC6 "密" */
    0x0, 0x0, 0x0, 0x0, 0x0, 0x40, 0x0, 0x0,
    0x0, 0x0, 0x0, 0x0, 0x0, 0x0, 0x0, 0x0,
    0x4, 0xfe, 0x50, 0x0, 0x0, 0x0, 0x0, 0x0,
    0x0, 0x0, 0x0, 0x0, 0x6, 0xff, 0xfa, 0x0,
    0x0, 0x0, 0x0, 0x0, 0x1, 0x0, 0x0, 0x0,
    0x0, 0x1c, 0xff, 0x90, 0x0, 0x0, 0x0, 0x10,
    0x8, 0xff, 0xee, 0xee, 0xee, 0xee, 0xff, 0xee,
    0xee, 0xee, 0xff, 0xd0, 0x6, 0xff, 0xff, 0xff,
    0xff, 0xff, 0xff, 0xff, 0xff, 0xff, 0xff, 0xc0,
    0x5, 0xff, 0x10, 0x0, 0x3, 0xec, 0x10, 0x1b,
    0x30, 0x0, 0xcf, 0xb0, 0x6, 0xff, 0x10, 0x0,
    0x6, 0xff, 0xc0, 0x7f, 0xf7, 0x0, 0xef, 0xd0,
    0x7, 0xee, 0x84, 0x3f, 0xea, 0x6f, 0xf8, 0xff,
    0xe6, 0x4a, 0xbb, 0xa0, 0x0, 0x0, 0xef, 0xbf,
    0xf7, 0x7, 0x7d, 0xff, 0x33, 0xff, 0xb0, 0x0,
    0x0, 0x7, 0xff, 0x7f, 0xf4, 0x1, 0xcf, 0xf5,
    0x21, 0x9f, 0xfc, 0x0, 0x0, 0x3f, 0xf9, 0xf,
    0xf4, 0x2d, 0xff, 0x50, 0x6e, 0x78, 0xff, 0xc0,
    0x3, 0xef, 0xe0, 0xf, 0xf9, 0xff, 0xf4, 0x0,
    0x8f, 0xf1, 0x8f, 0xf7, 0x7, 0xef, 0x30, 0xf,
    0xff, 0xfe, 0x53, 0x58, 0xef, 0xc0, 0xa, 0xa0,
    0x0, 0x14, 0x27, 0xdf, 0xff, 0xff, 0xff, 0xff,
    0xfe, 0x20, 0x0, 0x0, 0x19, 0xbe, 0xff, 0xff,
    0xbb, 0xdd, 0xdc, 0xa9, 0x61, 0x0, 0x0, 0x0,
    0xb, 0xff, 0xfc, 0x71, 0x0, 0x3e, 0xc8, 0x0,
    0x0, 0x42, 0x0, 0x0, 0x3, 0x99, 0x84, 0x10,
    0x0, 0x1f, 0xf8, 0x0, 0x0, 0xff, 0xf1, 0x0,
    0x0, 0x4, 0xff, 0xb0, 0x0, 0xf, 0xf4, 0x0,
    0x0, 0xff, 0x80, 0x0, 0x0, 0x3, 0xff, 0x30,
    0x0, 0xf, 0xf4, 0x0, 0x0, 0xef, 0x70, 0x0,
    0x0, 0x3, 0xff, 0x20, 0x0, 0xf, 0xf4, 0x0,
    0x0, 0xef, 0x70, 0x0, 0x0, 0x3, 0xff, 0x20,
    0x0, 0xf, 0xf4, 0x11, 0x23, 0xff, 0x70, 0x0,
    0x0, 0x3, 0xff, 0xdd, 0xde, 0xef, 0xff, 0xff,
    0xff, 0xff, 0x70, 0x0, 0x0, 0x4, 0xff, 0xff,
    0xff, 0xff, 0xed, 0xdc, 0xcb, 0xff, 0x70, 0x0,
    0x0, 0x3, 0x63, 0x21, 0x10, 0x0, 0x0, 0x0,
    0x1, 0xff, 0x90, 0x0,

    /* U+5C42 "层" */
    0x0, 0x0, 0x0, 0x0, 0x0, 0x0, 0x0, 0x0,
    0x0, 0x0, 0x1, 0x0, 0x0, 0x0, 0x2f, 0xfe,
    0xee, 0xee, 0xee, 0xee, 0xee, 0xee, 0xef, 0xf3,
    0x0, 0x0, 0x1, 0xff, 0xff, 0xff, 0xff, 0xff,
    0xff, 0xff, 0xff, 0xff, 0x20, 0x0, 0x0, 0xf,
    0xf5, 0x0, 0x0, 0x0, 0x0, 0x0, 0x0, 0x4f,
    0xf1, 0x0, 0x0, 0x0, 0xff, 0x50, 0x0, 0x0,
    0x0, 0x0, 0x0, 0x4, 0xff, 0x10, 0x0, 0x0,
    0xf, 0xff, 0xff, 0xff, 0xff, 0xff, 0xff, 0xff,
    0xff, 0xf2, 0x0, 0x0, 0x0, 0xff, 0xff, 0xff,
    0xff, 0xff, 0xff, 0xff, 0xff, 0xff, 0x30, 0x0,
    0x0, 0xf, 0xf5, 0x0, 0x0, 0x0, 0x0, 0x0,
    0x0, 0x0, 0x10, 0x0, 0x0, 0x0, 0xff, 0x50,
    0x10, 0x0, 0x0, 0x0, 0x0, 0x0, 0x0, 0x0,
    0x0, 0x0, 0xf, 0xf5, 0xe, 0xff, 0xee, 0xee,
    0xee, 0xee, 0xef, 0xf5, 0x0, 0x0, 0x0, 0xff,
    0x50, 0xef, 0xff, 0xff, 0xff, 0xff, 0xff, 0xff,
    0x50, 0x0, 0x0, 0xf, 0xf5, 0x2, 0x10, 0x0,
    0x0, 0x0, 0x0, 0x1, 0x21, 0x0, 0x0, 0x1,
    0xff, 0x50, 0x0, 0x0, 0x0, 0x0, 0x0, 0x0,
    0x0, 0x0, 0x0, 0x0, 0x2f, 0xfa, 0xff, 0xee,
    0xee, 0xee, 0xee, 0xee, 0xee, 0xef, 0xf4, 0x0,
    0x4, 0xff, 0x9f, 0xff, 0xff, 0xff, 0xff, 0xff,
    0xff, 0xff, 0xff, 0x40, 0x0, 0x6f, 0xf2, 0x21,
    0x0, 0x1e, 0xf9, 0x10, 0x0, 0x0, 0x1, 0x31,
    0x0, 0x9, 0xfd, 0x0, 0x0, 0x8, 0xff, 0xb2,
    0x2, 0xb2, 0x0, 0x0, 0x0, 0x0, 0xdf, 0xa0,
    0x0, 0x2, 0xff, 0xa0, 0x0, 0xef, 0xe1, 0x0,
    0x0, 0x0, 0x3f, 0xf6, 0x0, 0x0, 0xcf, 0xd0,
    0x0, 0x6, 0xff, 0xc0, 0x0, 0x0, 0x9, 0xff,
    0x10, 0x0, 0xaf, 0xe2, 0x0, 0x0, 0x1a, 0xff,
    0xa0, 0x0, 0x2, 0xff, 0xb0, 0x3, 0xdf, 0xfe,
    0xcd, 0xef, 0xff, 0xff, 0xff, 0x60, 0x1, 0xdf,
    0xf3, 0x0, 0x2f, 0xff, 0xff, 0xff, 0xfe, 0xdc,
    0xbe, 0xff, 0x30, 0x4b, 0xfb, 0x0, 0x0, 0xcc,
    0x96, 0x42, 0x10, 0x0, 0x0, 0x4f, 0xf4, 0x0,
    0x3, 0x10, 0x0, 0x0, 0x0, 0x0, 0x0, 0x0,
    0x0, 0x0, 0x72, 0x0,

    /* U+5CF0 "峰" */
    0x0, 0x0, 0x0, 0x0, 0x0, 0x0, 0x0, 0x23,
    0x0, 0x0, 0x0, 0x0, 0x0, 0x0, 0x0, 0x85,
    0x20, 0x0, 0x0, 0x0, 0xbf, 0xd6, 0x0, 0x0,
    0x0, 0x0, 0x0, 0x0, 0xff, 0xc0, 0x0, 0x0,
    0x4, 0xff, 0xd2, 0x0, 0x0, 0x10, 0x0, 0x0,
    0x0, 0xff, 0x40, 0x0, 0x0, 0x1e, 0xff, 0xfe,
    0xee, 0xef, 0xc0, 0x0, 0x0, 0x0, 0xef, 0x30,
    0x0, 0x0, 0xcf, 0xff, 0xff, 0xff, 0xfe, 0x10,
    0x0, 0x0, 0x0, 0xef, 0x30, 0x0, 0x1c, 0xff,
    0xf6, 0x1, 0xbf, 0xf4, 0x0, 0x0, 0x8, 0x51,
    0xef, 0x37, 0x64, 0xdf, 0xfe, 0xff, 0x8a, 0xff,
    0x50, 0x0, 0x0, 0xf, 0xfb, 0xef, 0x3d, 0xfd,
    0x19, 0xb0, 0x8f, 0xff, 0xf5, 0x0, 0x0, 0x0,
    0xe, 0xf4, 0xef, 0x3c, 0xf7, 0x0, 0x0, 0x7f,
    0xff, 0xf7, 0x10, 0x0, 0x0, 0xd, 0xf4, 0xef,
    0x3b, 0xf6, 0x2, 0x7e, 0xff, 0xda, 0xff, 0xfc,
    0x96, 0x51, 0xd, 0xf4, 0xef, 0x3b, 0xfc, 0xdf,
    0xff, 0xea, 0xeb, 0x9b, 0xff, 0xff, 0xc0, 0xd,
    0xf4, 0xef, 0x3b, 0xfa, 0xff, 0xd6, 0x2, 0xff,
    0x40, 0x28, 0xef, 0x30, 0xd, 0xf4, 0xef, 0x3b,
    0xf6, 0x4c, 0xfd, 0xdd, 0xff, 0xdd, 0xde, 0xd2,
    0x0, 0xd, 0xf4, 0xef, 0x3b, 0xf6, 0xa, 0xff,
    0xff, 0xff, 0xff, 0xff, 0xd0, 0x0, 0xd, 0xf4,
    0xef, 0x3b, 0xf6, 0x2, 0x21, 0x12, 0xff, 0x41,
    0x12, 0x30, 0x0, 0xd, 0xf4, 0xef, 0x3b, 0xf6,
    0x0, 0xbd, 0xbc, 0xff, 0xcb, 0xcd, 0x0, 0x0,
    0xd, 0xf4, 0xef, 0x3b, 0xf6, 0x0, 0xdf, 0xff,
    0xff, 0xff, 0xff, 0x0, 0x0, 0xd, 0xf4, 0xef,
    0x3b, 0xf6, 0x0, 0x65, 0x34, 0xff, 0x53, 0x57,
    0x0, 0x0, 0xd, 0xf9, 0xff, 0xdf, 0xf6, 0x32,
    0x10, 0x2, 0xff, 0x30, 0x1, 0x24, 0x0, 0xe,
    0xff, 0xff, 0xff, 0xf6, 0x9f, 0xff, 0xff, 0xff,
    0xff, 0xff, 0xfe, 0x0, 0xe, 0xca, 0x86, 0x4d,
    0xf7, 0x9f, 0xee, 0xee, 0xff, 0xee, 0xee, 0xfe,
    0x0, 0x0, 0x0, 0x0, 0xe, 0xf9, 0x0, 0x0,
    0x1, 0xff, 0x30, 0x0, 0x1, 0x0, 0x0, 0x0,
    0x0, 0x2, 0x21, 0x0, 0x0, 0x1, 0xff, 0x30,
    0x0, 0x0, 0x0, 0x0, 0x0, 0x0, 0x0, 0x0,
    0x0, 0x0, 0x2, 0xff, 0x30, 0x0, 0x0, 0x0,
    0x0, 0x0, 0x0, 0x0, 0x0, 0x0, 0x0, 0x4,
    0xff, 0x40, 0x0, 0x0, 0x0,

    /* U+5DE5 "工" */
    0x0, 0x16, 0x44, 0x33, 0x33, 0x33, 0x33, 0x33,
    0x33, 0x34, 0x55, 0x0, 0x0, 0x3f, 0xff, 0xff,
    0xff, 0xff, 0xff, 0xff, 0xff, 0xff, 0xfb, 0x0,
    0x0, 0x3e, 0xcb, 0xbb, 0xbb, 0xcf, 0xfc, 0xbb,
    0xbb, 0xbc, 0xda, 0x0, 0x0, 0x0, 0x0, 0x0,
    0x0, 0x4f, 0xf3, 0x0, 0x0, 0x0, 0x0, 0x0,
    0x0, 0x0, 0x0, 0x0, 0x0, 0x4f, 0xf3, 0x0,
    0x0, 0x0, 0x0, 0x0, 0x0, 0x0, 0x0, 0x0,
    0x0, 0x4f, 0xf3, 0x0, 0x0, 0x0, 0x0, 0x0,
    0x0, 0x0, 0x0, 0x0, 0x0, 0x4f, 0xf3, 0x0,
    0x0, 0x0, 0x0, 0x0, 0x0, 0x0, 0x0, 0x0,
    0x0, 0x4f, 0xf3, 0x0, 0x0, 0x0, 0x0, 0x0,
    0x0, 0x0, 0x0, 0x0, 0x0, 0x4f, 0xf3, 0x0,
    0x0, 0x0, 0x0, 0x0, 0x0, 0x0, 0x0, 0x0,
    0x0, 0x4f, 0xf3, 0x0, 0x0, 0x0, 0x0, 0x0,
    0x0, 0x0, 0x0, 0x0, 0x0, 0x4f, 0xf3, 0x0,
    0x0, 0x0, 0x0, 0x0, 0x0, 0x0, 0x0, 0x0,
    0x0, 0x4f, 0xf3, 0x0, 0x0, 0x0, 0x0, 0x0,
    0x0, 0x0, 0x0, 0x0, 0x0, 0x4f, 0xf3, 0x0,
    0x0, 0x0, 0x0, 0x0, 0x0, 0x0, 0x0, 0x0,
    0x0, 0x4f, 0xf3, 0x0, 0x0, 0x0, 0x0, 0x0,
    0x0, 0x0, 0x0, 0x0, 0x0, 0x4f, 0xf3, 0x0,
    0x0, 0x0, 0x0, 0x0, 0x0, 0x0, 0x0, 0x0,
    0x0, 0x4f, 0xf3, 0x0, 0x0, 0x0, 0x0, 0x0,
    0x0, 0x0, 0x0, 0x0, 0x0, 0x4f, 0xf3, 0x0,
    0x0, 0x0, 0x0, 0x0, 0x3, 0x10, 0x0, 0x0,
    0x0, 0x4f, 0xf3, 0x0, 0x0, 0x0, 0x1, 0x21,
    0x2f, 0xff, 0xff, 0xff, 0xff, 0xff, 0xff, 0xff,
    0xff, 0xff, 0xff, 0xf4, 0x2f, 0xff, 0xee, 0xee,
    0xee, 0xee, 0xee, 0xee, 0xee, 0xee, 0xff, 0xf4,
    0x1, 0x0, 0x0, 0x0, 0x0, 0x0, 0x0, 0x0,
    0x0, 0x0, 0x0, 0x10,

    /* U+5E02 "市" */
    0x0, 0x0, 0x0, 0x0, 0x1, 0x50, 0x0, 0x0,
    0x0, 0x0, 0x0, 0x0, 0x0, 0x0, 0x0, 0x0,
    0xd, 0xf9, 0x0, 0x0, 0x0, 0x0, 0x0, 0x0,
    0x0, 0x0, 0x0, 0x0, 0x1c, 0xff, 0xc1, 0x0,
    0x0, 0x0, 0x0, 0x0, 0x0, 0x0, 0x0, 0x0,
    0x0, 0x8f, 0xfe, 0x20, 0x0, 0x0, 0x0, 0x0,
    0x10, 0x0, 0x0, 0x0, 0x0, 0x5, 0xfb, 0x0,
    0x0, 0x0, 0x0, 0x1, 0xbf, 0xfe, 0xee, 0xee,
    0xee, 0xee, 0xff, 0xee, 0xee, 0xee, 0xef, 0xfa,
    0xbf, 0xff, 0xff, 0xff, 0xff, 0xff, 0xff, 0xff,
    0xff, 0xff, 0xff, 0xfa, 0x22, 0x0, 0x0, 0x0,
    0x0, 0x2f, 0xf4, 0x0, 0x0, 0x0, 0x1, 0x22,
    0x0, 0x0, 0x0, 0x0, 0x0, 0x1f, 0xf4, 0x0,
    0x0, 0x0, 0x0, 0x0, 0x0, 0x1, 0x21, 0x0,
    0x0, 0x2f, 0xf4, 0x0, 0x0, 0x12, 0x20, 0x0,
    0x0, 0x3, 0xff, 0xff, 0xff, 0xff, 0xff, 0xff,
    0xff, 0xff, 0x80, 0x0, 0x0, 0x2, 0xff, 0xfe,
    0xee, 0xef, 0xff, 0xee, 0xee, 0xff, 0x70, 0x0,
    0x0, 0x1, 0xff, 0x40, 0x0, 0x1f, 0xf4, 0x0,
    0x0, 0xff, 0x60, 0x0, 0x0, 0x1, 0xff, 0x40,
    0x0, 0x1f, 0xf4, 0x0, 0x0, 0xff, 0x60, 0x0,
    0x0, 0x1, 0xff, 0x40, 0x0, 0x1f, 0xf4, 0x0,
    0x0, 0xff, 0x60, 0x0, 0x0, 0x1, 0xff, 0x40,
    0x0, 0x1f, 0xf4, 0x0, 0x0, 0xff, 0x60, 0x0,
    0x0, 0x1, 0xff, 0x40, 0x0, 0x1f, 0xf4, 0x0,
    0x0, 0xff, 0x60, 0x0, 0x0, 0x1, 0xff, 0x40,
    0x0, 0x1f, 0xf4, 0x0, 0x0, 0xff, 0x60, 0x0,
    0x0, 0x1, 0xff, 0x40, 0x0, 0x1f, 0xf4, 0x0,
    0x0, 0xff, 0x60, 0x0, 0x0, 0x1, 0xff, 0x40,
    0x0, 0x1f, 0xf4, 0x28, 0x78, 0xff, 0x60, 0x0,
    0x0, 0x2, 0xff, 0x50, 0x0, 0x1f, 0xf4, 0xc,
    0xff, 0xff, 0x30, 0x0, 0x0, 0x3, 0xee, 0x50,
    0x0, 0x1f, 0xf4, 0x6, 0xfd, 0xa4, 0x0, 0x0,
    0x0, 0x0, 0x0, 0x0, 0x0, 0x2f, 0xf4, 0x0,
    0x0, 0x0, 0x0, 0x0, 0x0, 0x0, 0x0, 0x0,
    0x0, 0x2f, 0xf4, 0x0, 0x0, 0x0, 0x0, 0x0,
    0x0, 0x0, 0x0, 0x0, 0x0, 0x4f, 0xf5, 0x0,
    0x0, 0x0, 0x0, 0x0,

    /* U+5E38 "常" */
    0x0, 0x0, 0x0, 0x0, 0x1, 0x42, 0x0, 0x0,
    0x0, 0x0, 0x0, 0x0, 0x0, 0x1a, 0x10, 0x2,
    0xff, 0xf1, 0x7, 0xa2, 0x0, 0x0, 0x0, 0x0,
    0xcf, 0xe2, 0x1, 0xff, 0x80, 0xe, 0xff, 0x80,
    0x0, 0x0, 0x0, 0x5f, 0xfe, 0x30, 0xff, 0x50,
    0x7f, 0xf8, 0x10, 0x0, 0x1, 0x0, 0x3, 0xff,
    0x30, 0xff, 0x52, 0xff, 0x90, 0x0, 0x1, 0x5f,
    0xfe, 0xee, 0xff, 0xee, 0xff, 0xef, 0xff, 0xee,
    0xef, 0xfa, 0x4f, 0xff, 0xff, 0xff, 0xff, 0xff,
    0xff, 0xff, 0xff, 0xff, 0xf9, 0x3f, 0xf2, 0x0,
    0x0, 0x0, 0x0, 0x0, 0x0, 0x0, 0xc, 0xf8,
    0x3f, 0xf2, 0x1e, 0xdd, 0xdd, 0xdd, 0xdd, 0xdd,
    0xe8, 0xd, 0xf9, 0x5f, 0xf4, 0xf, 0xff, 0xff,
    0xff, 0xff, 0xff, 0xf7, 0xb, 0xc8, 0x0, 0x0,
    0xe, 0xf7, 0x22, 0x22, 0x22, 0x2e, 0xf6, 0x0,
    0x0, 0x0, 0x0, 0xe, 0xf6, 0x0, 0x0, 0x0,
    0xe, 0xf6, 0x0, 0x0, 0x0, 0x0, 0xf, 0xff,
    0xee, 0xee, 0xee, 0xef, 0xf7, 0x0, 0x0, 0x0,
    0x0, 0xf, 0xff, 0xff, 0xff, 0xff, 0xff, 0xf8,
    0x0, 0x0, 0x0, 0x0, 0x2, 0x10, 0x0, 0xff,
    0xd1, 0x0, 0x22, 0x0, 0x0, 0x0, 0x2e, 0xdc,
    0xcc, 0xcc, 0xff, 0xec, 0xcc, 0xcc, 0xdd, 0x0,
    0x0, 0xf, 0xff, 0xff, 0xff, 0xff, 0xff, 0xff,
    0xff, 0xfc, 0x0, 0x0, 0xf, 0xf7, 0x22, 0x22,
    0xef, 0x92, 0x22, 0x2b, 0xfb, 0x0, 0x0, 0xf,
    0xf5, 0x0, 0x0, 0xef, 0x80, 0x0, 0xb, 0xfb,
    0x0, 0x0, 0xf, 0xf5, 0x0, 0x0, 0xef, 0x80,
    0x0, 0xb, 0xfb, 0x0, 0x0, 0xf, 0xf5, 0x0,
    0x0, 0xef, 0x80, 0x43, 0x2c, 0xfb, 0x0, 0x0,
    0xf, 0xf6, 0x0, 0x0, 0xef, 0x80, 0x8f, 0xff,
    0xf9, 0x0, 0x0, 0x1f, 0xf7, 0x0, 0x0, 0xef,
    0x80, 0x1f, 0xff, 0xb1, 0x0, 0x0, 0x0, 0x0,
    0x0, 0x0, 0xff, 0x90, 0x5, 0x41, 0x0, 0x0,
    0x0, 0x0, 0x0, 0x0, 0x0, 0xff, 0xa0, 0x0,
    0x0, 0x0, 0x0,

    /* U+5E8F "序" */
    0x0, 0x0, 0x0, 0x0, 0x0, 0x0, 0x50, 0x0,
    0x0, 0x0, 0x0, 0x0, 0x0, 0x0, 0x0, 0x0,
    0x0, 0x0, 0x7, 0xfd, 0x30, 0x0, 0x0, 0x0,
    0x0, 0x0, 0x0, 0x0, 0x0, 0x0, 0x0, 0x9,
    0xff, 0xf9, 0x0, 0x0, 0x0, 0x0, 0x0, 0x0,
    0x1, 0x31, 0x10, 0x0, 0x0, 0x4e, 0xff, 0x90,
    0x0, 0x0, 0x12, 0x20, 0x0, 0x5, 0xff, 0xff,
    0xff, 0xff, 0xff, 0xff, 0xff, 0xff, 0xff, 0xff,
    0xb0, 0x0, 0x4, 0xff, 0xee, 0xee, 0xee, 0xee,
    0xee, 0xee, 0xee, 0xee, 0xff, 0xb0, 0x0, 0x4,
    0xff, 0x30, 0x0, 0x0, 0x0, 0x0, 0x0, 0x0,
    0x0, 0x0, 0x0, 0x0, 0x3, 0xff, 0x30, 0xad,
    0xcc, 0xcc, 0xcc, 0xcc, 0xcc, 0xcd, 0xa0, 0x0,
    0x0, 0x3, 0xff, 0x30, 0xcf, 0xff, 0xff, 0xff,
    0xff, 0xff, 0xfc, 0x0, 0x0, 0x0, 0x3, 0xff,
    0x30, 0x44, 0x22, 0x52, 0x22, 0x25, 0xff, 0xd1,
    0x0, 0x0, 0x0, 0x3, 0xff, 0x30, 0x0, 0x4,
    0xfb, 0x30, 0x5f, 0xfc, 0x10, 0x0, 0x0, 0x0,
    0x3, 0xff, 0x30, 0x0, 0x8, 0xff, 0xfd, 0xff,
    0xa0, 0x0, 0x0, 0x0, 0x0, 0x3, 0xff, 0x20,
    0x0, 0x0, 0x29, 0xff, 0xff, 0x30, 0x0, 0x0,
    0x0, 0x0, 0x3, 0xff, 0x4e, 0xdc, 0xcc, 0xcc,
    0xef, 0xff, 0xdc, 0xcc, 0xcd, 0xe2, 0x0, 0x4,
    0xff, 0x3f, 0xff, 0xff, 0xff, 0xff, 0xff, 0xff,
    0xff, 0xff, 0xa0, 0x0, 0x5, 0xff, 0x24, 0x32,
    0x22, 0x22, 0x8f, 0xe2, 0x22, 0x2a, 0xff, 0x30,
    0x0, 0x7, 0xff, 0x0, 0x0, 0x0, 0x0, 0x7f,
    0xe0, 0x0, 0x1f, 0xfb, 0x0, 0x0, 0x9, 0xfd,
    0x0, 0x0, 0x0, 0x0, 0x7f, 0xe0, 0x0, 0xaf,
    0xf3, 0x0, 0x0, 0xc, 0xfa, 0x0, 0x0, 0x0,
    0x0, 0x7f, 0xe0, 0x1, 0xcf, 0xb0, 0x0, 0x0,
    0xf, 0xf7, 0x0, 0x0, 0x0, 0x0, 0x7f, 0xe0,
    0x0, 0x1, 0x20, 0x0, 0x0, 0x5f, 0xf3, 0x0,
    0x0, 0x0, 0x0, 0x7f, 0xe0, 0x0, 0x0, 0x0,
    0x0, 0x0, 0xbf, 0xe0, 0x0, 0x0, 0x0, 0x0,
    0x6f, 0xe0, 0x0, 0x0, 0x0, 0x0, 0x3, 0xff,
    0x90, 0x0, 0x0, 0x5, 0x76, 0xcf, 0xe0, 0x0,
    0x0, 0x0, 0x0, 0xd, 0xff, 0x10, 0x0, 0x0,
    0x4, 0xff, 0xff, 0xb0, 0x0, 0x0, 0x0, 0x0,
    0x27, 0xca, 0x0, 0x0, 0x0, 0x0, 0xff, 0xd9,
    0x10, 0x0, 0x0, 0x0, 0x0, 0x0, 0x0, 0x0,
    0x0, 0x0, 0x0, 0x0, 0x0, 0x0, 0x0, 0x0,
    0x0, 0x0,

    /* U+5EA6 "度" */
    0x0, 0x0, 0x0, 0x0, 0x0, 0x0, 0x2a, 0x10,
    0x0, 0x0, 0x0, 0x0, 0x0, 0x0, 0x0, 0x0,
    0x0, 0x0, 0x0, 0xdf, 0xf6, 0x0, 0x0, 0x0,
    0x0, 0x0, 0x0, 0x0, 0x0, 0x0, 0x0, 0x0,
    0x4e, 0xff, 0x80, 0x0, 0x0, 0x0, 0x0, 0x0,
    0x4, 0xfe, 0xdd, 0xdd, 0xdd, 0xde, 0xff, 0xed,
    0xdd, 0xdd, 0xde, 0x70, 0x0, 0x3, 0xff, 0xff,
    0xff, 0xff, 0xff, 0xff, 0xff, 0xff, 0xff, 0xff,
    0x70, 0x0, 0x2, 0xff, 0x51, 0x11, 0x48, 0x64,
    0x11, 0x17, 0x97, 0x31, 0x23, 0x20, 0x0, 0x1,
    0xff, 0x40, 0x0, 0x5f, 0xfd, 0x0, 0x8, 0xff,
    0x70, 0x0, 0x0, 0x0, 0x1, 0xff, 0x40, 0x0,
    0x3f, 0xf3, 0x0, 0x7, 0xff, 0x0, 0x0, 0x0,
    0x0, 0x1, 0xff, 0x6f, 0xed, 0xef, 0xfe, 0xdd,
    0xde, 0xff, 0xdd, 0xed, 0x0, 0x0, 0x1, 0xff,
    0x6f, 0xff, 0xff, 0xff, 0xff, 0xff, 0xff, 0xff,
    0xfe, 0x0, 0x0, 0x1, 0xff, 0x53, 0x10, 0x3f,
    0xf2, 0x0, 0x6, 0xff, 0x0, 0x23, 0x0, 0x0,
    0x1, 0xff, 0x40, 0x0, 0x3f, 0xf4, 0x22, 0x28,
    0xff, 0x0, 0x0, 0x0, 0x0, 0x2, 0xff, 0x40,
    0x0, 0x4f, 0xff, 0xff, 0xff, 0xff, 0x0, 0x0,
    0x0, 0x0, 0x2, 0xff, 0x30, 0x0, 0x4c, 0xba,
    0xaa, 0xaa, 0xbc, 0x10, 0x0, 0x0, 0x0, 0x3,
    0xff, 0x30, 0x42, 0x22, 0x22, 0x22, 0x22, 0x22,
    0x33, 0x0, 0x0, 0x0, 0x5, 0xff, 0x10, 0xff,
    0xff, 0xff, 0xff, 0xff, 0xff, 0xf4, 0x0, 0x0,
    0x0, 0x8, 0xff, 0x0, 0xdc, 0xef, 0xfb, 0xbb,
    0xbd, 0xff, 0x80, 0x0, 0x0, 0x0, 0xb, 0xfd,
    0x0, 0x0, 0x3f, 0xf8, 0x0, 0x1e, 0xfc, 0x0,
    0x0, 0x0, 0x0, 0xf, 0xf9, 0x0, 0x0, 0x7,
    0xff, 0x81, 0xdf, 0xd1, 0x0, 0x0, 0x0, 0x0,
    0x5f, 0xf4, 0x0, 0x0, 0x0, 0x9f, 0xff, 0xfe,
    0x10, 0x0, 0x0, 0x0, 0x0, 0xcf, 0xe0, 0x0,
    0x0, 0x0, 0x1e, 0xff, 0xf9, 0x10, 0x0, 0x0,
    0x0, 0x6, 0xff, 0x70, 0x0, 0x0, 0x39, 0xff,
    0xff, 0xff, 0xfb, 0x62, 0x0, 0x0, 0x5f, 0xfe,
    0x1, 0x57, 0xae, 0xff, 0xfc, 0x41, 0x8e, 0xff,
    0xff, 0xfe, 0xc3, 0x3, 0xb5, 0x1, 0xdf, 0xff,
    0xfa, 0x40, 0x0, 0x0, 0x5b, 0xff, 0xff, 0x80,
    0x0, 0x0, 0x0, 0x3f, 0xc7, 0x10, 0x0, 0x0,
    0x0, 0x0, 0x4, 0x7a, 0x0, 0x0, 0x0, 0x0,
    0x1, 0x0, 0x0, 0x0, 0x0, 0x0, 0x0, 0x0,
    0x0, 0x0,

    /* U+5F00 "开" */
    0x0, 0x24, 0x32, 0x22, 0x22, 0x22, 0x22, 0x22,
    0x22, 0x22, 0x34, 0x0, 0x0, 0x8f, 0xff, 0xff,
    0xff, 0xff, 0xff, 0xff, 0xff, 0xff, 0xfe, 0x0,
    0x0, 0x8f, 0xee, 0xef, 0xfe, 0xee, 0xee, 0xef,
    0xff, 0xee, 0xfe, 0x0, 0x0, 0x0, 0x0, 0xd,
    0xf7, 0x0, 0x0, 0xe, 0xf8, 0x0, 0x0, 0x0,
    0x0, 0x0, 0x0, 0xd, 0xf7, 0x0, 0x0, 0xe,
    0xf8, 0x0, 0x0, 0x0, 0x0, 0x0, 0x0, 0xd,
    0xf7, 0x0, 0x0, 0xe, 0xf8, 0x0, 0x0, 0x0,
    0x0, 0x0, 0x0, 0xd, 0xf7, 0x0, 0x0, 0xe,
    0xf8, 0x0, 0x0, 0x0, 0x0, 0x0, 0x0, 0xd,
    0xf7, 0x0, 0x0, 0xe, 0xf8, 0x0, 0x0, 0x0,
    0x1, 0x0, 0x0, 0xe, 0xf7, 0x0, 0x0, 0xe,
    0xf8, 0x0, 0x0, 0x1, 0x5f, 0xff, 0xff, 0xff,
    0xff, 0xff, 0xff, 0xff, 0xff, 0xff, 0xff, 0xfa,
    0x5f, 0xff, 0xff, 0xff, 0xff, 0xff, 0xff, 0xff,
    0xff, 0xff, 0xff, 0xfa, 0x13, 0x21, 0x11, 0x3f,
    0xf5, 0x11, 0x11, 0x1e, 0xf8, 0x11, 0x12, 0x32,
    0x0, 0x0, 0x0, 0x3f, 0xf3, 0x0, 0x0, 0xe,
    0xf8, 0x0, 0x0, 0x0, 0x0, 0x0, 0x0, 0x6f,
    0xf1, 0x0, 0x0, 0xe, 0xf8, 0x0, 0x0, 0x0,
    0x0, 0x0, 0x0, 0xbf, 0xd0, 0x0, 0x0, 0xe,
    0xf8, 0x0, 0x0, 0x0, 0x0, 0x0, 0x2, 0xff,
    0x70, 0x0, 0x0, 0xe, 0xf8, 0x0, 0x0, 0x0,
    0x0, 0x0, 0xb, 0xff, 0x10, 0x0, 0x0, 0xe,
    0xf8, 0x0, 0x0, 0x0, 0x0, 0x0, 0x6f, 0xf8,
    0x0, 0x0, 0x0, 0xe, 0xf8, 0x0, 0x0, 0x0,
    0x0, 0x5, 0xff, 0xd0, 0x0, 0x0, 0x0, 0xe,
    0xf8, 0x0, 0x0, 0x0, 0x0, 0x7f, 0xff, 0x30,
    0x0, 0x0, 0x0, 0xf, 0xf8, 0x0, 0x0, 0x0,
    0x1b, 0xff, 0xf5, 0x0, 0x0, 0x0, 0x0, 0xf,
    0xf9, 0x0, 0x0, 0x0, 0x3, 0xcf, 0x60, 0x0,
    0x0, 0x0, 0x0, 0x1f, 0xfa, 0x0, 0x0, 0x0,
    0x0, 0x2, 0x0, 0x0, 0x0, 0x0, 0x0, 0x0,
    0x0, 0x0, 0x0, 0x0,

    /* U+6210 "成" */
    0x0, 0x0, 0x0, 0x0, 0x0, 0x0, 0x0, 0x22,
    0x0, 0x1, 0x0, 0x0, 0x0, 0x0, 0x0, 0x0,
    0x0, 0x0, 0x0, 0x0, 0xaf, 0xf9, 0x3e, 0xa0,
    0x0, 0x0, 0x0, 0x0, 0x0, 0x0, 0x0, 0x0,
    0x0, 0xaf, 0xf1, 0x9f, 0xf9, 0x0, 0x0, 0x0,
    0x0, 0x0, 0x0, 0x0, 0x0, 0x0, 0x9f, 0xf0,
    0xa, 0xff, 0x50, 0x0, 0x0, 0x0, 0x0, 0x0,
    0x0, 0x0, 0x0, 0x8f, 0xf0, 0x0, 0xc7, 0x0,
    0x0, 0x0, 0x4, 0xed, 0xcc, 0xcc, 0xcc, 0xcc,
    0xef, 0xfc, 0xcc, 0xcc, 0xdc, 0x0, 0x0, 0x2,
    0xff, 0xff, 0xff, 0xff, 0xff, 0xff, 0xff, 0xff,
    0xff, 0xfe, 0x0, 0x0, 0x1, 0xff, 0x73, 0x33,
    0x33, 0x33, 0x6f, 0xf4, 0x33, 0x33, 0x55, 0x0,
    0x0, 0x1, 0xff, 0x50, 0x0, 0x0, 0x0, 0x2f,
    0xf2, 0x0, 0x0, 0x0, 0x0, 0x0, 0x0, 0xff,
    0x50, 0x0, 0x0, 0x0, 0x1f, 0xf4, 0x0, 0xc8,
    0x30, 0x0, 0x0, 0x0, 0xff, 0x73, 0x33, 0x45,
    0x50, 0xf, 0xf5, 0x2, 0xff, 0xe1, 0x0, 0x0,
    0x0, 0xff, 0xff, 0xff, 0xff, 0xb0, 0xc, 0xf7,
    0x6, 0xff, 0x40, 0x0, 0x0, 0x0, 0xff, 0xdc,
    0xcc, 0xff, 0xa0, 0xa, 0xfa, 0xa, 0xfd, 0x0,
    0x0, 0x0, 0x0, 0xff, 0x50, 0x0, 0xcf, 0x90,
    0x7, 0xfe, 0xf, 0xf7, 0x0, 0x0, 0x0, 0x0,
    0xff, 0x50, 0x0, 0xcf, 0x90, 0x3, 0xff, 0x7f,
    0xf1, 0x0, 0x0, 0x0, 0x1, 0xff, 0x50, 0x0,
    0xcf, 0x90, 0x0, 0xff, 0xff, 0x90, 0x0, 0x0,
    0x0, 0x2, 0xff, 0x40, 0x0, 0xcf, 0x80, 0x0,
    0xbf, 0xff, 0x10, 0x0, 0x0, 0x0, 0x4, 0xff,
    0x20, 0x0, 0xdf, 0x70, 0x0, 0x7f, 0xf9, 0x0,
    0x0, 0x0, 0x0, 0x6, 0xff, 0x45, 0x35, 0xff,
    0x50, 0x0, 0xdf, 0xf7, 0x0, 0x10, 0x0, 0x0,
    0xa, 0xfc, 0x4f, 0xff, 0xff, 0x10, 0xa, 0xff,
    0xfe, 0x10, 0x4a, 0x0, 0x0, 0x1f, 0xf8, 0x1f,
    0xff, 0xc4, 0x0, 0xbf, 0xf9, 0xff, 0xb0, 0x7f,
    0xc1, 0x0, 0x8f, 0xf1, 0x4, 0x31, 0x0, 0x4d,
    0xff, 0x90, 0x6f, 0xfb, 0xcf, 0xf0, 0x4, 0xff,
    0x90, 0x0, 0x0, 0x3c, 0xff, 0xf9, 0x0, 0xa,
    0xff, 0xff, 0xa0, 0x1d, 0xfd, 0x10, 0x0, 0x0,
    0xa, 0xff, 0x80, 0x0, 0x0, 0xbf, 0xff, 0x30,
    0x0, 0x92, 0x0, 0x0, 0x0, 0x0, 0xb6, 0x0,
    0x0, 0x0, 0x7, 0xe8, 0x0, 0x0, 0x0, 0x0,
    0x0, 0x0, 0x0, 0x0, 0x0, 0x0, 0x0, 0x0,
    0x0, 0x0,

    /* U+629A "抚" */
    0x0, 0x0, 0x0, 0x0, 0x0, 0x0, 0x0, 0x0,
    0x0, 0x0, 0x0, 0x0, 0x0, 0x0, 0x0, 0x5e,
    0xb7, 0x0, 0x0, 0x0, 0x0, 0x0, 0x0, 0x0,
    0x0, 0x0, 0x0, 0x0, 0x3f, 0xf8, 0x0, 0x0,
    0x0, 0x0, 0x0, 0x0, 0x0, 0x0, 0x0, 0x0,
    0x0, 0x3f, 0xf3, 0x0, 0xaf, 0xdd, 0xdd, 0xdd,
    0xdd, 0xde, 0xf0, 0x0, 0x0, 0x0, 0x2f, 0xf3,
    0x0, 0xaf, 0xff, 0xff, 0xff, 0xff, 0xff, 0xf0,
    0x0, 0x0, 0x0, 0x2f, 0xf3, 0x0, 0x33, 0x21,
    0x6f, 0xf2, 0x11, 0x12, 0x40, 0x0, 0x5, 0x32,
    0x4f, 0xf5, 0x24, 0x10, 0x0, 0x5f, 0xf0, 0x0,
    0x0, 0x0, 0x0, 0xe, 0xff, 0xff, 0xff, 0xff,
    0x40, 0x0, 0x5f, 0xf0, 0x0, 0x0, 0x0, 0x0,
    0xe, 0xdc, 0xdf, 0xfd, 0xdf, 0x40, 0x0, 0x6f,
    0xf0, 0x0, 0x0, 0x0, 0x0, 0x0, 0x0, 0x2f,
    0xf3, 0x0, 0x0, 0x0, 0x6f, 0xf0, 0x0, 0x0,
    0x0, 0x0, 0x0, 0x0, 0x2f, 0xf3, 0x2, 0x42,
    0x22, 0x8f, 0xf2, 0x22, 0x22, 0x23, 0x20, 0x0,
    0x0, 0x2f, 0xf4, 0xb9, 0xff, 0xff, 0xff, 0xff,
    0xff, 0xff, 0xff, 0x70, 0x0, 0x0, 0x2f, 0xff,
    0xf7, 0xfd, 0xdd, 0xff, 0xff, 0xfd, 0xdd, 0xde,
    0x70, 0x0, 0x0, 0x7f, 0xff, 0xc1, 0x0, 0x0,
    0xef, 0xdf, 0xf0, 0x0, 0x0, 0x0, 0x3, 0x8e,
    0xff, 0xf6, 0x0, 0x0, 0x2, 0xff, 0x9f, 0xf0,
    0x0, 0x0, 0x0, 0x2f, 0xff, 0xef, 0xf3, 0x0,
    0x0, 0x8, 0xff, 0x5f, 0xf0, 0x0, 0x0, 0x0,
    0x5, 0xf8, 0x3f, 0xf3, 0x0, 0x0, 0xd, 0xfb,
    0x5f, 0xf0, 0x0, 0x0, 0x0, 0x0, 0x20, 0x2f,
    0xf3, 0x0, 0x0, 0x5f, 0xf5, 0x5f, 0xf0, 0x0,
    0x0, 0x0, 0x0, 0x0, 0x2f, 0xf3, 0x0, 0x0,
    0xdf, 0xd0, 0x5f, 0xf0, 0x0, 0x30, 0x0, 0x0,
    0x0, 0x2f, 0xf3, 0x0, 0x9, 0xff, 0x40, 0x5f,
    0xf0, 0x0, 0x9d, 0x40, 0x0, 0x0, 0x2f, 0xf3,
    0x0, 0x7f, 0xf9, 0x0, 0x5f, 0xf0, 0x0, 0xcf,
    0xe0, 0x0, 0x44, 0x7f, 0xf3, 0x8, 0xff, 0xc0,
    0x0, 0x4f, 0xf3, 0x14, 0xff, 0x90, 0x0, 0xbf,
    0xff, 0xf1, 0xcf, 0xfc, 0x10, 0x0, 0x3f, 0xff,
    0xff, 0xff, 0x20, 0x0, 0x4f, 0xfc, 0x50, 0x1c,
    0xb0, 0x0, 0x0, 0x8, 0xef, 0xff, 0xd4, 0x0,
    0x0, 0x0, 0x0, 0x0, 0x0, 0x0, 0x0, 0x0,
    0x0, 0x1, 0x10, 0x0, 0x0,

    /* U+62A5 "报" */
    0x0, 0x0, 0x16, 0x41, 0x0, 0x0, 0x0, 0x0,
    0x0, 0x0, 0x0, 0x0, 0x0, 0x0, 0x0, 0x2f,
    0xff, 0x20, 0x0, 0x0, 0x0, 0x0, 0x0, 0x0,
    0x0, 0x0, 0x0, 0x0, 0xf, 0xf8, 0x0, 0x3f,
    0xdc, 0xcc, 0xcc, 0xcc, 0xdf, 0x70, 0x0, 0x0,
    0x0, 0xf, 0xf5, 0x0, 0x1f, 0xff, 0xff, 0xff,
    0xff, 0xff, 0x50, 0x0, 0x0, 0x0, 0xf, 0xf5,
    0x0, 0xf, 0xf6, 0x11, 0x11, 0x13, 0xff, 0x30,
    0x0, 0x0, 0x0, 0xf, 0xf5, 0x0, 0xf, 0xf6,
    0x0, 0x0, 0x4, 0xff, 0x20, 0x0, 0x7, 0x54,
    0x4f, 0xf8, 0x46, 0x4f, 0xf6, 0x0, 0x0, 0x6,
    0xff, 0x0, 0x0, 0xf, 0xff, 0xff, 0xff, 0xff,
    0x8f, 0xf6, 0x2, 0x0, 0xb, 0xfe, 0x0, 0x0,
    0xd, 0xcb, 0xbf, 0xfc, 0xbc, 0x7f, 0xf6, 0x9,
    0xfe, 0xff, 0xfa, 0x0, 0x0, 0x0, 0x0, 0xf,
    0xf5, 0x0, 0xf, 0xf6, 0x1, 0xff, 0xff, 0x91,
    0x0, 0x0, 0x0, 0x0, 0xf, 0xf5, 0x1, 0x1f,
    0xf6, 0x0, 0x33, 0x20, 0x0, 0x0, 0x0, 0x0,
    0x0, 0xf, 0xf6, 0x7f, 0x2f, 0xfe, 0xdd, 0xdd,
    0xdd, 0xde, 0xc0, 0x0, 0x0, 0x0, 0xf, 0xff,
    0xff, 0xf, 0xff, 0xff, 0xff, 0xff, 0xff, 0x80,
    0x0, 0x0, 0x3, 0x8f, 0xff, 0xe8, 0xf, 0xfa,
    0xff, 0x51, 0x13, 0xff, 0x40, 0x0, 0x39, 0xdf,
    0xff, 0xf8, 0x0, 0xf, 0xf6, 0xdf, 0xb0, 0x7,
    0xfe, 0x0, 0x0, 0x3f, 0xff, 0xcf, 0xf5, 0x0,
    0xf, 0xf6, 0x5f, 0xf3, 0xd, 0xf9, 0x0, 0x0,
    0x7, 0xe6, 0xf, 0xf5, 0x0, 0xf, 0xf6, 0xc,
    0xfc, 0x5f, 0xf3, 0x0, 0x0, 0x0, 0x0, 0xf,
    0xf5, 0x0, 0xf, 0xf6, 0x3, 0xff, 0xff, 0xb0,
    0x0, 0x0, 0x0, 0x0, 0xf, 0xf5, 0x0, 0xf,
    0xf6, 0x0, 0x8f, 0xff, 0x30, 0x0, 0x0, 0x0,
    0x0, 0xf, 0xf5, 0x0, 0xf, 0xf6, 0x0, 0x5f,
    0xff, 0x70, 0x0, 0x0, 0x0, 0x0, 0xf, 0xf5,
    0x0, 0xf, 0xf6, 0x7, 0xff, 0xff, 0xfc, 0x40,
    0x0, 0x3, 0x87, 0x8f, 0xf5, 0x0, 0xf, 0xf9,
    0xcf, 0xfc, 0x1a, 0xff, 0xfd, 0x80, 0x0, 0xdf,
    0xff, 0xf1, 0x0, 0xf, 0xff, 0xff, 0xa0, 0x0,
    0x6f, 0xff, 0x80, 0x0, 0x7f, 0xda, 0x30, 0x0,
    0x1f, 0xf7, 0xb8, 0x0, 0x0, 0x2, 0xcc, 0x0,
    0x0, 0x0, 0x0, 0x0, 0x0, 0x2f, 0xf7, 0x0,
    0x0, 0x0, 0x0, 0x1, 0x0,

    /* U+62E9 "择" */
    0x0, 0x0, 0x4, 0x20, 0x0, 0x0, 0x0, 0x0,
    0x0, 0x0, 0x0, 0x0, 0x0, 0x0, 0x0, 0x1f,
    0xff, 0x10, 0x0, 0x0, 0x0, 0x0, 0x0, 0x0,
    0x0, 0x0, 0x0, 0x0, 0xf, 0xf8, 0x8, 0xff,
    0xee, 0xee, 0xee, 0xee, 0xef, 0xf1, 0x0, 0x0,
    0x0, 0xf, 0xf6, 0x8, 0xff, 0xff, 0xff, 0xff,
    0xff, 0xff, 0x70, 0x0, 0x0, 0x0, 0xf, 0xf6,
    0x1, 0x19, 0xff, 0x20, 0x0, 0x2e, 0xfc, 0x0,
    0x0, 0x4, 0x32, 0x2f, 0xf7, 0x24, 0x11, 0xef,
    0xd0, 0x0, 0xcf, 0xf2, 0x0, 0x0, 0xe, 0xff,
    0xff, 0xff, 0xff, 0x40, 0x3f, 0xfc, 0x1b, 0xff,
    0x50, 0x0, 0x0, 0xd, 0xdc, 0xcf, 0xfd, 0xde,
    0x40, 0x5, 0xff, 0xff, 0xf7, 0x0, 0x0, 0x0,
    0x0, 0x0, 0xf, 0xf6, 0x0, 0x0, 0x0, 0x6f,
    0xff, 0xe1, 0x0, 0x0, 0x0, 0x0, 0x0, 0xf,
    0xf6, 0x60, 0x0, 0x5, 0xef, 0xff, 0xff, 0xa5,
    0x20, 0x0, 0x0, 0x0, 0xf, 0xfe, 0xc0, 0x48,
    0xef, 0xfe, 0x67, 0xef, 0xff, 0xff, 0xe3, 0x0,
    0x0, 0xf, 0xff, 0xdf, 0xff, 0xfe, 0x79, 0xca,
    0x65, 0xae, 0xff, 0x90, 0x0, 0x1, 0xaf, 0xfc,
    0x34, 0xfb, 0x50, 0x8, 0xff, 0x30, 0x0, 0x36,
    0x10, 0x0, 0x5e, 0xff, 0xf6, 0x0, 0x6d, 0xcb,
    0xbd, 0xff, 0xbb, 0xcd, 0xb0, 0x0, 0x3d, 0xff,
    0xff, 0xf6, 0x0, 0x6f, 0xff, 0xff, 0xff, 0xff,
    0xff, 0xc0, 0x0, 0xd, 0xff, 0x4f, 0xf6, 0x0,
    0x25, 0x33, 0x38, 0xff, 0x33, 0x34, 0x50, 0x0,
    0x1, 0xd4, 0xf, 0xf6, 0x0, 0x0, 0x0, 0x7,
    0xff, 0x0, 0x0, 0x0, 0x0, 0x0, 0x0, 0xf,
    0xf6, 0x3, 0x53, 0x22, 0x28, 0xff, 0x22, 0x22,
    0x35, 0x20, 0x0, 0x0, 0xf, 0xf6, 0x8, 0xff,
    0xff, 0xff, 0xff, 0xff, 0xff, 0xff, 0x60, 0x0,
    0x0, 0xf, 0xf6, 0x8, 0xdc, 0xcc, 0xcd, 0xff,
    0xcc, 0xcc, 0xce, 0x50, 0x0, 0x0, 0xf, 0xf6,
    0x0, 0x0, 0x0, 0x7, 0xff, 0x0, 0x0, 0x0,
    0x0, 0x0, 0x22, 0x2f, 0xf6, 0x0, 0x0, 0x0,
    0x7, 0xff, 0x0, 0x0, 0x0, 0x0, 0x0, 0x8f,
    0xff, 0xf4, 0x0, 0x0, 0x0, 0x7, 0xff, 0x0,
    0x0, 0x0, 0x0, 0x0, 0x1f, 0xff, 0xa0, 0x0,
    0x0, 0x0, 0x8, 0xff, 0x0, 0x0, 0x0, 0x0,
    0x0, 0x5, 0x41, 0x0, 0x0, 0x0, 0x0, 0x9,
    0xff, 0x10, 0x0, 0x0, 0x0,

    /* U+63A9 "掩" */
    0x0, 0x0, 0x34, 0x10, 0x0, 0x0, 0x0, 0x3,
    0x41, 0x0, 0x0, 0x0, 0x0, 0x0, 0x0, 0x7f,
    0xfa, 0x0, 0x0, 0x0, 0xa, 0xff, 0x70, 0x0,
    0x0, 0x0, 0x0, 0x0, 0x6f, 0xf3, 0x0, 0x0,
    0x0, 0xc, 0xfc, 0x0, 0x0, 0x0, 0x0, 0x0,
    0x0, 0x5f, 0xf0, 0x1, 0x31, 0x0, 0xf, 0xf7,
    0x0, 0x0, 0x13, 0x0, 0x0, 0x0, 0x5f, 0xf0,
    0x4, 0xff, 0xff, 0xff, 0xff, 0xff, 0xff, 0xfe,
    0x0, 0x4, 0x32, 0x6f, 0xf2, 0x46, 0xfe, 0xee,
    0xff, 0xff, 0xff, 0xee, 0xfe, 0x0, 0xe, 0xff,
    0xff, 0xff, 0xf6, 0x0, 0x9, 0xff, 0x28, 0xff,
    0x40, 0x1, 0x0, 0xd, 0xdc, 0xdf, 0xfd, 0xe5,
    0x0, 0xaf, 0xf9, 0x21, 0xbf, 0xf6, 0x0, 0x0,
    0x0, 0x0, 0x5f, 0xf0, 0x0, 0x6e, 0xff, 0x5e,
    0xfe, 0x1b, 0xff, 0xd6, 0x20, 0x0, 0x0, 0x5f,
    0xf0, 0x7e, 0xff, 0xd2, 0xd, 0xf7, 0x0, 0x7f,
    0xff, 0xf4, 0x0, 0x0, 0x5f, 0xf1, 0x9d, 0xff,
    0xee, 0xef, 0xff, 0xee, 0xff, 0xdf, 0x50, 0x0,
    0x0, 0x5f, 0xfe, 0xd2, 0xaf, 0xff, 0xff, 0xff,
    0xff, 0xff, 0x32, 0x0, 0x0, 0x3, 0xaf, 0xff,
    0xa0, 0x7f, 0xc0, 0xd, 0xf7, 0x2, 0xff, 0x20,
    0x0, 0x28, 0xdf, 0xff, 0xf4, 0x0, 0x7f, 0xfc,
    0xcf, 0xfe, 0xcc, 0xff, 0x20, 0x0, 0x2f, 0xff,
    0xdf, 0xf0, 0x0, 0x7f, 0xff, 0xff, 0xff, 0xff,
    0xff, 0x20, 0x0, 0x8, 0xe4, 0x5f, 0xf0, 0x0,
    0x7f, 0xc2, 0x2d, 0xf8, 0x23, 0xff, 0x20, 0x0,
    0x0, 0x10, 0x5f, 0xf0, 0x0, 0x7f, 0xc0, 0xd,
    0xf7, 0x2, 0xff, 0x20, 0x0, 0x0, 0x0, 0x5f,
    0xf0, 0x0, 0x9f, 0xff, 0xff, 0xff, 0xff, 0xff,
    0x30, 0x0, 0x0, 0x0, 0x5f, 0xf0, 0x0, 0xaf,
    0xfe, 0xef, 0xff, 0xee, 0xff, 0x87, 0x0, 0x0,
    0x0, 0x5f, 0xf0, 0x0, 0x0, 0x0, 0xd, 0xf7,
    0x0, 0x0, 0x6f, 0xe1, 0x0, 0x0, 0x6f, 0xf0,
    0x0, 0x0, 0x0, 0xd, 0xf8, 0x0, 0x0, 0xbf,
    0xd0, 0x2, 0xff, 0xff, 0xf0, 0x0, 0x0, 0x0,
    0xb, 0xff, 0xed, 0xef, 0xff, 0x50, 0x0, 0x9f,
    0xff, 0x80, 0x0, 0x0, 0x0, 0x4, 0xef, 0xff,
    0xff, 0xf7, 0x0, 0x0, 0x38, 0x52, 0x0, 0x0,
    0x0, 0x0, 0x0, 0x1, 0x33, 0x32, 0x0, 0x0,

    /* U+64AD "播" */
    0x0, 0x0, 0x0, 0x0, 0x0, 0x0, 0x0, 0x0,
    0x0, 0x0, 0x2, 0x0, 0x0, 0x0, 0x0, 0x9f,
    0xc6, 0x2, 0x21, 0x0, 0x1, 0x13, 0x69, 0xdf,
    0x60, 0x0, 0x0, 0x0, 0x7f, 0xf2, 0x2, 0xff,
    0xff, 0xff, 0xff, 0xff, 0xff, 0xf2, 0x0, 0x0,
    0x0, 0x6f, 0xf0, 0x0, 0x9f, 0xff, 0xff, 0xfd,
    0xa9, 0x85, 0x62, 0x0, 0x0, 0x0, 0x6f, 0xe0,
    0x0, 0x1a, 0xc1, 0xe, 0xf7, 0x2, 0xf9, 0x10,
    0x0, 0x2, 0x10, 0x6f, 0xe0, 0x10, 0x2f, 0xfa,
    0xe, 0xf7, 0xa, 0xff, 0xa0, 0x0, 0xf, 0xff,
    0xff, 0xff, 0xf1, 0x5, 0xff, 0x3e, 0xf7, 0x4f,
    0xf7, 0x0, 0x0, 0xf, 0xfe, 0xef, 0xfe, 0xfb,
    0xed, 0xfe, 0xcf, 0xfe, 0xef, 0xfc, 0xdf, 0x10,
    0x1, 0x0, 0x6f, 0xe0, 0xa, 0xff, 0xff, 0xff,
    0xff, 0xff, 0xff, 0xff, 0x10, 0x0, 0x0, 0x6f,
    0xe0, 0x25, 0x42, 0x2b, 0xff, 0xff, 0xf4, 0x22,
    0x35, 0x0, 0x0, 0x0, 0x6f, 0xe2, 0xe2, 0x0,
    0x5f, 0xff, 0xff, 0xfe, 0x20, 0x0, 0x0, 0x0,
    0x0, 0x6f, 0xfe, 0xf1, 0x5, 0xff, 0x7f, 0xf8,
    0xdf, 0xf7, 0x0, 0x0, 0x0, 0x0, 0x6f, 0xff,
    0xd0, 0x7f, 0xfa, 0xf, 0xf8, 0x1d, 0xff, 0xe7,
    0x20, 0x0, 0x6, 0xef, 0xf8, 0x2b, 0xff, 0xd3,
    0x36, 0x65, 0x33, 0xcf, 0xff, 0xf2, 0x6, 0xdf,
    0xff, 0xe3, 0xff, 0xff, 0xff, 0xff, 0xff, 0xff,
    0xff, 0xff, 0x60, 0x2e, 0xff, 0xcf, 0xe0, 0x9d,
    0xff, 0xdc, 0xcf, 0xfd, 0xcc, 0xef, 0xe2, 0x0,
    0x3, 0xb2, 0x6f, 0xe0, 0x0, 0xef, 0x70, 0xe,
    0xf7, 0x0, 0x7f, 0xe0, 0x0, 0x0, 0x0, 0x6f,
    0xe0, 0x0, 0xef, 0xfe, 0xef, 0xff, 0xee, 0xff,
    0xe0, 0x0, 0x0, 0x0, 0x6f, 0xe0, 0x0, 0xef,
    0xff, 0xff, 0xff, 0xff, 0xff, 0xe0, 0x0, 0x0,
    0x0, 0x6f, 0xe0, 0x0, 0xef, 0x70, 0xe, 0xf7,
    0x0, 0x7f, 0xe0, 0x0, 0x0, 0x0, 0x6f, 0xe0,
    0x0, 0xef, 0x71, 0x1e, 0xf7, 0x11, 0x8f, 0xe0,
    0x0, 0x1, 0x43, 0x9f, 0xe0, 0x0, 0xef, 0xff,
    0xff, 0xff, 0xff, 0xff, 0xe0, 0x0, 0x0, 0xcf,
    0xff, 0xb0, 0x0, 0xff, 0xed, 0xdd, 0xdd, 0xdd,
    0xef, 0xf0, 0x0, 0x0, 0x4f, 0xfd, 0x30, 0x0,
    0xff, 0x80, 0x0, 0x0, 0x0, 0x9f, 0xf0, 0x0,
    0x0, 0x3, 0x10, 0x0, 0x0, 0x22, 0x10, 0x0,
    0x0, 0x0, 0x0, 0x0, 0x0,

    /* U+653E "放" */
    0x0, 0x0, 0x0, 0x40, 0x0, 0x0, 0x0, 0x3,
    0x62, 0x0, 0x0, 0x0, 0x0, 0x0, 0x0, 0xb,
    0xf7, 0x0, 0x0, 0x0, 0x8, 0xff, 0xa0, 0x0,
    0x0, 0x0, 0x0, 0x0, 0xc, 0xff, 0x60, 0x0,
    0x0, 0xc, 0xfe, 0x10, 0x0, 0x0, 0x0, 0x0,
    0x0, 0x0, 0xcf, 0xf4, 0x0, 0x0, 0x1f, 0xf8,
    0x0, 0x0, 0x0, 0x0, 0x0, 0x0, 0x0, 0x1e,
    0xf6, 0x0, 0x0, 0x6f, 0xf2, 0x0, 0x0, 0x0,
    0x0, 0x0, 0x0, 0x0, 0x3, 0x50, 0x0, 0x0,
    0xcf, 0xc0, 0x0, 0x0, 0x2, 0x10, 0xc, 0xdc,
    0xcc, 0xcc, 0xcc, 0xcd, 0xc3, 0xff, 0xff, 0xff,
    0xff, 0xff, 0x50, 0xd, 0xff, 0xff, 0xff, 0xff,
    0xff, 0xdb, 0xff, 0xff, 0xff, 0xff, 0xff, 0x50,
    0x5, 0x43, 0x5f, 0xf6, 0x33, 0x34, 0x9f, 0xf6,
    0x0, 0xf, 0xf5, 0x2, 0x10, 0x0, 0x0, 0x2f,
    0xf3, 0x0, 0x0, 0xdf, 0xd0, 0x0, 0x1f, 0xf5,
    0x0, 0x0, 0x0, 0x0, 0x2f, 0xf4, 0x11, 0x27,
    0xdf, 0x50, 0x0, 0x2f, 0xf4, 0x0, 0x0, 0x0,
    0x0, 0x3f, 0xff, 0xff, 0xff, 0x6, 0xce, 0x0,
    0x3f, 0xf2, 0x0, 0x0, 0x0, 0x0, 0x4f, 0xfe,
    0xee, 0xff, 0x4, 0xff, 0x20, 0x5f, 0xf0, 0x0,
    0x0, 0x0, 0x0, 0x5f, 0xf0, 0x6, 0xfe, 0x0,
    0xef, 0x70, 0x9f, 0xd0, 0x0, 0x0, 0x0, 0x0,
    0x6f, 0xf0, 0x6, 0xfd, 0x0, 0x8f, 0xd0, 0xdf,
    0x90, 0x0, 0x0, 0x0, 0x0, 0x9f, 0xd0, 0x7,
    0xfd, 0x0, 0x1f, 0xf8, 0xff, 0x50, 0x0, 0x0,
    0x0, 0x0, 0xcf, 0xb0, 0x8, 0xfc, 0x0, 0x9,
    0xff, 0xfe, 0x0, 0x0, 0x0, 0x0, 0x0, 0xff,
    0x70, 0x8, 0xfb, 0x0, 0x1, 0xff, 0xf8, 0x0,
    0x0, 0x0, 0x0, 0x6, 0xff, 0x30, 0xa, 0xfa,
    0x0, 0x1, 0xdf, 0xf9, 0x0, 0x0, 0x0, 0x0,
    0xd, 0xfd, 0x0, 0xb, 0xf9, 0x0, 0xb, 0xff,
    0xff, 0x80, 0x0, 0x0, 0x0, 0x8f, 0xfb, 0x98,
    0x9f, 0xf7, 0x1, 0xcf, 0xf8, 0xaf, 0xfb, 0x10,
    0x0, 0x7, 0xff, 0xb1, 0xff, 0xff, 0xf2, 0x5e,
    0xff, 0x80, 0xb, 0xff, 0xf8, 0x10, 0x6f, 0xff,
    0x20, 0xae, 0xc9, 0x8d, 0xff, 0xf7, 0x0, 0x0,
    0xaf, 0xff, 0xe2, 0x4, 0xe5, 0x0, 0x0, 0x0,
    0x1d, 0xfe, 0x30, 0x0, 0x0, 0x7, 0xfe, 0x20,
    0x0, 0x0, 0x0, 0x0, 0x0, 0x2, 0x80, 0x0,
    0x0, 0x0, 0x0, 0x32, 0x0,

    /* U+6548 "效" */
    0x0, 0x0, 0x2, 0x20, 0x0, 0x0, 0x0, 0xb,
    0x95, 0x0, 0x0, 0x0, 0x0, 0x0, 0x0, 0x3e,
    0xe3, 0x0, 0x0, 0x0, 0x1f, 0xff, 0x20, 0x0,
    0x0, 0x0, 0x0, 0x0, 0x3e, 0xff, 0x30, 0x0,
    0x0, 0x4f, 0xf6, 0x0, 0x0, 0x0, 0x0, 0x0,
    0x0, 0x3, 0xff, 0xe1, 0x0, 0x0, 0x8f, 0xf0,
    0x0, 0x0, 0x0, 0x0, 0x0, 0x0, 0x0, 0x4f,
    0x70, 0x0, 0x0, 0xcf, 0xc0, 0x0, 0x0, 0x0,
    0x0, 0x9, 0xfd, 0xdd, 0xde, 0xdd, 0xde, 0xf3,
    0xff, 0x70, 0x0, 0x0, 0x0, 0x0, 0xa, 0xff,
    0xff, 0xff, 0xff, 0xff, 0xfa, 0xff, 0xee, 0xee,
    0xee, 0xff, 0x80, 0x2, 0x32, 0x21, 0x11, 0x11,
    0x12, 0x5f, 0xff, 0xff, 0xff, 0xff, 0xff, 0x80,
    0x0, 0x0, 0xc9, 0x10, 0x5a, 0x0, 0x9f, 0xf5,
    0x0, 0x9, 0xfd, 0x12, 0x10, 0x0, 0x5, 0xff,
    0xc2, 0xff, 0xb3, 0xff, 0xd0, 0x0, 0xb, 0xfa,
    0x0, 0x0, 0x0, 0x1e, 0xfc, 0x0, 0x7f, 0xfc,
    0x5c, 0x53, 0x0, 0xe, 0xf7, 0x0, 0x0, 0x0,
    0xcf, 0xe1, 0x0, 0x6, 0xff, 0xc6, 0xff, 0x0,
    0x2f, 0xf4, 0x0, 0x0, 0xb, 0xff, 0x30, 0x0,
    0x31, 0x7f, 0xb2, 0xff, 0x40, 0x5f, 0xf0, 0x0,
    0x0, 0x6, 0xe5, 0x83, 0x0, 0xcf, 0xa7, 0x0,
    0xcf, 0xa0, 0xaf, 0xc0, 0x0, 0x0, 0x0, 0x6,
    0xff, 0x62, 0xff, 0xd3, 0x0, 0x5f, 0xf2, 0xff,
    0x70, 0x0, 0x0, 0x0, 0x2, 0xdf, 0xfd, 0xff,
    0x20, 0x0, 0xe, 0xfd, 0xff, 0x20, 0x0, 0x0,
    0x0, 0x0, 0x1c, 0xff, 0xf8, 0x0, 0x0, 0x7,
    0xff, 0xfc, 0x0, 0x0, 0x0, 0x0, 0x0, 0x0,
    0xff, 0xf8, 0x0, 0x0, 0x0, 0xdf, 0xf5, 0x0,
    0x0, 0x0, 0x0, 0x0, 0x8, 0xff, 0xff, 0x80,
    0x0, 0x2, 0xff, 0xfd, 0x10, 0x0, 0x0, 0x0,
    0x0, 0x5f, 0xfa, 0xcf, 0xf6, 0x0, 0x1d, 0xff,
    0xff, 0xd3, 0x0, 0x0, 0x0, 0x5, 0xff, 0xc0,
    0x1d, 0xfc, 0x2, 0xef, 0xf5, 0x6f, 0xff, 0x70,
    0x0, 0x0, 0x8f, 0xfd, 0x10, 0x2, 0xc1, 0x5e,
    0xff, 0x60, 0x5, 0xff, 0xfd, 0x50, 0x4d, 0xff,
    0xd1, 0x0, 0x0, 0x3b, 0xff, 0xf5, 0x0, 0x0,
    0x2d, 0xff, 0xd1, 0x2b, 0xfc, 0x10, 0x0, 0x0,
    0xcf, 0xfd, 0x20, 0x0, 0x0, 0x0, 0xaf, 0x20,
    0x0, 0x60, 0x0, 0x0, 0x0, 0xb, 0x90, 0x0,
    0x0, 0x0, 0x0, 0x2, 0x0, 0x0, 0x0, 0x0,
    0x0, 0x0, 0x0, 0x0, 0x0, 0x0, 0x0, 0x0,
    0x0, 0x0,

    /* U+65F6 "时" */
    0x0, 0x0, 0x0, 0x0, 0x0, 0x0, 0x0, 0x0,
    0x12, 0x0, 0x0, 0x0, 0x0, 0x0, 0x0, 0x0,
    0x0, 0x0, 0x0, 0x5, 0xff, 0x90, 0x0, 0x0,
    0x0, 0x0, 0x0, 0x0, 0x0, 0x0, 0x0, 0x4f,
    0xf3, 0x0, 0x7, 0xed, 0xcc, 0xcc, 0xdf, 0x10,
    0x0, 0x0, 0x3, 0xff, 0x20, 0x0, 0x6f, 0xff,
    0xff, 0xff, 0xf0, 0x0, 0x0, 0x0, 0x3f, 0xf2,
    0x0, 0x5, 0xff, 0x22, 0x27, 0xff, 0x0, 0x0,
    0x0, 0x3, 0xff, 0x20, 0x0, 0x5f, 0xf0, 0x0,
    0x5f, 0xf0, 0x0, 0x0, 0x0, 0x3f, 0xf2, 0x0,
    0x5, 0xff, 0x0, 0x5, 0xff, 0x6f, 0xdd, 0xdd,
    0xdd, 0xff, 0xdd, 0xea, 0x5f, 0xf0, 0x0, 0x5f,
    0xf6, 0xff, 0xff, 0xff, 0xff, 0xff, 0xff, 0xb5,
    0xff, 0x0, 0x5, 0xff, 0x24, 0x22, 0x22, 0x25,
    0xff, 0x32, 0x33, 0x5f, 0xf3, 0x33, 0x7f, 0xf0,
    0x0, 0x0, 0x0, 0x3f, 0xf2, 0x0, 0x5, 0xff,
    0xff, 0xff, 0xff, 0x0, 0x58, 0x0, 0x3, 0xff,
    0x20, 0x0, 0x5f, 0xfb, 0xbb, 0xdf, 0xf0, 0x7f,
    0xf4, 0x0, 0x3f, 0xf2, 0x0, 0x5, 0xff, 0x0,
    0x5, 0xff, 0x0, 0xef, 0xd0, 0x3, 0xff, 0x20,
    0x0, 0x5f, 0xf0, 0x0, 0x5f, 0xf0, 0x4, 0xff,
    0x80, 0x3f, 0xf2, 0x0, 0x5, 0xff, 0x0, 0x5,
    0xff, 0x0, 0xc, 0xff, 0x23, 0xff, 0x20, 0x0,
    0x5f, 0xf0, 0x0, 0x5f, 0xf0, 0x0, 0x3d, 0x50,
    0x3f, 0xf2, 0x0, 0x5, 0xff, 0x0, 0x5, 0xff,
    0x0, 0x0, 0x0, 0x3, 0xff, 0x20, 0x0, 0x5f,
    0xfc, 0xcc, 0xdf, 0xf0, 0x0, 0x0, 0x0, 0x3f,
    0xf2, 0x0, 0x5, 0xff, 0xff, 0xff, 0xff, 0x0,
    0x0, 0x0, 0x3, 0xff, 0x20, 0x0, 0x5f, 0xf2,
    0x22, 0x7f, 0xf0, 0x0, 0x0, 0x0, 0x3f, 0xf2,
    0x0, 0x7, 0xff, 0x10, 0x6, 0xee, 0x10, 0x2,
    0xb9, 0x8c, 0xff, 0x10, 0x0, 0x37, 0x70, 0x0,
    0x0, 0x0, 0x0, 0xa, 0xff, 0xff, 0xc0, 0x0,
    0x0, 0x0, 0x0, 0x0, 0x0, 0x0, 0x0, 0x4f,
    0xfc, 0x81, 0x0, 0x0, 0x0, 0x0, 0x0, 0x0,
    0x0, 0x0, 0x0, 0x0, 0x0, 0x0, 0x0, 0x0,

    /* U+666F "景" */
    0x0, 0x0, 0x0, 0x0, 0x0, 0x0, 0x0, 0x0,
    0x0, 0x0, 0x0, 0x0, 0x0, 0x0, 0xee, 0xdd,
    0xdd, 0xdd, 0xdd, 0xdd, 0xdd, 0xdf, 0x40, 0x0,
    0x0, 0x0, 0xdf, 0xff, 0xff, 0xff, 0xff, 0xff,
    0xff, 0xff, 0x20, 0x0, 0x0, 0x0, 0xcf, 0xa2,
    0x22, 0x22, 0x22, 0x22, 0x25, 0xff, 0x20, 0x0,
    0x0, 0x0, 0xcf, 0xff, 0xff, 0xff, 0xff, 0xff,
    0xff, 0xff, 0x20, 0x0, 0x0, 0x0, 0xcf, 0xec,
    0xcc, 0xcc, 0xcc, 0xcc, 0xcd, 0xff, 0x20, 0x0,
    0x0, 0x0, 0xcf, 0xa3, 0x33, 0x33, 0x33, 0x33,
    0x36, 0xff, 0x20, 0x0, 0x0, 0x0, 0xdf, 0xff,
    0xff, 0xff, 0xff, 0xff, 0xff, 0xff, 0x30, 0x0,
    0x0, 0x0, 0xcc, 0xbb, 0xbb, 0xef, 0xfb, 0xbb,
    0xbb, 0xbc, 0x40, 0x0, 0x12, 0x10, 0x0, 0x0,
    0x0, 0x9f, 0xfc, 0x20, 0x0, 0x0, 0x0, 0x13,
    0x5f, 0xff, 0xff, 0xff, 0xff, 0xff, 0xff, 0xff,
    0xff, 0xff, 0xff, 0xfe, 0x5f, 0xfe, 0xee, 0xee,
    0xee, 0xee, 0xee, 0xee, 0xee, 0xee, 0xee, 0xfe,
    0x0, 0x0, 0x24, 0x33, 0x33, 0x33, 0x33, 0x33,
    0x33, 0x35, 0x0, 0x1, 0x0, 0x0, 0x6f, 0xff,
    0xff, 0xff, 0xff, 0xff, 0xff, 0xff, 0x0, 0x0,
    0x0, 0x0, 0x4f, 0xfb, 0xbb, 0xbb, 0xbb, 0xbb,
    0xbd, 0xff, 0x0, 0x0, 0x0, 0x0, 0x4f, 0xf1,
    0x0, 0x0, 0x0, 0x0, 0x7, 0xff, 0x0, 0x0,
    0x0, 0x0, 0x5f, 0xff, 0xff, 0xff, 0xff, 0xff,
    0xff, 0xff, 0x0, 0x0, 0x0, 0x0, 0x6f, 0xee,
    0xdd, 0xdf, 0xff, 0xdd, 0xdd, 0xef, 0x10, 0x0,
    0x0, 0x0, 0x0, 0x6f, 0x70, 0xa, 0xfb, 0x0,
    0x7b, 0x30, 0x0, 0x0, 0x0, 0x0, 0x9, 0xff,
    0xf6, 0xa, 0xfb, 0x1, 0xff, 0xfa, 0x20, 0x0,
    0x0, 0x5, 0xdf, 0xfc, 0x20, 0xa, 0xfb, 0x0,
    0x5d, 0xff, 0xf8, 0x0, 0x4, 0xdf, 0xff, 0x80,
    0x39, 0x8e, 0xfb, 0x0, 0x0, 0x5e, 0xff, 0xe0,
    0x0, 0xbf, 0xc3, 0x0, 0xe, 0xff, 0xf8, 0x0,
    0x0, 0x0, 0x9f, 0xa0, 0x0, 0x15, 0x0, 0x0,
    0x8, 0xda, 0x60, 0x0, 0x0, 0x0, 0x3, 0x10,

    /* U+675F "束" */
    0x0, 0x0, 0x0, 0x0, 0x0, 0x11, 0x0, 0x0,
    0x0, 0x0, 0x0, 0x0, 0x0, 0x0, 0x0, 0x0,
    0x0, 0x6, 0xff, 0x90, 0x0, 0x0, 0x0, 0x0,
    0x0, 0x0, 0x0, 0x0, 0x0, 0x0, 0x5f, 0xf3,
    0x0, 0x0, 0x0, 0x0, 0x0, 0x0, 0x10, 0x0,
    0x0, 0x0, 0x4, 0xff, 0x20, 0x0, 0x0, 0x0,
    0x1, 0x0, 0x5f, 0xfe, 0xee, 0xee, 0xee, 0xff,
    0xfe, 0xee, 0xee, 0xee, 0xff, 0xf1, 0x5, 0xff,
    0xff, 0xff, 0xff, 0xff, 0xff, 0xff, 0xff, 0xff,
    0xff, 0xff, 0x10, 0x12, 0x10, 0x0, 0x0, 0x0,
    0x4f, 0xf2, 0x0, 0x0, 0x0, 0x1, 0x30, 0x0,
    0x0, 0x0, 0x0, 0x0, 0x4, 0xff, 0x20, 0x0,
    0x0, 0x0, 0x0, 0x0, 0x0, 0x1, 0xfe, 0xdd,
    0xdd, 0xef, 0xfe, 0xdd, 0xdd, 0xef, 0x30, 0x0,
    0x0, 0x0, 0xf, 0xff, 0xff, 0xff, 0xff, 0xff,
    0xff, 0xff, 0xf2, 0x0, 0x0, 0x0, 0x0, 0xff,
    0x61, 0x11, 0x4f, 0xf3, 0x11, 0x14, 0xff, 0x10,
    0x0, 0x0, 0x0, 0xf, 0xf5, 0x0, 0x4, 0xff,
    0x20, 0x0, 0x4f, 0xf1, 0x0, 0x0, 0x0, 0x0,
    0xff, 0x50, 0x0, 0x4f, 0xf2, 0x0, 0x4, 0xff,
    0x10, 0x0, 0x0, 0x0, 0xf, 0xff, 0xee, 0xef,
    0xff, 0xee, 0xee, 0xff, 0xf2, 0x0, 0x0, 0x0,
    0x1, 0xff, 0xff, 0xff, 0xff, 0xff, 0xff, 0xff,
    0xff, 0x30, 0x0, 0x0, 0x0, 0x3, 0x10, 0xb,
    0xff, 0xff, 0xff, 0xb0, 0x1, 0x21, 0x0, 0x0,
    0x0, 0x0, 0x0, 0xa, 0xff, 0xbf, 0xf7, 0xff,
    0xa0, 0x0, 0x0, 0x0, 0x0, 0x0, 0x0, 0x9,
    0xff, 0xa4, 0xff, 0x27, 0xff, 0xb1, 0x0, 0x0,
    0x0, 0x0, 0x0, 0xb, 0xff, 0xb0, 0x4f, 0xf2,
    0x8, 0xff, 0xd3, 0x0, 0x0, 0x0, 0x0, 0x3d,
    0xff, 0xb0, 0x4, 0xff, 0x20, 0x7, 0xff, 0xfa,
    0x20, 0x0, 0x1, 0x8f, 0xff, 0x90, 0x0, 0x4f,
    0xf2, 0x0, 0x4, 0xef, 0xff, 0xc6, 0x7, 0xff,
    0xff, 0x50, 0x0, 0x4, 0xff, 0x20, 0x0, 0x1,
    0xbf, 0xfe, 0x40, 0x2d, 0xfb, 0x20, 0x0, 0x0,
    0x4f, 0xf2, 0x0, 0x0, 0x0, 0x4d, 0x30, 0x0,
    0x25, 0x0, 0x0, 0x0, 0x5, 0xff, 0x20, 0x0,
    0x0, 0x0, 0x0, 0x0, 0x0, 0x0, 0x0, 0x0,
    0x0, 0x6f, 0xf4, 0x0, 0x0, 0x0, 0x0, 0x0,
    0x0,

    /* U+677F "板" */
    0x0, 0x0, 0x12, 0x0, 0x0, 0x0, 0x0, 0x0,
    0x0, 0x0, 0x0, 0x0, 0x0, 0x0, 0x0, 0x4f,
    0xfb, 0x0, 0x0, 0x0, 0x0, 0x0, 0x0, 0x39,
    0x90, 0x0, 0x0, 0x0, 0x2f, 0xf3, 0x0, 0x0,
    0x21, 0x23, 0x57, 0xbf, 0xff, 0xf3, 0x0, 0x0,
    0x0, 0x2f, 0xf2, 0x0, 0x2, 0xff, 0xff, 0xff,
    0xff, 0xff, 0xea, 0x0, 0x0, 0x0, 0x2f, 0xf2,
    0x0, 0x1, 0xff, 0xfe, 0xca, 0x86, 0x30, 0x0,
    0x0, 0x0, 0x0, 0x2f, 0xf2, 0x0, 0x0, 0xff,
    0x60, 0x0, 0x0, 0x0, 0x0, 0x0, 0x8, 0x87,
    0x8f, 0xf8, 0x78, 0x80, 0xff, 0x60, 0x0, 0x0,
    0x0, 0x0, 0x0, 0xd, 0xff, 0xff, 0xff, 0xff,
    0xc0, 0xef, 0x60, 0x0, 0x0, 0x0, 0x0, 0x0,
    0x7, 0x77, 0xbf, 0xf8, 0x77, 0x70, 0xef, 0x70,
    0x0, 0x0, 0x0, 0x10, 0x0, 0x0, 0x0, 0xcf,
    0xf5, 0x0, 0x0, 0xef, 0xff, 0xff, 0xff, 0xff,
    0xf2, 0x0, 0x0, 0x2, 0xff, 0xff, 0x50, 0x0,
    0xff, 0xff, 0xfe, 0xee, 0xff, 0xf0, 0x0, 0x0,
    0x9, 0xff, 0xff, 0xf6, 0x0, 0xff, 0xff, 0x80,
    0x0, 0xbf, 0xb0, 0x0, 0x0, 0x1f, 0xff, 0xfc,
    0xff, 0x61, 0xff, 0xdf, 0xe0, 0x0, 0xff, 0x70,
    0x0, 0x0, 0x8f, 0xff, 0xf2, 0xdf, 0xd3, 0xff,
    0x5f, 0xf4, 0x4, 0xff, 0x20, 0x0, 0x3, 0xff,
    0xaf, 0xf2, 0x3d, 0x16, 0xff, 0xd, 0xfb, 0xb,
    0xfc, 0x0, 0x0, 0x1d, 0xff, 0x3f, 0xf2, 0x0,
    0xa, 0xfd, 0x5, 0xff, 0x7f, 0xf5, 0x0, 0x0,
    0x8f, 0xf7, 0x2f, 0xf2, 0x0, 0xe, 0xf8, 0x0,
    0xdf, 0xff, 0xd0, 0x0, 0x0, 0x1, 0x80, 0x2f,
    0xf2, 0x0, 0x5f, 0xf3, 0x0, 0x4f, 0xff, 0x40,
    0x0, 0x0, 0x0, 0x0, 0x2f, 0xf2, 0x0, 0xcf,
    0xc0, 0x0, 0x4f, 0xff, 0xa0, 0x0, 0x0, 0x0,
    0x0, 0x2f, 0xf2, 0x6, 0xff, 0x40, 0x5, 0xff,
    0xff, 0xfb, 0x10, 0x0, 0x0, 0x0, 0x2f, 0xf2,
    0x2f, 0xfc, 0x0, 0x8f, 0xfe, 0x29, 0xff, 0xd4,
    0x0, 0x0, 0x0, 0x2f, 0xf3, 0xdf, 0xf2, 0x4d,
    0xff, 0xc1, 0x0, 0x8f, 0xff, 0xa2, 0x0, 0x0,
    0x3f, 0xf7, 0xcf, 0x6c, 0xff, 0xf9, 0x0, 0x0,
    0x6, 0xff, 0xc1, 0x0, 0x0, 0x4f, 0xf4, 0x4,
    0x1, 0xcd, 0x40, 0x0, 0x0, 0x0, 0x2c, 0x10,
    0x0, 0x0, 0x0, 0x0, 0x0, 0x0, 0x10, 0x0,
    0x0, 0x0, 0x0, 0x0, 0x0,

    /* U+67E5 "查" */
    0x0, 0x0, 0x0, 0x0, 0x0, 0x0, 0x31, 0x0,
    0x0, 0x0, 0x0, 0x0, 0x0, 0x0, 0x0, 0x0,
    0x0, 0x0, 0x1, 0xff, 0xe0, 0x0, 0x0, 0x0,
    0x0, 0x0, 0x0, 0x0, 0x0, 0x0, 0x0, 0x0,
    0xff, 0x80, 0x0, 0x0, 0x0, 0x0, 0x0, 0x0,
    0x0, 0x0, 0x0, 0x0, 0x0, 0xff, 0x60, 0x0,
    0x0, 0x0, 0x0, 0x0, 0x0, 0xad, 0xbb, 0xbb,
    0xbb, 0xbb, 0xff, 0xdb, 0xbb, 0xbb, 0xbb, 0xcd,
    0x0, 0x0, 0xbf, 0xff, 0xff, 0xff, 0xff, 0xff,
    0xff, 0xff, 0xff, 0xff, 0xfe, 0x0, 0x0, 0x45,
    0x43, 0x33, 0x36, 0xff, 0xff, 0xff, 0xc3, 0x33,
    0x33, 0x56, 0x0, 0x0, 0x0, 0x0, 0x0, 0x6f,
    0xfe, 0xff, 0xcf, 0xfa, 0x0, 0x0, 0x0, 0x0,
    0x0, 0x0, 0x0, 0x2b, 0xff, 0xd2, 0xff, 0x67,
    0xff, 0xe5, 0x0, 0x0, 0x0, 0x0, 0x0, 0x29,
    0xff, 0xf9, 0x0, 0xff, 0x60, 0x5f, 0xff, 0xc6,
    0x10, 0x0, 0x0, 0x5a, 0xff, 0xfd, 0x40, 0x0,
    0xff, 0x80, 0x2, 0xbf, 0xff, 0xfd, 0xa1, 0x1e,
    0xff, 0xff, 0xc2, 0x0, 0x1, 0x88, 0x50, 0x0,
    0x29, 0xff, 0xff, 0x70, 0x4, 0xff, 0xca, 0xff,
    0xff, 0xff, 0xff, 0xff, 0xff, 0xff, 0x87, 0xde,
    0x0, 0x0, 0x74, 0x5, 0xff, 0xee, 0xee, 0xee,
    0xee, 0xee, 0xff, 0x60, 0x2, 0x0, 0x0, 0x0,
    0x5, 0xff, 0x0, 0x0, 0x0, 0x0, 0x0, 0xff,
    0x50, 0x0, 0x0, 0x0, 0x0, 0x5, 0xff, 0xee,
    0xee, 0xee, 0xee, 0xee, 0xff, 0x50, 0x0, 0x0,
    0x0, 0x0, 0x5, 0xff, 0xff, 0xff, 0xff, 0xff,
    0xff, 0xff, 0x50, 0x0, 0x0, 0x0, 0x0, 0x5,
    0xff, 0x10, 0x0, 0x0, 0x0, 0x0, 0xff, 0x50,
    0x0, 0x0, 0x0, 0x0, 0x5, 0xff, 0x11, 0x11,
    0x11, 0x11, 0x11, 0xff, 0x50, 0x0, 0x0, 0x0,
    0x0, 0x5, 0xff, 0xff, 0xff, 0xff, 0xff, 0xff,
    0xff, 0x60, 0x0, 0x0, 0x0, 0x0, 0x7, 0xfe,
    0xee, 0xee, 0xee, 0xee, 0xee, 0xef, 0x70, 0x0,
    0x0, 0x1, 0x21, 0x11, 0x11, 0x11, 0x11, 0x11,
    0x11, 0x11, 0x11, 0x11, 0x22, 0x0, 0x5, 0xff,
    0xff, 0xff, 0xff, 0xff, 0xff, 0xff, 0xff, 0xff,
    0xff, 0xff, 0x20, 0x5, 0xff, 0xfe, 0xee, 0xee,
    0xee, 0xee, 0xee, 0xee, 0xee, 0xef, 0xff, 0x20,
    0x0, 0x0, 0x0, 0x0, 0x0, 0x0, 0x0, 0x0,
    0x0, 0x0, 0x0, 0x1, 0x0,

    /* U+68C0 "检" */
    0x0, 0x0, 0x0, 0x0, 0x0, 0x0, 0x0, 0x1,
    0x0, 0x0, 0x0, 0x0, 0x0, 0x0, 0x0, 0x1d,
    0xb8, 0x0, 0x0, 0x0, 0xd, 0xd7, 0x0, 0x0,
    0x0, 0x0, 0x0, 0x0, 0xf, 0xfa, 0x0, 0x0,
    0x0, 0x2f, 0xfd, 0x10, 0x0, 0x0, 0x0, 0x0,
    0x0, 0xf, 0xf6, 0x0, 0x0, 0x0, 0x7f, 0xfe,
    0x0, 0x0, 0x0, 0x0, 0x0, 0x0, 0xe, 0xf6,
    0x0, 0x0, 0x0, 0xdf, 0xff, 0x70, 0x0, 0x0,
    0x0, 0x0, 0x0, 0xe, 0xf6, 0x0, 0x0, 0x6,
    0xff, 0xef, 0xf2, 0x0, 0x0, 0x0, 0x0, 0x0,
    0xe, 0xf6, 0x0, 0x0, 0xe, 0xfc, 0x2f, 0xfd,
    0x10, 0x0, 0x0, 0x6, 0xfd, 0xdf, 0xfe, 0xee,
    0x0, 0xaf, 0xf2, 0x7, 0xff, 0xc1, 0x0, 0x0,
    0x6, 0xff, 0xff, 0xff, 0xfe, 0x8, 0xff, 0x70,
    0x0, 0xaf, 0xfe, 0x30, 0x0, 0x2, 0x42, 0x7f,
    0xf7, 0x35, 0x7f, 0xfa, 0x0, 0x0, 0xb, 0xff,
    0xfa, 0x20, 0x0, 0x0, 0xbf, 0xf6, 0xa, 0xff,
    0xf4, 0x33, 0x33, 0x33, 0xdf, 0xff, 0xc0, 0x0,
    0x1, 0xff, 0xfd, 0x5d, 0xff, 0xff, 0xff, 0xff,
    0xff, 0xfe, 0xfe, 0x10, 0x0, 0x8, 0xff, 0xff,
    0xe3, 0x84, 0xed, 0xdd, 0xdd, 0xdd, 0xeb, 0x24,
    0x0, 0x0, 0xe, 0xff, 0xff, 0xff, 0x30, 0x0,
    0x5, 0x30, 0x0, 0x10, 0x0, 0x0, 0x0, 0x8f,
    0xff, 0xf7, 0xec, 0x1, 0x10, 0xcf, 0xb0, 0x0,
    0xdc, 0x60, 0x0, 0x3, 0xff, 0xbe, 0xf6, 0x30,
    0x7f, 0xa0, 0x8f, 0xf3, 0x1, 0xff, 0xe2, 0x0,
    0x1e, 0xff, 0x3e, 0xf6, 0x0, 0x9f, 0xf3, 0x1f,
    0xfa, 0x5, 0xff, 0x40, 0x0, 0x8e, 0xf9, 0xe,
    0xf6, 0x0, 0x1e, 0xfc, 0x8, 0xff, 0x2a, 0xfd,
    0x0, 0x0, 0x0, 0x61, 0xe, 0xf6, 0x0, 0x7,
    0xff, 0x42, 0xff, 0x7f, 0xf8, 0x0, 0x0, 0x0,
    0x0, 0xe, 0xf6, 0x0, 0x1, 0xff, 0xa0, 0x93,
    0x5f, 0xf2, 0x0, 0x0, 0x0, 0x0, 0xe, 0xf6,
    0x0, 0x0, 0x76, 0x0, 0x0, 0xbf, 0xb0, 0x0,
    0x0, 0x0, 0x0, 0xe, 0xf6, 0x2, 0x10, 0x0,
    0x0, 0x2, 0xff, 0x50, 0x12, 0x10, 0x0, 0x0,
    0xf, 0xf6, 0xe, 0xff, 0xff, 0xff, 0xff, 0xff,
    0xff, 0xff, 0x60, 0x0, 0x0, 0xf, 0xf6, 0xe,
    0xff, 0xff, 0xff, 0xff, 0xff, 0xff, 0xff, 0x60,
    0x0, 0x0, 0x1f, 0xf8, 0x2, 0x10, 0x0, 0x0,
    0x0, 0x0, 0x0, 0x2, 0x10,

    /* U+697C "楼" */
    0x0, 0x0, 0x5, 0x30, 0x0, 0x0, 0x0, 0x1,
    0x75, 0x30, 0x0, 0x0, 0x0, 0x0, 0x0, 0xf,
    0xfe, 0x0, 0x0, 0x40, 0x1, 0xff, 0xd0, 0x8,
    0x20, 0x0, 0x0, 0x0, 0xf, 0xf7, 0x0, 0x8,
    0xfb, 0x0, 0xff, 0x50, 0x4f, 0xf7, 0x0, 0x0,
    0x0, 0xe, 0xf6, 0x0, 0x8, 0xff, 0x90, 0xff,
    0x51, 0xef, 0xe5, 0x0, 0x0, 0x0, 0xe, 0xf6,
    0x0, 0x0, 0x9f, 0xf6, 0xff, 0x5b, 0xff, 0x20,
    0x0, 0x0, 0x0, 0xe, 0xf6, 0x0, 0x0, 0xc,
    0xd3, 0xff, 0x6a, 0xf4, 0x0, 0x0, 0x9, 0xdb,
    0xbf, 0xfd, 0xcc, 0x5f, 0xde, 0xed, 0xff, 0xed,
    0xfd, 0xde, 0xa0, 0xa, 0xff, 0xff, 0xff, 0xfe,
    0x5f, 0xff, 0xff, 0xff, 0xff, 0xff, 0xff, 0xa0,
    0x4, 0x54, 0x6f, 0xf8, 0x55, 0x13, 0x22, 0xbf,
    0xff, 0xff, 0x42, 0x23, 0x30, 0x0, 0x0, 0x8f,
    0xf6, 0x0, 0x0, 0xa, 0xff, 0xff, 0xff, 0xf7,
    0x0, 0x0, 0x0, 0x0, 0xef, 0xfe, 0x20, 0x3,
    0xdf, 0xf5, 0xff, 0x7d, 0xff, 0xd7, 0x10, 0x0,
    0x5, 0xff, 0xff, 0xe5, 0xaf, 0xff, 0x50, 0xff,
    0x51, 0xaf, 0xff, 0xf3, 0x0, 0xd, 0xff, 0xff,
    0xff, 0xdf, 0xd3, 0x2, 0xff, 0x70, 0x4, 0xcf,
    0x40, 0x0, 0x6f, 0xff, 0xf7, 0xee, 0x27, 0x0,
    0xe, 0xd7, 0x10, 0x0, 0x2, 0x0, 0x2, 0xff,
    0xae, 0xf6, 0x34, 0x0, 0x0, 0x6f, 0xfb, 0x10,
    0x0, 0x0, 0x0, 0x1d, 0xff, 0x2e, 0xf6, 0xf,
    0xed, 0xdd, 0xff, 0xfd, 0xdd, 0xdd, 0xde, 0xf2,
    0x6c, 0xf8, 0xe, 0xf6, 0xf, 0xff, 0xff, 0xff,
    0xff, 0xff, 0xff, 0xff, 0xf2, 0x0, 0x20, 0xe,
    0xf6, 0x4, 0x21, 0x5f, 0xf7, 0x11, 0x1d, 0xfd,
    0x12, 0x40, 0x0, 0x0, 0xe, 0xf6, 0x0, 0x0,
    0xdf, 0xd0, 0x0, 0x6f, 0xf5, 0x0, 0x0, 0x0,
    0x0, 0xe, 0xf6, 0x0, 0x9, 0xff, 0xfd, 0x86,
    0xff, 0xb0, 0x0, 0x0, 0x0, 0x0, 0xe, 0xf6,
    0x0, 0x5, 0x9e, 0xff, 0xff, 0xff, 0x50, 0x0,
    0x0, 0x0, 0x0, 0xe, 0xf6, 0x0, 0x0, 0x0,
    0x5f, 0xff, 0xff, 0xfd, 0x60, 0x0, 0x0, 0x0,
    0xe, 0xf6, 0x25, 0x56, 0x8c, 0xff, 0xfb, 0x9f,
    0xff, 0xfe, 0x70, 0x0, 0x0, 0xf, 0xf7, 0xe,
    0xff, 0xff, 0xfd, 0x60, 0x1, 0x7e, 0xff, 0x80,
    0x0, 0x0, 0x1f, 0xf8, 0x7, 0xff, 0xd8, 0x40,
    0x0, 0x0, 0x1, 0x9f, 0x10, 0x0, 0x0, 0x0,
    0x0, 0x0, 0x20, 0x0, 0x0, 0x0, 0x0, 0x0,
    0x1, 0x0,

    /* U+6B63 "正" */
    0x0, 0x64, 0x33, 0x33, 0x33, 0x33, 0x33, 0x33,
    0x33, 0x33, 0x45, 0x20, 0x0, 0xff, 0xff, 0xff,
    0xff, 0xff, 0xff, 0xff, 0xff, 0xff, 0xff, 0x60,
    0x0, 0xfe, 0xdd, 0xdd, 0xdd, 0xde, 0xff, 0xdd,
    0xdd, 0xdd, 0xee, 0x60, 0x0, 0x0, 0x0, 0x0,
    0x0, 0x8, 0xfe, 0x0, 0x0, 0x0, 0x0, 0x0,
    0x0, 0x0, 0x0, 0x0, 0x0, 0x8, 0xfe, 0x0,
    0x0, 0x0, 0x0, 0x0, 0x0, 0x0, 0x0, 0x0,
    0x0, 0x8, 0xfe, 0x0, 0x0, 0x0, 0x0, 0x0,
    0x0, 0x0, 0x12, 0x0, 0x0, 0x8, 0xfe, 0x0,
    0x0, 0x0, 0x0, 0x0, 0x0, 0x0, 0x3f, 0xf9,
    0x0, 0x8, 0xfe, 0x0, 0x0, 0x0, 0x0, 0x0,
    0x0, 0x0, 0x2f, 0xf6, 0x0, 0x8, 0xfe, 0x22,
    0x22, 0x23, 0x40, 0x0, 0x0, 0x0, 0x1f, 0xf4,
    0x0, 0x8, 0xff, 0xff, 0xff, 0xff, 0xf0, 0x0,
    0x0, 0x0, 0x1f, 0xf4, 0x0, 0x8, 0xff, 0xff,
    0xff, 0xff, 0xf0, 0x0, 0x0, 0x0, 0x1f, 0xf4,
    0x0, 0x8, 0xfe, 0x0, 0x0, 0x0, 0x0, 0x0,
    0x0, 0x0, 0x1f, 0xf4, 0x0, 0x8, 0xfe, 0x0,
    0x0, 0x0, 0x0, 0x0, 0x0, 0x0, 0x1f, 0xf4,
    0x0, 0x8, 0xfe, 0x0, 0x0, 0x0, 0x0, 0x0,
    0x0, 0x0, 0x1f, 0xf4, 0x0, 0x8, 0xfe, 0x0,
    0x0, 0x0, 0x0, 0x0, 0x0, 0x0, 0x1f, 0xf4,
    0x0, 0x8, 0xfe, 0x0, 0x0, 0x0, 0x0, 0x0,
    0x0, 0x0, 0x1f, 0xf4, 0x0, 0x8, 0xfe, 0x0,
    0x0, 0x0, 0x0, 0x0, 0x0, 0x0, 0x1f, 0xf4,
    0x0, 0x8, 0xfe, 0x0, 0x0, 0x0, 0x0, 0x0,
    0x10, 0x0, 0x1f, 0xf4, 0x0, 0x8, 0xfe, 0x0,
    0x0, 0x0, 0x0, 0x1, 0xbf, 0xff, 0xff, 0xff,
    0xff, 0xff, 0xff, 0xff, 0xff, 0xff, 0xff, 0xfc,
    0xbf, 0xff, 0xff, 0xff, 0xff, 0xff, 0xff, 0xff,
    0xff, 0xff, 0xff, 0xfc, 0x33, 0x21, 0x11, 0x11,
    0x11, 0x11, 0x11, 0x11, 0x11, 0x11, 0x12, 0x33,

    /* U+6BCF "每" */
    0x0, 0x0, 0x0, 0x2, 0x0, 0x0, 0x0, 0x0,
    0x0, 0x0, 0x0, 0x0, 0x0, 0x0, 0x0, 0x2f,
    0xe9, 0x10, 0x0, 0x0, 0x0, 0x0, 0x0, 0x0,
    0x0, 0x0, 0x0, 0xaf, 0xfb, 0x10, 0x0, 0x0,
    0x0, 0x0, 0x0, 0x0, 0x0, 0x0, 0x4, 0xff,
    0xd3, 0x33, 0x33, 0x33, 0x33, 0x33, 0x34, 0x51,
    0x0, 0x0, 0x1e, 0xff, 0xff, 0xff, 0xff, 0xff,
    0xff, 0xff, 0xff, 0xf4, 0x0, 0x0, 0xcf, 0xfc,
    0xcc, 0xcc, 0xcc, 0xcc, 0xcc, 0xcc, 0xcd, 0xe4,
    0x0, 0xb, 0xff, 0x80, 0x0, 0x0, 0x0, 0x0,
    0x0, 0x0, 0x0, 0x0, 0x1, 0xcf, 0xff, 0xcc,
    0xcc, 0xcc, 0xcc, 0xcc, 0xcc, 0xcd, 0xd9, 0x0,
    0x1e, 0xff, 0x9c, 0xff, 0xff, 0xff, 0xff, 0xff,
    0xff, 0xff, 0xf5, 0x0, 0x3, 0xea, 0xc, 0xfa,
    0x33, 0xdf, 0x73, 0x33, 0x33, 0x6f, 0xf2, 0x0,
    0x0, 0x10, 0xe, 0xf7, 0x3, 0xff, 0xf6, 0x0,
    0x0, 0x5f, 0xf0, 0x0, 0x0, 0x0, 0xf, 0xf4,
    0x0, 0x3d, 0xff, 0x80, 0x0, 0x7f, 0xe0, 0x0,
    0x0, 0x0, 0x2f, 0xf2, 0x0, 0x1, 0xcf, 0x60,
    0x0, 0x9f, 0xd0, 0x1, 0x9f, 0xee, 0xef, 0xfe,
    0xee, 0xee, 0xef, 0xee, 0xee, 0xff, 0xfe, 0xfe,
    0x9f, 0xff, 0xff, 0xff, 0xff, 0xff, 0xff, 0xff,
    0xff, 0xff, 0xff, 0xfe, 0x22, 0x11, 0xbf, 0xa1,
    0x11, 0xed, 0x31, 0x11, 0x11, 0xef, 0x81, 0x34,
    0x0, 0x0, 0xef, 0x60, 0x5, 0xff, 0xf6, 0x0,
    0x0, 0xff, 0x50, 0x0, 0x0, 0x1, 0xff, 0x30,
    0x0, 0x3d, 0xff, 0x80, 0x3, 0xff, 0x30, 0x0,
    0x0, 0x5, 0xff, 0x10, 0x0, 0x1, 0xbf, 0x40,
    0x5, 0xff, 0x32, 0x30, 0x0, 0x9, 0xff, 0xff,
    0xff, 0xff, 0xff, 0xff, 0xff, 0xff, 0xff, 0xb0,
    0x0, 0xe, 0xff, 0xee, 0xee, 0xee, 0xee, 0xee,
    0xef, 0xff, 0xff, 0xb0, 0x0, 0x1, 0x0, 0x0,
    0x0, 0x0, 0x0, 0x0, 0xc, 0xfa, 0x0, 0x10,
    0x0, 0x0, 0x0, 0x0, 0x0, 0x0, 0x8, 0x87,
    0x8f, 0xf8, 0x0, 0x0, 0x0, 0x0, 0x0, 0x0,
    0x0, 0x0, 0x7, 0xff, 0xff, 0xf3, 0x0, 0x0,
    0x0, 0x0, 0x0, 0x0, 0x0, 0x0, 0x1, 0xff,
    0xda, 0x40, 0x0, 0x0, 0x0, 0x0, 0x0, 0x0,
    0x0, 0x0, 0x0, 0x0, 0x0, 0x0, 0x0, 0x0,

    /* U+6D4B "测" */
    0x0, 0x0, 0x0, 0x0, 0x0, 0x0, 0x0, 0x0,
    0x0, 0x0, 0x0, 0x0, 0x0, 0x0, 0x98, 0x0,
    0x0, 0x0, 0x0, 0x0, 0x0, 0x0, 0x0, 0xae,
    0xc5, 0x0, 0x5f, 0xfb, 0x10, 0x21, 0x0, 0x0,
    0x1, 0x20, 0x0, 0x8, 0xff, 0x20, 0x0, 0x8f,
    0xfd, 0x2f, 0xff, 0xff, 0xff, 0xff, 0x21, 0x0,
    0x7f, 0xe0, 0x0, 0x0, 0x6f, 0xfc, 0xff, 0xee,
    0xee, 0xef, 0xf2, 0xff, 0xb7, 0xfe, 0x0, 0x0,
    0x0, 0x6f, 0x2e, 0xf4, 0x0, 0x1, 0xff, 0xf,
    0xf7, 0x7f, 0xe0, 0x0, 0x10, 0x0, 0x10, 0xef,
    0x43, 0x41, 0x1f, 0xf0, 0xff, 0x47, 0xfe, 0x0,
    0x3f, 0x60, 0x0, 0xe, 0xf4, 0x7f, 0xf8, 0xff,
    0xf, 0xf4, 0x7f, 0xe0, 0xb, 0xff, 0xa0, 0x0,
    0xef, 0x46, 0xfe, 0x1f, 0xf0, 0xff, 0x47, 0xfe,
    0x0, 0xa, 0xff, 0xc1, 0xe, 0xf4, 0x5f, 0xc1,
    0xff, 0xf, 0xf4, 0x7f, 0xe0, 0x0, 0x8, 0xff,
    0xa0, 0xef, 0x45, 0xfc, 0x1f, 0xf0, 0xff, 0x47,
    0xfe, 0x0, 0x0, 0x7, 0xe1, 0xe, 0xf4, 0x5f,
    0xc1, 0xff, 0xf, 0xf4, 0x7f, 0xe0, 0x0, 0x0,
    0x1, 0x0, 0xef, 0x45, 0xfc, 0x1f, 0xf0, 0xff,
    0x47, 0xfe, 0x0, 0x0, 0x0, 0x70, 0xe, 0xf4,
    0x5f, 0xc1, 0xff, 0xf, 0xf4, 0x7f, 0xe0, 0x0,
    0x0, 0x1f, 0x70, 0xef, 0x45, 0xfc, 0x1f, 0xf0,
    0xff, 0x47, 0xfe, 0x0, 0x0, 0x8, 0xff, 0x2e,
    0xf5, 0x6f, 0xb2, 0xff, 0xf, 0xf4, 0x7f, 0xe0,
    0x0, 0x0, 0xef, 0xc0, 0xff, 0x68, 0xfa, 0x3f,
    0xf1, 0xff, 0x57, 0xfe, 0x0, 0x0, 0x6f, 0xf4,
    0xc, 0xc5, 0xcf, 0x72, 0x77, 0x1f, 0xf6, 0x7f,
    0xe0, 0x0, 0xd, 0xfc, 0x0, 0x0, 0x2f, 0xf4,
    0xd5, 0x0, 0x99, 0x47, 0xfe, 0x0, 0x7, 0xff,
    0x40, 0x0, 0xa, 0xfc, 0xaf, 0xf3, 0x0, 0x0,
    0x7f, 0xe0, 0x1, 0xff, 0xc0, 0x0, 0x5, 0xff,
    0x40, 0xdf, 0xe1, 0x0, 0x7, 0xfe, 0x0, 0xaf,
    0xf5, 0x0, 0x5, 0xff, 0xa0, 0x1, 0xef, 0xc0,
    0x0, 0x7f, 0xd0, 0x1f, 0xfd, 0x0, 0x1a, 0xff,
    0xc0, 0x0, 0x5, 0xf5, 0x7c, 0xbe, 0xfd, 0x0,
    0x3d, 0x60, 0x7, 0xff, 0xb0, 0x0, 0x0, 0x2,
    0x2, 0xff, 0xff, 0x80, 0x0, 0x0, 0x0, 0x5,
    0x80, 0x0, 0x0, 0x0, 0x0, 0x9, 0x97, 0x30,
    0x0,

    /* U+6D88 "消" */
    0x0, 0x0, 0x0, 0x0, 0x0, 0x0, 0x0, 0x30,
    0x0, 0x0, 0x0, 0x0, 0x0, 0x0, 0x0, 0x0,
    0x0, 0x0, 0xf, 0xfd, 0x0, 0x0, 0x0, 0x0,
    0x5d, 0x30, 0x0, 0x1, 0x60, 0x0, 0xff, 0x80,
    0x3, 0xd3, 0x0, 0xe, 0xff, 0x70, 0x2, 0xef,
    0x60, 0xf, 0xf6, 0x0, 0xdf, 0xf5, 0x0, 0x1c,
    0xff, 0xa0, 0xa, 0xff, 0x20, 0xef, 0x60, 0x9f,
    0xf9, 0x0, 0x0, 0x9, 0xff, 0x40, 0xd, 0xfd,
    0xe, 0xf6, 0x7f, 0xf9, 0x0, 0x0, 0x0, 0x6,
    0x80, 0x0, 0x3f, 0xe2, 0xef, 0x6d, 0xfb, 0x0,
    0x0, 0x60, 0x0, 0x0, 0x0, 0x0, 0x62, 0xe,
    0xf6, 0x1a, 0x0, 0x0, 0x6f, 0xc1, 0x0, 0x0,
    0xf, 0xed, 0xdd, 0xff, 0xed, 0xde, 0xf9, 0xa,
    0xff, 0xe5, 0x0, 0x0, 0xff, 0xff, 0xff, 0xff,
    0xff, 0xff, 0x80, 0x7, 0xff, 0xf8, 0x0, 0xe,
    0xf7, 0x11, 0x11, 0x11, 0x1e, 0xf7, 0x0, 0x4,
    0xff, 0x60, 0x0, 0xef, 0x60, 0x0, 0x0, 0x0,
    0xef, 0x70, 0x0, 0x2, 0xb1, 0x10, 0xe, 0xf7,
    0x11, 0x11, 0x11, 0x1e, 0xf7, 0x0, 0x0, 0x0,
    0x69, 0x0, 0xef, 0xff, 0xff, 0xff, 0xff, 0xff,
    0x70, 0x0, 0x0, 0xc, 0xf5, 0xe, 0xfe, 0xee,
    0xee, 0xee, 0xef, 0xf7, 0x0, 0x0, 0x3, 0xff,
    0x70, 0xef, 0x60, 0x0, 0x0, 0x0, 0xef, 0x70,
    0x0, 0x0, 0xaf, 0xe0, 0xe, 0xf6, 0x0, 0x0,
    0x0, 0xe, 0xf7, 0x0, 0x0, 0x2f, 0xf7, 0x0,
    0xef, 0xfe, 0xee, 0xee, 0xee, 0xff, 0x70, 0x0,
    0xa, 0xfe, 0x0, 0xe, 0xff, 0xff, 0xff, 0xff,
    0xff, 0xf7, 0x0, 0x3, 0xff, 0x70, 0x0, 0xef,
    0x60, 0x0, 0x0, 0x0, 0xef, 0x70, 0x0, 0xdf,
    0xe0, 0x0, 0xe, 0xf6, 0x0, 0x0, 0x0, 0xe,
    0xf7, 0x0, 0x8f, 0xf8, 0x0, 0x0, 0xef, 0x60,
    0x0, 0x0, 0x0, 0xef, 0x70, 0xc, 0xff, 0x10,
    0x0, 0xe, 0xf6, 0x0, 0x0, 0x89, 0x9f, 0xf6,
    0x0, 0xa, 0x90, 0x0, 0x0, 0xff, 0x70, 0x0,
    0x7, 0xff, 0xff, 0x20, 0x0, 0x0, 0x0, 0x0,
    0x1f, 0xf8, 0x0, 0x0, 0x1e, 0xc8, 0x20, 0x0,

    /* U+7247 "片" */
    0x0, 0x0, 0x0, 0x0, 0x0, 0x0, 0x3, 0x10,
    0x0, 0x0, 0x0, 0x0, 0x0, 0x15, 0x20, 0x0,
    0x0, 0x1f, 0xff, 0x20, 0x0, 0x0, 0x0, 0x0,
    0x1f, 0xff, 0x0, 0x0, 0xf, 0xfa, 0x0, 0x0,
    0x0, 0x0, 0x0, 0xf, 0xf9, 0x0, 0x0, 0xf,
    0xf7, 0x0, 0x0, 0x0, 0x0, 0x0, 0xf, 0xf7,
    0x0, 0x0, 0xe, 0xf7, 0x0, 0x0, 0x0, 0x0,
    0x0, 0xe, 0xf7, 0x0, 0x0, 0xe, 0xf7, 0x0,
    0x0, 0x0, 0x0, 0x0, 0xe, 0xf7, 0x0, 0x0,
    0xe, 0xf7, 0x0, 0x0, 0x0, 0x0, 0x0, 0xe,
    0xfe, 0xcc, 0xcc, 0xcf, 0xfe, 0xcc, 0xcd, 0xe7,
    0x0, 0x0, 0xe, 0xff, 0xff, 0xff, 0xff, 0xff,
    0xff, 0xff, 0xf8, 0x0, 0x0, 0xe, 0xf8, 0x22,
    0x22, 0x22, 0x22, 0x22, 0x34, 0x53, 0x0, 0x0,
    0xf, 0xf6, 0x0, 0x0, 0x0, 0x0, 0x0, 0x0,
    0x0, 0x0, 0x0, 0xf, 0xf6, 0x0, 0x0, 0x0,
    0x0, 0x0, 0x0, 0x0, 0x0, 0x0, 0xf, 0xf6,
    0x0, 0x0, 0x0, 0x0, 0x10, 0x0, 0x0, 0x0,
    0x0, 0x1f, 0xfe, 0xee, 0xee, 0xee, 0xef, 0xf2,
    0x0, 0x0, 0x0, 0x0, 0x2f, 0xff, 0xff, 0xff,
    0xff, 0xff, 0xf1, 0x0, 0x0, 0x0, 0x0, 0x5f,
    0xf3, 0x0, 0x0, 0x0, 0x6f, 0xf0, 0x0, 0x0,
    0x0, 0x0, 0x7f, 0xf0, 0x0, 0x0, 0x0, 0x5f,
    0xf0, 0x0, 0x0, 0x0, 0x0, 0xcf, 0xc0, 0x0,
    0x0, 0x0, 0x5f, 0xf0, 0x0, 0x0, 0x0, 0x2,
    0xff, 0x60, 0x0, 0x0, 0x0, 0x5f, 0xf0, 0x0,
    0x0, 0x0, 0xb, 0xfe, 0x0, 0x0, 0x0, 0x0,
    0x5f, 0xf0, 0x0, 0x0, 0x0, 0x7f, 0xf5, 0x0,
    0x0, 0x0, 0x0, 0x5f, 0xf0, 0x0, 0x0, 0x7,
    0xff, 0xa0, 0x0, 0x0, 0x0, 0x0, 0x6f, 0xf0,
    0x0, 0x0, 0x7f, 0xfc, 0x0, 0x0, 0x0, 0x0,
    0x0, 0x6f, 0xf1, 0x0, 0x0, 0x5, 0xb1, 0x0,
    0x0, 0x0, 0x0, 0x0, 0x8f, 0xf2, 0x0, 0x0,

    /* U+751F "生" */
    0x0, 0x0, 0x0, 0x0, 0x0, 0x1e, 0xc9, 0x10,
    0x0, 0x0, 0x0, 0x0, 0x0, 0x0, 0x0, 0x0,
    0x0, 0xf, 0xfc, 0x0, 0x0, 0x0, 0x0, 0x0,
    0x0, 0x0, 0xa, 0x62, 0x0, 0xf, 0xf9, 0x0,
    0x0, 0x0, 0x0, 0x0, 0x0, 0x0, 0x2f, 0xff,
    0x20, 0xe, 0xf8, 0x0, 0x0, 0x0, 0x0, 0x0,
    0x0, 0x0, 0x4f, 0xf7, 0x0, 0xe, 0xf8, 0x0,
    0x0, 0x0, 0x0, 0x0, 0x0, 0x0, 0x8f, 0xf1,
    0x0, 0xe, 0xf8, 0x0, 0x0, 0x0, 0x10, 0x0,
    0x0, 0x0, 0xdf, 0xfe, 0xee, 0xef, 0xff, 0xee,
    0xee, 0xef, 0xf6, 0x0, 0x0, 0x3, 0xff, 0xff,
    0xff, 0xff, 0xff, 0xff, 0xff, 0xff, 0xf6, 0x0,
    0x0, 0xa, 0xfe, 0x11, 0x11, 0x1e, 0xf9, 0x11,
    0x11, 0x13, 0x42, 0x0, 0x0, 0x3f, 0xf8, 0x0,
    0x0, 0xe, 0xf8, 0x0, 0x0, 0x0, 0x0, 0x0,
    0x0, 0xcf, 0xf1, 0x0, 0x0, 0xe, 0xf8, 0x0,
    0x0, 0x0, 0x0, 0x0, 0x8, 0xff, 0x80, 0x0,
    0x0, 0xe, 0xf8, 0x0, 0x0, 0x0, 0x0, 0x0,
    0xa, 0xef, 0x20, 0x0, 0x0, 0xe, 0xf8, 0x0,
    0x0, 0x1, 0x0, 0x0, 0x0, 0x1, 0x9f, 0xff,
    0xff, 0xff, 0xff, 0xff, 0xff, 0xff, 0x20, 0x0,
    0x0, 0x0, 0x9f, 0xff, 0xff, 0xff, 0xff, 0xff,
    0xff, 0xff, 0x20, 0x0, 0x0, 0x0, 0x22, 0x11,
    0x11, 0x1e, 0xf9, 0x11, 0x11, 0x23, 0x0, 0x0,
    0x0, 0x0, 0x0, 0x0, 0x0, 0xe, 0xf8, 0x0,
    0x0, 0x0, 0x0, 0x0, 0x0, 0x0, 0x0, 0x0,
    0x0, 0xe, 0xf8, 0x0, 0x0, 0x0, 0x0, 0x0,
    0x0, 0x0, 0x0, 0x0, 0x0, 0xe, 0xf8, 0x0,
    0x0, 0x0, 0x0, 0x0, 0x0, 0x0, 0x0, 0x0,
    0x0, 0xe, 0xf8, 0x0, 0x0, 0x0, 0x0, 0x0,
    0xf, 0xed, 0xcc, 0xcc, 0xcc, 0xcf, 0xfe, 0xcc,
    0xcc, 0xcc, 0xcd, 0xe7, 0x1f, 0xff, 0xff, 0xff,
    0xff, 0xff, 0xff, 0xff, 0xff, 0xff, 0xff, 0xf8,
    0x6, 0x54, 0x33, 0x33, 0x33, 0x33, 0x33, 0x33,
    0x33, 0x33, 0x34, 0x53,

    /* U+754C "界" */
    0x0, 0x0, 0x34, 0x33, 0x33, 0x33, 0x33, 0x33,
    0x33, 0x33, 0x34, 0x0, 0x0, 0x0, 0x0, 0x8f,
    0xff, 0xff, 0xff, 0xff, 0xff, 0xff, 0xff, 0xfd,
    0x0, 0x0, 0x0, 0x0, 0x7f, 0xfc, 0xcc, 0xcc,
    0xff, 0xcc, 0xcc, 0xce, 0xfc, 0x0, 0x0, 0x0,
    0x0, 0x6f, 0xf0, 0x0, 0x2, 0xff, 0x20, 0x0,
    0xa, 0xfb, 0x0, 0x0, 0x0, 0x0, 0x6f, 0xf0,
    0x0, 0x3, 0xff, 0x20, 0x0, 0xa, 0xfb, 0x0,
    0x0, 0x0, 0x0, 0x6f, 0xff, 0xff, 0xff, 0xff,
    0xff, 0xff, 0xff, 0xfb, 0x0, 0x0, 0x0, 0x0,
    0x6f, 0xfd, 0xdd, 0xde, 0xff, 0xed, 0xdd, 0xdf,
    0xfb, 0x0, 0x0, 0x0, 0x0, 0x6f, 0xf0, 0x0,
    0x2, 0xff, 0x20, 0x0, 0xa, 0xfb, 0x0, 0x0,
    0x0, 0x0, 0x6f, 0xf0, 0x0, 0x2, 0xff, 0x20,
    0x0, 0xa, 0xfb, 0x0, 0x0, 0x0, 0x0, 0x7f,
    0xff, 0xff, 0xff, 0xff, 0xff, 0xff, 0xff, 0xfc,
    0x0, 0x0, 0x0, 0x0, 0x8f, 0xff, 0xff, 0xff,
    0xff, 0xff, 0xff, 0xff, 0xfd, 0x0, 0x0, 0x0,
    0x0, 0x0, 0x8, 0xff, 0x80, 0x0, 0x6, 0xff,
    0xa1, 0x0, 0x0, 0x0, 0x0, 0x0, 0x2, 0xbf,
    0xfb, 0x30, 0x0, 0x0, 0xcf, 0xff, 0x94, 0x0,
    0x0, 0x0, 0x2, 0x9f, 0xfe, 0xdf, 0xf6, 0x0,
    0x0, 0xff, 0xff, 0xff, 0xfc, 0xa3, 0x28, 0xcf,
    0xff, 0xb1, 0xaf, 0xe0, 0x0, 0x0, 0xef, 0x84,
    0xcf, 0xff, 0xb0, 0xa, 0xff, 0xe6, 0x0, 0x9f,
    0xd0, 0x0, 0x0, 0xef, 0x70, 0x2, 0x8c, 0x10,
    0x0, 0xa6, 0x0, 0x0, 0xaf, 0xc0, 0x0, 0x0,
    0xef, 0x70, 0x0, 0x0, 0x0, 0x0, 0x0, 0x0,
    0x0, 0xdf, 0xa0, 0x0, 0x0, 0xef, 0x70, 0x0,
    0x0, 0x0, 0x0, 0x0, 0x0, 0x3, 0xff, 0x60,
    0x0, 0x0, 0xef, 0x70, 0x0, 0x0, 0x0, 0x0,
    0x0, 0x0, 0x2e, 0xfe, 0x0, 0x0, 0x0, 0xef,
    0x70, 0x0, 0x0, 0x0, 0x0, 0x0, 0x39, 0xff,
    0xf4, 0x0, 0x0, 0x0, 0xef, 0x70, 0x0, 0x0,
    0x0, 0x0, 0x6, 0xff, 0xff, 0x50, 0x0, 0x0,
    0x0, 0xff, 0x80, 0x0, 0x0, 0x0, 0x0, 0x0,
    0x8f, 0xb2, 0x0, 0x0, 0x0, 0x0, 0xff, 0xa0,
    0x0, 0x0, 0x0, 0x0, 0x0, 0x2, 0x0, 0x0,
    0x0, 0x0, 0x0, 0x0, 0x0, 0x0, 0x0, 0x0,

    /* U+7801 "码" */
    0x0, 0x0, 0x0, 0x0, 0x0, 0x0, 0x49, 0x87,
    0x77, 0x77, 0x89, 0x80, 0x0, 0x3f, 0xfe, 0xee,
    0xee, 0xff, 0xb7, 0xff, 0xff, 0xff, 0xff, 0xfc,
    0x0, 0x3, 0xff, 0xff, 0xff, 0xff, 0xfb, 0x49,
    0x77, 0x77, 0x77, 0xef, 0xa0, 0x0, 0x3, 0x10,
    0x4f, 0xf4, 0x2, 0x20, 0x8, 0x53, 0x0, 0xe,
    0xf8, 0x0, 0x0, 0x0, 0x7, 0xff, 0x0, 0x0,
    0x0, 0xff, 0xe0, 0x0, 0xff, 0x70, 0x0, 0x0,
    0x0, 0xbf, 0xb0, 0x0, 0x0, 0xf, 0xf8, 0x0,
    0xf, 0xf5, 0x0, 0x0, 0x0, 0x1f, 0xf6, 0x0,
    0x0, 0x1, 0xff, 0x40, 0x1, 0xff, 0x40, 0x0,
    0x0, 0x8, 0xff, 0x10, 0x0, 0x0, 0x3f, 0xf2,
    0x0, 0x2f, 0xf3, 0x0, 0x0, 0x0, 0xef, 0xfa,
    0xab, 0xc4, 0x5, 0xff, 0x0, 0x3, 0xff, 0x10,
    0x0, 0x0, 0x9f, 0xff, 0xff, 0xff, 0x30, 0x7f,
    0xe0, 0x0, 0x4f, 0xf0, 0x0, 0x0, 0x3f, 0xff,
    0x96, 0x7f, 0xf2, 0x9, 0xfd, 0x11, 0x17, 0xff,
    0x13, 0x30, 0x2e, 0xff, 0xf5, 0x2, 0xff, 0x20,
    0xbf, 0xff, 0xff, 0xff, 0xff, 0xfc, 0xd, 0xff,
    0xff, 0x50, 0x2f, 0xf2, 0xd, 0xfe, 0xdd, 0xdd,
    0xdd, 0xff, 0xa0, 0x5e, 0xcf, 0xf5, 0x2, 0xff,
    0x20, 0x0, 0x0, 0x0, 0x0, 0xb, 0xf9, 0x0,
    0x22, 0xff, 0x50, 0x2f, 0xf2, 0x0, 0x0, 0x0,
    0x0, 0x0, 0xdf, 0x80, 0x0, 0xf, 0xf5, 0x2,
    0xff, 0x39, 0x87, 0x77, 0x77, 0x89, 0x2e, 0xf7,
    0x0, 0x0, 0xff, 0x73, 0x5f, 0xf3, 0xff, 0xff,
    0xff, 0xff, 0xf4, 0xff, 0x60, 0x0, 0xf, 0xff,
    0xff, 0xff, 0x3a, 0x98, 0x88, 0x88, 0x9a, 0x3f,
    0xf4, 0x0, 0x0, 0xff, 0xdc, 0xcf, 0xf3, 0x0,
    0x0, 0x0, 0x0, 0x1, 0xff, 0x30, 0x0, 0xf,
    0xf6, 0x3, 0xff, 0x40, 0x0, 0x0, 0x0, 0x0,
    0x3f, 0xf2, 0x0, 0x1, 0xff, 0x70, 0x3a, 0xa3,
    0x0, 0x0, 0x0, 0x88, 0x8d, 0xff, 0x10, 0x0,
    0x5, 0x53, 0x0, 0x0, 0x0, 0x0, 0x0, 0x6,
    0xff, 0xff, 0xa0, 0x0, 0x0, 0x0, 0x0, 0x0,
    0x0, 0x0, 0x0, 0x0, 0xf, 0xfb, 0x50, 0x0,
    0x0, 0x0, 0x0, 0x0, 0x0, 0x0, 0x0, 0x0,
    0x0, 0x10, 0x0, 0x0,

    /* U+7A0B "程" */
    0x0, 0x0, 0x0, 0x0, 0x29, 0x30, 0x0, 0x0,
    0x0, 0x0, 0x0, 0x0, 0x0, 0x2, 0x32, 0x35,
    0x8c, 0xff, 0xe3, 0xff, 0xee, 0xee, 0xee, 0xef,
    0xf0, 0x0, 0x4, 0xff, 0xff, 0xff, 0xff, 0xea,
    0xff, 0xff, 0xff, 0xff, 0xff, 0xf0, 0x0, 0x0,
    0xdf, 0xfe, 0xff, 0x30, 0x0, 0xef, 0x60, 0x0,
    0x0, 0x5f, 0xf0, 0x0, 0x0, 0x11, 0x6, 0xfe,
    0x0, 0x0, 0xef, 0x60, 0x0, 0x0, 0x5f, 0xf0,
    0x0, 0x0, 0x0, 0x6, 0xfe, 0x0, 0x0, 0xef,
    0x60, 0x0, 0x0, 0x5f, 0xf0, 0x0, 0x0, 0x0,
    0x6, 0xfe, 0x0, 0x1, 0xff, 0xed, 0xdd, 0xdd,
    0xef, 0xf0, 0x0, 0x6, 0xff, 0xff, 0xff, 0xff,
    0xfa, 0xff, 0xff, 0xff, 0xff, 0xff, 0xf0, 0x0,
    0x6, 0xff, 0xff, 0xff, 0xff, 0xf9, 0x31, 0x0,
    0x0, 0x0, 0x1, 0x30, 0x0, 0x1, 0x20, 0xc,
    0xff, 0x10, 0x24, 0x10, 0x0, 0x0, 0x0, 0x0,
    0x23, 0x0, 0x0, 0x0, 0x2f, 0xff, 0xe2, 0x2f,
    0xff, 0xff, 0xff, 0xff, 0xff, 0xff, 0x0, 0x0,
    0x0, 0x9f, 0xff, 0xff, 0x6f, 0xed, 0xdd, 0xff,
    0xed, 0xdd, 0xef, 0x0, 0x0, 0x1, 0xff, 0xff,
    0xef, 0xf5, 0x0, 0x0, 0xef, 0x60, 0x0, 0x0,
    0x0, 0x0, 0x8, 0xff, 0xfe, 0x3f, 0xf6, 0x0,
    0x0, 0xef, 0x60, 0x0, 0x0, 0x0, 0x0, 0x3f,
    0xfd, 0xfe, 0x8, 0xa2, 0x21, 0x0, 0xef, 0x60,
    0x1, 0x31, 0x0, 0x0, 0xdf, 0xe6, 0xfe, 0x0,
    0x9, 0xff, 0xff, 0xff, 0xff, 0xff, 0xf4, 0x0,
    0xb, 0xff, 0x66, 0xfe, 0x0, 0x9, 0xfe, 0xdd,
    0xff, 0xed, 0xde, 0xf4, 0x0, 0x19, 0xfc, 0x6,
    0xfe, 0x0, 0x0, 0x0, 0x0, 0xef, 0x60, 0x0,
    0x0, 0x0, 0x0, 0x12, 0x6, 0xfe, 0x0, 0x0,
    0x0, 0x0, 0xef, 0x60, 0x0, 0x0, 0x0, 0x0,
    0x0, 0x6, 0xfe, 0x0, 0x0, 0x0, 0x0, 0xef,
    0x60, 0x0, 0x0, 0x0, 0x0, 0x0, 0x6, 0xfe,
    0x8, 0xfe, 0xee, 0xee, 0xff, 0xfe, 0xee, 0xef,
    0xf1, 0x0, 0x0, 0x7, 0xff, 0x8, 0xff, 0xff,
    0xff, 0xff, 0xff, 0xff, 0xff, 0xf1, 0x0, 0x0,
    0x8, 0xff, 0x0, 0x0, 0x0, 0x0, 0x0, 0x0,
    0x0, 0x0, 0x10,

    /* U+7AD9 "站" */
    0x0, 0x0, 0x0, 0x0, 0x0, 0x0, 0x0, 0x0,
    0x0, 0x0, 0x0, 0x0, 0x0, 0x0, 0x0, 0x5b,
    0x0, 0x0, 0x0, 0x0, 0x8, 0xfd, 0x80, 0x0,
    0x0, 0x0, 0x0, 0x5, 0xff, 0x70, 0x0, 0x0,
    0x0, 0x7, 0xff, 0x30, 0x0, 0x0, 0x0, 0x0,
    0x0, 0xcf, 0xf2, 0x0, 0x0, 0x0, 0x6, 0xff,
    0x0, 0x0, 0x0, 0x0, 0x0, 0x0, 0x3f, 0xfa,
    0x0, 0x0, 0x0, 0x6, 0xff, 0x0, 0x0, 0x0,
    0x0, 0x0, 0x0, 0xa, 0xff, 0x20, 0x0, 0x0,
    0x6, 0xff, 0x0, 0x0, 0x0, 0x20, 0xd, 0xdc,
    0xcd, 0xff, 0xcc, 0xd7, 0x0, 0x6, 0xff, 0xff,
    0xff, 0xff, 0xf0, 0xe, 0xff, 0xff, 0xff, 0xff,
    0xf8, 0x0, 0x6, 0xff, 0xff, 0xff, 0xff, 0xf0,
    0x5, 0x54, 0x44, 0x46, 0x74, 0x53, 0x0, 0x6,
    0xff, 0x11, 0x11, 0x11, 0x30, 0x0, 0x3, 0x0,
    0x6, 0xfe, 0x90, 0x0, 0x6, 0xff, 0x0, 0x0,
    0x0, 0x0, 0x3, 0xdf, 0x20, 0x8, 0xff, 0x60,
    0x0, 0x6, 0xff, 0x0, 0x0, 0x0, 0x0, 0x2,
    0xff, 0x70, 0xb, 0xfe, 0x1, 0x10, 0x6, 0xff,
    0x0, 0x0, 0x11, 0x0, 0x0, 0xdf, 0xc0, 0xd,
    0xfa, 0x7, 0xff, 0xff, 0xff, 0xff, 0xff, 0xf9,
    0x0, 0x0, 0x8f, 0xf2, 0x1f, 0xf5, 0x5, 0xff,
    0xff, 0xff, 0xff, 0xff, 0xf8, 0x0, 0x0, 0x3f,
    0xf6, 0x4f, 0xf1, 0x4, 0xff, 0x21, 0x11, 0x11,
    0x1f, 0xf7, 0x0, 0x0, 0xf, 0xfa, 0x8f, 0xd0,
    0x4, 0xff, 0x10, 0x0, 0x0, 0xf, 0xf7, 0x0,
    0x0, 0xc, 0xfe, 0xcf, 0x80, 0x56, 0xff, 0x10,
    0x0, 0x0, 0xf, 0xf7, 0x0, 0x0, 0x8, 0xb5,
    0xff, 0xbe, 0xf5, 0xff, 0x10, 0x0, 0x0, 0xf,
    0xf7, 0x0, 0x0, 0x0, 0x4a, 0xff, 0xff, 0xf4,
    0xff, 0x10, 0x0, 0x0, 0xf, 0xf7, 0x0, 0x49,
    0xcf, 0xff, 0xff, 0xb6, 0x14, 0xff, 0x10, 0x0,
    0x0, 0xf, 0xf7, 0x0, 0x2f, 0xff, 0xfa, 0x50,
    0x0, 0x4, 0xff, 0xee, 0xee, 0xee, 0xef, 0xf7,
    0x0, 0x8, 0xd7, 0x10, 0x0, 0x0, 0x4, 0xff,
    0xff, 0xff, 0xff, 0xff, 0xf7, 0x0, 0x0, 0x0,
    0x0, 0x0, 0x0, 0x4, 0xff, 0x31, 0x11, 0x11,
    0x1f, 0xf7, 0x0, 0x0, 0x0, 0x0, 0x0, 0x0,
    0x4, 0xff, 0x20, 0x0, 0x0, 0xf, 0xf8, 0x0,
    0x0, 0x0, 0x0, 0x0, 0x0, 0x6, 0xff, 0x30,
    0x0, 0x0, 0x1f, 0xf9, 0x0, 0x0, 0x0, 0x0,
    0x0, 0x0, 0x1, 0x22, 0x0, 0x0, 0x0, 0x0,
    0x0, 0x0,

    /* U+7BAD "箭" */
    0x0, 0x0, 0x1, 0x0, 0x0, 0x0, 0x0, 0x0,
    0x0, 0x0, 0x0, 0x0, 0x0, 0x0, 0x0, 0xbe,
    0x92, 0x0, 0x0, 0x7, 0xfb, 0x30, 0x0, 0x0,
    0x0, 0x0, 0x0, 0x3f, 0xfd, 0x20, 0x0, 0x0,
    0xcf, 0xd3, 0x0, 0x0, 0x12, 0x10, 0x0, 0xc,
    0xff, 0xee, 0xee, 0xef, 0x5f, 0xff, 0xff, 0xff,
    0xff, 0xf4, 0x0, 0x6, 0xff, 0xff, 0xff, 0xff,
    0xfd, 0xfe, 0xdf, 0xfe, 0xcc, 0xde, 0x40, 0x4,
    0xff, 0xc0, 0x5f, 0xf6, 0x7, 0xff, 0x30, 0xaf,
    0xf3, 0x0, 0x0, 0x4, 0xff, 0xe1, 0x4, 0xaf,
    0x94, 0xff, 0x91, 0x50, 0xdf, 0xa0, 0x0, 0x0,
    0x9f, 0xf3, 0x4, 0xfe, 0x60, 0x48, 0xc1, 0xbf,
    0xb4, 0x80, 0x0, 0x0, 0x0, 0x24, 0x0, 0x7f,
    0xfe, 0x40, 0x0, 0x6f, 0xfd, 0x40, 0x0, 0x0,
    0x0, 0x38, 0x66, 0x66, 0xaf, 0xff, 0x76, 0x7f,
    0xff, 0x76, 0x66, 0x66, 0x78, 0x5, 0xff, 0xff,
    0xff, 0xff, 0xff, 0xff, 0xff, 0xff, 0xff, 0xff,
    0xff, 0xe0, 0x38, 0x77, 0x77, 0x77, 0x77, 0x77,
    0x77, 0x77, 0x77, 0xb9, 0x77, 0x89, 0x0, 0x1,
    0xdb, 0xbb, 0xbb, 0xbb, 0xd2, 0x0, 0x0, 0xf,
    0xff, 0x20, 0x0, 0x0, 0xf, 0xff, 0xff, 0xff,
    0xff, 0x6, 0xb9, 0x40, 0xef, 0xa0, 0x0, 0x0,
    0x0, 0xff, 0x84, 0x44, 0x7f, 0xf0, 0x6f, 0xf6,
    0xe, 0xf9, 0x0, 0x0, 0x0, 0xf, 0xfc, 0xbb,
    0xbc, 0xff, 0x5, 0xff, 0x0, 0xef, 0x90, 0x0,
    0x0, 0x0, 0xff, 0xff, 0xff, 0xff, 0xf0, 0x5f,
    0xf0, 0xe, 0xf9, 0x0, 0x0, 0x0, 0xf, 0xf7,
    0x33, 0x37, 0xff, 0x5, 0xff, 0x0, 0xef, 0x90,
    0x0, 0x0, 0x0, 0xff, 0xdc, 0xcc, 0xdf, 0xf0,
    0x5f, 0xf0, 0xe, 0xf9, 0x0, 0x0, 0x0, 0xf,
    0xff, 0xff, 0xff, 0xff, 0x5, 0xff, 0x0, 0xef,
    0x90, 0x0, 0x0, 0x0, 0xff, 0x72, 0x22, 0x6f,
    0xf0, 0x6f, 0xf1, 0xe, 0xf9, 0x0, 0x0, 0x0,
    0xf, 0xf5, 0x0, 0x5, 0xff, 0x2, 0x55, 0x0,
    0xef, 0x90, 0x0, 0x0, 0x0, 0xff, 0x53, 0x75,
    0x8f, 0xf0, 0x4, 0x21, 0x1f, 0xf9, 0x0, 0x0,
    0x0, 0xf, 0xf6, 0x1f, 0xff, 0xfe, 0x0, 0xbf,
    0xff, 0xff, 0x60, 0x0, 0x0, 0x1, 0xff, 0x80,
    0xdf, 0xeb, 0x40, 0x4, 0xff, 0xeb, 0x60, 0x0,
    0x0, 0x0, 0x0, 0x0, 0x0, 0x0, 0x0, 0x0,
    0x2, 0x0, 0x0, 0x0, 0x0,

    /* U+7ED3 "结" */
    0x0, 0x0, 0x2, 0x0, 0x0, 0x0, 0x0, 0x0,
    0x31, 0x0, 0x0, 0x0, 0x0, 0x0, 0x1, 0xfc,
    0x50, 0x0, 0x0, 0x0, 0xe, 0xff, 0x30, 0x0,
    0x0, 0x0, 0x0, 0x6f, 0xfd, 0x0, 0x0, 0x0,
    0x0, 0xdf, 0xc0, 0x0, 0x0, 0x0, 0x0, 0xc,
    0xfe, 0x0, 0x0, 0x0, 0x0, 0xc, 0xf9, 0x0,
    0x0, 0x0, 0x0, 0x2, 0xff, 0x60, 0x50, 0x0,
    0x0, 0x0, 0xcf, 0x90, 0x0, 0x0, 0x0, 0x0,
    0x9f, 0xd0, 0x2f, 0xd6, 0xdc, 0xbb, 0xbe, 0xfd,
    0xbb, 0xbb, 0xca, 0x0, 0x1f, 0xf5, 0x8, 0xff,
    0xef, 0xff, 0xff, 0xff, 0xff, 0xff, 0xff, 0xc0,
    0x9, 0xfc, 0x0, 0xef, 0xe1, 0x75, 0x44, 0x4d,
    0xfa, 0x44, 0x44, 0x55, 0x5, 0xff, 0x96, 0x9f,
    0xf5, 0x0, 0x0, 0x0, 0xcf, 0x90, 0x0, 0x0,
    0x0, 0xcf, 0xff, 0xff, 0xfc, 0x0, 0x0, 0x0,
    0xc, 0xf9, 0x0, 0x0, 0x0, 0x7, 0xfe, 0xcd,
    0xff, 0x40, 0x2, 0x21, 0x0, 0xcf, 0x90, 0x1,
    0x22, 0x0, 0x0, 0x0, 0xbf, 0xb0, 0x0, 0xbf,
    0xff, 0xff, 0xff, 0xff, 0xff, 0x80, 0x0, 0x0,
    0x5f, 0xf2, 0x0, 0xb, 0xff, 0xee, 0xee, 0xee,
    0xef, 0xf8, 0x0, 0x0, 0x1e, 0xf8, 0x0, 0x0,
    0x10, 0x0, 0x0, 0x0, 0x0, 0x0, 0x0, 0x0,
    0x1c, 0xff, 0x68, 0xbe, 0x91, 0x32, 0x0, 0x0,
    0x0, 0x1, 0x30, 0x0, 0xe, 0xff, 0xff, 0xff,
    0xf6, 0x3f, 0xff, 0xff, 0xff, 0xff, 0xff, 0x20,
    0x0, 0xaf, 0xff, 0xc9, 0x74, 0x2, 0xff, 0xfe,
    0xee, 0xee, 0xff, 0xf0, 0x0, 0x3, 0x63, 0x0,
    0x0, 0x0, 0x1f, 0xf4, 0x0, 0x0, 0x6, 0xff,
    0x0, 0x0, 0x0, 0x0, 0x0, 0x5, 0x31, 0xff,
    0x40, 0x0, 0x0, 0x6f, 0xf0, 0x0, 0x0, 0x0,
    0x4, 0x9f, 0xf3, 0x1f, 0xf4, 0x0, 0x0, 0x6,
    0xff, 0x0, 0x0, 0x26, 0xaf, 0xff, 0xff, 0x21,
    0xff, 0x40, 0x0, 0x0, 0x6f, 0xf0, 0x0, 0xdf,
    0xff, 0xff, 0xa6, 0x10, 0x1f, 0xff, 0xff, 0xff,
    0xff, 0xff, 0x0, 0x7, 0xff, 0xa5, 0x0, 0x0,
    0x1, 0xff, 0xee, 0xee, 0xee, 0xef, 0xf1, 0x0,
    0x16, 0x0, 0x0, 0x0, 0x0, 0x2f, 0xf5, 0x0,
    0x0, 0x7, 0xff, 0x30, 0x0, 0x0, 0x0, 0x0,
    0x0, 0x0, 0x11, 0x0, 0x0, 0x0, 0x0, 0x0,
    0x0,

    /* U+7F51 "网" */
    0x2, 0x11, 0x0, 0x0, 0x0, 0x0, 0x0, 0x0,
    0x0, 0x12, 0x14, 0xff, 0xff, 0xff, 0xff, 0xff,
    0xff, 0xff, 0xff, 0xff, 0xf8, 0x3f, 0xff, 0xff,
    0xff, 0xff, 0xff, 0xff, 0xff, 0xff, 0xff, 0x73,
    0xff, 0x10, 0x0, 0x0, 0x0, 0x0, 0x0, 0x0,
    0xe, 0xf6, 0x2f, 0xf1, 0x0, 0x1, 0x0, 0x0,
    0x0, 0x3, 0x0, 0xef, 0x62, 0xff, 0x7e, 0x20,
    0x7f, 0xb3, 0x25, 0x0, 0xce, 0x7e, 0xf6, 0x2f,
    0xfd, 0xfc, 0xa, 0xfe, 0x8f, 0xf1, 0xf, 0xfb,
    0xef, 0x62, 0xff, 0x3f, 0xf7, 0xef, 0x81, 0xef,
    0x93, 0xff, 0x3e, 0xf6, 0x2f, 0xf1, 0x5f, 0xff,
    0xf3, 0x6, 0xff, 0xaf, 0xd0, 0xef, 0x62, 0xff,
    0x10, 0xbf, 0xfe, 0x0, 0xc, 0xff, 0xf8, 0xe,
    0xf6, 0x2f, 0xf1, 0x2, 0xff, 0x90, 0x0, 0x3f,
    0xff, 0x20, 0xef, 0x62, 0xff, 0x10, 0x1f, 0xfe,
    0x0, 0x0, 0xcf, 0xe0, 0xe, 0xf6, 0x2f, 0xf1,
    0x8, 0xff, 0xf8, 0x0, 0x1f, 0xff, 0x50, 0xef,
    0x62, 0xff, 0x11, 0xff, 0xdf, 0xf1, 0x8, 0xff,
    0xfd, 0xe, 0xf6, 0x2f, 0xf1, 0x9f, 0xe2, 0xff,
    0x92, 0xff, 0x8f, 0xf6, 0xef, 0x62, 0xff, 0x6f,
    0xf7, 0xa, 0xfb, 0xcf, 0xd0, 0xbf, 0xde, 0xf6,
    0x2f, 0xff, 0xfe, 0x0, 0x35, 0x7f, 0xf5, 0x4,
    0xff, 0xff, 0x62, 0xff, 0xdf, 0x50, 0x0, 0x2e,
    0xfc, 0x0, 0xe, 0x9e, 0xf6, 0x2f, 0xf1, 0x30,
    0x0, 0x0, 0x3, 0x20, 0x0, 0x10, 0xef, 0x63,
    0xff, 0x20, 0x0, 0x0, 0x0, 0x0, 0x0, 0x0,
    0xe, 0xf6, 0x4f, 0xf3, 0x0, 0x0, 0x0, 0x0,
    0x0, 0x99, 0x8a, 0xff, 0x64, 0xff, 0x40, 0x0,
    0x0, 0x0, 0x0, 0x7, 0xff, 0xff, 0xf3, 0x4c,
    0xc3, 0x0, 0x0, 0x0, 0x0, 0x0, 0x1f, 0xfd,
    0x93, 0x0, 0x0, 0x0, 0x0, 0x0, 0x0, 0x0,
    0x0, 0x0, 0x0, 0x0,

    /* U+7F6E "置" */
    0x0, 0x2, 0x10, 0x0, 0x0, 0x0, 0x0, 0x0,
    0x0, 0x0, 0x12, 0x0, 0x0, 0x2f, 0xff, 0xff,
    0xff, 0xff, 0xff, 0xff, 0xff, 0xff, 0xfa, 0x0,
    0x0, 0x1f, 0xfc, 0xbb, 0xef, 0xeb, 0xbc, 0xff,
    0xbb, 0xbf, 0xf8, 0x0, 0x0, 0xf, 0xf4, 0x0,
    0xaf, 0x90, 0x4, 0xfe, 0x0, 0xc, 0xf8, 0x0,
    0x0, 0xf, 0xf5, 0x11, 0xaf, 0x91, 0x15, 0xfe,
    0x11, 0x1d, 0xf8, 0x0, 0x0, 0x1f, 0xff, 0xff,
    0xff, 0xff, 0xff, 0xff, 0xff, 0xff, 0xf8, 0x0,
    0x0, 0x2c, 0xbb, 0xbb, 0xbb, 0xdf, 0xfb, 0xbb,
    0xbb, 0xbb, 0xb9, 0x0, 0x3, 0x76, 0x66, 0x66,
    0x66, 0xbf, 0xf6, 0x66, 0x66, 0x66, 0x66, 0x70,
    0x5, 0xff, 0xff, 0xff, 0xff, 0xff, 0xff, 0xff,
    0xff, 0xff, 0xff, 0xe0, 0x2, 0x64, 0x44, 0x44,
    0x46, 0xff, 0x84, 0x44, 0x44, 0x44, 0x45, 0x60,
    0x0, 0x0, 0x6e, 0xcc, 0xcd, 0xff, 0xdc, 0xcc,
    0xcc, 0xcd, 0x0, 0x0, 0x0, 0x0, 0x4f, 0xff,
    0xff, 0xff, 0xff, 0xff, 0xff, 0xfc, 0x0, 0x0,
    0x0, 0x0, 0x4f, 0xf2, 0x22, 0x22, 0x22, 0x22,
    0x29, 0xfc, 0x0, 0x0, 0x0, 0x0, 0x4f, 0xff,
    0xff, 0xff, 0xff, 0xff, 0xff, 0xfc, 0x0, 0x0,
    0x0, 0x0, 0x4f, 0xf9, 0x99, 0x99, 0x99, 0x99,
    0x9c, 0xfc, 0x0, 0x0, 0x0, 0x0, 0x4f, 0xf9,
    0x88, 0x88, 0x88, 0x88, 0x8c, 0xfc, 0x0, 0x0,
    0x0, 0x0, 0x4f, 0xff, 0xff, 0xff, 0xff, 0xff,
    0xff, 0xfc, 0x0, 0x0, 0x0, 0x0, 0x4f, 0xf1,
    0x11, 0x11, 0x11, 0x11, 0x19, 0xfc, 0x0, 0x0,
    0x0, 0x0, 0x4f, 0xfb, 0xbb, 0xbb, 0xbb, 0xbb,
    0xbd, 0xfc, 0x0, 0x0, 0x0, 0x0, 0x4f, 0xff,
    0xff, 0xff, 0xff, 0xff, 0xff, 0xfc, 0x0, 0x0,
    0x12, 0x11, 0x4f, 0xf1, 0x11, 0x11, 0x11, 0x11,
    0x19, 0xfc, 0x11, 0x21, 0x5f, 0xff, 0xff, 0xff,
    0xff, 0xff, 0xff, 0xff, 0xff, 0xff, 0xff, 0xf5,
    0x5e, 0xcc, 0xcc, 0xcc, 0xcc, 0xcc, 0xcc, 0xcc,
    0xcc, 0xcc, 0xcc, 0xd5, 0x0, 0x0, 0x0, 0x0,
    0x0, 0x0, 0x0, 0x0, 0x0, 0x0, 0x0, 0x0,

    /* U+80CC "背" */
    0x0, 0x0, 0x0, 0x0, 0x0, 0x0, 0x0, 0x0,
    0x0, 0x0, 0x0, 0x0, 0x0, 0x0, 0x0, 0x0,
    0x4, 0xfd, 0xa0, 0xf, 0xeb, 0x10, 0x0, 0x0,
    0x0, 0x0, 0x0, 0x0, 0x0, 0x2f, 0xf7, 0x0,
    0xff, 0xb0, 0x0, 0x6, 0x10, 0x0, 0x4, 0x43,
    0x33, 0x34, 0xff, 0x20, 0xe, 0xf6, 0x2, 0x8e,
    0xfb, 0x0, 0x0, 0xbf, 0xff, 0xff, 0xff, 0xf1,
    0x0, 0xef, 0xbc, 0xff, 0xff, 0xd5, 0x0, 0xa,
    0xcb, 0xbb, 0xbc, 0xff, 0x10, 0xe, 0xff, 0xfe,
    0xa5, 0x0, 0x0, 0x0, 0x0, 0x0, 0x0, 0x2f,
    0xf1, 0x0, 0xef, 0xa3, 0x0, 0x0, 0xa2, 0x0,
    0x0, 0x0, 0x0, 0x27, 0xff, 0x10, 0xe, 0xf6,
    0x0, 0x0, 0x1f, 0xf6, 0x2, 0x46, 0x9c, 0xff,
    0xff, 0xf1, 0x0, 0xdf, 0xc5, 0x44, 0x4a, 0xff,
    0x61, 0xff, 0xff, 0xff, 0xca, 0xff, 0x20, 0x8,
    0xff, 0xff, 0xff, 0xff, 0xc0, 0x7, 0xfc, 0x74,
    0x0, 0x4d, 0xd3, 0x0, 0x6, 0xab, 0xbb, 0xb9,
    0x60, 0x0, 0x1, 0x0, 0x3f, 0xed, 0xdd, 0xdd,
    0xdd, 0xdd, 0xde, 0xf5, 0x0, 0x0, 0x0, 0x0,
    0x1, 0xff, 0xff, 0xff, 0xff, 0xff, 0xff, 0xff,
    0x40, 0x0, 0x0, 0x0, 0x0, 0xf, 0xf4, 0x0,
    0x0, 0x0, 0x0, 0x2f, 0xf3, 0x0, 0x0, 0x0,
    0x0, 0x0, 0xff, 0xed, 0xdd, 0xdd, 0xdd, 0xdd,
    0xff, 0x20, 0x0, 0x0, 0x0, 0x0, 0xf, 0xff,
    0xff, 0xff, 0xff, 0xff, 0xff, 0xf2, 0x0, 0x0,
    0x0, 0x0, 0x0, 0xff, 0x40, 0x0, 0x0, 0x0,
    0x2, 0xff, 0x20, 0x0, 0x0, 0x0, 0x0, 0xf,
    0xf6, 0x33, 0x33, 0x33, 0x33, 0x4f, 0xf2, 0x0,
    0x0, 0x0, 0x0, 0x0, 0xff, 0xff, 0xff, 0xff,
    0xff, 0xff, 0xff, 0x20, 0x0, 0x0, 0x0, 0x0,
    0xf, 0xfc, 0xaa, 0xaa, 0xaa, 0xaa, 0xbf, 0xf2,
    0x0, 0x0, 0x0, 0x0, 0x0, 0xff, 0x40, 0x0,
    0x0, 0x0, 0x1, 0xff, 0x20, 0x0, 0x0, 0x0,
    0x0, 0xf, 0xf4, 0x0, 0x0, 0x0, 0x0, 0x2f,
    0xf2, 0x0, 0x0, 0x0, 0x0, 0x0, 0xff, 0x50,
    0x0, 0x0, 0x8e, 0xef, 0xff, 0x10, 0x0, 0x0,
    0x0, 0x0, 0x1f, 0xf6, 0x0, 0x0, 0x1, 0xff,
    0xfe, 0x60, 0x0, 0x0, 0x0, 0x0, 0x0, 0x0,
    0x0, 0x0, 0x0, 0x6, 0x63, 0x0, 0x0, 0x0,
    0x0,

    /* U+80FD "能" */
    0x0, 0x0, 0x1, 0x0, 0x0, 0x0, 0x0, 0x0,
    0x0, 0x0, 0x0, 0x0, 0x0, 0x0, 0x9, 0xf9,
    0x20, 0x0, 0x2c, 0xa7, 0x0, 0x0, 0x10, 0x0,
    0x0, 0x0, 0x1f, 0xff, 0x90, 0x0, 0x1f, 0xfc,
    0x0, 0x9, 0xd1, 0x0, 0x0, 0x0, 0x9f, 0xf6,
    0x16, 0x0, 0xf, 0xf6, 0x4, 0xdf, 0xfb, 0x0,
    0x0, 0x3, 0xff, 0x93, 0xef, 0x50, 0xf, 0xf8,
    0xbf, 0xff, 0xa8, 0x0, 0x0, 0xd, 0xfc, 0x0,
    0xcf, 0xf2, 0xf, 0xff, 0xff, 0x81, 0x0, 0x0,
    0x0, 0xbf, 0xe1, 0x0, 0x2f, 0xfc, 0xf, 0xfd,
    0x60, 0x0, 0x60, 0x0, 0x3e, 0xff, 0xdc, 0xcd,
    0xef, 0xff, 0x7f, 0xf5, 0x0, 0x0, 0xfc, 0x30,
    0x1f, 0xff, 0xff, 0xff, 0xff, 0xff, 0xff, 0xf5,
    0x0, 0x3, 0xff, 0x70, 0x9, 0xb8, 0x64, 0x31,
    0x0, 0x5f, 0x6f, 0xfa, 0x44, 0x5c, 0xff, 0x20,
    0x0, 0x45, 0x33, 0x33, 0x34, 0x68, 0xe, 0xff,
    0xff, 0xff, 0xf9, 0x0, 0x0, 0x9f, 0xff, 0xff,
    0xff, 0xf8, 0x4, 0xce, 0xff, 0xfd, 0x80, 0x0,
    0x0, 0x8f, 0xfc, 0xcc, 0xcf, 0xf7, 0xc, 0xa7,
    0x10, 0x0, 0x0, 0x0, 0x0, 0x7f, 0xe0, 0x0,
    0xe, 0xf7, 0xf, 0xfe, 0x10, 0x0, 0x50, 0x0,
    0x0, 0x7f, 0xff, 0xff, 0xff, 0xf7, 0xe, 0xf8,
    0x0, 0x4d, 0xf7, 0x0, 0x0, 0x7f, 0xfe, 0xee,
    0xef, 0xf7, 0xe, 0xf7, 0x4b, 0xff, 0xff, 0x40,
    0x0, 0x7f, 0xe0, 0x0, 0xe, 0xf7, 0xe, 0xff,
    0xff, 0xfb, 0x53, 0x0, 0x0, 0x7f, 0xff, 0xff,
    0xff, 0xf7, 0xe, 0xff, 0xe9, 0x20, 0x0, 0x0,
    0x0, 0x7f, 0xff, 0xff, 0xff, 0xf7, 0xe, 0xf9,
    0x0, 0x0, 0x4, 0x0, 0x0, 0x7f, 0xe0, 0x0,
    0xe, 0xf7, 0xe, 0xf7, 0x0, 0x0, 0xd, 0xc4,
    0x0, 0x7f, 0xe0, 0x0, 0xe, 0xf7, 0xe, 0xf7,
    0x0, 0x0, 0x1f, 0xfa, 0x0, 0x8f, 0xe0, 0x25,
    0x7f, 0xf7, 0xd, 0xfb, 0x43, 0x33, 0xaf, 0xf4,
    0x0, 0x8f, 0xf0, 0x3f, 0xff, 0xf4, 0xa, 0xff,
    0xff, 0xff, 0xff, 0xb0, 0x0, 0x9f, 0xf0, 0xc,
    0xdc, 0x60, 0x1, 0xae, 0xff, 0xff, 0xd9, 0x0,

    /* U+81EA "自" */
    0x0, 0x0, 0x0, 0x10, 0x0, 0x0, 0x0, 0x0,
    0x0, 0x0, 0x0, 0x0, 0xee, 0xa5, 0x0, 0x0,
    0x0, 0x0, 0x0, 0x0, 0x1, 0xff, 0xf7, 0x0,
    0x0, 0x0, 0x0, 0x0, 0x0, 0x7, 0xff, 0x70,
    0x0, 0x0, 0x0, 0x0, 0x11, 0x0, 0xd, 0xfe,
    0x0, 0x0, 0x0, 0x0, 0x1, 0xaf, 0xff, 0xff,
    0xff, 0xff, 0xff, 0xff, 0xff, 0xfc, 0x9f, 0xff,
    0xff, 0xff, 0xff, 0xff, 0xff, 0xff, 0xfb, 0x8f,
    0xf2, 0x11, 0x11, 0x11, 0x11, 0x11, 0x1e, 0xfa,
    0x7f, 0xf1, 0x0, 0x0, 0x0, 0x0, 0x0, 0xe,
    0xf9, 0x7f, 0xf1, 0x0, 0x0, 0x0, 0x0, 0x0,
    0xe, 0xf9, 0x7f, 0xff, 0xff, 0xff, 0xff, 0xff,
    0xff, 0xff, 0xf9, 0x7f, 0xff, 0xff, 0xff, 0xff,
    0xff, 0xff, 0xff, 0xf9, 0x7f, 0xf1, 0x0, 0x0,
    0x0, 0x0, 0x0, 0xe, 0xf9, 0x7f, 0xf1, 0x0,
    0x0, 0x0, 0x0, 0x0, 0xe, 0xf9, 0x7f, 0xf1,
    0x0, 0x0, 0x0, 0x0, 0x0, 0xe, 0xf9, 0x7f,
    0xff, 0xff, 0xff, 0xff, 0xff, 0xff, 0xff, 0xf9,
    0x7f, 0xff, 0xff, 0xff, 0xff, 0xff, 0xff, 0xff,
    0xf9, 0x7f, 0xf1, 0x0, 0x0, 0x0, 0x0, 0x0,
    0xe, 0xf9, 0x7f, 0xf1, 0x0, 0x0, 0x0, 0x0,
    0x0, 0xe, 0xf9, 0x7f, 0xf1, 0x0, 0x0, 0x0,
    0x0, 0x0, 0xe, 0xf9, 0x7f, 0xff, 0xff, 0xff,
    0xff, 0xff, 0xff, 0xff, 0xf9, 0x7f, 0xff, 0xff,
    0xff, 0xff, 0xff, 0xff, 0xff, 0xf9, 0x8f, 0xf1,
    0x0, 0x0, 0x0, 0x0, 0x0, 0xe, 0xfa, 0x8f,
    0xf2, 0x0, 0x0, 0x0, 0x0, 0x0, 0xf, 0xfb,
    0xaf, 0xf3, 0x0, 0x0, 0x0, 0x0, 0x0, 0x1c,
    0xca,

    /* U+8282 "节" */
    0x0, 0x0, 0x0, 0x3, 0x20, 0x0, 0x0, 0x33,
    0x0, 0x0, 0x0, 0x0, 0x0, 0x0, 0x0, 0xa,
    0xff, 0x70, 0x0, 0xbf, 0xf7, 0x0, 0x0, 0x0,
    0x0, 0x0, 0x0, 0x8, 0xff, 0x0, 0x0, 0x9f,
    0xe0, 0x0, 0x0, 0x0, 0x11, 0x0, 0x0, 0x8,
    0xfe, 0x0, 0x0, 0x8f, 0xd0, 0x0, 0x0, 0x11,
    0x7f, 0xff, 0xff, 0xff, 0xff, 0xff, 0xff, 0xff,
    0xff, 0xff, 0xff, 0xf8, 0x7f, 0xff, 0xff, 0xff,
    0xff, 0xff, 0xff, 0xff, 0xff, 0xff, 0xff, 0xf8,
    0x12, 0x11, 0x11, 0x18, 0xfe, 0x11, 0x11, 0x9f,
    0xd1, 0x11, 0x11, 0x22, 0x0, 0x0, 0x0, 0x8,
    0xfe, 0x0, 0x0, 0x9f, 0xd0, 0x0, 0x0, 0x0,
    0x0, 0x0, 0x0, 0x9, 0xff, 0x0, 0x0, 0xaf,
    0xf0, 0x0, 0x0, 0x0, 0x0, 0x22, 0x0, 0x3,
    0x44, 0x0, 0x0, 0x34, 0x40, 0x1, 0x30, 0x0,
    0x0, 0xaf, 0xff, 0xff, 0xff, 0xff, 0xff, 0xff,
    0xff, 0xff, 0xf1, 0x0, 0x0, 0xaf, 0xff, 0xff,
    0xff, 0xff, 0xff, 0xff, 0xff, 0xff, 0xf0, 0x0,
    0x0, 0x11, 0x0, 0x0, 0xc, 0xfb, 0x0, 0x0,
    0x0, 0x8f, 0xe0, 0x0, 0x0, 0x0, 0x0, 0x0,
    0xc, 0xfb, 0x0, 0x0, 0x0, 0x8f, 0xe0, 0x0,
    0x0, 0x0, 0x0, 0x0, 0xc, 0xfb, 0x0, 0x0,
    0x0, 0x8f, 0xe0, 0x0, 0x0, 0x0, 0x0, 0x0,
    0xc, 0xfb, 0x0, 0x0, 0x0, 0x8f, 0xe0, 0x0,
    0x0, 0x0, 0x0, 0x0, 0xc, 0xfb, 0x0, 0x0,
    0x0, 0x8f, 0xe0, 0x0, 0x0, 0x0, 0x0, 0x0,
    0xc, 0xfb, 0x0, 0x0, 0x0, 0xaf, 0xd0, 0x0,
    0x0, 0x0, 0x0, 0x0, 0xc, 0xfb, 0x2, 0x21,
    0x27, 0xff, 0xb0, 0x0, 0x0, 0x0, 0x0, 0x0,
    0xc, 0xfb, 0x8, 0xff, 0xff, 0xff, 0x40, 0x0,
    0x0, 0x0, 0x0, 0x0, 0xc, 0xfb, 0x2, 0xff,
    0xff, 0xd5, 0x0, 0x0, 0x0, 0x0, 0x0, 0x0,
    0xc, 0xfb, 0x0, 0x76, 0x41, 0x0, 0x0, 0x0,
    0x0, 0x0, 0x0, 0x0, 0xc, 0xfb, 0x0, 0x0,
    0x0, 0x0, 0x0, 0x0, 0x0, 0x0, 0x0, 0x0,
    0xd, 0xfc, 0x0, 0x0, 0x0, 0x0, 0x0, 0x0,
    0x0, 0x0, 0x0, 0x0, 0xe, 0xfd, 0x0, 0x0,
    0x0, 0x0, 0x0, 0x0,

    /* U+83DC "菜" */
    0x0, 0x0, 0x0, 0x0, 0x0, 0x0, 0x0, 0x0,
    0x0, 0x0, 0x0, 0x0, 0x0, 0x0, 0x0, 0x0,
    0x0, 0xfe, 0xc2, 0x0, 0xa, 0xfd, 0x70, 0x0,
    0x0, 0x0, 0x0, 0x0, 0x0, 0x0, 0xef, 0xb0,
    0x0, 0x8, 0xff, 0x20, 0x0, 0x0, 0x0, 0x0,
    0x31, 0x0, 0x0, 0xdf, 0x80, 0x0, 0x7, 0xfe,
    0x0, 0x1, 0x23, 0x0, 0x3, 0xff, 0xff, 0xff,
    0xff, 0xff, 0xff, 0xff, 0xff, 0xff, 0xff, 0xff,
    0x10, 0x3, 0xff, 0xee, 0xee, 0xff, 0xfe, 0xee,
    0xef, 0xff, 0xee, 0xee, 0xff, 0x10, 0x0, 0x0,
    0x0, 0x0, 0xef, 0x80, 0x0, 0x8, 0xff, 0x3,
    0x30, 0x1, 0x0, 0x0, 0x0, 0x0, 0x0, 0xab,
    0x60, 0x13, 0x4c, 0xff, 0xef, 0xe1, 0x0, 0x0,
    0x0, 0x8, 0xfe, 0xed, 0xee, 0xff, 0xff, 0xff,
    0xff, 0xff, 0xfb, 0x0, 0x0, 0x0, 0x0, 0xef,
    0xff, 0xff, 0xff, 0xff, 0xec, 0xb9, 0xc9, 0x55,
    0x0, 0x0, 0x0, 0x0, 0x46, 0x8e, 0x43, 0x7f,
    0xf3, 0x0, 0x1, 0xff, 0x90, 0x0, 0x0, 0x0,
    0x0, 0x1, 0xff, 0xb0, 0xc, 0xfe, 0x10, 0xa,
    0xff, 0xb1, 0x0, 0x0, 0x0, 0x0, 0x0, 0x8f,
    0xf8, 0x2, 0xff, 0x90, 0x7f, 0xf9, 0x0, 0x0,
    0x0, 0x0, 0x0, 0x0, 0x9, 0xfe, 0x11, 0xdf,
    0x40, 0x9f, 0xc0, 0x0, 0x0, 0x0, 0x1, 0x21,
    0x0, 0x1, 0xb2, 0x2, 0xff, 0xb0, 0x4, 0x20,
    0x0, 0x13, 0x10, 0x7, 0xff, 0xff, 0xff, 0xff,
    0xff, 0xff, 0xff, 0xff, 0xff, 0xff, 0xff, 0x70,
    0x7, 0xfe, 0xee, 0xee, 0xee, 0xff, 0xff, 0xff,
    0xee, 0xee, 0xee, 0xff, 0x70, 0x0, 0x0, 0x0,
    0x0, 0x1d, 0xff, 0xff, 0xff, 0xd3, 0x0, 0x0,
    0x0, 0x0, 0x0, 0x0, 0x0, 0x2, 0xef, 0xf5,
    0xff, 0x9f, 0xff, 0x70, 0x0, 0x0, 0x0, 0x0,
    0x0, 0x0, 0x6f, 0xff, 0x50, 0xff, 0x53, 0xef,
    0xfd, 0x40, 0x0, 0x0, 0x0, 0x0, 0x3b, 0xff,
    0xe3, 0x0, 0xff, 0x50, 0x1a, 0xff, 0xfe, 0x83,
    0x0, 0x0, 0x5b, 0xff, 0xfb, 0x10, 0x0, 0xff,
    0x50, 0x0, 0x4d, 0xff, 0xff, 0xc1, 0x8, 0xff,
    0xff, 0x60, 0x0, 0x0, 0xff, 0x50, 0x0, 0x0,
    0x7e, 0xfb, 0x0, 0x0, 0x7f, 0xa1, 0x0, 0x0,
    0x1, 0xff, 0x60, 0x0, 0x0, 0x0, 0x60, 0x0,
    0x0, 0x2, 0x0, 0x0, 0x0, 0x2, 0xff, 0x70,
    0x0, 0x0, 0x0, 0x0, 0x0,

    /* U+884C "行" */
    0x0, 0x0, 0x0, 0x0, 0x0, 0x0, 0x0, 0x0,
    0x0, 0x0, 0x0, 0x0, 0x0, 0x0, 0x0, 0x0,
    0xd6, 0x0, 0x0, 0x0, 0x0, 0x0, 0x0, 0x0,
    0x0, 0x0, 0x0, 0x0, 0x8f, 0xf9, 0x3, 0x21,
    0x11, 0x11, 0x11, 0x12, 0x30, 0x0, 0x0, 0x0,
    0x5f, 0xff, 0x90, 0xdf, 0xff, 0xff, 0xff, 0xff,
    0xff, 0x10, 0x0, 0x0, 0x3f, 0xff, 0x30, 0xd,
    0xfe, 0xee, 0xee, 0xee, 0xef, 0xf1, 0x0, 0x0,
    0x4f, 0xff, 0x30, 0x0, 0x0, 0x0, 0x0, 0x0,
    0x0, 0x0, 0x0, 0x0, 0x7f, 0xff, 0x30, 0x50,
    0x0, 0x0, 0x0, 0x0, 0x0, 0x0, 0x0, 0x0,
    0x9f, 0xfe, 0x20, 0x7f, 0xc3, 0x0, 0x0, 0x0,
    0x0, 0x0, 0x0, 0x0, 0x0, 0x7c, 0x10, 0xe,
    0xff, 0x90, 0x0, 0x0, 0x0, 0x0, 0x0, 0x0,
    0x0, 0x0, 0x0, 0x8, 0xff, 0x70, 0x0, 0x0,
    0x0, 0x0, 0x0, 0x0, 0x1, 0x0, 0x0, 0x4,
    0xff, 0xbb, 0xff, 0xff, 0xff, 0xff, 0xff, 0xff,
    0xff, 0xe0, 0x0, 0x1, 0xef, 0xf2, 0xbf, 0xff,
    0xff, 0xff, 0xff, 0xff, 0xff, 0xfe, 0x0, 0x1,
    0xdf, 0xfe, 0x1, 0x10, 0x0, 0x0, 0x0, 0x8f,
    0xd0, 0x1, 0x20, 0x1, 0xdf, 0xff, 0xe0, 0x0,
    0x0, 0x0, 0x0, 0x8, 0xfd, 0x0, 0x0, 0x4,
    0xef, 0xfe, 0xfe, 0x0, 0x0, 0x0, 0x0, 0x0,
    0x8f, 0xd0, 0x0, 0x0, 0xcf, 0xf9, 0x7f, 0xe0,
    0x0, 0x0, 0x0, 0x0, 0x8, 0xfd, 0x0, 0x0,
    0x0, 0x88, 0x7, 0xfe, 0x0, 0x0, 0x0, 0x0,
    0x0, 0x8f, 0xd0, 0x0, 0x0, 0x0, 0x0, 0x7f,
    0xe0, 0x0, 0x0, 0x0, 0x0, 0x8, 0xfd, 0x0,
    0x0, 0x0, 0x0, 0x7, 0xfe, 0x0, 0x0, 0x0,
    0x0, 0x0, 0x8f, 0xd0, 0x0, 0x0, 0x0, 0x0,
    0x7f, 0xe0, 0x0, 0x0, 0x0, 0x0, 0x8, 0xfd,
    0x0, 0x0, 0x0, 0x0, 0x7, 0xfe, 0x0, 0x0,
    0x0, 0x0, 0x0, 0x8f, 0xd0, 0x0, 0x0, 0x0,
    0x0, 0x7f, 0xe0, 0x0, 0x0, 0x0, 0x0, 0x9,
    0xfc, 0x0, 0x0, 0x0, 0x0, 0x7, 0xff, 0x0,
    0x0, 0x0, 0x8a, 0x89, 0xff, 0xb0, 0x0, 0x0,
    0x0, 0x0, 0x8f, 0xf0, 0x0, 0x0, 0x2, 0xff,
    0xff, 0xf5, 0x0, 0x0, 0x0, 0x0, 0x9, 0xff,
    0x0, 0x0, 0x0, 0xd, 0xfd, 0xa4, 0x0, 0x0,
    0x0, 0x0, 0x0, 0x0, 0x0, 0x0, 0x0, 0x0,
    0x0, 0x0, 0x0, 0x0, 0x0,

    /* U+8A00 "言" */
    0x0, 0x0, 0x0, 0x0, 0x1, 0x0, 0x0, 0x0,
    0x0, 0x0, 0x0, 0x0, 0x0, 0x0, 0x0, 0x0,
    0x1e, 0xb2, 0x0, 0x0, 0x0, 0x0, 0x0, 0x0,
    0x0, 0x0, 0x0, 0x0, 0x8f, 0xff, 0x60, 0x0,
    0x0, 0x0, 0x0, 0x0, 0x0, 0x0, 0x0, 0x0,
    0x4, 0xef, 0xfa, 0x0, 0x0, 0x0, 0x0, 0x0,
    0x53, 0x22, 0x22, 0x22, 0x22, 0x4e, 0xfd, 0x32,
    0x22, 0x22, 0x23, 0x51, 0xef, 0xff, 0xff, 0xff,
    0xff, 0xff, 0xff, 0xff, 0xff, 0xff, 0xff, 0xf2,
    0xdd, 0xcc, 0xcc, 0xcc, 0xcc, 0xcc, 0xcc, 0xcc,
    0xcc, 0xcc, 0xcc, 0xe2, 0x0, 0x0, 0x0, 0x0,
    0x0, 0x0, 0x0, 0x0, 0x0, 0x0, 0x0, 0x0,
    0x0, 0x3, 0xfe, 0xdd, 0xdd, 0xdd, 0xdd, 0xdd,
    0xde, 0xf7, 0x0, 0x0, 0x0, 0x3, 0xff, 0xff,
    0xff, 0xff, 0xff, 0xff, 0xff, 0xf7, 0x0, 0x0,
    0x0, 0x1, 0x31, 0x0, 0x0, 0x0, 0x0, 0x0,
    0x1, 0x22, 0x0, 0x0, 0x0, 0x0, 0x20, 0x0,
    0x0, 0x0, 0x0, 0x0, 0x0, 0x11, 0x0, 0x0,
    0x0, 0x2, 0xff, 0xff, 0xff, 0xff, 0xff, 0xff,
    0xff, 0xf7, 0x0, 0x0, 0x0, 0x2, 0xff, 0xee,
    0xee, 0xee, 0xee, 0xee, 0xef, 0xf7, 0x0, 0x0,
    0x0, 0x0, 0x10, 0x0, 0x0, 0x0, 0x0, 0x0,
    0x0, 0x1, 0x0, 0x0, 0x0, 0x0, 0x0, 0x0,
    0x0, 0x0, 0x0, 0x0, 0x0, 0x0, 0x0, 0x0,
    0x0, 0x6, 0xfe, 0xdd, 0xdd, 0xdd, 0xdd, 0xdd,
    0xdd, 0xeb, 0x0, 0x0, 0x0, 0x5, 0xff, 0xff,
    0xff, 0xff, 0xff, 0xff, 0xff, 0xf9, 0x0, 0x0,
    0x0, 0x4, 0xff, 0x10, 0x0, 0x0, 0x0, 0x0,
    0xd, 0xf8, 0x0, 0x0, 0x0, 0x4, 0xff, 0x10,
    0x0, 0x0, 0x0, 0x0, 0xd, 0xf8, 0x0, 0x0,
    0x0, 0x4, 0xff, 0x10, 0x0, 0x0, 0x0, 0x0,
    0xd, 0xf8, 0x0, 0x0, 0x0, 0x4, 0xff, 0xff,
    0xff, 0xff, 0xff, 0xff, 0xff, 0xf8, 0x0, 0x0,
    0x0, 0x4, 0xff, 0xdd, 0xdd, 0xdd, 0xdd, 0xdd,
    0xdf, 0xf8, 0x0, 0x0, 0x0, 0x6, 0xff, 0x10,
    0x0, 0x0, 0x0, 0x0, 0xf, 0xfa, 0x0, 0x0,
    0x0, 0x7, 0xff, 0x30, 0x0, 0x0, 0x0, 0x0,
    0x0, 0x0, 0x0, 0x0,

    /* U+8BA4 "认" */
    0x0, 0x0, 0x60, 0x0, 0x0, 0x0, 0x0, 0xa,
    0x97, 0x10, 0x0, 0x0, 0x0, 0x0, 0x8, 0xfc,
    0x10, 0x0, 0x0, 0x0, 0xd, 0xfd, 0x10, 0x0,
    0x0, 0x0, 0x0, 0x7, 0xff, 0xd2, 0x0, 0x0,
    0x0, 0xc, 0xf9, 0x0, 0x0, 0x0, 0x0, 0x0,
    0x0, 0x5f, 0xfe, 0x20, 0x0, 0x0, 0xd, 0xf9,
    0x0, 0x0, 0x0, 0x0, 0x0, 0x0, 0x3, 0xff,
    0xe3, 0x0, 0x0, 0xd, 0xf9, 0x0, 0x0, 0x0,
    0x0, 0x0, 0x0, 0x0, 0x3f, 0xfc, 0x0, 0x0,
    0xe, 0xf9, 0x0, 0x0, 0x0, 0x0, 0x0, 0x0,
    0x0, 0x4, 0xd1, 0x0, 0x0, 0xf, 0xf9, 0x0,
    0x0, 0x0, 0x0, 0x0, 0x0, 0x0, 0x0, 0x0,
    0x0, 0x0, 0xf, 0xfb, 0x0, 0x0, 0x0, 0x0,
    0x3f, 0xdd, 0xdd, 0xf2, 0x0, 0x0, 0x0, 0xf,
    0xff, 0x0, 0x0, 0x0, 0x0, 0x3f, 0xff, 0xff,
    0xf1, 0x0, 0x0, 0x0, 0x1f, 0xff, 0x30, 0x0,
    0x0, 0x0, 0x14, 0x22, 0x7f, 0xf0, 0x0, 0x0,
    0x0, 0x3f, 0xff, 0x80, 0x0, 0x0, 0x0, 0x0,
    0x0, 0x6f, 0xf0, 0x0, 0x0, 0x0, 0x7f, 0xff,
    0xd0, 0x0, 0x0, 0x0, 0x0, 0x0, 0x7f, 0xf0,
    0x0, 0x0, 0x0, 0xcf, 0xff, 0xf4, 0x0, 0x0,
    0x0, 0x0, 0x0, 0x7f, 0xe0, 0x0, 0x0, 0x1,
    0xff, 0x9d, 0xfa, 0x0, 0x0, 0x0, 0x0, 0x0,
    0x8f, 0xe0, 0x0, 0x0, 0x7, 0xff, 0x47, 0xff,
    0x20, 0x0, 0x0, 0x0, 0x0, 0x8f, 0xd0, 0x7,
    0x0, 0xe, 0xfe, 0x1, 0xff, 0xa0, 0x0, 0x0,
    0x0, 0x0, 0x9f, 0xd0, 0xaf, 0x10, 0x6f, 0xf7,
    0x0, 0x9f, 0xf4, 0x0, 0x0, 0x0, 0x0, 0x9f,
    0xda, 0xff, 0x61, 0xef, 0xe0, 0x0, 0x1f, 0xfe,
    0x10, 0x0, 0x0, 0x0, 0xaf, 0xff, 0xf8, 0xb,
    0xff, 0x60, 0x0, 0x7, 0xff, 0xb0, 0x0, 0x0,
    0x0, 0xef, 0xff, 0x70, 0x8f, 0xfc, 0x0, 0x0,
    0x0, 0xcf, 0xf9, 0x0, 0x0, 0x4, 0xff, 0xf5,
    0x7, 0xff, 0xe1, 0x0, 0x0, 0x0, 0x2f, 0xff,
    0x90, 0x0, 0x0, 0x6f, 0x40, 0x9f, 0xff, 0x40,
    0x0, 0x0, 0x0, 0x4, 0xfe, 0x70, 0x0, 0x0,
    0x2, 0x2, 0x9f, 0xf6, 0x0, 0x0, 0x0, 0x0,
    0x0, 0x62, 0x0, 0x0, 0x0, 0x0, 0x0, 0x2,
    0x60, 0x0, 0x0, 0x0, 0x0, 0x0, 0x0, 0x0,

    /* U+8BBE "设" */
    0x0, 0x8, 0x80, 0x0, 0x0, 0x20, 0x0, 0x0,
    0x0, 0x11, 0x0, 0x0, 0x0, 0x7, 0xff, 0x80,
    0x0, 0xc, 0xff, 0xff, 0xff, 0xff, 0x50, 0x0,
    0x0, 0x0, 0x1c, 0xff, 0x80, 0x0, 0xbf, 0xff,
    0xff, 0xff, 0xf4, 0x0, 0x0, 0x0, 0x0, 0xc,
    0xff, 0x60, 0xb, 0xfa, 0x0, 0x2, 0xff, 0x30,
    0x0, 0x0, 0x0, 0x0, 0x1e, 0xb0, 0x0, 0xdf,
    0x90, 0x0, 0x2f, 0xf3, 0x0, 0x0, 0x0, 0x0,
    0x0, 0x20, 0x0, 0xf, 0xf7, 0x0, 0x2, 0xff,
    0x30, 0x0, 0x0, 0x0, 0x0, 0x0, 0x0, 0x5,
    0xff, 0x30, 0x0, 0x2f, 0xf3, 0x0, 0x0, 0x3,
    0x21, 0x12, 0x40, 0x0, 0xdf, 0xd0, 0x0, 0x1,
    0xff, 0xa8, 0xac, 0x0, 0xaf, 0xff, 0xff, 0x0,
    0xaf, 0xf5, 0x0, 0x0, 0xd, 0xff, 0xff, 0xa0,
    0xa, 0xfe, 0xef, 0xf0, 0x6f, 0xfa, 0x0, 0x0,
    0x0, 0x18, 0xaa, 0xa5, 0x0, 0x0, 0x6, 0xff,
    0x0, 0x6c, 0x10, 0x0, 0x0, 0x0, 0x11, 0x30,
    0x0, 0x0, 0x0, 0x7f, 0xe0, 0xc, 0xff, 0xff,
    0xff, 0xff, 0xff, 0xfc, 0x0, 0x0, 0x0, 0x7,
    0xfe, 0x0, 0xcf, 0xff, 0xfe, 0xee, 0xef, 0xff,
    0x50, 0x0, 0x0, 0x0, 0x7f, 0xd0, 0x1, 0x2,
    0xff, 0x50, 0x0, 0xaf, 0xe0, 0x0, 0x0, 0x0,
    0x8, 0xfd, 0x0, 0x0, 0xa, 0xfd, 0x0, 0x2f,
    0xf7, 0x0, 0x0, 0x0, 0x0, 0x8f, 0xd0, 0x10,
    0x0, 0x2f, 0xf8, 0xb, 0xfe, 0x0, 0x0, 0x0,
    0x0, 0x8, 0xfc, 0xc, 0x30, 0x0, 0x7f, 0xfb,
    0xff, 0x50, 0x0, 0x0, 0x0, 0x0, 0x8f, 0xcb,
    0xf7, 0x0, 0x0, 0xbf, 0xff, 0xb0, 0x0, 0x0,
    0x0, 0x0, 0x9, 0xff, 0xff, 0x70, 0x0, 0x8,
    0xff, 0xfc, 0x30, 0x0, 0x0, 0x0, 0x0, 0xdf,
    0xff, 0x50, 0x0, 0x4d, 0xff, 0xff, 0xff, 0xb4,
    0x0, 0x0, 0x0, 0x1d, 0xff, 0x40, 0x17, 0xdf,
    0xff, 0xa1, 0x5e, 0xff, 0xff, 0xa8, 0x20, 0x0,
    0x1d, 0x44, 0xdf, 0xff, 0xfc, 0x30, 0x0, 0x7,
    0xef, 0xff, 0xd0, 0x0, 0x0, 0x0, 0xa, 0xff,
    0xb3, 0x0, 0x0, 0x0, 0x0, 0x5c, 0xf6, 0x0,
    0x0, 0x0, 0x0, 0x18, 0x20, 0x0, 0x0, 0x0,
    0x0, 0x0, 0x2, 0x0,

    /* U+8BED "语" */
    0x0, 0x1, 0x70, 0x0, 0x0, 0x0, 0x0, 0x0,
    0x0, 0x0, 0x0, 0x0, 0x0, 0x0, 0xbf, 0xa0,
    0x0, 0x8f, 0xdd, 0xdd, 0xdd, 0xdd, 0xdd, 0xde,
    0xa0, 0x0, 0x1d, 0xff, 0xc1, 0x8, 0xff, 0xff,
    0xff, 0xff, 0xff, 0xff, 0xfb, 0x0, 0x0, 0xb,
    0xff, 0xd1, 0x23, 0x11, 0x6f, 0xf1, 0x11, 0x11,
    0x13, 0x30, 0x0, 0x0, 0xa, 0xff, 0x80, 0x0,
    0x6, 0xfe, 0x0, 0x0, 0x0, 0x0, 0x0, 0x0,
    0x0, 0xa, 0xc0, 0x4, 0x32, 0x9f, 0xd2, 0x22,
    0x22, 0x41, 0x0, 0x0, 0x0, 0x0, 0x1, 0x0,
    0xdf, 0xff, 0xff, 0xff, 0xff, 0xff, 0x20, 0x0,
    0x0, 0x0, 0x0, 0x0, 0xc, 0xdc, 0xff, 0xec,
    0xcc, 0xdf, 0xf1, 0x0, 0xc, 0xaa, 0xaa, 0xb5,
    0x0, 0x0, 0xd, 0xf7, 0x0, 0x6, 0xff, 0x0,
    0x0, 0xff, 0xff, 0xff, 0x60, 0x0, 0x0, 0xff,
    0x50, 0x0, 0x7f, 0xe0, 0x0, 0x5, 0x33, 0x3f,
    0xf5, 0x1, 0x0, 0x2f, 0xf3, 0x0, 0x8, 0xfd,
    0x0, 0x20, 0x0, 0x0, 0xff, 0x54, 0xff, 0xff,
    0xff, 0xff, 0xff, 0xff, 0xff, 0xff, 0x0, 0x0,
    0xf, 0xf5, 0x4f, 0xff, 0xff, 0xff, 0xff, 0xff,
    0xff, 0xff, 0xf0, 0x0, 0x0, 0xff, 0x40, 0x10,
    0x0, 0x0, 0x0, 0x0, 0x0, 0x0, 0x2, 0x0,
    0x0, 0x1f, 0xf4, 0x0, 0x2, 0x10, 0x0, 0x0,
    0x0, 0x1, 0x21, 0x0, 0x0, 0x1, 0xff, 0x40,
    0x0, 0xff, 0xff, 0xff, 0xff, 0xff, 0xff, 0x30,
    0x0, 0x0, 0x1f, 0xf3, 0x1, 0xe, 0xfe, 0xdd,
    0xdd, 0xdd, 0xef, 0xf2, 0x0, 0x0, 0x2, 0xff,
    0x35, 0x90, 0xdf, 0x80, 0x0, 0x0, 0x4, 0xff,
    0x10, 0x0, 0x0, 0x2f, 0xf8, 0xfe, 0xd, 0xf8,
    0x0, 0x0, 0x0, 0x4f, 0xf1, 0x0, 0x0, 0x3,
    0xff, 0xff, 0xc0, 0xdf, 0x80, 0x0, 0x0, 0x4,
    0xff, 0x10, 0x0, 0x0, 0x9f, 0xff, 0xc0, 0xd,
    0xfe, 0xdd, 0xdd, 0xdd, 0xdf, 0xf1, 0x0, 0x0,
    0xa, 0xff, 0xc0, 0x0, 0xdf, 0xff, 0xff, 0xff,
    0xff, 0xff, 0x10, 0x0, 0x0, 0xd, 0xd1, 0x0,
    0xe, 0xf9, 0x0, 0x0, 0x0, 0x5f, 0xf2, 0x0,
    0x0, 0x0, 0x21, 0x0, 0x0, 0xff, 0xa0, 0x0,
    0x0, 0x6, 0xff, 0x30,

    /* U+8BF7 "请" */
    0x0, 0x0, 0x0, 0x0, 0x0, 0x0, 0x0, 0x27,
    0x52, 0x0, 0x0, 0x0, 0x0, 0x0, 0x77, 0x0,
    0x0, 0x0, 0x0, 0x3, 0xff, 0xb0, 0x0, 0x0,
    0x0, 0x0, 0x5f, 0xf9, 0x0, 0x0, 0x0, 0x0,
    0x2f, 0xf4, 0x0, 0x0, 0x0, 0x0, 0x0, 0xaf,
    0xfb, 0x0, 0xbd, 0xcc, 0xcc, 0xff, 0xcc, 0xcc,
    0xdb, 0x0, 0x0, 0x0, 0x8f, 0xfb, 0xc, 0xff,
    0xff, 0xff, 0xff, 0xff, 0xff, 0xc0, 0x0, 0x0,
    0x0, 0x9f, 0x60, 0x21, 0x0, 0x2, 0xff, 0x30,
    0x0, 0x12, 0x0, 0x0, 0x0, 0x0, 0x50, 0x0,
    0xcc, 0xbb, 0xcf, 0xfc, 0xbb, 0xcc, 0x0, 0x0,
    0x0, 0x0, 0x0, 0x0, 0xe, 0xff, 0xff, 0xff,
    0xff, 0xff, 0xe0, 0x0, 0x44, 0x33, 0x35, 0x50,
    0x0, 0x31, 0x0, 0x2f, 0xf4, 0x0, 0x13, 0x0,
    0xc, 0xff, 0xff, 0xfa, 0x3d, 0xcb, 0xbb, 0xbc,
    0xff, 0xcb, 0xbb, 0xbc, 0xd0, 0xac, 0xaa, 0xff,
    0x83, 0xff, 0xff, 0xff, 0xff, 0xff, 0xff, 0xff,
    0xff, 0x10, 0x0, 0xd, 0xf7, 0x2, 0x11, 0x11,
    0x11, 0x11, 0x11, 0x11, 0x11, 0x30, 0x0, 0x0,
    0xef, 0x70, 0x0, 0xed, 0xcc, 0xcc, 0xcc, 0xcc,
    0xde, 0x30, 0x0, 0x0, 0xe, 0xf7, 0x0, 0xe,
    0xff, 0xff, 0xff, 0xff, 0xff, 0xf1, 0x0, 0x0,
    0x0, 0xef, 0x60, 0x0, 0xdf, 0x81, 0x11, 0x11,
    0x14, 0xff, 0x10, 0x0, 0x0, 0xe, 0xf6, 0x0,
    0xd, 0xf8, 0x0, 0x0, 0x0, 0x4f, 0xf1, 0x0,
    0x0, 0x0, 0xff, 0x60, 0x0, 0xdf, 0xff, 0xff,
    0xff, 0xff, 0xff, 0x10, 0x0, 0x0, 0xf, 0xf6,
    0x2, 0xd, 0xfe, 0xdd, 0xdd, 0xdd, 0xdf, 0xf1,
    0x0, 0x0, 0x0, 0xff, 0x64, 0xe0, 0xdf, 0x80,
    0x0, 0x0, 0x4, 0xff, 0x10, 0x0, 0x0, 0xf,
    0xfa, 0xff, 0x5d, 0xfe, 0xcc, 0xcc, 0xcc, 0xdf,
    0xf1, 0x0, 0x0, 0x1, 0xff, 0xff, 0xb0, 0xdf,
    0xff, 0xff, 0xff, 0xff, 0xff, 0x10, 0x0, 0x0,
    0x8f, 0xff, 0xb0, 0xd, 0xf8, 0x0, 0x0, 0x0,
    0x4f, 0xf1, 0x0, 0x0, 0xb, 0xff, 0xa0, 0x0,
    0xdf, 0x80, 0x0, 0x6, 0x69, 0xff, 0x10, 0x0,
    0x0, 0xc, 0xa0, 0x0, 0xe, 0xf9, 0x0, 0x0,
    0x7f, 0xff, 0xf0, 0x0, 0x0, 0x0, 0x10, 0x0,
    0x0, 0xff, 0xa0, 0x0, 0x0, 0xff, 0xc4, 0x0,
    0x0, 0x0, 0x0, 0x0, 0x0, 0x0, 0x0, 0x0,
    0x0, 0x1, 0x0, 0x0, 0x0,

    /* U+8D85 "超" */
    0x0, 0x0, 0x0, 0x0, 0x0, 0x0, 0x0, 0x0,
    0x0, 0x0, 0x0, 0x0, 0x0, 0x0, 0xe, 0xdb,
    0x20, 0x0, 0x0, 0x0, 0x0, 0x0, 0x0, 0x0,
    0x0, 0x0, 0xd, 0xfc, 0x0, 0x6, 0x87, 0x77,
    0x77, 0x77, 0x78, 0x90, 0x0, 0x0, 0xc, 0xf8,
    0x0, 0x9, 0xff, 0xff, 0xff, 0xff, 0xff, 0xc0,
    0x0, 0x0, 0xc, 0xf9, 0x0, 0x16, 0x98, 0x8f,
    0xfb, 0x88, 0xdf, 0xb0, 0x6, 0xfe, 0xef, 0xff,
    0xef, 0xf0, 0x0, 0x4f, 0xf3, 0x0, 0xbf, 0xa0,
    0x6, 0xff, 0xff, 0xff, 0xff, 0xf0, 0x0, 0xaf,
    0xe0, 0x0, 0xcf, 0x90, 0x1, 0x21, 0xc, 0xf9,
    0x1, 0x30, 0x2, 0xff, 0x80, 0x0, 0xef, 0x70,
    0x0, 0x0, 0xc, 0xf9, 0x0, 0x0, 0xc, 0xff,
    0x22, 0x5, 0xff, 0x40, 0x8d, 0xdd, 0xdf, 0xfe,
    0xdd, 0xe8, 0xaf, 0xf8, 0xf, 0xff, 0xfd, 0x0,
    0x9f, 0xff, 0xff, 0xff, 0xff, 0xfd, 0xff, 0xc0,
    0x9, 0xff, 0xa1, 0x0, 0x33, 0x22, 0x25, 0xeb,
    0x72, 0x33, 0x5e, 0x31, 0x13, 0x42, 0x23, 0x20,
    0x0, 0x0, 0x2, 0xff, 0xc0, 0x0, 0x8f, 0xff,
    0xff, 0xff, 0xff, 0x60, 0x0, 0x77, 0x42, 0xff,
    0x40, 0x0, 0x7f, 0xff, 0xff, 0xff, 0xff, 0x40,
    0x0, 0xbf, 0xf8, 0xff, 0x53, 0x43, 0x7f, 0xe1,
    0x11, 0x11, 0xff, 0x40, 0x0, 0xcf, 0xd2, 0xff,
    0xff, 0xf9, 0x7f, 0xe0, 0x0, 0x1, 0xff, 0x40,
    0x0, 0xdf, 0xb2, 0xff, 0xdd, 0xe9, 0x7f, 0xe0,
    0x0, 0x1, 0xff, 0x40, 0x0, 0xff, 0x82, 0xff,
    0x30, 0x0, 0x7f, 0xe0, 0x0, 0x1, 0xff, 0x40,
    0x1, 0xff, 0xb2, 0xff, 0x30, 0x0, 0x7f, 0xfe,
    0xee, 0xee, 0xff, 0x40, 0x4, 0xff, 0xfd, 0xff,
    0x30, 0x0, 0x9f, 0xff, 0xff, 0xff, 0xff, 0x60,
    0x9, 0xff, 0xff, 0xff, 0x50, 0x0, 0x22, 0x10,
    0x0, 0x0, 0x13, 0x20, 0xd, 0xfc, 0x3d, 0xff,
    0xfc, 0x75, 0x33, 0x33, 0x33, 0x45, 0x68, 0xb6,
    0x4f, 0xf8, 0x0, 0x6d, 0xff, 0xff, 0xff, 0xff,
    0xff, 0xff, 0xff, 0xf3, 0xbf, 0xf3, 0x0, 0x0,
    0x26, 0x9b, 0xcd, 0xee, 0xee, 0xed, 0xdd, 0xc0,
    0x4, 0xa0, 0x0, 0x0, 0x0, 0x0, 0x0, 0x0,
    0x0, 0x0, 0x0, 0x0,

    /* U+8F7D "载" */
    0x0, 0x0, 0x0, 0x8, 0x86, 0x20, 0x0, 0x77,
    0x51, 0x0, 0x0, 0x0, 0x0, 0x0, 0x0, 0xb,
    0xff, 0x40, 0x0, 0xbf, 0xf6, 0x41, 0x0, 0x0,
    0x0, 0x0, 0x0, 0xb, 0xfc, 0x0, 0x0, 0xaf,
    0xe4, 0xfe, 0x20, 0x0, 0x0, 0x7c, 0xba, 0xae,
    0xfe, 0xab, 0xba, 0x9f, 0xc6, 0xff, 0xf3, 0x0,
    0x0, 0x9f, 0xff, 0xff, 0xff, 0xff, 0xfd, 0x9f,
    0xc0, 0x5f, 0xff, 0x20, 0x0, 0x45, 0x43, 0x3b,
    0xfc, 0x34, 0x55, 0x9f, 0xc0, 0x5, 0xf9, 0x0,
    0x10, 0x0, 0x0, 0xa, 0xfb, 0x0, 0x0, 0x9f,
    0xc0, 0x0, 0x40, 0x10, 0xcf, 0xfe, 0xee, 0xef,
    0xff, 0xee, 0xee, 0xff, 0xfe, 0xee, 0xef, 0xf4,
    0xcf, 0xff, 0xff, 0xff, 0xff, 0xff, 0xff, 0xff,
    0xff, 0xff, 0xff, 0xf4, 0x21, 0x0, 0x1, 0xff,
    0xf2, 0x0, 0x0, 0x7f, 0xe0, 0x3, 0x72, 0x20,
    0x0, 0x43, 0x28, 0xff, 0x42, 0x22, 0x34, 0x5f,
    0xf0, 0x7, 0xff, 0x90, 0x2, 0xff, 0xff, 0xff,
    0xff, 0xff, 0xfe, 0x3f, 0xf2, 0xb, 0xff, 0x60,
    0x2, 0xdc, 0xef, 0xfb, 0xbb, 0xbc, 0xdc, 0x1f,
    0xf4, 0xf, 0xfa, 0x0, 0x0, 0x0, 0xef, 0x8c,
    0xca, 0x10, 0x0, 0xe, 0xf7, 0x5f, 0xf3, 0x0,
    0x0, 0x9, 0xfe, 0xc, 0xfd, 0x0, 0x0, 0xb,
    0xfb, 0xbf, 0xd0, 0x0, 0x0, 0x9f, 0xfe, 0xcf,
    0xfe, 0xcd, 0xe8, 0x7, 0xff, 0xff, 0x60, 0x0,
    0x0, 0x4f, 0xff, 0xff, 0xff, 0xff, 0xf8, 0x3,
    0xff, 0xfd, 0x0, 0x0, 0x0, 0x3, 0x11, 0x1b,
    0xfa, 0x11, 0x36, 0x10, 0xef, 0xf4, 0x0, 0x0,
    0x0, 0x0, 0x0, 0x1c, 0xfd, 0x9c, 0xff, 0x3,
    0xff, 0xf2, 0x3, 0x10, 0xc, 0xdd, 0xef, 0xff,
    0xff, 0xff, 0xfa, 0x3e, 0xff, 0xfa, 0x7, 0xd3,
    0x8, 0xff, 0xff, 0xde, 0xfc, 0x42, 0x16, 0xff,
    0xd9, 0xff, 0x5b, 0xfb, 0x1, 0x96, 0x20, 0xb,
    0xfa, 0x2, 0xbf, 0xfd, 0x10, 0xef, 0xff, 0xf5,
    0x0, 0x0, 0x0, 0xc, 0xfb, 0x4, 0xcf, 0xc1,
    0x0, 0x3f, 0xff, 0xe0, 0x0, 0x0, 0x0, 0xd,
    0xfc, 0x0, 0x5, 0x0, 0x0, 0x3, 0xdf, 0x40,
    0x0, 0x0, 0x0, 0xe, 0xfd, 0x0, 0x0, 0x0,
    0x0, 0x0, 0x0, 0x0,

    /* U+8F93 "输" */
    0x0, 0x0, 0x9, 0x40, 0x0, 0x0, 0x0, 0x9,
    0x95, 0x0, 0x0, 0x0, 0x0, 0x0, 0x0, 0x2f,
    0xfd, 0x0, 0x0, 0x0, 0x3f, 0xff, 0x30, 0x0,
    0x0, 0x0, 0x0, 0x0, 0x5f, 0xf3, 0x0, 0x0,
    0x0, 0xcf, 0xff, 0x50, 0x0, 0x0, 0x0, 0x0,
    0x0, 0x9f, 0xd0, 0x0, 0x0, 0x7, 0xff, 0xdf,
    0xe2, 0x0, 0x0, 0x0, 0x1d, 0xca, 0xef, 0xda,
    0xbc, 0x80, 0x3f, 0xfa, 0xc, 0xfe, 0x30, 0x0,
    0x0, 0x1f, 0xff, 0xff, 0xff, 0xff, 0xa2, 0xef,
    0xd1, 0x1, 0xdf, 0xf7, 0x0, 0x0, 0x6, 0x48,
    0xfd, 0x33, 0x35, 0x6e, 0xff, 0x52, 0x22, 0x3e,
    0xff, 0xd5, 0x0, 0x0, 0xb, 0xf8, 0x0, 0x5,
    0xef, 0xff, 0xff, 0xff, 0xff, 0xff, 0xff, 0xf7,
    0x0, 0x1f, 0xff, 0xfd, 0x8f, 0xfe, 0x3c, 0xcb,
    0xbb, 0xbc, 0xa2, 0xaf, 0xb0, 0x0, 0x8f, 0xbc,
    0xf9, 0x9, 0xe3, 0x0, 0x1, 0x20, 0x0, 0x29,
    0x67, 0x0, 0x1, 0xff, 0x5c, 0xf8, 0x0, 0xbf,
    0xff, 0xff, 0xf1, 0x0, 0x2f, 0xfb, 0x0, 0x1c,
    0xff, 0x6d, 0xfb, 0x78, 0x9f, 0xfd, 0xdf, 0xf5,
    0xfd, 0x6f, 0xf5, 0x0, 0xe, 0xff, 0xff, 0xff,
    0xfe, 0x8f, 0xe0, 0x4f, 0xe3, 0xff, 0x2f, 0xf4,
    0x0, 0x4, 0x74, 0x4d, 0xfa, 0x55, 0x8f, 0xfb,
    0xcf, 0xe2, 0xfe, 0xf, 0xf4, 0x0, 0x0, 0x0,
    0xc, 0xf8, 0x0, 0x8f, 0xff, 0xff, 0xe2, 0xfe,
    0xf, 0xf4, 0x0, 0x0, 0x0, 0xc, 0xf8, 0x3a,
    0x8f, 0xe2, 0x5f, 0xe2, 0xfe, 0xf, 0xf4, 0x0,
    0x0, 0x0, 0x1d, 0xff, 0xfe, 0x8f, 0xe0, 0x4f,
    0xe2, 0xfe, 0xf, 0xf4, 0x0, 0x39, 0xbe, 0xff,
    0xff, 0xfd, 0x8f, 0xff, 0xff, 0xe2, 0xfe, 0xf,
    0xf4, 0x0, 0x1f, 0xff, 0xff, 0xfa, 0x20, 0x8f,
    0xfe, 0xef, 0xe3, 0xff, 0xf, 0xf4, 0x0, 0xa,
    0xb6, 0x1c, 0xf8, 0x0, 0x8f, 0xe0, 0x4f, 0xe4,
    0xff, 0x1f, 0xf4, 0x0, 0x0, 0x0, 0xc, 0xf8,
    0x0, 0x8f, 0xe0, 0x4f, 0xe1, 0x44, 0xf, 0xf4,
    0x0, 0x0, 0x0, 0xc, 0xf8, 0x0, 0x8f, 0xe6,
    0x9f, 0xe0, 0x66, 0x6f, 0xf4, 0x0, 0x0, 0x0,
    0xd, 0xf9, 0x0, 0x9f, 0xf8, 0xff, 0xe0, 0x9f,
    0xff, 0xf1, 0x0, 0x0, 0x0, 0xf, 0xfa, 0x0,
    0xaf, 0xf3, 0xfd, 0x50, 0x4f, 0xfc, 0x50, 0x0,
    0x0, 0x0, 0x0, 0x0, 0x0, 0x1, 0x10, 0x10,
    0x0, 0x1, 0x0, 0x0, 0x0,

    /* U+8FD4 "返" */
    0x0, 0x8, 0x0, 0x0, 0x0, 0x0, 0x0, 0x0,
    0x0, 0x0, 0x40, 0x0, 0x0, 0xcf, 0xb0, 0x0,
    0x3, 0x21, 0x12, 0x34, 0x69, 0xcf, 0xf6, 0x0,
    0x0, 0x9f, 0xfb, 0x0, 0xf, 0xff, 0xff, 0xff,
    0xff, 0xff, 0xfe, 0x0, 0x0, 0x8, 0xff, 0xb0,
    0xf, 0xfe, 0xdd, 0xcb, 0xa9, 0x76, 0x56, 0x10,
    0x0, 0x0, 0x9f, 0xf2, 0xe, 0xf6, 0x0, 0x0,
    0x0, 0x0, 0x0, 0x0, 0x0, 0x0, 0x9, 0x30,
    0xe, 0xf6, 0x0, 0x0, 0x0, 0x0, 0x0, 0x0,
    0x0, 0x0, 0x0, 0x0, 0xe, 0xf7, 0x22, 0x22,
    0x22, 0x23, 0x40, 0x0, 0x0, 0x0, 0x0, 0x0,
    0xe, 0xff, 0xff, 0xff, 0xff, 0xff, 0xe0, 0x0,
    0x54, 0x33, 0x35, 0x20, 0xe, 0xfe, 0xee, 0xee,
    0xee, 0xff, 0xa0, 0x0, 0xdf, 0xff, 0xff, 0x50,
    0xf, 0xf6, 0x0, 0x0, 0x2, 0xff, 0x40, 0x0,
    0xcd, 0xcc, 0xff, 0x40, 0xf, 0xf5, 0x97, 0x0,
    0x7, 0xfe, 0x0, 0x0, 0x0, 0x1, 0xff, 0x40,
    0xf, 0xfa, 0xff, 0xb1, 0xe, 0xf9, 0x0, 0x0,
    0x0, 0x1, 0xff, 0x40, 0x2f, 0xf3, 0x7f, 0xfe,
    0x8f, 0xf2, 0x0, 0x0, 0x0, 0x1, 0xff, 0x40,
    0x4f, 0xf0, 0x2, 0xdf, 0xff, 0xb0, 0x0, 0x0,
    0x0, 0x1, 0xff, 0x40, 0x8f, 0xc0, 0x0, 0xd,
    0xff, 0xb0, 0x0, 0x0, 0x0, 0x1, 0xff, 0x40,
    0xef, 0x70, 0x0, 0x9f, 0xff, 0xfc, 0x10, 0x0,
    0x0, 0x1, 0xff, 0x47, 0xff, 0x10, 0x3d, 0xff,
    0x84, 0xff, 0xe2, 0x0, 0x0, 0x1, 0xff, 0x9f,
    0xf9, 0x4b, 0xff, 0xf7, 0x0, 0x3e, 0xff, 0x40,
    0x0, 0x1, 0xff, 0x56, 0xc7, 0xff, 0xfe, 0x40,
    0x0, 0x2, 0xef, 0x90, 0x0, 0x19, 0xff, 0xc6,
    0x10, 0x7f, 0x80, 0x0, 0x0, 0x0, 0x2a, 0x0,
    0x4, 0xef, 0xff, 0xff, 0xfb, 0x87, 0x43, 0x34,
    0x45, 0x56, 0x89, 0xa6, 0x3f, 0xff, 0x62, 0x7d,
    0xff, 0xff, 0xff, 0xff, 0xff, 0xff, 0xff, 0xf2,
    0x5, 0xf6, 0x0, 0x0, 0x27, 0xbd, 0xef, 0xff,
    0xff, 0xee, 0xdc, 0xa0, 0x0, 0x40, 0x0, 0x0,
    0x0, 0x0, 0x0, 0x0, 0x0, 0x0, 0x0, 0x0,

    /* U+9009 "选" */
    0x0, 0x0, 0x0, 0x0, 0x0, 0x0, 0x0, 0x10,
    0x0, 0x0, 0x0, 0x0, 0x0, 0x0, 0x0, 0x0,
    0x0, 0x0, 0x0, 0xa, 0xfc, 0x40, 0x0, 0x0,
    0x0, 0x0, 0x4, 0xa0, 0x0, 0x0, 0x35, 0x10,
    0x8f, 0xe0, 0x0, 0x0, 0x0, 0x0, 0x4, 0xff,
    0x90, 0x0, 0xa, 0xff, 0x37, 0xfb, 0x0, 0x0,
    0x0, 0x0, 0x0, 0xb, 0xff, 0x60, 0x0, 0xef,
    0x90, 0x7f, 0xb0, 0x0, 0x0, 0x0, 0x0, 0x0,
    0xd, 0xff, 0x20, 0x4f, 0xff, 0xef, 0xff, 0xee,
    0xef, 0xf6, 0x0, 0x0, 0x0, 0x3f, 0xf9, 0xb,
    0xff, 0xff, 0xff, 0xff, 0xff, 0xff, 0x60, 0x0,
    0x0, 0x0, 0x78, 0x4, 0xff, 0x50, 0x7, 0xfb,
    0x0, 0x1, 0x21, 0x0, 0x0, 0x0, 0x0, 0x0,
    0x7d, 0xc0, 0x0, 0x7f, 0xb0, 0x0, 0x0, 0x0,
    0x0, 0x0, 0x0, 0x0, 0x3a, 0x88, 0x77, 0x7b,
    0xfd, 0x77, 0x77, 0x79, 0x20, 0x1f, 0xdd, 0xdd,
    0xf8, 0xff, 0xff, 0xff, 0xff, 0xff, 0xff, 0xff,
    0xf3, 0x1, 0xff, 0xff, 0xff, 0x6a, 0x88, 0x8d,
    0xfe, 0x8e, 0xfc, 0x88, 0x8a, 0x20, 0x5, 0x32,
    0x4f, 0xf2, 0x0, 0x0, 0xaf, 0xb0, 0xdf, 0x80,
    0x0, 0x0, 0x0, 0x0, 0x3, 0xff, 0x20, 0x0,
    0xd, 0xfa, 0xd, 0xf8, 0x0, 0x0, 0x0, 0x0,
    0x0, 0x3f, 0xf2, 0x0, 0x1, 0xff, 0x70, 0xdf,
    0x80, 0x1, 0x0, 0x0, 0x0, 0x3, 0xff, 0x20,
    0x0, 0x7f, 0xf2, 0xd, 0xf8, 0x0, 0xe6, 0x10,
    0x0, 0x0, 0x3f, 0xf2, 0x0, 0x2f, 0xfb, 0x0,
    0xdf, 0x80, 0x1f, 0xf8, 0x0, 0x0, 0x3, 0xff,
    0x20, 0x1d, 0xff, 0x20, 0xd, 0xf8, 0x6, 0xff,
    0x30, 0x0, 0x0, 0x3f, 0xf2, 0x6e, 0xff, 0x50,
    0x0, 0xcf, 0xfe, 0xff, 0xd0, 0x0, 0x0, 0x4,
    0xff, 0x37, 0xff, 0x50, 0x0, 0x6, 0xff, 0xff,
    0xe3, 0x0, 0x0, 0x4c, 0xff, 0xff, 0x97, 0x30,
    0x0, 0x0, 0x1, 0x44, 0x30, 0x0, 0x0, 0xbf,
    0xfd, 0x79, 0xff, 0xfc, 0x85, 0x43, 0x33, 0x44,
    0x56, 0x8a, 0xb4, 0x9, 0xfc, 0x0, 0x2, 0xbf,
    0xff, 0xff, 0xff, 0xff, 0xff, 0xff, 0xfd, 0x0,
    0xb, 0x10, 0x0, 0x0, 0x28, 0xcf, 0xff, 0xff,
    0xff, 0xff, 0xfe, 0x70, 0x0, 0x0, 0x0, 0x0,
    0x0, 0x0, 0x0, 0x11, 0x11, 0x10, 0x0, 0x0,
    0x0,

    /* U+91CD "重" */
    0x0, 0x0, 0x0, 0x0, 0x0, 0x0, 0x0, 0x0,
    0x0, 0x0, 0x0, 0x0, 0x0, 0x0, 0x0, 0x0,
    0x0, 0x0, 0x0, 0x0, 0x27, 0xd6, 0x0, 0x0,
    0x0, 0x1, 0x0, 0x0, 0x1, 0x24, 0x68, 0xbe,
    0xff, 0xff, 0x20, 0x0, 0x0, 0x1f, 0xff, 0xff,
    0xff, 0xff, 0xff, 0xff, 0xeb, 0x87, 0x30, 0x0,
    0x0, 0xa, 0xff, 0xfe, 0xdc, 0xbf, 0xf7, 0x30,
    0x0, 0x0, 0x0, 0x0, 0x22, 0x11, 0x10, 0x0,
    0x0, 0x2f, 0xf4, 0x0, 0x0, 0x0, 0x1, 0x31,
    0x9f, 0xff, 0xff, 0xff, 0xff, 0xff, 0xff, 0xff,
    0xff, 0xff, 0xff, 0xf4, 0x8d, 0xcb, 0xbb, 0xbb,
    0xbb, 0xbf, 0xfc, 0xbb, 0xbb, 0xbb, 0xbc, 0xd4,
    0x0, 0x0, 0x32, 0x10, 0x0, 0x2f, 0xf4, 0x0,
    0x0, 0x13, 0x10, 0x0, 0x0, 0x0, 0xff, 0xff,
    0xff, 0xff, 0xff, 0xff, 0xff, 0xff, 0x30, 0x0,
    0x0, 0x0, 0xff, 0xec, 0xcc, 0xdf, 0xfd, 0xcc,
    0xcd, 0xff, 0x10, 0x0, 0x0, 0x0, 0xef, 0x60,
    0x0, 0x1f, 0xf3, 0x0, 0x4, 0xff, 0x0, 0x0,
    0x0, 0x0, 0xef, 0xed, 0xdd, 0xdf, 0xfd, 0xdd,
    0xdd, 0xff, 0x0, 0x0, 0x0, 0x0, 0xef, 0xff,
    0xff, 0xff, 0xff, 0xff, 0xff, 0xff, 0x0, 0x0,
    0x0, 0x0, 0xef, 0x60, 0x0, 0x1f, 0xf3, 0x0,
    0x4, 0xff, 0x0, 0x0, 0x0, 0x0, 0xff, 0xdb,
    0xbb, 0xcf, 0xfc, 0xbb, 0xbc, 0xff, 0x10, 0x0,
    0x0, 0x0, 0xff, 0xff, 0xff, 0xff, 0xff, 0xff,
    0xff, 0xff, 0x30, 0x0, 0x0, 0x0, 0x52, 0x11,
    0x11, 0x3f, 0xf4, 0x11, 0x11, 0x25, 0x10, 0x0,
    0x0, 0x4, 0x53, 0x22, 0x22, 0x3f, 0xf5, 0x22,
    0x22, 0x34, 0x50, 0x0, 0x0, 0x9, 0xff, 0xff,
    0xff, 0xff, 0xff, 0xff, 0xff, 0xff, 0xd0, 0x0,
    0x0, 0x8, 0xec, 0xbb, 0xbb, 0xcf, 0xfc, 0xbb,
    0xbb, 0xcd, 0xc0, 0x0, 0x11, 0x0, 0x0, 0x0,
    0x0, 0x1f, 0xf3, 0x0, 0x0, 0x0, 0x0, 0x11,
    0x6f, 0xff, 0xff, 0xff, 0xff, 0xff, 0xff, 0xff,
    0xff, 0xff, 0xff, 0xf6, 0x6f, 0xfe, 0xee, 0xee,
    0xee, 0xee, 0xee, 0xee, 0xee, 0xee, 0xef, 0xf6,
    0x0, 0x0, 0x0, 0x0, 0x0, 0x0, 0x0, 0x0,
    0x0, 0x0, 0x0, 0x0,

    /* U+91CF "量" */
    0x0, 0x4, 0xca, 0xaa, 0xaa, 0xaa, 0xaa, 0xaa,
    0xaa, 0xbc, 0x0, 0x0, 0x0, 0x3, 0xff, 0xff,
    0xff, 0xff, 0xff, 0xff, 0xff, 0xff, 0x0, 0x0,
    0x0, 0x2, 0xff, 0x54, 0x44, 0x44, 0x44, 0x44,
    0x48, 0xff, 0x0, 0x0, 0x0, 0x2, 0xff, 0xff,
    0xff, 0xff, 0xff, 0xff, 0xff, 0xff, 0x0, 0x0,
    0x0, 0x2, 0xff, 0x98, 0x88, 0x88, 0x88, 0x88,
    0x8b, 0xff, 0x0, 0x0, 0x0, 0x3, 0xff, 0xcb,
    0xbb, 0xbb, 0xbb, 0xbb, 0xbd, 0xff, 0x0, 0x0,
    0x0, 0x4, 0xff, 0xff, 0xff, 0xff, 0xff, 0xff,
    0xff, 0xff, 0x10, 0x0, 0x87, 0x67, 0x86, 0x66,
    0x66, 0x66, 0x66, 0x66, 0x66, 0x68, 0x76, 0x85,
    0xff, 0xff, 0xff, 0xff, 0xff, 0xff, 0xff, 0xff,
    0xff, 0xff, 0xff, 0xf9, 0x87, 0x68, 0x76, 0x66,
    0x66, 0x66, 0x66, 0x66, 0x66, 0x67, 0x86, 0x75,
    0x0, 0x8, 0xff, 0xff, 0xff, 0xff, 0xff, 0xff,
    0xff, 0xff, 0x80, 0x0, 0x0, 0x6, 0xff, 0xbb,
    0xbb, 0xcf, 0xfc, 0xbb, 0xbb, 0xff, 0x60, 0x0,
    0x0, 0x6, 0xff, 0x88, 0x88, 0x8f, 0xf9, 0x88,
    0x88, 0xff, 0x50, 0x0, 0x0, 0x6, 0xff, 0xff,
    0xff, 0xff, 0xff, 0xff, 0xff, 0xff, 0x50, 0x0,
    0x0, 0x6, 0xfe, 0x33, 0x33, 0x4f, 0xf5, 0x33,
    0x33, 0xef, 0x50, 0x0, 0x0, 0x7, 0xff, 0xff,
    0xff, 0xff, 0xff, 0xff, 0xff, 0xff, 0x60, 0x0,
    0x0, 0x8, 0xdc, 0xcc, 0xcc, 0xcf, 0xfc, 0xcc,
    0xcc, 0xcd, 0x80, 0x0, 0x0, 0x59, 0x87, 0x77,
    0x77, 0x8f, 0xf9, 0x77, 0x77, 0x78, 0x92, 0x0,
    0x0, 0x8f, 0xff, 0xff, 0xff, 0xff, 0xff, 0xff,
    0xff, 0xff, 0xf3, 0x0, 0x0, 0x47, 0x55, 0x55,
    0x55, 0x6f, 0xf7, 0x55, 0x55, 0x55, 0x72, 0x10,
    0x5f, 0xff, 0xff, 0xff, 0xff, 0xff, 0xff, 0xff,
    0xff, 0xff, 0xff, 0xf1, 0x5f, 0xee, 0xee, 0xee,
    0xee, 0xee, 0xee, 0xee, 0xee, 0xee, 0xee, 0xf1,
    0x0, 0x0, 0x0, 0x0, 0x0, 0x0, 0x0, 0x0,
    0x0, 0x0, 0x0, 0x0,

    /* U+949F "钟" */
    0x0, 0x0, 0x0, 0x0, 0x0, 0x0, 0x0, 0x0,
    0x1, 0x0, 0x0, 0x0, 0x0, 0x0, 0x0, 0x4d,
    0x60, 0x0, 0x0, 0x0, 0x1, 0xff, 0xc3, 0x0,
    0x0, 0x0, 0x0, 0xb, 0xff, 0xd0, 0x0, 0x0,
    0x0, 0xf, 0xfc, 0x0, 0x0, 0x0, 0x0, 0x3,
    0xff, 0xc1, 0x0, 0x0, 0x0, 0x0, 0xff, 0x80,
    0x0, 0x0, 0x0, 0x0, 0xcf, 0xf2, 0x0, 0x0,
    0x0, 0x0, 0xe, 0xf7, 0x0, 0x0, 0x0, 0x0,
    0x7f, 0xff, 0xdd, 0xdf, 0xc1, 0x0, 0x0, 0xef,
    0x70, 0x0, 0x1, 0x0, 0x4f, 0xff, 0xff, 0xff,
    0xfc, 0xff, 0xfe, 0xef, 0xff, 0xee, 0xff, 0x80,
    0x4f, 0xfe, 0x31, 0x11, 0x23, 0x3e, 0xff, 0xff,
    0xff, 0xff, 0xff, 0xf7, 0xe, 0xff, 0x30, 0x0,
    0x0, 0x0, 0xef, 0x70, 0xe, 0xf8, 0x0, 0xff,
    0x60, 0x1b, 0xfc, 0xcc, 0xcc, 0xcd, 0xe, 0xf7,
    0x0, 0xef, 0x70, 0xf, 0xf6, 0x0, 0x4f, 0xff,
    0xff, 0xff, 0xe0, 0xef, 0x70, 0xe, 0xf7, 0x0,
    0xff, 0x60, 0x2, 0x54, 0x9f, 0xf3, 0x46, 0xe,
    0xf7, 0x0, 0xef, 0x70, 0xf, 0xf6, 0x0, 0x0,
    0x7, 0xfe, 0x0, 0x0, 0xef, 0x70, 0xe, 0xf7,
    0x0, 0xff, 0x60, 0x0, 0x0, 0x7f, 0xe0, 0x0,
    0xe, 0xf7, 0x0, 0xef, 0x70, 0xf, 0xf6, 0x5,
    0xca, 0xac, 0xff, 0xaa, 0xc8, 0xef, 0x70, 0xe,
    0xf7, 0x0, 0xff, 0x60, 0x6f, 0xff, 0xff, 0xff,
    0xff, 0x9e, 0xff, 0xff, 0xff, 0xff, 0xff, 0xf6,
    0x3, 0x75, 0x5a, 0xff, 0x55, 0x64, 0xef, 0xff,
    0xff, 0xff, 0xff, 0xff, 0x70, 0x0, 0x0, 0x7f,
    0xe0, 0x0, 0xe, 0xf7, 0x0, 0xef, 0x70, 0xf,
    0xf7, 0x0, 0x0, 0x7, 0xfe, 0x0, 0x30, 0xff,
    0x90, 0xe, 0xf7, 0x1, 0x88, 0x50, 0x0, 0x0,
    0x7f, 0xe0, 0x8f, 0x11, 0x10, 0x0, 0xef, 0x70,
    0x0, 0x0, 0x0, 0x0, 0x7, 0xff, 0xcf, 0xf5,
    0x0, 0x0, 0xe, 0xf7, 0x0, 0x0, 0x0, 0x0,
    0x0, 0x9f, 0xff, 0xf7, 0x0, 0x0, 0x0, 0xef,
    0x70, 0x0, 0x0, 0x0, 0x0, 0x3f, 0xff, 0xd2,
    0x0, 0x0, 0x0, 0xe, 0xf7, 0x0, 0x0, 0x0,
    0x0, 0x0, 0xaf, 0x90, 0x0, 0x0, 0x0, 0x0,
    0xff, 0x80, 0x0, 0x0, 0x0, 0x0, 0x1, 0x50,
    0x0, 0x0, 0x0, 0x0, 0xf, 0xf9, 0x0, 0x0,
    0x0,

    /* U+95E8 "门" */
    0x0, 0x55, 0x0, 0x0, 0x0, 0x0, 0x0, 0x0,
    0x0, 0x0, 0x6, 0xff, 0x40, 0x0, 0x0, 0x0,
    0x0, 0x0, 0x0, 0x0, 0x2, 0xef, 0xf4, 0x1,
    0x31, 0x0, 0x0, 0x0, 0x1, 0x22, 0x0, 0x2e,
    0xfe, 0x23, 0xff, 0xff, 0xff, 0xff, 0xff, 0xf6,
    0x0, 0x3, 0xff, 0xd4, 0xff, 0xee, 0xee, 0xee,
    0xef, 0xf4, 0x67, 0x51, 0x6f, 0x60, 0x0, 0x0,
    0x0, 0x0, 0x2f, 0xf3, 0x9f, 0xf7, 0x2, 0x0,
    0x0, 0x0, 0x0, 0x0, 0x2f, 0xf3, 0x8f, 0xf0,
    0x0, 0x0, 0x0, 0x0, 0x0, 0x0, 0x2f, 0xf3,
    0x8f, 0xe0, 0x0, 0x0, 0x0, 0x0, 0x0, 0x0,
    0x2f, 0xf3, 0x8f, 0xe0, 0x0, 0x0, 0x0, 0x0,
    0x0, 0x0, 0x2f, 0xf3, 0x8f, 0xe0, 0x0, 0x0,
    0x0, 0x0, 0x0, 0x0, 0x2f, 0xf3, 0x8f, 0xe0,
    0x0, 0x0, 0x0, 0x0, 0x0, 0x0, 0x2f, 0xf3,
    0x8f, 0xe0, 0x0, 0x0, 0x0, 0x0, 0x0, 0x0,
    0x2f, 0xf3, 0x8f, 0xe0, 0x0, 0x0, 0x0, 0x0,
    0x0, 0x0, 0x2f, 0xf3, 0x8f, 0xe0, 0x0, 0x0,
    0x0, 0x0, 0x0, 0x0, 0x2f, 0xf3, 0x8f, 0xe0,
    0x0, 0x0, 0x0, 0x0, 0x0, 0x0, 0x2f, 0xf3,
    0x8f, 0xe0, 0x0, 0x0, 0x0, 0x0, 0x0, 0x0,
    0x2f, 0xf3, 0x8f, 0xe0, 0x0, 0x0, 0x0, 0x0,
    0x0, 0x0, 0x2f, 0xf3, 0x8f, 0xe0, 0x0, 0x0,
    0x0, 0x0, 0x0, 0x0, 0x2f, 0xf3, 0x8f, 0xe0,
    0x0, 0x0, 0x0, 0x0, 0x0, 0x0, 0x3f, 0xf3,
    0x8f, 0xe0, 0x0, 0x0, 0x0, 0x0, 0x5, 0xb9,
    0xcf, 0xf3, 0x9f, 0xf0, 0x0, 0x0, 0x0, 0x0,
    0x1, 0xff, 0xff, 0xe0, 0xaf, 0xf0, 0x0, 0x0,
    0x0, 0x0, 0x0, 0xbb, 0xa6, 0x10,

    /* U+95F4 "间" */
    0x0, 0x0, 0x0, 0x0, 0x0, 0x0, 0x0, 0x0,
    0x0, 0x0, 0x0, 0x0, 0x9d, 0x20, 0x0, 0x0,
    0x0, 0x0, 0x0, 0x0, 0x0, 0x0, 0x4, 0xff,
    0xe3, 0x0, 0x5, 0x43, 0x33, 0x33, 0x33, 0x35,
    0x61, 0x0, 0x4e, 0xff, 0x40, 0xd, 0xff, 0xff,
    0xff, 0xff, 0xff, 0xf2, 0x0, 0x2, 0xef, 0xc0,
    0xb, 0xdd, 0xcc, 0xcc, 0xcc, 0xdf, 0xf0, 0x12,
    0x0, 0x3a, 0x0, 0x0, 0x0, 0x0, 0x0, 0x0,
    0x5f, 0xf0, 0x4f, 0xf9, 0x0, 0x0, 0x0, 0x0,
    0x0, 0x0, 0x0, 0x5f, 0xf0, 0x2f, 0xf4, 0x0,
    0x0, 0x0, 0x0, 0x0, 0x0, 0x0, 0x5f, 0xf0,
    0x2f, 0xf3, 0x1, 0xfe, 0xdd, 0xdd, 0xde, 0xff,
    0x10, 0x5f, 0xf0, 0x2f, 0xf3, 0x0, 0xff, 0xff,
    0xff, 0xff, 0xff, 0x0, 0x5f, 0xf0, 0x2f, 0xf3,
    0x0, 0xff, 0x50, 0x0, 0x6, 0xff, 0x0, 0x5f,
    0xf0, 0x2f, 0xf3, 0x0, 0xff, 0x50, 0x0, 0x6,
    0xfe, 0x0, 0x5f, 0xf0, 0x2f, 0xf3, 0x0, 0xff,
    0x50, 0x0, 0x6, 0xfe, 0x0, 0x5f, 0xf0, 0x2f,
    0xf3, 0x0, 0xff, 0xed, 0xdd, 0xde, 0xfe, 0x0,
    0x5f, 0xf0, 0x2f, 0xf3, 0x0, 0xff, 0xff, 0xff,
    0xff, 0xfe, 0x0, 0x5f, 0xf0, 0x2f, 0xf3, 0x0,
    0xff, 0x50, 0x0, 0x6, 0xfe, 0x0, 0x5f, 0xf0,
    0x2f, 0xf3, 0x0, 0xff, 0x50, 0x0, 0x6, 0xfe,
    0x0, 0x5f, 0xf0, 0x2f, 0xf3, 0x0, 0xff, 0x50,
    0x0, 0x6, 0xff, 0x0, 0x5f, 0xf0, 0x2f, 0xf3,
    0x0, 0xff, 0xff, 0xff, 0xff, 0xff, 0x0, 0x5f,
    0xf0, 0x2f, 0xf3, 0x1, 0xfe, 0xdd, 0xdd, 0xdd,
    0xff, 0x10, 0x5f, 0xf0, 0x2f, 0xf3, 0x0, 0x0,
    0x0, 0x0, 0x0, 0x0, 0x0, 0x5f, 0xf0, 0x2f,
    0xf3, 0x0, 0x0, 0x0, 0x0, 0x0, 0x0, 0x0,
    0x6f, 0xf0, 0x2f, 0xf3, 0x0, 0x0, 0x0, 0x0,
    0x0, 0x0, 0x99, 0xdf, 0xf0, 0x3f, 0xf4, 0x0,
    0x0, 0x0, 0x0, 0x0, 0x0, 0x9f, 0xff, 0xa0,
    0x4f, 0xf5, 0x0, 0x0, 0x0, 0x0, 0x0, 0x0,
    0x5c, 0x95, 0x0,

    /* U+9632 "防" */
    0x0, 0x0, 0x0, 0x0, 0x0, 0x0, 0x0, 0x50,
    0x0, 0x0, 0x0, 0x0, 0x0, 0x0, 0x0, 0x0,
    0x0, 0x0, 0x1c, 0xf7, 0x0, 0x0, 0x0, 0x0,
    0xf, 0xed, 0xdd, 0xde, 0xf2, 0x0, 0x2e, 0xff,
    0x60, 0x0, 0x0, 0x0, 0xf, 0xff, 0xff, 0xff,
    0xc0, 0x0, 0x2, 0xef, 0xf4, 0x0, 0x0, 0x0,
    0xe, 0xf7, 0x1, 0xff, 0x70, 0x0, 0x0, 0x4f,
    0xff, 0x20, 0x0, 0x0, 0xe, 0xf6, 0x5, 0xff,
    0x42, 0x10, 0x0, 0x7, 0xf8, 0x0, 0x1, 0x30,
    0xe, 0xf6, 0xa, 0xfc, 0x9f, 0xff, 0xff, 0xff,
    0xff, 0xff, 0xff, 0xf2, 0xe, 0xf6, 0xe, 0xf6,
    0x9f, 0xed, 0xff, 0xed, 0xdd, 0xdd, 0xde, 0xf2,
    0xe, 0xf6, 0x5f, 0xf1, 0x0, 0x0, 0xff, 0x70,
    0x0, 0x0, 0x0, 0x0, 0xe, 0xf6, 0xcf, 0xc0,
    0x0, 0x0, 0xff, 0x60, 0x0, 0x0, 0x0, 0x0,
    0xe, 0xf6, 0xaf, 0xf4, 0x0, 0x0, 0xff, 0x60,
    0x0, 0x0, 0x0, 0x0, 0xe, 0xf6, 0xd, 0xfe,
    0x0, 0x0, 0xff, 0xed, 0xdd, 0xdd, 0xee, 0x0,
    0xe, 0xf6, 0x4, 0xff, 0x70, 0x2, 0xff, 0xff,
    0xff, 0xff, 0xfc, 0x0, 0xe, 0xf6, 0x0, 0xcf,
    0xc0, 0x3, 0xff, 0x30, 0x0, 0xb, 0xfb, 0x0,
    0xe, 0xf6, 0x0, 0x8f, 0xf0, 0x6, 0xff, 0x0,
    0x0, 0xb, 0xfb, 0x0, 0xe, 0xf6, 0x0, 0x6f,
    0xf2, 0xa, 0xfd, 0x0, 0x0, 0xb, 0xfa, 0x0,
    0xe, 0xf6, 0x0, 0x8f, 0xf1, 0xe, 0xf9, 0x0,
    0x0, 0xc, 0xfa, 0x0, 0xe, 0xfd, 0xcc, 0xff,
    0xe0, 0x5f, 0xf4, 0x0, 0x0, 0xd, 0xf9, 0x0,
    0xe, 0xf8, 0xff, 0xff, 0x40, 0xcf, 0xd0, 0x0,
    0x0, 0xd, 0xf8, 0x0, 0xe, 0xf6, 0xab, 0x71,
    0x7, 0xff, 0x50, 0x0, 0x0, 0xe, 0xf7, 0x0,
    0xe, 0xf6, 0x0, 0x0, 0x4f, 0xfb, 0x0, 0x0,
    0x0, 0xf, 0xf6, 0x0, 0xe, 0xf6, 0x0, 0x6,
    0xff, 0xe1, 0x0, 0x11, 0x1, 0x6f, 0xf4, 0x0,
    0xe, 0xf6, 0x1, 0xcf, 0xfe, 0x30, 0x0, 0x1f,
    0xff, 0xff, 0xf1, 0x0, 0xf, 0xf7, 0x0, 0x6f,
    0xe2, 0x0, 0x0, 0x7, 0xff, 0xfd, 0x30, 0x0,
    0xf, 0xf9, 0x0, 0x6, 0x10, 0x0, 0x0, 0x0,
    0x75, 0x20, 0x0, 0x0,

    /* U+963B "阻" */
    0x0, 0x0, 0x0, 0x0, 0x0, 0x0, 0x0, 0x0,
    0x0, 0x0, 0x0, 0x0, 0xe, 0xdc, 0xcc, 0xcc,
    0xe3, 0x9d, 0xcb, 0xbb, 0xbb, 0xbc, 0xe1, 0x0,
    0xf, 0xff, 0xff, 0xff, 0xd0, 0x7f, 0xff, 0xff,
    0xff, 0xff, 0xf0, 0x0, 0xe, 0xf8, 0x34, 0xff,
    0x80, 0x6f, 0xf3, 0x33, 0x33, 0x8f, 0xf0, 0x0,
    0xe, 0xf7, 0x7, 0xff, 0x20, 0x6f, 0xe0, 0x0,
    0x0, 0x7f, 0xf0, 0x0, 0xe, 0xf7, 0xc, 0xfc,
    0x0, 0x6f, 0xe0, 0x0, 0x0, 0x7f, 0xf0, 0x0,
    0xe, 0xf7, 0x1f, 0xf5, 0x0, 0x6f, 0xe0, 0x0,
    0x0, 0x7f, 0xf0, 0x0, 0xe, 0xf7, 0x8f, 0xe0,
    0x0, 0x6f, 0xf3, 0x33, 0x33, 0x8f, 0xf0, 0x0,
    0xe, 0xf7, 0xef, 0x90, 0x0, 0x6f, 0xff, 0xff,
    0xff, 0xff, 0xf0, 0x0, 0xe, 0xf7, 0xcf, 0xe2,
    0x0, 0x6f, 0xfb, 0xbb, 0xbb, 0xdf, 0xf0, 0x0,
    0xe, 0xf7, 0xd, 0xfd, 0x0, 0x6f, 0xe0, 0x0,
    0x0, 0x7f, 0xf0, 0x0, 0xe, 0xf7, 0x2, 0xff,
    0x70, 0x6f, 0xe0, 0x0, 0x0, 0x7f, 0xf0, 0x0,
    0xe, 0xf7, 0x0, 0xaf, 0xd0, 0x6f, 0xe0, 0x0,
    0x0, 0x7f, 0xf0, 0x0, 0xe, 0xf7, 0x0, 0x5f,
    0xf1, 0x6f, 0xf4, 0x44, 0x44, 0x9f, 0xf0, 0x0,
    0xe, 0xf7, 0x0, 0x5f, 0xf1, 0x6f, 0xff, 0xff,
    0xff, 0xff, 0xf0, 0x0, 0xe, 0xfc, 0x89, 0xef,
    0xd0, 0x6f, 0xf9, 0x99, 0x99, 0xcf, 0xf0, 0x0,
    0xe, 0xfb, 0xff, 0xff, 0x40, 0x6f, 0xe0, 0x0,
    0x0, 0x7f, 0xf0, 0x0, 0xe, 0xf7, 0xdd, 0x92,
    0x0, 0x6f, 0xe0, 0x0, 0x0, 0x7f, 0xf0, 0x0,
    0xe, 0xf7, 0x0, 0x0, 0x0, 0x6f, 0xe0, 0x0,
    0x0, 0x7f, 0xf0, 0x0, 0xe, 0xf7, 0x0, 0x0,
    0x20, 0x6f, 0xe0, 0x0, 0x0, 0x7f, 0xf0, 0x21,
    0xe, 0xf7, 0x0, 0x3, 0xff, 0xff, 0xff, 0xff,
    0xff, 0xff, 0xff, 0xf4, 0xf, 0xf7, 0x0, 0x3,
    0xff, 0xee, 0xee, 0xee, 0xee, 0xee, 0xef, 0xf4,
    0xf, 0xf9, 0x0, 0x0, 0x0, 0x0, 0x0, 0x0,
    0x0, 0x0, 0x0, 0x0,

    /* U+9762 "面" */
    0x13, 0x10, 0x0, 0x0, 0x0, 0x0, 0x0, 0x0,
    0x0, 0x0, 0x1, 0x13, 0x4f, 0xff, 0xff, 0xff,
    0xff, 0xff, 0xff, 0xff, 0xff, 0xff, 0xff, 0xfe,
    0x4f, 0xfe, 0xee, 0xee, 0xee, 0xef, 0xff, 0xee,
    0xee, 0xee, 0xee, 0xfe, 0x1, 0x0, 0x0, 0x0,
    0x0, 0x5f, 0xf5, 0x0, 0x0, 0x0, 0x0, 0x1,
    0x0, 0x0, 0x0, 0x0, 0x0, 0xbf, 0xe0, 0x0,
    0x0, 0x0, 0x0, 0x0, 0x0, 0x6, 0x32, 0x22,
    0x23, 0xff, 0x92, 0x22, 0x22, 0x23, 0x53, 0x0,
    0x0, 0xf, 0xff, 0xff, 0xff, 0xff, 0xff, 0xff,
    0xff, 0xff, 0xf7, 0x0, 0x0, 0xf, 0xfe, 0xcc,
    0xff, 0xdc, 0xcc, 0xff, 0xec, 0xcf, 0xf6, 0x0,
    0x0, 0xe, 0xf7, 0x0, 0xff, 0x40, 0x0, 0xef,
    0x60, 0xf, 0xf5, 0x0, 0x0, 0xe, 0xf7, 0x0,
    0xff, 0x50, 0x0, 0xef, 0x60, 0xf, 0xf5, 0x0,
    0x0, 0xe, 0xf7, 0x0, 0xff, 0xff, 0xff, 0xff,
    0x60, 0xf, 0xf5, 0x0, 0x0, 0xe, 0xf7, 0x0,
    0xff, 0xed, 0xdd, 0xff, 0x60, 0xf, 0xf5, 0x0,
    0x0, 0xe, 0xf7, 0x0, 0xff, 0x40, 0x0, 0xef,
    0x60, 0xf, 0xf5, 0x0, 0x0, 0xe, 0xf7, 0x0,
    0xff, 0x40, 0x0, 0xef, 0x60, 0xf, 0xf5, 0x0,
    0x0, 0xe, 0xf7, 0x0, 0xff, 0xff, 0xff, 0xff,
    0x60, 0xf, 0xf5, 0x0, 0x0, 0xe, 0xf7, 0x0,
    0xff, 0xee, 0xee, 0xff, 0x60, 0xf, 0xf5, 0x0,
    0x0, 0xe, 0xf7, 0x0, 0xff, 0x40, 0x0, 0xef,
    0x60, 0xf, 0xf5, 0x0, 0x0, 0xe, 0xf7, 0x0,
    0xff, 0x40, 0x0, 0xef, 0x60, 0xf, 0xf5, 0x0,
    0x0, 0xe, 0xfe, 0xdd, 0xff, 0xed, 0xdd, 0xff,
    0xed, 0xdf, 0xf5, 0x0, 0x0, 0xe, 0xff, 0xff,
    0xff, 0xff, 0xff, 0xff, 0xff, 0xff, 0xf5, 0x0,
    0x0, 0xf, 0xf8, 0x11, 0x11, 0x11, 0x11, 0x11,
    0x11, 0x1f, 0xf6, 0x0, 0x0, 0xf, 0xf9, 0x0,
    0x0, 0x0, 0x0, 0x0, 0x0, 0x2f, 0xf8, 0x0,
    0x0, 0x3, 0x32, 0x0, 0x0, 0x0, 0x0, 0x0,
    0x0, 0x0, 0x0, 0x0,

    /* U+97F3 "音" */
    0x0, 0x0, 0x0, 0x0, 0x0, 0x30, 0x0, 0x0,
    0x0, 0x0, 0x0, 0x0, 0x0, 0x0, 0x0, 0x0,
    0x5, 0xfa, 0x10, 0x0, 0x0, 0x0, 0x0, 0x0,
    0x0, 0x0, 0x0, 0x0, 0x9, 0xff, 0xe3, 0x0,
    0x0, 0x0, 0x0, 0x0, 0x0, 0x22, 0x10, 0x0,
    0x0, 0x6f, 0xfd, 0x10, 0x0, 0x1, 0x22, 0x0,
    0x0, 0xbf, 0xff, 0xff, 0xff, 0xff, 0xff, 0xff,
    0xff, 0xff, 0xf8, 0x0, 0x0, 0xbf, 0xfe, 0xff,
    0xee, 0xee, 0xee, 0xef, 0xfe, 0xef, 0xf8, 0x0,
    0x0, 0x10, 0x2, 0xef, 0x40, 0x0, 0x0, 0x3f,
    0xfe, 0x20, 0x11, 0x0, 0x0, 0x0, 0x1, 0xef,
    0xf3, 0x0, 0x0, 0xaf, 0xf5, 0x0, 0x0, 0x0,
    0x0, 0x0, 0x0, 0x2e, 0xfe, 0x20, 0x3, 0xff,
    0x70, 0x0, 0x0, 0x0, 0x31, 0x0, 0x0, 0x4,
    0xff, 0xa0, 0xd, 0xfc, 0x0, 0x0, 0x0, 0x12,
    0xff, 0xff, 0xff, 0xff, 0xff, 0xff, 0xff, 0xff,
    0xff, 0xff, 0xff, 0xfd, 0xff, 0xee, 0xee, 0xee,
    0xee, 0xee, 0xee, 0xee, 0xee, 0xee, 0xee, 0xfd,
    0x0, 0x0, 0x10, 0x0, 0x0, 0x0, 0x0, 0x0,
    0x0, 0x0, 0x0, 0x0, 0x0, 0x0, 0x7f, 0xfe,
    0xee, 0xee, 0xee, 0xee, 0xee, 0xf9, 0x0, 0x0,
    0x0, 0x0, 0x6f, 0xff, 0xff, 0xff, 0xff, 0xff,
    0xff, 0xf8, 0x0, 0x0, 0x0, 0x0, 0x5f, 0xf1,
    0x0, 0x0, 0x0, 0x0, 0xe, 0xf7, 0x0, 0x0,
    0x0, 0x0, 0x4f, 0xf0, 0x0, 0x0, 0x0, 0x0,
    0xe, 0xf7, 0x0, 0x0, 0x0, 0x0, 0x4f, 0xfe,
    0xee, 0xee, 0xee, 0xee, 0xef, 0xf7, 0x0, 0x0,
    0x0, 0x0, 0x4f, 0xff, 0xff, 0xff, 0xff, 0xff,
    0xff, 0xf7, 0x0, 0x0, 0x0, 0x0, 0x4f, 0xf1,
    0x0, 0x0, 0x0, 0x0, 0xe, 0xf7, 0x0, 0x0,
    0x0, 0x0, 0x4f, 0xf0, 0x0, 0x0, 0x0, 0x0,
    0xe, 0xf7, 0x0, 0x0, 0x0, 0x0, 0x4f, 0xfe,
    0xee, 0xee, 0xee, 0xee, 0xef, 0xf7, 0x0, 0x0,
    0x0, 0x0, 0x5f, 0xff, 0xff, 0xff, 0xff, 0xff,
    0xff, 0xf8, 0x0, 0x0, 0x0, 0x0, 0x6f, 0xf1,
    0x0, 0x0, 0x0, 0x0, 0xf, 0xf9, 0x0, 0x0,
    0x0, 0x0, 0x7f, 0xf2, 0x0, 0x0, 0x0, 0x0,
    0xf, 0xfa, 0x0, 0x0, 0x0, 0x0, 0x1, 0x10,
    0x0, 0x0, 0x0, 0x0, 0x0, 0x0, 0x0, 0x0,

    /* U+9AD8 "高" */
    0x0, 0x0, 0x0, 0x0, 0x0, 0x21, 0x0, 0x0,
    0x0, 0x0, 0x0, 0x0, 0x0, 0x0, 0x0, 0x0,
    0x1, 0xee, 0x30, 0x0, 0x0, 0x0, 0x0, 0x0,
    0x0, 0x0, 0x0, 0x0, 0x5, 0xff, 0xf7, 0x0,
    0x0, 0x0, 0x0, 0x0, 0x3, 0x10, 0x0, 0x0,
    0x0, 0x3e, 0xff, 0x60, 0x0, 0x0, 0x1, 0x22,
    0x1f, 0xff, 0xff, 0xff, 0xff, 0xff, 0xff, 0xff,
    0xff, 0xff, 0xff, 0xf8, 0x1f, 0xfe, 0xee, 0xee,
    0xee, 0xee, 0xee, 0xee, 0xee, 0xee, 0xee, 0xf8,
    0x1, 0x0, 0x2, 0x21, 0x11, 0x11, 0x11, 0x11,
    0x11, 0x30, 0x0, 0x0, 0x0, 0x0, 0xb, 0xff,
    0xff, 0xff, 0xff, 0xff, 0xff, 0xe0, 0x0, 0x0,
    0x0, 0x0, 0xa, 0xff, 0xdd, 0xdd, 0xdd, 0xdd,
    0xef, 0xc0, 0x0, 0x0, 0x0, 0x0, 0x9, 0xfc,
    0x0, 0x0, 0x0, 0x0, 0xaf, 0xc0, 0x0, 0x0,
    0x0, 0x0, 0xa, 0xff, 0xff, 0xff, 0xff, 0xff,
    0xff, 0xc0, 0x0, 0x0, 0x0, 0x0, 0xb, 0xff,
    0xff, 0xff, 0xff, 0xff, 0xff, 0xd0, 0x0, 0x0,
    0x0, 0x32, 0x2, 0x10, 0x0, 0x0, 0x0, 0x0,
    0x1, 0x20, 0x12, 0x0, 0x0, 0xff, 0xff, 0xff,
    0xff, 0xff, 0xff, 0xff, 0xff, 0xff, 0xff, 0x10,
    0x0, 0xff, 0xfe, 0xee, 0xee, 0xee, 0xee, 0xee,
    0xee, 0xef, 0xff, 0x0, 0x0, 0xff, 0x60, 0x21,
    0x0, 0x0, 0x0, 0x1, 0x21, 0x6, 0xff, 0x0,
    0x0, 0xff, 0x60, 0xaf, 0xff, 0xff, 0xff, 0xff,
    0xf7, 0x6, 0xff, 0x0, 0x0, 0xff, 0x60, 0x9f,
    0xfd, 0xdd, 0xdd, 0xdf, 0xf5, 0x6, 0xff, 0x0,
    0x0, 0xff, 0x60, 0x8f, 0xc0, 0x0, 0x0, 0xf,
    0xf5, 0x6, 0xff, 0x0, 0x0, 0xff, 0x60, 0x9f,
    0xfd, 0xdd, 0xdd, 0xdf, 0xf5, 0x6, 0xff, 0x0,
    0x0, 0xff, 0x60, 0xaf, 0xff, 0xff, 0xff, 0xff,
    0xf7, 0x6, 0xff, 0x0, 0x0, 0xff, 0x60, 0x33,
    0x11, 0x11, 0x11, 0x11, 0x32, 0x7, 0xff, 0x0,
    0x0, 0xff, 0x60, 0x0, 0x0, 0x0, 0x0, 0x1,
    0xdb, 0xbf, 0xff, 0x0, 0x0, 0xff, 0x70, 0x0,
    0x0, 0x0, 0x0, 0x0, 0x9f, 0xff, 0xfa, 0x0,
    0x1, 0xff, 0x90, 0x0, 0x0, 0x0, 0x0, 0x0,
    0x4f, 0xeb, 0x70, 0x0, 0x0, 0x0, 0x0, 0x0,
    0x0, 0x0, 0x0, 0x0, 0x0, 0x0, 0x0, 0x0,

    /* U+9ED8 "默" */
    0x0, 0x0, 0x0, 0x0, 0x0, 0x0, 0x0, 0x0,
    0x20, 0x0, 0x0, 0x0, 0x0, 0x0, 0x0, 0x0,
    0x0, 0x0, 0x0, 0x0, 0x0, 0xff, 0xd2, 0x0,
    0x0, 0x0, 0x0, 0xed, 0xdd, 0xdd, 0xdd, 0xde,
    0xf3, 0x0, 0xff, 0xcd, 0x80, 0x0, 0x0, 0x0,
    0xdf, 0xff, 0xff, 0xff, 0xff, 0xf2, 0x0, 0xef,
    0xff, 0xf4, 0x0, 0x0, 0x0, 0xdf, 0x41, 0x5f,
    0xd1, 0xf, 0xf1, 0x0, 0xef, 0x7d, 0xfe, 0x10,
    0x0, 0x0, 0xdf, 0xdb, 0x5f, 0xda, 0x9f, 0xf1,
    0x0, 0xef, 0x73, 0xff, 0xc0, 0x0, 0x0, 0xdf,
    0xef, 0x9f, 0xef, 0xdf, 0xf1, 0x0, 0xef, 0x70,
    0x7f, 0xf2, 0x0, 0x0, 0xdf, 0x7f, 0xff, 0xff,
    0x4f, 0xf1, 0x0, 0xef, 0x70, 0xa, 0x20, 0x0,
    0x0, 0xdf, 0x48, 0x7f, 0xe8, 0xf, 0xfe, 0xcb,
    0xff, 0xdb, 0xbb, 0xcd, 0x60, 0x0, 0xef, 0xff,
    0xff, 0xff, 0xff, 0xff, 0xff, 0xff, 0xff, 0xff,
    0xff, 0x60, 0x0, 0xfe, 0xdc, 0xdf, 0xfc, 0xcd,
    0xe8, 0x54, 0xff, 0xb4, 0x44, 0x45, 0x20, 0x0,
    0x31, 0x11, 0x5f, 0xd1, 0x11, 0x30, 0x0, 0xff,
    0xc0, 0x0, 0x0, 0x0, 0x0, 0xff, 0xff, 0xff,
    0xff, 0xff, 0xf0, 0x0, 0xff, 0xf0, 0x0, 0x0,
    0x0, 0x0, 0xfe, 0xdd, 0xef, 0xfd, 0xde, 0xf0,
    0x2, 0xff, 0xf5, 0x0, 0x0, 0x0, 0x4, 0x32,
    0x21, 0x6f, 0xd2, 0x34, 0x56, 0x25, 0xff, 0xfa,
    0x0, 0x0, 0x0, 0xe, 0xff, 0xff, 0xff, 0xff,
    0xff, 0xfd, 0x8, 0xff, 0xff, 0x10, 0x0, 0x0,
    0xc, 0xff, 0xff, 0xed, 0xcb, 0xdf, 0xa5, 0xd,
    0xfa, 0xff, 0x70, 0x0, 0x0, 0x2, 0x77, 0x10,
    0x22, 0x78, 0xdf, 0x60, 0x3f, 0xf4, 0x9f, 0xf1,
    0x0, 0x0, 0x0, 0xaf, 0xff, 0xf7, 0xff, 0x7f,
    0xd0, 0xaf, 0xe0, 0x2f, 0xfa, 0x0, 0x0, 0x0,
    0xef, 0x9a, 0xf8, 0xbf, 0x5f, 0xf9, 0xff, 0x60,
    0x9, 0xff, 0x60, 0x0, 0x4, 0xff, 0x39, 0xfa,
    0x7f, 0x9a, 0xbf, 0xfc, 0x0, 0x1, 0xef, 0xf5,
    0x0, 0xb, 0xfd, 0x8, 0xfc, 0x2c, 0x54, 0xef,
    0xe1, 0x0, 0x0, 0x5f, 0xff, 0x70, 0x3f, 0xf7,
    0x4, 0x85, 0x1, 0x9f, 0xfe, 0x30, 0x0, 0x0,
    0x9, 0xff, 0xe3, 0x0, 0x51, 0x0, 0x0, 0x6,
    0xff, 0xd2, 0x0, 0x0, 0x0, 0x0, 0xbc, 0x10,
    0x0, 0x0, 0x0, 0x0, 0x0, 0x59, 0x0, 0x0,
    0x0, 0x0, 0x0, 0x0, 0x0,

    /* U+F001 "" */
    0x0, 0x0, 0x0, 0x0, 0x0, 0x0, 0x0, 0x0,
    0x0, 0x0, 0x0, 0x0, 0x0, 0x0, 0x0, 0x0,
    0x0, 0x0, 0x0, 0x0, 0x0, 0x0, 0x0, 0x0,
    0x4, 0x9c, 0x70, 0x0, 0x0, 0x0, 0x0, 0x0,
    0x0, 0x0, 0x0, 0x0, 0x26, 0xbf, 0xff, 0xff,
    0x10, 0x0, 0x0, 0x0, 0x0, 0x0, 0x0, 0x0,
    0x38, 0xdf, 0xff, 0xff, 0xff, 0xf2, 0x0, 0x0,
    0x0, 0x0, 0x0, 0x1, 0x5a, 0xff, 0xff, 0xff,
    0xff, 0xff, 0xff, 0x20, 0x0, 0x0, 0x0, 0x3,
    0x7c, 0xff, 0xff, 0xff, 0xff, 0xff, 0xff, 0xff,
    0xf2, 0x0, 0x0, 0x0, 0x1d, 0xff, 0xff, 0xff,
    0xff, 0xff, 0xff, 0xff, 0xff, 0xff, 0x20, 0x0,
    0x0, 0x4, 0xff, 0xff, 0xff, 0xff, 0xff, 0xff,
    0xff, 0xff, 0xff, 0xf2, 0x0, 0x0, 0x0, 0x5f,
    0xff, 0xff, 0xff, 0xff, 0xff, 0xff, 0xe9, 0x6f,
    0xff, 0x20, 0x0, 0x0, 0x5, 0xff, 0xff, 0xff,
    0xff, 0xff, 0xc7, 0x30, 0x1, 0xff, 0xf2, 0x0,
    0x0, 0x0, 0x5f, 0xff, 0xff, 0xff, 0xa5, 0x10,
    0x0, 0x0, 0x1f, 0xff, 0x20, 0x0, 0x0, 0x5,
    0xff, 0xfd, 0x83, 0x0, 0x0, 0x0, 0x0, 0x1,
    0xff, 0xf2, 0x0, 0x0, 0x0, 0x5f, 0xfe, 0x0,
    0x0, 0x0, 0x0, 0x0, 0x0, 0x1f, 0xff, 0x20,
    0x0, 0x0, 0x5, 0xff, 0xe0, 0x0, 0x0, 0x0,
    0x0, 0x0, 0x1, 0xff, 0xf2, 0x0, 0x0, 0x0,
    0x5f, 0xfe, 0x0, 0x0, 0x0, 0x0, 0x0, 0x0,
    0x1f, 0xff, 0x20, 0x0, 0x0, 0x5, 0xff, 0xe0,
    0x0, 0x0, 0x0, 0x0, 0x0, 0x1, 0xff, 0xf2,
    0x0, 0x0, 0x0, 0x5f, 0xfe, 0x0, 0x0, 0x0,
    0x0, 0x0, 0x0, 0x1f, 0xff, 0x20, 0x0, 0x0,
    0x5, 0xff, 0xe0, 0x0, 0x0, 0x0, 0x0, 0x58,
    0x98, 0xff, 0xf2, 0x0, 0x0, 0x0, 0x5f, 0xfe,
    0x0, 0x0, 0x0, 0x6, 0xef, 0xff, 0xff, 0xff,
    0x20, 0x0, 0x0, 0x5, 0xff, 0xe0, 0x0, 0x0,
    0x4, 0xff, 0xff, 0xff, 0xff, 0xf2, 0x0, 0x2,
    0x44, 0x7f, 0xfe, 0x0, 0x0, 0x0, 0x8f, 0xff,
    0xff, 0xff, 0xff, 0x20, 0x5d, 0xff, 0xff, 0xff,
    0xe0, 0x0, 0x0, 0x6, 0xff, 0xff, 0xff, 0xff,
    0xf0, 0x5f, 0xff, 0xff, 0xff, 0xfe, 0x0, 0x0,
    0x0, 0xa, 0xff, 0xff, 0xff, 0xf4, 0xc, 0xff,
    0xff, 0xff, 0xff, 0xe0, 0x0, 0x0, 0x0, 0x3,
    0xac, 0xdb, 0x81, 0x0, 0xbf, 0xff, 0xff, 0xff,
    0xfc, 0x0, 0x0, 0x0, 0x0, 0x0, 0x0, 0x0,
    0x0, 0x3, 0xff, 0xff, 0xff, 0xff, 0x40, 0x0,
    0x0, 0x0, 0x0, 0x0, 0x0, 0x0, 0x0, 0x2,
    0x9f, 0xff, 0xfa, 0x20, 0x0, 0x0, 0x0, 0x0,
    0x0, 0x0, 0x0, 0x0, 0x0, 0x0, 0x1, 0x10,
    0x0, 0x0, 0x0, 0x0, 0x0, 0x0, 0x0, 0x0,
    0x0, 0x0,

    /* U+F008 "" */
    0x34, 0x0, 0x18, 0x88, 0x88, 0x88, 0x88, 0x88,
    0x88, 0x88, 0x81, 0x0, 0x43, 0xea, 0x0, 0x2f,
    0xff, 0xff, 0xff, 0xff, 0xff, 0xff, 0xff, 0xf2,
    0x0, 0xae, 0xff, 0xee, 0xff, 0xff, 0xff, 0xff,
    0xff, 0xff, 0xff, 0xff, 0xff, 0xee, 0xff, 0xff,
    0xcc, 0xdf, 0xf5, 0x0, 0x0, 0x0, 0x0, 0x0,
    0x5f, 0xfd, 0xcc, 0xff, 0xfa, 0x0, 0x2f, 0xf5,
    0x0, 0x0, 0x0, 0x0, 0x0, 0x5f, 0xf2, 0x0,
    0xaf, 0xfa, 0x0, 0x2f, 0xf5, 0x0, 0x0, 0x0,
    0x0, 0x0, 0x5f, 0xf2, 0x0, 0xaf, 0xfb, 0x0,
    0x3f, 0xf5, 0x0, 0x0, 0x0, 0x0, 0x0, 0x5f,
    0xf3, 0x0, 0xbf, 0xff, 0xff, 0xff, 0xf5, 0x0,
    0x0, 0x0, 0x0, 0x0, 0x5f, 0xff, 0xff, 0xff,
    0xfe, 0xaa, 0xcf, 0xf6, 0x0, 0x0, 0x0, 0x0,
    0x0, 0x6f, 0xfc, 0xaa, 0xef, 0xfa, 0x0, 0x2f,
    0xff, 0xff, 0xff, 0xff, 0xff, 0xff, 0xff, 0xf2,
    0x0, 0xaf, 0xfa, 0x0, 0x2f, 0xff, 0xff, 0xff,
    0xff, 0xff, 0xff, 0xff, 0xf2, 0x0, 0xaf, 0xfc,
    0x22, 0x5f, 0xfb, 0x77, 0x77, 0x77, 0x77, 0x77,
    0xbf, 0xf5, 0x22, 0xcf, 0xff, 0xff, 0xff, 0xf5,
    0x0, 0x0, 0x0, 0x0, 0x0, 0x5f, 0xff, 0xff,
    0xff, 0xfe, 0x88, 0xaf, 0xf5, 0x0, 0x0, 0x0,
    0x0, 0x0, 0x5f, 0xfa, 0x88, 0xef, 0xfa, 0x0,
    0x2f, 0xf5, 0x0, 0x0, 0x0, 0x0, 0x0, 0x5f,
    0xf2, 0x0, 0xaf, 0xfa, 0x0, 0x2f, 0xf5, 0x0,
    0x0, 0x0, 0x0, 0x0, 0x5f, 0xf2, 0x0, 0xaf,
    0xfc, 0x44, 0x6f, 0xf5, 0x0, 0x0, 0x0, 0x0,
    0x0, 0x5f, 0xf6, 0x44, 0xcf, 0xff, 0xff, 0xff,
    0xfb, 0x77, 0x77, 0x77, 0x77, 0x77, 0xbf, 0xff,
    0xff, 0xff, 0xfd, 0x66, 0x8f, 0xff, 0xff, 0xff,
    0xff, 0xff, 0xff, 0xff, 0xf8, 0x66, 0xdf, 0xa9,
    0x0, 0x2f, 0xff, 0xff, 0xff, 0xff, 0xff, 0xff,
    0xff, 0xf2, 0x0, 0x9a,

    /* U+F00B "" */
    0x0, 0x0, 0x0, 0x0, 0x0, 0x0, 0x0, 0x0,
    0x0, 0x0, 0x0, 0x0, 0x0, 0xbf, 0xff, 0xff,
    0xf4, 0x8, 0xff, 0xff, 0xff, 0xff, 0xff, 0xff,
    0xff, 0xfb, 0xff, 0xff, 0xff, 0xf8, 0xc, 0xff,
    0xff, 0xff, 0xff, 0xff, 0xff, 0xff, 0xff, 0xff,
    0xff, 0xff, 0xf9, 0xd, 0xff, 0xff, 0xff, 0xff,
    0xff, 0xff, 0xff, 0xff, 0xff, 0xff, 0xff, 0xf9,
    0xd, 0xff, 0xff, 0xff, 0xff, 0xff, 0xff, 0xff,
    0xff, 0xff, 0xff, 0xff, 0xf9, 0xd, 0xff, 0xff,
    0xff, 0xff, 0xff, 0xff, 0xff, 0xff, 0xef, 0xff,
    0xff, 0xf7, 0xb, 0xff, 0xff, 0xff, 0xff, 0xff,
    0xff, 0xff, 0xfe, 0x37, 0x77, 0x77, 0x60, 0x1,
    0x67, 0x77, 0x77, 0x77, 0x77, 0x77, 0x77, 0x73,
    0x0, 0x0, 0x0, 0x0, 0x0, 0x0, 0x0, 0x0,
    0x0, 0x0, 0x0, 0x0, 0x0, 0xaf, 0xff, 0xff,
    0xf4, 0x7, 0xff, 0xff, 0xff, 0xff, 0xff, 0xff,
    0xff, 0xfa, 0xff, 0xff, 0xff, 0xf8, 0xc, 0xff,
    0xff, 0xff, 0xff, 0xff, 0xff, 0xff, 0xff, 0xff,
    0xff, 0xff, 0xf9, 0xd, 0xff, 0xff, 0xff, 0xff,
    0xff, 0xff, 0xff, 0xff, 0xff, 0xff, 0xff, 0xf9,
    0xd, 0xff, 0xff, 0xff, 0xff, 0xff, 0xff, 0xff,
    0xff, 0xff, 0xff, 0xff, 0xf9, 0xd, 0xff, 0xff,
    0xff, 0xff, 0xff, 0xff, 0xff, 0xff, 0xef, 0xff,
    0xff, 0xf7, 0xb, 0xff, 0xff, 0xff, 0xff, 0xff,
    0xff, 0xff, 0xfe, 0x37, 0x88, 0x88, 0x70, 0x2,
    0x78, 0x88, 0x88, 0x88, 0x88, 0x88, 0x88, 0x73,
    0x0, 0x0, 0x0, 0x0, 0x0, 0x0, 0x0, 0x0,
    0x0, 0x0, 0x0, 0x0, 0x0, 0x9f, 0xff, 0xff,
    0xe3, 0x7, 0xef, 0xff, 0xff, 0xff, 0xff, 0xff,
    0xff, 0xf9, 0xff, 0xff, 0xff, 0xf8, 0xc, 0xff,
    0xff, 0xff, 0xff, 0xff, 0xff, 0xff, 0xff, 0xff,
    0xff, 0xff, 0xf9, 0xd, 0xff, 0xff, 0xff, 0xff,
    0xff, 0xff, 0xff, 0xff, 0xff, 0xff, 0xff, 0xf9,
    0xd, 0xff, 0xff, 0xff, 0xff, 0xff, 0xff, 0xff,
    0xff, 0xff, 0xff, 0xff, 0xf9, 0xd, 0xff, 0xff,
    0xff, 0xff, 0xff, 0xff, 0xff, 0xff, 0xff, 0xff,
    0xff, 0xf8, 0xc, 0xff, 0xff, 0xff, 0xff, 0xff,
    0xff, 0xff, 0xff, 0x48, 0x88, 0x88, 0x71, 0x2,
    0x88, 0x88, 0x88, 0x88, 0x88, 0x88, 0x88, 0x84,

    /* U+F00C "" */
    0x0, 0x0, 0x0, 0x0, 0x0, 0x0, 0x0, 0x0,
    0x0, 0x0, 0x0, 0x53, 0x0, 0x0, 0x0, 0x0,
    0x0, 0x0, 0x0, 0x0, 0x0, 0x0, 0x0, 0x9,
    0xff, 0x50, 0x0, 0x0, 0x0, 0x0, 0x0, 0x0,
    0x0, 0x0, 0x0, 0x0, 0x9f, 0xff, 0xf5, 0x0,
    0x0, 0x0, 0x0, 0x0, 0x0, 0x0, 0x0, 0x0,
    0x9, 0xff, 0xff, 0xff, 0x0, 0x0, 0x0, 0x0,
    0x0, 0x0, 0x0, 0x0, 0x0, 0x9f, 0xff, 0xff,
    0xfa, 0x0, 0x0, 0x0, 0x0, 0x0, 0x0, 0x0,
    0x0, 0x9, 0xff, 0xff, 0xff, 0xb0, 0x0, 0x0,
    0x0, 0x0, 0x0, 0x0, 0x0, 0x0, 0x9f, 0xff,
    0xff, 0xfb, 0x0, 0x0, 0xbd, 0x20, 0x0, 0x0,
    0x0, 0x0, 0x9, 0xff, 0xff, 0xff, 0xb0, 0x0,
    0xc, 0xff, 0xe2, 0x0, 0x0, 0x0, 0x0, 0x9f,
    0xff, 0xff, 0xfb, 0x0, 0x0, 0xbf, 0xff, 0xfe,
    0x20, 0x0, 0x0, 0x9, 0xff, 0xff, 0xff, 0xb0,
    0x0, 0x0, 0xef, 0xff, 0xff, 0xe2, 0x0, 0x0,
    0x9f, 0xff, 0xff, 0xfb, 0x0, 0x0, 0x0, 0x4f,
    0xff, 0xff, 0xfe, 0x20, 0x9, 0xff, 0xff, 0xff,
    0xb0, 0x0, 0x0, 0x0, 0x4, 0xff, 0xff, 0xff,
    0xe3, 0x9f, 0xff, 0xff, 0xfb, 0x0, 0x0, 0x0,
    0x0, 0x0, 0x4f, 0xff, 0xff, 0xff, 0xff, 0xff,
    0xff, 0xb0, 0x0, 0x0, 0x0, 0x0, 0x0, 0x4,
    0xff, 0xff, 0xff, 0xff, 0xff, 0xfb, 0x0, 0x0,
    0x0, 0x0, 0x0, 0x0, 0x0, 0x4f, 0xff, 0xff,
    0xff, 0xff, 0xb0, 0x0, 0x0, 0x0, 0x0, 0x0,
    0x0, 0x0, 0x4, 0xff, 0xff, 0xff, 0xfb, 0x0,
    0x0, 0x0, 0x0, 0x0, 0x0, 0x0, 0x0, 0x0,
    0x4f, 0xff, 0xff, 0xb0, 0x0, 0x0, 0x0, 0x0,
    0x0, 0x0, 0x0, 0x0, 0x0, 0x4, 0xff, 0xfb,
    0x0, 0x0, 0x0, 0x0, 0x0, 0x0, 0x0, 0x0,
    0x0, 0x0, 0x0, 0x3d, 0xa0, 0x0, 0x0, 0x0,
    0x0, 0x0, 0x0, 0x0,

    /* U+F00D "" */
    0x3, 0xa7, 0x0, 0x0, 0x0, 0x0, 0x0, 0x8a,
    0x20, 0x3f, 0xff, 0xa0, 0x0, 0x0, 0x0, 0xb,
    0xff, 0xe2, 0xef, 0xff, 0xfa, 0x0, 0x0, 0x0,
    0xbf, 0xff, 0xfb, 0xdf, 0xff, 0xff, 0xa0, 0x0,
    0xb, 0xff, 0xff, 0xfb, 0x3f, 0xff, 0xff, 0xfa,
    0x0, 0xbf, 0xff, 0xff, 0xe2, 0x3, 0xff, 0xff,
    0xff, 0xab, 0xff, 0xff, 0xfe, 0x20, 0x0, 0x3f,
    0xff, 0xff, 0xff, 0xff, 0xff, 0xe2, 0x0, 0x0,
    0x3, 0xff, 0xff, 0xff, 0xff, 0xfe, 0x20, 0x0,
    0x0, 0x0, 0x3f, 0xff, 0xff, 0xff, 0xe2, 0x0,
    0x0, 0x0, 0x0, 0xc, 0xff, 0xff, 0xff, 0xa0,
    0x0, 0x0, 0x0, 0x0, 0xbf, 0xff, 0xff, 0xff,
    0xfa, 0x0, 0x0, 0x0, 0xb, 0xff, 0xff, 0xff,
    0xff, 0xff, 0xa0, 0x0, 0x0, 0xbf, 0xff, 0xff,
    0xef, 0xff, 0xff, 0xfa, 0x0, 0xb, 0xff, 0xff,
    0xfe, 0x23, 0xff, 0xff, 0xff, 0xa0, 0xaf, 0xff,
    0xff, 0xe2, 0x0, 0x3f, 0xff, 0xff, 0xf8, 0xff,
    0xff, 0xfe, 0x20, 0x0, 0x3, 0xff, 0xff, 0xfd,
    0x8f, 0xff, 0xe2, 0x0, 0x0, 0x0, 0x3f, 0xff,
    0xf6, 0x9, 0xfd, 0x20, 0x0, 0x0, 0x0, 0x3,
    0xef, 0x70, 0x0, 0x10, 0x0, 0x0, 0x0, 0x0,
    0x0, 0x1, 0x0,

    /* U+F011 "" */
    0x0, 0x0, 0x0, 0x0, 0x0, 0x8, 0xbb, 0x60,
    0x0, 0x0, 0x0, 0x0, 0x0, 0x0, 0x0, 0x0,
    0x0, 0x0, 0x1f, 0xff, 0xe0, 0x0, 0x0, 0x0,
    0x0, 0x0, 0x0, 0x0, 0x0, 0x10, 0x0, 0x2f,
    0xff, 0xe0, 0x0, 0x2, 0x0, 0x0, 0x0, 0x0,
    0x0, 0x3e, 0xf5, 0x0, 0x2f, 0xff, 0xe0, 0x0,
    0x8f, 0xc1, 0x0, 0x0, 0x0, 0x3, 0xff, 0xfe,
    0x0, 0x2f, 0xff, 0xe0, 0x2, 0xff, 0xfd, 0x10,
    0x0, 0x0, 0x2e, 0xff, 0xff, 0x30, 0x2f, 0xff,
    0xe0, 0x6, 0xff, 0xff, 0xc0, 0x0, 0x0, 0xbf,
    0xff, 0xfa, 0x0, 0x2f, 0xff, 0xe0, 0x0, 0xcf,
    0xff, 0xf8, 0x0, 0x5, 0xff, 0xff, 0x90, 0x0,
    0x2f, 0xff, 0xe0, 0x0, 0xc, 0xff, 0xff, 0x20,
    0xc, 0xff, 0xfc, 0x0, 0x0, 0x2f, 0xff, 0xe0,
    0x0, 0x1, 0xff, 0xff, 0x90, 0x2f, 0xff, 0xf3,
    0x0, 0x0, 0x2f, 0xff, 0xe0, 0x0, 0x0, 0x7f,
    0xff, 0xe0, 0x6f, 0xff, 0xc0, 0x0, 0x0, 0x2f,
    0xff, 0xe0, 0x0, 0x0, 0x1f, 0xff, 0xf3, 0x9f,
    0xff, 0x80, 0x0, 0x0, 0x2f, 0xff, 0xe0, 0x0,
    0x0, 0xb, 0xff, 0xf6, 0xbf, 0xff, 0x60, 0x0,
    0x0, 0x2f, 0xff, 0xe0, 0x0, 0x0, 0x9, 0xff,
    0xf7, 0xbf, 0xff, 0x50, 0x0, 0x0, 0x2f, 0xff,
    0xe0, 0x0, 0x0, 0x8, 0xff, 0xf8, 0xbf, 0xff,
    0x60, 0x0, 0x0, 0xa, 0xdd, 0x70, 0x0, 0x0,
    0xa, 0xff, 0xf6, 0x8f, 0xff, 0x90, 0x0, 0x0,
    0x0, 0x0, 0x0, 0x0, 0x0, 0xd, 0xff, 0xf5,
    0x5f, 0xff, 0xe0, 0x0, 0x0, 0x0, 0x0, 0x0,
    0x0, 0x0, 0x2f, 0xff, 0xf1, 0xf, 0xff, 0xf7,
    0x0, 0x0, 0x0, 0x0, 0x0, 0x0, 0x0, 0xaf,
    0xff, 0xc0, 0x9, 0xff, 0xff, 0x30, 0x0, 0x0,
    0x0, 0x0, 0x0, 0x5, 0xff, 0xff, 0x60, 0x2,
    0xff, 0xff, 0xe2, 0x0, 0x0, 0x0, 0x0, 0x0,
    0x5f, 0xff, 0xfd, 0x0, 0x0, 0x7f, 0xff, 0xff,
    0x60, 0x0, 0x0, 0x0, 0x18, 0xff, 0xff, 0xf4,
    0x0, 0x0, 0xa, 0xff, 0xff, 0xfe, 0x85, 0x34,
    0x59, 0xef, 0xff, 0xff, 0x60, 0x0, 0x0, 0x0,
    0xaf, 0xff, 0xff, 0xff, 0xff, 0xff, 0xff, 0xff,
    0xf7, 0x0, 0x0, 0x0, 0x0, 0x7, 0xff, 0xff,
    0xff, 0xff, 0xff, 0xff, 0xfe, 0x40, 0x0, 0x0,
    0x0, 0x0, 0x0, 0x2a, 0xff, 0xff, 0xff, 0xff,
    0xff, 0x81, 0x0, 0x0, 0x0, 0x0, 0x0, 0x0,
    0x0, 0x16, 0x9c, 0xdc, 0xb9, 0x50, 0x0, 0x0,
    0x0, 0x0,

    /* U+F013 "" */
    0x0, 0x0, 0x0, 0x0, 0x0, 0x13, 0x55, 0x31,
    0x0, 0x0, 0x0, 0x0, 0x0, 0x0, 0x0, 0x0,
    0x0, 0x3, 0xff, 0xff, 0xff, 0x30, 0x0, 0x0,
    0x0, 0x0, 0x0, 0x0, 0x0, 0x0, 0x4, 0xff,
    0xff, 0xff, 0x40, 0x0, 0x0, 0x0, 0x0, 0x0,
    0x0, 0x0, 0x0, 0x4, 0xff, 0xff, 0xff, 0x40,
    0x0, 0x0, 0x0, 0x0, 0x0, 0x1, 0x50, 0x0,
    0x5d, 0xff, 0xff, 0xff, 0xd5, 0x0, 0x6, 0x10,
    0x0, 0x0, 0xd, 0xfd, 0x5c, 0xff, 0xff, 0xff,
    0xff, 0xff, 0xc5, 0xdf, 0xd0, 0x0, 0x0, 0x9f,
    0xff, 0xff, 0xff, 0xff, 0xff, 0xff, 0xff, 0xff,
    0xff, 0xf9, 0x0, 0x3, 0xff, 0xff, 0xff, 0xff,
    0xff, 0xff, 0xff, 0xff, 0xff, 0xff, 0xff, 0x30,
    0xa, 0xff, 0xff, 0xff, 0xff, 0xff, 0xff, 0xff,
    0xff, 0xff, 0xff, 0xff, 0xa0, 0xf, 0xff, 0xff,
    0xff, 0xff, 0xf7, 0x33, 0x7f, 0xff, 0xff, 0xff,
    0xff, 0xf0, 0x5, 0xef, 0xff, 0xff, 0xfe, 0x20,
    0x0, 0x2, 0xef, 0xff, 0xff, 0xfe, 0x50, 0x0,
    0xb, 0xff, 0xff, 0xf5, 0x0, 0x0, 0x0, 0x5f,
    0xff, 0xff, 0xb0, 0x0, 0x0, 0xa, 0xff, 0xff,
    0xf0, 0x0, 0x0, 0x0, 0xf, 0xff, 0xff, 0xa0,
    0x0, 0x0, 0xb, 0xff, 0xff, 0xf0, 0x0, 0x0,
    0x0, 0xf, 0xff, 0xff, 0xb0, 0x0, 0x0, 0xa,
    0xff, 0xff, 0xf2, 0x0, 0x0, 0x0, 0x2f, 0xff,
    0xff, 0xa0, 0x0, 0x0, 0x6f, 0xff, 0xff, 0xfa,
    0x0, 0x0, 0x0, 0xaf, 0xff, 0xff, 0xf6, 0x0,
    0xc, 0xff, 0xff, 0xff, 0xff, 0x90, 0x0, 0x9,
    0xff, 0xff, 0xff, 0xff, 0xd0, 0xd, 0xff, 0xff,
    0xff, 0xff, 0xff, 0xbb, 0xff, 0xff, 0xff, 0xff,
    0xff, 0xd0, 0x6, 0xff, 0xff, 0xff, 0xff, 0xff,
    0xff, 0xff, 0xff, 0xff, 0xff, 0xff, 0x60, 0x0,
    0xef, 0xff, 0xff, 0xff, 0xff, 0xff, 0xff, 0xff,
    0xff, 0xff, 0xfe, 0x0, 0x0, 0x4f, 0xff, 0xdf,
    0xff, 0xff, 0xff, 0xff, 0xff, 0xfd, 0xff, 0xf4,
    0x0, 0x0, 0x7, 0xe5, 0x4, 0xdf, 0xff, 0xff,
    0xff, 0xfd, 0x40, 0x5d, 0x70, 0x0, 0x0, 0x0,
    0x0, 0x0, 0x7, 0xff, 0xff, 0xff, 0x70, 0x0,
    0x0, 0x0, 0x0, 0x0, 0x0, 0x0, 0x0, 0x4,
    0xff, 0xff, 0xff, 0x40, 0x0, 0x0, 0x0, 0x0,
    0x0, 0x0, 0x0, 0x0, 0x3, 0xff, 0xff, 0xff,
    0x30, 0x0, 0x0, 0x0, 0x0, 0x0, 0x0, 0x0,
    0x0, 0x1, 0x9b, 0xdd, 0xc9, 0x10, 0x0, 0x0,
    0x0, 0x0, 0x0, 0x0, 0x0, 0x0, 0x0, 0x0,
    0x0, 0x0, 0x0, 0x0, 0x0, 0x0, 0x0,

    /* U+F015 "" */
    0x0, 0x0, 0x0, 0x0, 0x0, 0x0, 0x0, 0x0,
    0x0, 0x0, 0x0, 0x0, 0x0, 0x0, 0x0, 0x0,
    0x0, 0x0, 0x0, 0x0, 0x0, 0x1b, 0xfd, 0x30,
    0x0, 0x3f, 0xff, 0xb0, 0x0, 0x0, 0x0, 0x0,
    0x0, 0x0, 0x0, 0x3, 0xef, 0xff, 0xf6, 0x0,
    0x4f, 0xff, 0xc0, 0x0, 0x0, 0x0, 0x0, 0x0,
    0x0, 0x0, 0x6f, 0xff, 0xff, 0xff, 0x80, 0x4f,
    0xff, 0xc0, 0x0, 0x0, 0x0, 0x0, 0x0, 0x0,
    0x9, 0xff, 0xff, 0xbf, 0xff, 0xfb, 0x5f, 0xff,
    0xc0, 0x0, 0x0, 0x0, 0x0, 0x0, 0x1, 0xbf,
    0xff, 0xf5, 0x3, 0xef, 0xff, 0xff, 0xff, 0xc0,
    0x0, 0x0, 0x0, 0x0, 0x0, 0x2d, 0xff, 0xfe,
    0x30, 0x20, 0x1c, 0xff, 0xff, 0xff, 0xc0, 0x0,
    0x0, 0x0, 0x0, 0x4, 0xff, 0xff, 0xc1, 0x8,
    0xfb, 0x10, 0xaf, 0xff, 0xff, 0xc0, 0x0, 0x0,
    0x0, 0x0, 0x7f, 0xff, 0xfa, 0x1, 0xbf, 0xff,
    0xd2, 0x7, 0xff, 0xff, 0xd0, 0x0, 0x0, 0x0,
    0xa, 0xff, 0xff, 0x70, 0x2d, 0xff, 0xff, 0xff,
    0x40, 0x4f, 0xff, 0xfc, 0x10, 0x0, 0x1, 0xcf,
    0xff, 0xf4, 0x4, 0xef, 0xff, 0xff, 0xff, 0xf7,
    0x2, 0xdf, 0xff, 0xe3, 0x0, 0x3e, 0xff, 0xfd,
    0x20, 0x6f, 0xff, 0xff, 0xff, 0xff, 0xff, 0xa0,
    0x1b, 0xff, 0xff, 0x50, 0xef, 0xff, 0xc1, 0x9,
    0xff, 0xff, 0xff, 0xff, 0xff, 0xff, 0xfc, 0x10,
    0x9f, 0xff, 0xf2, 0x6f, 0xf9, 0x1, 0xcf, 0xff,
    0xff, 0xff, 0xff, 0xff, 0xff, 0xff, 0xe3, 0x6,
    0xff, 0xa0, 0x7, 0x60, 0xd, 0xff, 0xff, 0xff,
    0xff, 0xff, 0xff, 0xff, 0xff, 0xff, 0x30, 0x39,
    0x0, 0x0, 0x0, 0x2f, 0xff, 0xff, 0xff, 0xff,
    0xff, 0xff, 0xff, 0xff, 0xff, 0x60, 0x0, 0x0,
    0x0, 0x0, 0x2f, 0xff, 0xff, 0xff, 0xff, 0xff,
    0xff, 0xff, 0xff, 0xff, 0x60, 0x0, 0x0, 0x0,
    0x0, 0x2f, 0xff, 0xff, 0xff, 0x83, 0x33, 0x5f,
    0xff, 0xff, 0xff, 0x60, 0x0, 0x0, 0x0, 0x0,
    0x2f, 0xff, 0xff, 0xff, 0x30, 0x0, 0xf, 0xff,
    0xff, 0xff, 0x60, 0x0, 0x0, 0x0, 0x0, 0x2f,
    0xff, 0xff, 0xff, 0x30, 0x0, 0xf, 0xff, 0xff,
    0xff, 0x60, 0x0, 0x0, 0x0, 0x0, 0x2f, 0xff,
    0xff, 0xff, 0x30, 0x0, 0xf, 0xff, 0xff, 0xff,
    0x60, 0x0, 0x0, 0x0, 0x0, 0x2f, 0xff, 0xff,
    0xff, 0x30, 0x0, 0xf, 0xff, 0xff, 0xff, 0x60,
    0x0, 0x0, 0x0, 0x0, 0x1f, 0xff, 0xff, 0xff,
    0x20, 0x0, 0xe, 0xff, 0xff, 0xff, 0x50, 0x0,
    0x0, 0x0, 0x0, 0x9, 0xbb, 0xbb, 0xb9, 0x0,
    0x0, 0x7, 0xbb, 0xbb, 0xba, 0x10, 0x0, 0x0,

    /* U+F019 "" */
    0x0, 0x0, 0x0, 0x0, 0x0, 0xad, 0xdd, 0xda,
    0x0, 0x0, 0x0, 0x0, 0x0, 0x0, 0x0, 0x0,
    0x0, 0x3, 0xff, 0xff, 0xff, 0x30, 0x0, 0x0,
    0x0, 0x0, 0x0, 0x0, 0x0, 0x0, 0x4, 0xff,
    0xff, 0xff, 0x40, 0x0, 0x0, 0x0, 0x0, 0x0,
    0x0, 0x0, 0x0, 0x4, 0xff, 0xff, 0xff, 0x40,
    0x0, 0x0, 0x0, 0x0, 0x0, 0x0, 0x0, 0x0,
    0x4, 0xff, 0xff, 0xff, 0x40, 0x0, 0x0, 0x0,
    0x0, 0x0, 0x0, 0x0, 0x0, 0x4, 0xff, 0xff,
    0xff, 0x40, 0x0, 0x0, 0x0, 0x0, 0x0, 0x0,
    0x0, 0x0, 0x4, 0xff, 0xff, 0xff, 0x40, 0x0,
    0x0, 0x0, 0x0, 0x0, 0x0, 0x0, 0x0, 0x4,
    0xff, 0xff, 0xff, 0x40, 0x0, 0x0, 0x0, 0x0,
    0x0, 0x0, 0x0, 0x0, 0x4, 0xff, 0xff, 0xff,
    0x40, 0x0, 0x0, 0x0, 0x0, 0x0, 0x0, 0x1,
    0x11, 0x14, 0xff, 0xff, 0xff, 0x41, 0x11, 0x10,
    0x0, 0x0, 0x0, 0x0, 0x8f, 0xff, 0xff, 0xff,
    0xff, 0xff, 0xff, 0xff, 0xf8, 0x0, 0x0, 0x0,
    0x0, 0x7f, 0xff, 0xff, 0xff, 0xff, 0xff, 0xff,
    0xff, 0xf7, 0x0, 0x0, 0x0, 0x0, 0x9, 0xff,
    0xff, 0xff, 0xff, 0xff, 0xff, 0xff, 0x90, 0x0,
    0x0, 0x0, 0x0, 0x0, 0x9f, 0xff, 0xff, 0xff,
    0xff, 0xff, 0xf9, 0x0, 0x0, 0x0, 0x0, 0x0,
    0x0, 0x9, 0xff, 0xff, 0xff, 0xff, 0xff, 0x90,
    0x0, 0x0, 0x0, 0x0, 0x0, 0x0, 0x0, 0x9f,
    0xff, 0xff, 0xff, 0xf9, 0x0, 0x0, 0x0, 0x0,
    0x0, 0x0, 0x0, 0x0, 0x9, 0xff, 0xff, 0xff,
    0x90, 0x0, 0x0, 0x0, 0x0, 0x0, 0x0, 0x0,
    0x0, 0x0, 0x9f, 0xff, 0xf9, 0x0, 0x0, 0x0,
    0x0, 0x0, 0x9f, 0xff, 0xff, 0xff, 0xe3, 0x9,
    0xff, 0x90, 0x3e, 0xff, 0xff, 0xff, 0xf9, 0xff,
    0xff, 0xff, 0xff, 0xfe, 0x20, 0x77, 0x2, 0xef,
    0xff, 0xff, 0xff, 0xff, 0xff, 0xff, 0xff, 0xff,
    0xff, 0xe3, 0x0, 0x3e, 0xff, 0xff, 0xff, 0xff,
    0xff, 0xff, 0xff, 0xff, 0xff, 0xff, 0xff, 0xbb,
    0xff, 0xff, 0xff, 0xff, 0xff, 0xff, 0xff, 0xff,
    0xff, 0xff, 0xff, 0xff, 0xff, 0xff, 0xff, 0xcf,
    0xfd, 0xef, 0xff, 0xff, 0xff, 0xff, 0xff, 0xff,
    0xff, 0xff, 0xff, 0xfc, 0x6, 0xf0, 0x2f, 0xff,
    0xff, 0xff, 0xff, 0xff, 0xff, 0xff, 0xff, 0xff,
    0xfe, 0x4a, 0xf5, 0x7f, 0xff, 0xdf, 0xff, 0xff,
    0xff, 0xff, 0xff, 0xff, 0xff, 0xff, 0xff, 0xff,
    0xff, 0xfd, 0x3, 0x33, 0x33, 0x33, 0x33, 0x33,
    0x33, 0x33, 0x33, 0x33, 0x33, 0x33, 0x30,

    /* U+F01C "" */
    0x0, 0x0, 0x0, 0x3, 0x44, 0x44, 0x44, 0x44,
    0x44, 0x44, 0x44, 0x0, 0x0, 0x0, 0x0, 0x0,
    0x0, 0x1, 0xcf, 0xff, 0xff, 0xff, 0xff, 0xff,
    0xff, 0xff, 0xe3, 0x0, 0x0, 0x0, 0x0, 0x0,
    0xb, 0xff, 0xff, 0xff, 0xff, 0xff, 0xff, 0xff,
    0xff, 0xfe, 0x10, 0x0, 0x0, 0x0, 0x0, 0x6f,
    0xff, 0xff, 0xff, 0xff, 0xff, 0xff, 0xff, 0xff,
    0xff, 0xa0, 0x0, 0x0, 0x0, 0x1, 0xff, 0xfd,
    0x0, 0x0, 0x0, 0x0, 0x0, 0x0, 0x9, 0xff,
    0xf5, 0x0, 0x0, 0x0, 0xb, 0xff, 0xf3, 0x0,
    0x0, 0x0, 0x0, 0x0, 0x0, 0x0, 0xdf, 0xfe,
    0x10, 0x0, 0x0, 0x6f, 0xff, 0x70, 0x0, 0x0,
    0x0, 0x0, 0x0, 0x0, 0x0, 0x3f, 0xff, 0xa0,
    0x0, 0x2, 0xff, 0xfc, 0x0, 0x0, 0x0, 0x0,
    0x0, 0x0, 0x0, 0x0, 0x8, 0xff, 0xf5, 0x0,
    0xb, 0xff, 0xf2, 0x0, 0x0, 0x0, 0x0, 0x0,
    0x0, 0x0, 0x0, 0x0, 0xdf, 0xfe, 0x10, 0x6f,
    0xff, 0x60, 0x0, 0x0, 0x0, 0x0, 0x0, 0x0,
    0x0, 0x0, 0x0, 0x3f, 0xff, 0xa0, 0xef, 0xff,
    0xcc, 0xcc, 0xcc, 0x40, 0x0, 0x0, 0x0, 0x1b,
    0xcc, 0xcc, 0xce, 0xff, 0xf2, 0xff, 0xff, 0xff,
    0xff, 0xff, 0xc0, 0x0, 0x0, 0x0, 0x8f, 0xff,
    0xff, 0xff, 0xff, 0xf3, 0xff, 0xff, 0xff, 0xff,
    0xff, 0xf4, 0x0, 0x0, 0x1, 0xff, 0xff, 0xff,
    0xff, 0xff, 0xf4, 0xff, 0xff, 0xff, 0xff, 0xff,
    0xfd, 0x88, 0x88, 0x8b, 0xff, 0xff, 0xff, 0xff,
    0xff, 0xf4, 0xff, 0xff, 0xff, 0xff, 0xff, 0xff,
    0xff, 0xff, 0xff, 0xff, 0xff, 0xff, 0xff, 0xff,
    0xf4, 0xff, 0xff, 0xff, 0xff, 0xff, 0xff, 0xff,
    0xff, 0xff, 0xff, 0xff, 0xff, 0xff, 0xff, 0xf4,
    0xff, 0xff, 0xff, 0xff, 0xff, 0xff, 0xff, 0xff,
    0xff, 0xff, 0xff, 0xff, 0xff, 0xff, 0xf4, 0xff,
    0xff, 0xff, 0xff, 0xff, 0xff, 0xff, 0xff, 0xff,
    0xff, 0xff, 0xff, 0xff, 0xff, 0xf3, 0xcf, 0xff,
    0xff, 0xff, 0xff, 0xff, 0xff, 0xff, 0xff, 0xff,
    0xff, 0xff, 0xff, 0xff, 0xf1, 0x2c, 0xff, 0xff,
    0xff, 0xff, 0xff, 0xff, 0xff, 0xff, 0xff, 0xff,
    0xff, 0xff, 0xfd, 0x40,

    /* U+F021 "" */
    0x0, 0x0, 0x0, 0x0, 0x0, 0x46, 0x77, 0x52,
    0x0, 0x0, 0x0, 0x6e, 0xec, 0x0, 0x0, 0x0,
    0x3, 0xaf, 0xff, 0xff, 0xff, 0xe8, 0x10, 0x0,
    0x9f, 0xff, 0x0, 0x0, 0x1, 0xaf, 0xff, 0xff,
    0xff, 0xff, 0xff, 0xf8, 0x0, 0x8f, 0xff, 0x0,
    0x0, 0x3e, 0xff, 0xff, 0xff, 0xff, 0xff, 0xff,
    0xff, 0xd2, 0x7f, 0xff, 0x0, 0x3, 0xef, 0xff,
    0xfe, 0x84, 0x32, 0x59, 0xff, 0xff, 0xff, 0xaf,
    0xff, 0x0, 0x1e, 0xff, 0xff, 0x80, 0x0, 0x0,
    0x0, 0x18, 0xff, 0xff, 0xff, 0xff, 0x0, 0xbf,
    0xff, 0xe3, 0x0, 0x0, 0x0, 0x0, 0x0, 0x3e,
    0xff, 0xff, 0xff, 0x3, 0xff, 0xff, 0x30, 0x0,
    0x0, 0x0, 0x1, 0x0, 0x2, 0xff, 0xff, 0xff,
    0xb, 0xff, 0xf6, 0x0, 0x0, 0x0, 0x0, 0x5f,
    0xff, 0xfe, 0xff, 0xff, 0xff, 0xf, 0xff, 0xd0,
    0x0, 0x0, 0x0, 0x0, 0x6f, 0xff, 0xff, 0xff,
    0xff, 0xff, 0x4f, 0xff, 0x70, 0x0, 0x0, 0x0,
    0x0, 0x5f, 0xff, 0xff, 0xff, 0xff, 0xff, 0x17,
    0x87, 0x10, 0x0, 0x0, 0x0, 0x0, 0x17, 0x88,
    0x88, 0x88, 0x88, 0x86, 0x0, 0x0, 0x0, 0x0,
    0x0, 0x0, 0x0, 0x0, 0x0, 0x0, 0x0, 0x0,
    0x0, 0x0, 0x0, 0x0, 0x0, 0x0, 0x0, 0x0,
    0x0, 0x0, 0x0, 0x0, 0x0, 0x0, 0x0, 0x0,
    0x0, 0x0, 0x0, 0x0, 0x0, 0x0, 0x0, 0x0,
    0x0, 0x0, 0x0, 0xef, 0xff, 0xff, 0xff, 0xff,
    0xf4, 0x0, 0x0, 0x0, 0x0, 0x5, 0xff, 0xf4,
    0xff, 0xff, 0xff, 0xff, 0xff, 0xf6, 0x0, 0x0,
    0x0, 0x0, 0xb, 0xff, 0xf1, 0xff, 0xff, 0xff,
    0xff, 0xff, 0xf5, 0x0, 0x0, 0x0, 0x0, 0x3f,
    0xff, 0xd0, 0xff, 0xff, 0xfe, 0x56, 0x77, 0x81,
    0x0, 0x0, 0x0, 0x0, 0xdf, 0xff, 0x60, 0xff,
    0xff, 0xff, 0x90, 0x0, 0x0, 0x0, 0x0, 0x0,
    0xb, 0xff, 0xfe, 0x0, 0xff, 0xff, 0xff, 0xfc,
    0x20, 0x0, 0x0, 0x0, 0x2, 0xdf, 0xff, 0xf4,
    0x0, 0xff, 0xfd, 0xff, 0xff, 0xfa, 0x30, 0x0,
    0x3, 0x9f, 0xff, 0xff, 0x80, 0x0, 0xff, 0xf7,
    0x8f, 0xff, 0xff, 0xff, 0xdd, 0xff, 0xff, 0xff,
    0xf8, 0x0, 0x0, 0xff, 0xf8, 0x4, 0xef, 0xff,
    0xff, 0xff, 0xff, 0xff, 0xfe, 0x50, 0x0, 0x0,
    0xff, 0xf8, 0x0, 0x7, 0xdf, 0xff, 0xff, 0xff,
    0xff, 0x91, 0x0, 0x0, 0x0, 0xff, 0xf9, 0x0,
    0x0, 0x3, 0x8b, 0xdd, 0xb9, 0x51, 0x0, 0x0,
    0x0, 0x0, 0x35, 0x51, 0x0, 0x0, 0x0, 0x0,
    0x0, 0x0, 0x0, 0x0, 0x0, 0x0, 0x0,

    /* U+F026 "" */
    0x0, 0x0, 0x0, 0x0, 0x0, 0x7, 0x40, 0x0,
    0x0, 0x0, 0x0, 0xc, 0xff, 0x0, 0x0, 0x0,
    0x0, 0xc, 0xff, 0xf0, 0x0, 0x0, 0x0, 0xc,
    0xff, 0xff, 0x0, 0x0, 0x0, 0xc, 0xff, 0xff,
    0xf6, 0xbb, 0xbb, 0xbd, 0xff, 0xff, 0xff, 0xff,
    0xff, 0xff, 0xff, 0xff, 0xff, 0xff, 0xff, 0xff,
    0xff, 0xff, 0xff, 0xff, 0xff, 0xff, 0xff, 0xff,
    0xff, 0xff, 0xff, 0xff, 0xff, 0xff, 0xff, 0xff,
    0xff, 0xff, 0xff, 0xff, 0xff, 0xff, 0xff, 0xff,
    0xff, 0xff, 0xff, 0xff, 0xff, 0xff, 0xff, 0xff,
    0xff, 0xff, 0xff, 0xff, 0xff, 0xff, 0xff, 0xff,
    0xff, 0xff, 0xff, 0xbf, 0xff, 0xff, 0xff, 0xff,
    0xff, 0xf0, 0x0, 0x0, 0x3, 0xef, 0xff, 0xff,
    0x0, 0x0, 0x0, 0x3, 0xef, 0xff, 0xf0, 0x0,
    0x0, 0x0, 0x3, 0xef, 0xff, 0x0, 0x0, 0x0,
    0x0, 0x3, 0xef, 0xf0, 0x0, 0x0, 0x0, 0x0,
    0x3, 0xd9, 0x0, 0x0, 0x0, 0x0, 0x0, 0x0,
    0x0,

    /* U+F027 "" */
    0x0, 0x0, 0x0, 0x0, 0x0, 0x7, 0x40, 0x0,
    0x0, 0x0, 0x0, 0x0, 0x0, 0x0, 0x0, 0xcf,
    0xf0, 0x0, 0x0, 0x0, 0x0, 0x0, 0x0, 0x0,
    0xc, 0xff, 0xf0, 0x0, 0x0, 0x0, 0x0, 0x0,
    0x0, 0x0, 0xcf, 0xff, 0xf0, 0x0, 0x0, 0x0,
    0x0, 0x0, 0x0, 0xc, 0xff, 0xff, 0xf0, 0x0,
    0x0, 0x0, 0x6b, 0xbb, 0xbb, 0xdf, 0xff, 0xff,
    0xf0, 0x0, 0x0, 0x0, 0xff, 0xff, 0xff, 0xff,
    0xff, 0xff, 0xf0, 0x3, 0xb5, 0x0, 0xff, 0xff,
    0xff, 0xff, 0xff, 0xff, 0xf0, 0x9, 0xff, 0x60,
    0xff, 0xff, 0xff, 0xff, 0xff, 0xff, 0xf0, 0x2,
    0xdf, 0xf1, 0xff, 0xff, 0xff, 0xff, 0xff, 0xff,
    0xf0, 0x0, 0x2f, 0xf6, 0xff, 0xff, 0xff, 0xff,
    0xff, 0xff, 0xf0, 0x0, 0xf, 0xf7, 0xff, 0xff,
    0xff, 0xff, 0xff, 0xff, 0xf0, 0x0, 0x6f, 0xf4,
    0xff, 0xff, 0xff, 0xff, 0xff, 0xff, 0xf0, 0x6,
    0xff, 0xd0, 0xff, 0xff, 0xff, 0xff, 0xff, 0xff,
    0xf0, 0x8, 0xfe, 0x20, 0xbf, 0xff, 0xff, 0xff,
    0xff, 0xff, 0xf0, 0x0, 0x41, 0x0, 0x0, 0x0,
    0x0, 0x3e, 0xff, 0xff, 0xf0, 0x0, 0x0, 0x0,
    0x0, 0x0, 0x0, 0x3, 0xef, 0xff, 0xf0, 0x0,
    0x0, 0x0, 0x0, 0x0, 0x0, 0x0, 0x3e, 0xff,
    0xf0, 0x0, 0x0, 0x0, 0x0, 0x0, 0x0, 0x0,
    0x3, 0xef, 0xf0, 0x0, 0x0, 0x0, 0x0, 0x0,
    0x0, 0x0, 0x0, 0x3d, 0x90, 0x0, 0x0, 0x0,
    0x0, 0x0, 0x0, 0x0, 0x0, 0x0, 0x0, 0x0,
    0x0, 0x0,

    /* U+F028 "" */
    0x0, 0x0, 0x0, 0x0, 0x0, 0x0, 0x0, 0x0,
    0x0, 0x0, 0x0, 0x0, 0x0, 0x0, 0x0, 0x0,
    0x0, 0x0, 0x0, 0x0, 0x0, 0x0, 0x0, 0x0,
    0x0, 0xb, 0xd3, 0x0, 0x0, 0x0, 0x0, 0x0,
    0x0, 0x0, 0x0, 0x0, 0x0, 0x0, 0x0, 0x0,
    0x1f, 0xff, 0x50, 0x0, 0x0, 0x0, 0x0, 0x0,
    0x0, 0x0, 0x7, 0x40, 0x0, 0x0, 0x0, 0x5,
    0xff, 0xf6, 0x0, 0x0, 0x0, 0x0, 0x0, 0x0,
    0x0, 0xcf, 0xf0, 0x0, 0x0, 0x0, 0x0, 0x2e,
    0xff, 0x30, 0x0, 0x0, 0x0, 0x0, 0x0, 0xc,
    0xff, 0xf0, 0x0, 0x0, 0x6d, 0x40, 0x2, 0xff,
    0xe0, 0x0, 0x0, 0x0, 0x0, 0x0, 0xcf, 0xff,
    0xf0, 0x0, 0x0, 0xcf, 0xf7, 0x0, 0x5f, 0xf8,
    0x0, 0x0, 0x0, 0x0, 0xc, 0xff, 0xff, 0xf0,
    0x0, 0x0, 0x3e, 0xff, 0x50, 0xb, 0xff, 0x0,
    0x6b, 0xbb, 0xbb, 0xdf, 0xff, 0xff, 0xf0, 0x0,
    0x0, 0x1, 0xdf, 0xf2, 0x3, 0xff, 0x60, 0xff,
    0xff, 0xff, 0xff, 0xff, 0xff, 0xf0, 0x3, 0xc6,
    0x0, 0x3f, 0xf9, 0x0, 0xdf, 0xb0, 0xff, 0xff,
    0xff, 0xff, 0xff, 0xff, 0xf0, 0x9, 0xff, 0x70,
    0xa, 0xff, 0x0, 0x8f, 0xf0, 0xff, 0xff, 0xff,
    0xff, 0xff, 0xff, 0xf0, 0x2, 0xdf, 0xf1, 0x5,
    0xff, 0x30, 0x5f, 0xf2, 0xff, 0xff, 0xff, 0xff,
    0xff, 0xff, 0xf0, 0x0, 0x1f, 0xf6, 0x2, 0xff,
    0x50, 0x3f, 0xf3, 0xff, 0xff, 0xff, 0xff, 0xff,
    0xff, 0xf0, 0x0, 0xf, 0xf7, 0x1, 0xff, 0x50,
    0x3f, 0xf3, 0xff, 0xff, 0xff, 0xff, 0xff, 0xff,
    0xf0, 0x0, 0x6f, 0xf4, 0x3, 0xff, 0x40, 0x4f,
    0xf2, 0xff, 0xff, 0xff, 0xff, 0xff, 0xff, 0xf0,
    0x6, 0xff, 0xd0, 0x7, 0xff, 0x10, 0x6f, 0xf0,
    0xff, 0xff, 0xff, 0xff, 0xff, 0xff, 0xf0, 0x8,
    0xfd, 0x20, 0xd, 0xfc, 0x0, 0xbf, 0xd0, 0xbf,
    0xff, 0xff, 0xff, 0xff, 0xff, 0xf0, 0x0, 0x40,
    0x0, 0x8f, 0xf5, 0x1, 0xff, 0x90, 0x0, 0x0,
    0x0, 0x3e, 0xff, 0xff, 0xf0, 0x0, 0x0, 0x7,
    0xff, 0xb0, 0x7, 0xff, 0x30, 0x0, 0x0, 0x0,
    0x3, 0xef, 0xff, 0xf0, 0x0, 0x0, 0x9f, 0xfe,
    0x10, 0x1e, 0xfc, 0x0, 0x0, 0x0, 0x0, 0x0,
    0x3e, 0xff, 0xf0, 0x0, 0x0, 0xcf, 0xc1, 0x0,
    0xbf, 0xf3, 0x0, 0x0, 0x0, 0x0, 0x0, 0x3,
    0xef, 0xf0, 0x0, 0x0, 0x15, 0x0, 0x9, 0xff,
    0x90, 0x0, 0x0, 0x0, 0x0, 0x0, 0x0, 0x3d,
    0x90, 0x0, 0x0, 0x0, 0x0, 0xaf, 0xfc, 0x0,
    0x0, 0x0, 0x0, 0x0, 0x0, 0x0, 0x0, 0x0,
    0x0, 0x0, 0x0, 0xc, 0xff, 0xc1, 0x0, 0x0,
    0x0, 0x0, 0x0, 0x0, 0x0, 0x0, 0x0, 0x0,
    0x0, 0x0, 0x1f, 0xfa, 0x0, 0x0, 0x0, 0x0,
    0x0, 0x0, 0x0, 0x0, 0x0, 0x0, 0x0, 0x0,
    0x0, 0x3, 0x50, 0x0, 0x0, 0x0,

    /* U+F03E "" */
    0x7, 0xbb, 0xbb, 0xbb, 0xbb, 0xbb, 0xbb, 0xbb,
    0xbb, 0xbb, 0xbb, 0xbb, 0x70, 0x9f, 0xff, 0xff,
    0xff, 0xff, 0xff, 0xff, 0xff, 0xff, 0xff, 0xff,
    0xff, 0xf9, 0xff, 0xff, 0xff, 0xff, 0xff, 0xff,
    0xff, 0xff, 0xff, 0xff, 0xff, 0xff, 0xff, 0xff,
    0xff, 0x72, 0x4d, 0xff, 0xff, 0xff, 0xff, 0xff,
    0xff, 0xff, 0xff, 0xff, 0xff, 0xf5, 0x0, 0x1,
    0xef, 0xff, 0xff, 0xff, 0xff, 0xff, 0xff, 0xff,
    0xff, 0xff, 0xf0, 0x0, 0x0, 0x9f, 0xff, 0xff,
    0xff, 0xff, 0xff, 0xff, 0xff, 0xff, 0xff, 0xe0,
    0x0, 0x0, 0x8f, 0xff, 0xff, 0xff, 0xfa, 0xcf,
    0xff, 0xff, 0xff, 0xff, 0xf3, 0x0, 0x0, 0xdf,
    0xff, 0xff, 0xff, 0x80, 0xc, 0xff, 0xff, 0xff,
    0xff, 0xfe, 0x40, 0x2b, 0xff, 0xff, 0xff, 0xf8,
    0x0, 0x0, 0xcf, 0xff, 0xff, 0xff, 0xff, 0xff,
    0xff, 0xff, 0xff, 0xff, 0x80, 0x0, 0x0, 0xc,
    0xff, 0xff, 0xff, 0xff, 0xff, 0xe9, 0xff, 0xff,
    0xf8, 0x0, 0x0, 0x0, 0x0, 0xcf, 0xff, 0xff,
    0xff, 0xfe, 0x20, 0x7f, 0xff, 0x80, 0x0, 0x0,
    0x0, 0x0, 0x4f, 0xff, 0xff, 0xff, 0xe2, 0x0,
    0x7, 0xf8, 0x0, 0x0, 0x0, 0x0, 0x0, 0x4f,
    0xff, 0xff, 0xfe, 0x20, 0x0, 0x0, 0x30, 0x0,
    0x0, 0x0, 0x0, 0x0, 0x4f, 0xff, 0xff, 0xf4,
    0x0, 0x0, 0x0, 0x0, 0x0, 0x0, 0x0, 0x0,
    0x0, 0x4f, 0xff, 0xff, 0xf4, 0x0, 0x0, 0x0,
    0x0, 0x0, 0x0, 0x0, 0x0, 0x0, 0x4f, 0xff,
    0xff, 0xf7, 0x44, 0x44, 0x44, 0x44, 0x44, 0x44,
    0x44, 0x44, 0x44, 0x7f, 0xff, 0xff, 0xff, 0xff,
    0xff, 0xff, 0xff, 0xff, 0xff, 0xff, 0xff, 0xff,
    0xff, 0xff, 0xcf, 0xff, 0xff, 0xff, 0xff, 0xff,
    0xff, 0xff, 0xff, 0xff, 0xff, 0xff, 0xfc, 0x2c,
    0xff, 0xff, 0xff, 0xff, 0xff, 0xff, 0xff, 0xff,
    0xff, 0xff, 0xff, 0xc2,

    /* U+F043 "" */
    0x0, 0x0, 0x0, 0x2, 0xcb, 0x10, 0x0, 0x0,
    0x0, 0x0, 0x0, 0x0, 0x9, 0xff, 0x70, 0x0,
    0x0, 0x0, 0x0, 0x0, 0x0, 0xf, 0xff, 0xd0,
    0x0, 0x0, 0x0, 0x0, 0x0, 0x0, 0x5f, 0xff,
    0xf3, 0x0, 0x0, 0x0, 0x0, 0x0, 0x0, 0xcf,
    0xff, 0xfa, 0x0, 0x0, 0x0, 0x0, 0x0, 0x4,
    0xff, 0xff, 0xff, 0x20, 0x0, 0x0, 0x0, 0x0,
    0xc, 0xff, 0xff, 0xff, 0xb0, 0x0, 0x0, 0x0,
    0x0, 0x6f, 0xff, 0xff, 0xff, 0xf4, 0x0, 0x0,
    0x0, 0x1, 0xef, 0xff, 0xff, 0xff, 0xfd, 0x0,
    0x0, 0x0, 0xb, 0xff, 0xff, 0xff, 0xff, 0xff,
    0x90, 0x0, 0x0, 0x7f, 0xff, 0xff, 0xff, 0xff,
    0xff, 0xf5, 0x0, 0x2, 0xff, 0xff, 0xff, 0xff,
    0xff, 0xff, 0xfe, 0x10, 0xb, 0xff, 0xff, 0xff,
    0xff, 0xff, 0xff, 0xff, 0x90, 0x3f, 0xff, 0xff,
    0xff, 0xff, 0xff, 0xff, 0xff, 0xf1, 0x8f, 0xff,
    0xff, 0xff, 0xff, 0xff, 0xff, 0xff, 0xf6, 0xcf,
    0xff, 0xff, 0xff, 0xff, 0xff, 0xff, 0xff, 0xfa,
    0xef, 0xfb, 0xaf, 0xff, 0xff, 0xff, 0xff, 0xff,
    0xfc, 0xff, 0xf4, 0x1f, 0xff, 0xff, 0xff, 0xff,
    0xff, 0xfd, 0xef, 0xf6, 0xe, 0xff, 0xff, 0xff,
    0xff, 0xff, 0xfc, 0xbf, 0xfb, 0x6, 0xff, 0xff,
    0xff, 0xff, 0xff, 0xf8, 0x6f, 0xff, 0x40, 0x6f,
    0xff, 0xff, 0xff, 0xff, 0xf4, 0xe, 0xff, 0xf3,
    0x0, 0x3a, 0xff, 0xff, 0xff, 0xc0, 0x4, 0xff,
    0xff, 0x93, 0x7, 0xff, 0xff, 0xff, 0x30, 0x0,
    0x7f, 0xff, 0xff, 0xff, 0xff, 0xff, 0xf5, 0x0,
    0x0, 0x5, 0xff, 0xff, 0xff, 0xff, 0xfe, 0x40,
    0x0, 0x0, 0x0, 0x18, 0xef, 0xff, 0xfd, 0x80,
    0x0, 0x0, 0x0, 0x0, 0x0, 0x1, 0x33, 0x10,
    0x0, 0x0, 0x0,

    /* U+F048 "" */
    0x0, 0x0, 0x0, 0x0, 0x0, 0x0, 0x0, 0x0,
    0xa, 0xff, 0xd0, 0x0, 0x0, 0x0, 0x0, 0x5f,
    0xd2, 0xbf, 0xfe, 0x0, 0x0, 0x0, 0x0, 0x6f,
    0xff, 0x7b, 0xff, 0xe0, 0x0, 0x0, 0x0, 0x7f,
    0xff, 0xf8, 0xbf, 0xfe, 0x0, 0x0, 0x0, 0x9f,
    0xff, 0xff, 0x8b, 0xff, 0xe0, 0x0, 0x0, 0xaf,
    0xff, 0xff, 0xf8, 0xbf, 0xfe, 0x0, 0x0, 0xbf,
    0xff, 0xff, 0xff, 0x8b, 0xff, 0xe0, 0x1, 0xcf,
    0xff, 0xff, 0xff, 0xf8, 0xbf, 0xfe, 0x1, 0xdf,
    0xff, 0xff, 0xff, 0xff, 0x8b, 0xff, 0xe2, 0xdf,
    0xff, 0xff, 0xff, 0xff, 0xf8, 0xbf, 0xff, 0xef,
    0xff, 0xff, 0xff, 0xff, 0xff, 0x8b, 0xff, 0xff,
    0xff, 0xff, 0xff, 0xff, 0xff, 0xf8, 0xbf, 0xff,
    0xff, 0xff, 0xff, 0xff, 0xff, 0xff, 0x8b, 0xff,
    0xff, 0xff, 0xff, 0xff, 0xff, 0xff, 0xf8, 0xbf,
    0xff, 0xbf, 0xff, 0xff, 0xff, 0xff, 0xff, 0x8b,
    0xff, 0xe0, 0xaf, 0xff, 0xff, 0xff, 0xff, 0xf8,
    0xbf, 0xfe, 0x0, 0x9f, 0xff, 0xff, 0xff, 0xff,
    0x8b, 0xff, 0xe0, 0x0, 0x7f, 0xff, 0xff, 0xff,
    0xf8, 0xbf, 0xfe, 0x0, 0x0, 0x6f, 0xff, 0xff,
    0xff, 0x8b, 0xff, 0xe0, 0x0, 0x0, 0x5f, 0xff,
    0xff, 0xf8, 0xbf, 0xfe, 0x0, 0x0, 0x0, 0x4f,
    0xff, 0xff, 0x8b, 0xff, 0xe0, 0x0, 0x0, 0x0,
    0x3e, 0xff, 0xf8, 0xbf, 0xfe, 0x0, 0x0, 0x0,
    0x0, 0x2e, 0xff, 0x66, 0xbb, 0x80, 0x0, 0x0,
    0x0, 0x0, 0x1a, 0x80, 0x0, 0x0, 0x0, 0x0,
    0x0, 0x0, 0x0, 0x0, 0x0,

    /* U+F04B "" */
    0x0, 0x0, 0x0, 0x0, 0x0, 0x0, 0x0, 0x0,
    0x0, 0x0, 0x0, 0x0, 0x8b, 0x70, 0x0, 0x0,
    0x0, 0x0, 0x0, 0x0, 0x0, 0x0, 0x0, 0xbf,
    0xff, 0xd4, 0x0, 0x0, 0x0, 0x0, 0x0, 0x0,
    0x0, 0x0, 0xf, 0xff, 0xff, 0xfb, 0x20, 0x0,
    0x0, 0x0, 0x0, 0x0, 0x0, 0x0, 0xff, 0xff,
    0xff, 0xff, 0x80, 0x0, 0x0, 0x0, 0x0, 0x0,
    0x0, 0xf, 0xff, 0xff, 0xff, 0xff, 0xe5, 0x0,
    0x0, 0x0, 0x0, 0x0, 0x0, 0xff, 0xff, 0xff,
    0xff, 0xff, 0xfc, 0x20, 0x0, 0x0, 0x0, 0x0,
    0xf, 0xff, 0xff, 0xff, 0xff, 0xff, 0xff, 0x91,
    0x0, 0x0, 0x0, 0x0, 0xff, 0xff, 0xff, 0xff,
    0xff, 0xff, 0xff, 0xe6, 0x0, 0x0, 0x0, 0xf,
    0xff, 0xff, 0xff, 0xff, 0xff, 0xff, 0xff, 0xfc,
    0x30, 0x0, 0x0, 0xff, 0xff, 0xff, 0xff, 0xff,
    0xff, 0xff, 0xff, 0xff, 0x91, 0x0, 0xf, 0xff,
    0xff, 0xff, 0xff, 0xff, 0xff, 0xff, 0xff, 0xff,
    0xf6, 0x0, 0xff, 0xff, 0xff, 0xff, 0xff, 0xff,
    0xff, 0xff, 0xff, 0xff, 0xfc, 0x1f, 0xff, 0xff,
    0xff, 0xff, 0xff, 0xff, 0xff, 0xff, 0xff, 0xff,
    0xf9, 0xff, 0xff, 0xff, 0xff, 0xff, 0xff, 0xff,
    0xff, 0xff, 0xff, 0xff, 0xbf, 0xff, 0xff, 0xff,
    0xff, 0xff, 0xff, 0xff, 0xff, 0xff, 0xff, 0xf5,
    0xff, 0xff, 0xff, 0xff, 0xff, 0xff, 0xff, 0xff,
    0xff, 0xff, 0xe5, 0xf, 0xff, 0xff, 0xff, 0xff,
    0xff, 0xff, 0xff, 0xff, 0xff, 0x80, 0x0, 0xff,
    0xff, 0xff, 0xff, 0xff, 0xff, 0xff, 0xff, 0xfb,
    0x20, 0x0, 0xf, 0xff, 0xff, 0xff, 0xff, 0xff,
    0xff, 0xff, 0xd4, 0x0, 0x0, 0x0, 0xff, 0xff,
    0xff, 0xff, 0xff, 0xff, 0xff, 0x70, 0x0, 0x0,
    0x0, 0xf, 0xff, 0xff, 0xff, 0xff, 0xff, 0xfa,
    0x10, 0x0, 0x0, 0x0, 0x0, 0xff, 0xff, 0xff,
    0xff, 0xff, 0xd4, 0x0, 0x0, 0x0, 0x0, 0x0,
    0xf, 0xff, 0xff, 0xff, 0xff, 0x70, 0x0, 0x0,
    0x0, 0x0, 0x0, 0x0, 0xff, 0xff, 0xff, 0xf9,
    0x10, 0x0, 0x0, 0x0, 0x0, 0x0, 0x0, 0xe,
    0xff, 0xff, 0xc3, 0x0, 0x0, 0x0, 0x0, 0x0,
    0x0, 0x0, 0x0, 0x4f, 0xfe, 0x60, 0x0, 0x0,
    0x0, 0x0, 0x0, 0x0, 0x0, 0x0, 0x0, 0x13,
    0x0, 0x0, 0x0, 0x0, 0x0, 0x0, 0x0, 0x0,
    0x0, 0x0,

    /* U+F04C "" */
    0x0, 0x0, 0x0, 0x0, 0x0, 0x0, 0x0, 0x0,
    0x0, 0x0, 0x0, 0x2, 0xcf, 0xff, 0xff, 0xfa,
    0x0, 0x0, 0x2c, 0xff, 0xff, 0xff, 0xa0, 0xcf,
    0xff, 0xff, 0xff, 0xf8, 0x0, 0xc, 0xff, 0xff,
    0xff, 0xff, 0x8f, 0xff, 0xff, 0xff, 0xff, 0xb0,
    0x0, 0xff, 0xff, 0xff, 0xff, 0xfb, 0xff, 0xff,
    0xff, 0xff, 0xfc, 0x0, 0xf, 0xff, 0xff, 0xff,
    0xff, 0xcf, 0xff, 0xff, 0xff, 0xff, 0xc0, 0x0,
    0xff, 0xff, 0xff, 0xff, 0xfc, 0xff, 0xff, 0xff,
    0xff, 0xfc, 0x0, 0xf, 0xff, 0xff, 0xff, 0xff,
    0xcf, 0xff, 0xff, 0xff, 0xff, 0xc0, 0x0, 0xff,
    0xff, 0xff, 0xff, 0xfc, 0xff, 0xff, 0xff, 0xff,
    0xfc, 0x0, 0xf, 0xff, 0xff, 0xff, 0xff, 0xcf,
    0xff, 0xff, 0xff, 0xff, 0xc0, 0x0, 0xff, 0xff,
    0xff, 0xff, 0xfc, 0xff, 0xff, 0xff, 0xff, 0xfc,
    0x0, 0xf, 0xff, 0xff, 0xff, 0xff, 0xcf, 0xff,
    0xff, 0xff, 0xff, 0xc0, 0x0, 0xff, 0xff, 0xff,
    0xff, 0xfc, 0xff, 0xff, 0xff, 0xff, 0xfc, 0x0,
    0xf, 0xff, 0xff, 0xff, 0xff, 0xcf, 0xff, 0xff,
    0xff, 0xff, 0xc0, 0x0, 0xff, 0xff, 0xff, 0xff,
    0xfc, 0xff, 0xff, 0xff, 0xff, 0xfc, 0x0, 0xf,
    0xff, 0xff, 0xff, 0xff, 0xcf, 0xff, 0xff, 0xff,
    0xff, 0xc0, 0x0, 0xff, 0xff, 0xff, 0xff, 0xfc,
    0xff, 0xff, 0xff, 0xff, 0xfc, 0x0, 0xf, 0xff,
    0xff, 0xff, 0xff, 0xcf, 0xff, 0xff, 0xff, 0xff,
    0xc0, 0x0, 0xff, 0xff, 0xff, 0xff, 0xfc, 0xff,
    0xff, 0xff, 0xff, 0xfc, 0x0, 0xf, 0xff, 0xff,
    0xff, 0xff, 0xcf, 0xff, 0xff, 0xff, 0xff, 0xc0,
    0x0, 0xff, 0xff, 0xff, 0xff, 0xfc, 0xff, 0xff,
    0xff, 0xff, 0xfc, 0x0, 0xf, 0xff, 0xff, 0xff,
    0xff, 0xcf, 0xff, 0xff, 0xff, 0xff, 0xb0, 0x0,
    0xff, 0xff, 0xff, 0xff, 0xfb, 0x9f, 0xff, 0xff,
    0xff, 0xf5, 0x0, 0x9, 0xff, 0xff, 0xff, 0xff,
    0x50, 0x7a, 0xbb, 0xbb, 0xa5, 0x0, 0x0, 0x7,
    0xab, 0xbb, 0xba, 0x50,

    /* U+F04D "" */
    0x0, 0x0, 0x0, 0x0, 0x0, 0x0, 0x0, 0x0,
    0x0, 0x0, 0x0, 0x2, 0xcf, 0xff, 0xff, 0xff,
    0xff, 0xff, 0xff, 0xff, 0xff, 0xff, 0xa0, 0xcf,
    0xff, 0xff, 0xff, 0xff, 0xff, 0xff, 0xff, 0xff,
    0xff, 0xff, 0x8f, 0xff, 0xff, 0xff, 0xff, 0xff,
    0xff, 0xff, 0xff, 0xff, 0xff, 0xfb, 0xff, 0xff,
    0xff, 0xff, 0xff, 0xff, 0xff, 0xff, 0xff, 0xff,
    0xff, 0xcf, 0xff, 0xff, 0xff, 0xff, 0xff, 0xff,
    0xff, 0xff, 0xff, 0xff, 0xfc, 0xff, 0xff, 0xff,
    0xff, 0xff, 0xff, 0xff, 0xff, 0xff, 0xff, 0xff,
    0xcf, 0xff, 0xff, 0xff, 0xff, 0xff, 0xff, 0xff,
    0xff, 0xff, 0xff, 0xfc, 0xff, 0xff, 0xff, 0xff,
    0xff, 0xff, 0xff, 0xff, 0xff, 0xff, 0xff, 0xcf,
    0xff, 0xff, 0xff, 0xff, 0xff, 0xff, 0xff, 0xff,
    0xff, 0xff, 0xfc, 0xff, 0xff, 0xff, 0xff, 0xff,
    0xff, 0xff, 0xff, 0xff, 0xff, 0xff, 0xcf, 0xff,
    0xff, 0xff, 0xff, 0xff, 0xff, 0xff, 0xff, 0xff,
    0xff, 0xfc, 0xff, 0xff, 0xff, 0xff, 0xff, 0xff,
    0xff, 0xff, 0xff, 0xff, 0xff, 0xcf, 0xff, 0xff,
    0xff, 0xff, 0xff, 0xff, 0xff, 0xff, 0xff, 0xff,
    0xfc, 0xff, 0xff, 0xff, 0xff, 0xff, 0xff, 0xff,
    0xff, 0xff, 0xff, 0xff, 0xcf, 0xff, 0xff, 0xff,
    0xff, 0xff, 0xff, 0xff, 0xff, 0xff, 0xff, 0xfc,
    0xff, 0xff, 0xff, 0xff, 0xff, 0xff, 0xff, 0xff,
    0xff, 0xff, 0xff, 0xcf, 0xff, 0xff, 0xff, 0xff,
    0xff, 0xff, 0xff, 0xff, 0xff, 0xff, 0xfc, 0xff,
    0xff, 0xff, 0xff, 0xff, 0xff, 0xff, 0xff, 0xff,
    0xff, 0xff, 0xcf, 0xff, 0xff, 0xff, 0xff, 0xff,
    0xff, 0xff, 0xff, 0xff, 0xff, 0xfc, 0xff, 0xff,
    0xff, 0xff, 0xff, 0xff, 0xff, 0xff, 0xff, 0xff,
    0xff, 0xcf, 0xff, 0xff, 0xff, 0xff, 0xff, 0xff,
    0xff, 0xff, 0xff, 0xff, 0xfb, 0x9f, 0xff, 0xff,
    0xff, 0xff, 0xff, 0xff, 0xff, 0xff, 0xff, 0xff,
    0x50, 0x7a, 0xbb, 0xbb, 0xbb, 0xbb, 0xbb, 0xbb,
    0xbb, 0xbb, 0xba, 0x50,

    /* U+F051 "" */
    0x0, 0x0, 0x0, 0x0, 0x0, 0x0, 0x0, 0x0,
    0x3, 0xee, 0x30, 0x0, 0x0, 0x0, 0x0, 0xff,
    0xf8, 0xaf, 0xff, 0x40, 0x0, 0x0, 0x0, 0x1f,
    0xff, 0x9a, 0xff, 0xff, 0x50, 0x0, 0x0, 0x1,
    0xff, 0xf9, 0xaf, 0xff, 0xff, 0x70, 0x0, 0x0,
    0x1f, 0xff, 0x9a, 0xff, 0xff, 0xff, 0x80, 0x0,
    0x1, 0xff, 0xf9, 0xaf, 0xff, 0xff, 0xff, 0x90,
    0x0, 0x1f, 0xff, 0x9a, 0xff, 0xff, 0xff, 0xff,
    0xa0, 0x1, 0xff, 0xf9, 0xaf, 0xff, 0xff, 0xff,
    0xff, 0xb0, 0x1f, 0xff, 0x9a, 0xff, 0xff, 0xff,
    0xff, 0xff, 0xc2, 0xff, 0xf9, 0xaf, 0xff, 0xff,
    0xff, 0xff, 0xff, 0xef, 0xff, 0x9a, 0xff, 0xff,
    0xff, 0xff, 0xff, 0xff, 0xff, 0xf9, 0xaf, 0xff,
    0xff, 0xff, 0xff, 0xff, 0xff, 0xff, 0x9a, 0xff,
    0xff, 0xff, 0xff, 0xff, 0xff, 0xff, 0xf9, 0xaf,
    0xff, 0xff, 0xff, 0xff, 0xff, 0x9f, 0xff, 0x9a,
    0xff, 0xff, 0xff, 0xff, 0xff, 0x71, 0xff, 0xf9,
    0xaf, 0xff, 0xff, 0xff, 0xff, 0x60, 0x1f, 0xff,
    0x9a, 0xff, 0xff, 0xff, 0xff, 0x50, 0x1, 0xff,
    0xf9, 0xaf, 0xff, 0xff, 0xff, 0x40, 0x0, 0x1f,
    0xff, 0x9a, 0xff, 0xff, 0xfe, 0x30, 0x0, 0x1,
    0xff, 0xf9, 0xaf, 0xff, 0xfe, 0x20, 0x0, 0x0,
    0x1f, 0xff, 0x9a, 0xff, 0xfd, 0x10, 0x0, 0x0,
    0x1, 0xff, 0xf9, 0x8f, 0xfc, 0x10, 0x0, 0x0,
    0x0, 0x1f, 0xff, 0x91, 0x99, 0x0, 0x0, 0x0,
    0x0, 0x0, 0xab, 0xb5, 0x0, 0x0, 0x0, 0x0,
    0x0, 0x0, 0x0, 0x0, 0x0,

    /* U+F052 "" */
    0x0, 0x0, 0x0, 0x0, 0x0, 0x0, 0x0, 0x0,
    0x0, 0x0, 0x0, 0x0, 0x0, 0x0, 0x0, 0x0,
    0x0, 0x2, 0xdf, 0xb1, 0x0, 0x0, 0x0, 0x0,
    0x0, 0x0, 0x0, 0x0, 0x0, 0x2, 0xef, 0xff,
    0xc0, 0x0, 0x0, 0x0, 0x0, 0x0, 0x0, 0x0,
    0x0, 0x1, 0xef, 0xff, 0xff, 0xb0, 0x0, 0x0,
    0x0, 0x0, 0x0, 0x0, 0x0, 0x1, 0xdf, 0xff,
    0xff, 0xff, 0xa0, 0x0, 0x0, 0x0, 0x0, 0x0,
    0x0, 0x0, 0xcf, 0xff, 0xff, 0xff, 0xff, 0x90,
    0x0, 0x0, 0x0, 0x0, 0x0, 0x0, 0xbf, 0xff,
    0xff, 0xff, 0xff, 0xff, 0x70, 0x0, 0x0, 0x0,
    0x0, 0x0, 0xaf, 0xff, 0xff, 0xff, 0xff, 0xff,
    0xff, 0x60, 0x0, 0x0, 0x0, 0x0, 0x9f, 0xff,
    0xff, 0xff, 0xff, 0xff, 0xff, 0xff, 0x50, 0x0,
    0x0, 0x0, 0x7f, 0xff, 0xff, 0xff, 0xff, 0xff,
    0xff, 0xff, 0xff, 0x40, 0x0, 0x0, 0x6f, 0xff,
    0xff, 0xff, 0xff, 0xff, 0xff, 0xff, 0xff, 0xff,
    0x30, 0x0, 0x5f, 0xff, 0xff, 0xff, 0xff, 0xff,
    0xff, 0xff, 0xff, 0xff, 0xfe, 0x20, 0xe, 0xff,
    0xff, 0xff, 0xff, 0xff, 0xff, 0xff, 0xff, 0xff,
    0xff, 0xfa, 0x0, 0xff, 0xff, 0xff, 0xff, 0xff,
    0xff, 0xff, 0xff, 0xff, 0xff, 0xff, 0xa0, 0x8,
    0xff, 0xff, 0xff, 0xff, 0xff, 0xff, 0xff, 0xff,
    0xff, 0xff, 0xf4, 0x0, 0x6, 0x99, 0x99, 0x99,
    0x99, 0x99, 0x99, 0x99, 0x99, 0x99, 0x84, 0x0,
    0x0, 0x0, 0x0, 0x0, 0x0, 0x0, 0x0, 0x0,
    0x0, 0x0, 0x0, 0x0, 0x0, 0x6e, 0xff, 0xff,
    0xff, 0xff, 0xff, 0xff, 0xff, 0xff, 0xff, 0xfd,
    0x30, 0xf, 0xff, 0xff, 0xff, 0xff, 0xff, 0xff,
    0xff, 0xff, 0xff, 0xff, 0xfb, 0x0, 0xff, 0xff,
    0xff, 0xff, 0xff, 0xff, 0xff, 0xff, 0xff, 0xff,
    0xff, 0xc0, 0xf, 0xff, 0xff, 0xff, 0xff, 0xff,
    0xff, 0xff, 0xff, 0xff, 0xff, 0xfc, 0x0, 0xff,
    0xff, 0xff, 0xff, 0xff, 0xff, 0xff, 0xff, 0xff,
    0xff, 0xff, 0xb0, 0xd, 0xff, 0xff, 0xff, 0xff,
    0xff, 0xff, 0xff, 0xff, 0xff, 0xff, 0xf9, 0x0,
    0x28, 0x88, 0x88, 0x88, 0x88, 0x88, 0x88, 0x88,
    0x88, 0x88, 0x87, 0x0,

    /* U+F053 "" */
    0x0, 0x0, 0x0, 0x0, 0x0, 0x5c, 0x50, 0x0,
    0x0, 0x0, 0x0, 0x6, 0xff, 0xf5, 0x0, 0x0,
    0x0, 0x0, 0x6f, 0xff, 0xfc, 0x0, 0x0, 0x0,
    0x6, 0xff, 0xff, 0xf5, 0x0, 0x0, 0x0, 0x6f,
    0xff, 0xff, 0x60, 0x0, 0x0, 0x6, 0xff, 0xff,
    0xf6, 0x0, 0x0, 0x0, 0x5f, 0xff, 0xff, 0x60,
    0x0, 0x0, 0x5, 0xff, 0xff, 0xf6, 0x0, 0x0,
    0x0, 0x5f, 0xff, 0xff, 0x60, 0x0, 0x0, 0x5,
    0xff, 0xff, 0xf6, 0x0, 0x0, 0x0, 0x4f, 0xff,
    0xff, 0x60, 0x0, 0x0, 0x0, 0x8f, 0xff, 0xfe,
    0x10, 0x0, 0x0, 0x0, 0xc, 0xff, 0xff, 0xd1,
    0x0, 0x0, 0x0, 0x0, 0xcf, 0xff, 0xfd, 0x10,
    0x0, 0x0, 0x0, 0xc, 0xff, 0xff, 0xd1, 0x0,
    0x0, 0x0, 0x0, 0xcf, 0xff, 0xfd, 0x10, 0x0,
    0x0, 0x0, 0xc, 0xff, 0xff, 0xd1, 0x0, 0x0,
    0x0, 0x0, 0xcf, 0xff, 0xfd, 0x10, 0x0, 0x0,
    0x0, 0xc, 0xff, 0xff, 0xd1, 0x0, 0x0, 0x0,
    0x0, 0xcf, 0xff, 0xfb, 0x0, 0x0, 0x0, 0x0,
    0xc, 0xff, 0xfa, 0x0, 0x0, 0x0, 0x0, 0x0,
    0xcf, 0xb0, 0x0, 0x0, 0x0, 0x0, 0x0, 0x3,
    0x0,

    /* U+F054 "" */
    0x2, 0xc8, 0x0, 0x0, 0x0, 0x0, 0x0, 0x2e,
    0xff, 0x90, 0x0, 0x0, 0x0, 0x0, 0x8f, 0xff,
    0xf9, 0x0, 0x0, 0x0, 0x0, 0x2e, 0xff, 0xff,
    0x90, 0x0, 0x0, 0x0, 0x3, 0xef, 0xff, 0xf9,
    0x0, 0x0, 0x0, 0x0, 0x3e, 0xff, 0xff, 0x90,
    0x0, 0x0, 0x0, 0x3, 0xef, 0xff, 0xf9, 0x0,
    0x0, 0x0, 0x0, 0x3e, 0xff, 0xff, 0x90, 0x0,
    0x0, 0x0, 0x3, 0xef, 0xff, 0xf9, 0x0, 0x0,
    0x0, 0x0, 0x3e, 0xff, 0xff, 0x90, 0x0, 0x0,
    0x0, 0x3, 0xef, 0xff, 0xf8, 0x0, 0x0, 0x0,
    0x0, 0xbf, 0xff, 0xfc, 0x0, 0x0, 0x0, 0xa,
    0xff, 0xff, 0xe2, 0x0, 0x0, 0x0, 0xaf, 0xff,
    0xfe, 0x20, 0x0, 0x0, 0xa, 0xff, 0xff, 0xe2,
    0x0, 0x0, 0x0, 0xaf, 0xff, 0xfe, 0x20, 0x0,
    0x0, 0xa, 0xff, 0xff, 0xe2, 0x0, 0x0, 0x0,
    0xaf, 0xff, 0xfe, 0x20, 0x0, 0x0, 0xa, 0xff,
    0xff, 0xe2, 0x0, 0x0, 0x0, 0x7f, 0xff, 0xfe,
    0x20, 0x0, 0x0, 0x0, 0x6f, 0xff, 0xe2, 0x0,
    0x0, 0x0, 0x0, 0x8, 0xfe, 0x20, 0x0, 0x0,
    0x0, 0x0, 0x0, 0x31, 0x0, 0x0, 0x0, 0x0,
    0x0,

    /* U+F067 "" */
    0x0, 0x0, 0x0, 0x0, 0x0, 0x12, 0x10, 0x0,
    0x0, 0x0, 0x0, 0x0, 0x0, 0x0, 0x0, 0x0,
    0x9f, 0xff, 0x60, 0x0, 0x0, 0x0, 0x0, 0x0,
    0x0, 0x0, 0x0, 0xf, 0xff, 0xfc, 0x0, 0x0,
    0x0, 0x0, 0x0, 0x0, 0x0, 0x0, 0x1, 0xff,
    0xff, 0xd0, 0x0, 0x0, 0x0, 0x0, 0x0, 0x0,
    0x0, 0x0, 0x1f, 0xff, 0xfd, 0x0, 0x0, 0x0,
    0x0, 0x0, 0x0, 0x0, 0x0, 0x1, 0xff, 0xff,
    0xd0, 0x0, 0x0, 0x0, 0x0, 0x0, 0x0, 0x0,
    0x0, 0x1f, 0xff, 0xfd, 0x0, 0x0, 0x0, 0x0,
    0x0, 0x0, 0x0, 0x0, 0x1, 0xff, 0xff, 0xd0,
    0x0, 0x0, 0x0, 0x0, 0x0, 0x0, 0x0, 0x0,
    0x1f, 0xff, 0xfd, 0x0, 0x0, 0x0, 0x0, 0x0,
    0x23, 0x33, 0x33, 0x33, 0xff, 0xff, 0xd3, 0x33,
    0x33, 0x33, 0x10, 0x9f, 0xff, 0xff, 0xff, 0xff,
    0xff, 0xff, 0xff, 0xff, 0xff, 0xff, 0x5f, 0xff,
    0xff, 0xff, 0xff, 0xff, 0xff, 0xff, 0xff, 0xff,
    0xff, 0xfb, 0xff, 0xff, 0xff, 0xff, 0xff, 0xff,
    0xff, 0xff, 0xff, 0xff, 0xff, 0xce, 0xff, 0xff,
    0xff, 0xff, 0xff, 0xff, 0xff, 0xff, 0xff, 0xff,
    0xfa, 0x3a, 0xbb, 0xbb, 0xbb, 0xbf, 0xff, 0xff,
    0xbb, 0xbb, 0xbb, 0xb9, 0x10, 0x0, 0x0, 0x0,
    0x1, 0xff, 0xff, 0xd0, 0x0, 0x0, 0x0, 0x0,
    0x0, 0x0, 0x0, 0x0, 0x1f, 0xff, 0xfd, 0x0,
    0x0, 0x0, 0x0, 0x0, 0x0, 0x0, 0x0, 0x1,
    0xff, 0xff, 0xd0, 0x0, 0x0, 0x0, 0x0, 0x0,
    0x0, 0x0, 0x0, 0x1f, 0xff, 0xfd, 0x0, 0x0,
    0x0, 0x0, 0x0, 0x0, 0x0, 0x0, 0x1, 0xff,
    0xff, 0xd0, 0x0, 0x0, 0x0, 0x0, 0x0, 0x0,
    0x0, 0x0, 0x1f, 0xff, 0xfd, 0x0, 0x0, 0x0,
    0x0, 0x0, 0x0, 0x0, 0x0, 0x1, 0xff, 0xff,
    0xd0, 0x0, 0x0, 0x0, 0x0, 0x0, 0x0, 0x0,
    0x0, 0xe, 0xff, 0xfa, 0x0, 0x0, 0x0, 0x0,
    0x0, 0x0, 0x0, 0x0, 0x0, 0x39, 0xa8, 0x10,
    0x0, 0x0, 0x0, 0x0,

    /* U+F068 "" */
    0x0, 0x0, 0x0, 0x0, 0x0, 0x0, 0x0, 0x0,
    0x0, 0x0, 0x0, 0x7, 0xff, 0xff, 0xff, 0xff,
    0xff, 0xff, 0xff, 0xff, 0xff, 0xff, 0xf4, 0xff,
    0xff, 0xff, 0xff, 0xff, 0xff, 0xff, 0xff, 0xff,
    0xff, 0xff, 0xbf, 0xff, 0xff, 0xff, 0xff, 0xff,
    0xff, 0xff, 0xff, 0xff, 0xff, 0xfc, 0xef, 0xff,
    0xff, 0xff, 0xff, 0xff, 0xff, 0xff, 0xff, 0xff,
    0xff, 0xa4, 0xcd, 0xdd, 0xdd, 0xdd, 0xdd, 0xdd,
    0xdd, 0xdd, 0xdd, 0xdd, 0xb2,

    /* U+F06E "" */
    0x0, 0x0, 0x0, 0x0, 0x0, 0x2, 0x56, 0x77,
    0x53, 0x0, 0x0, 0x0, 0x0, 0x0, 0x0, 0x0,
    0x0, 0x0, 0x0, 0x49, 0xff, 0xff, 0xff, 0xff,
    0xfb, 0x50, 0x0, 0x0, 0x0, 0x0, 0x0, 0x0,
    0x0, 0x3c, 0xff, 0xff, 0xff, 0xff, 0xff, 0xff,
    0xfe, 0x50, 0x0, 0x0, 0x0, 0x0, 0x0, 0x9,
    0xff, 0xff, 0xfa, 0x40, 0x0, 0x38, 0xff, 0xff,
    0xfb, 0x10, 0x0, 0x0, 0x0, 0x1, 0xcf, 0xff,
    0xfe, 0x30, 0x0, 0x0, 0x0, 0x1c, 0xff, 0xff,
    0xe3, 0x0, 0x0, 0x0, 0x1d, 0xff, 0xff, 0xe2,
    0x0, 0x3, 0x98, 0x30, 0x0, 0xcf, 0xff, 0xff,
    0x30, 0x0, 0x0, 0xcf, 0xff, 0xff, 0x50, 0x0,
    0x4, 0xff, 0xfa, 0x0, 0x2f, 0xff, 0xff, 0xe2,
    0x0, 0x9, 0xff, 0xff, 0xfd, 0x0, 0x0, 0x4,
    0xff, 0xff, 0xa0, 0x9, 0xff, 0xff, 0xfd, 0x0,
    0x3f, 0xff, 0xff, 0xf8, 0x0, 0x0, 0xb, 0xff,
    0xff, 0xf2, 0x4, 0xff, 0xff, 0xff, 0x70, 0xcf,
    0xff, 0xff, 0xf6, 0x1, 0xc9, 0xdf, 0xff, 0xff,
    0xf7, 0x2, 0xff, 0xff, 0xff, 0xf1, 0xef, 0xff,
    0xff, 0xf5, 0x3, 0xff, 0xff, 0xff, 0xff, 0xf7,
    0x1, 0xff, 0xff, 0xff, 0xf2, 0x8f, 0xff, 0xff,
    0xf6, 0x1, 0xff, 0xff, 0xff, 0xff, 0xf5, 0x2,
    0xff, 0xff, 0xff, 0xc0, 0xd, 0xff, 0xff, 0xfa,
    0x0, 0xaf, 0xff, 0xff, 0xff, 0xe0, 0x6, 0xff,
    0xff, 0xff, 0x30, 0x3, 0xff, 0xff, 0xff, 0x10,
    0x1d, 0xff, 0xff, 0xff, 0x40, 0xd, 0xff, 0xff,
    0xf7, 0x0, 0x0, 0x5f, 0xff, 0xff, 0xa0, 0x1,
    0x9f, 0xff, 0xb3, 0x0, 0x7f, 0xff, 0xff, 0xa0,
    0x0, 0x0, 0x7, 0xff, 0xff, 0xf8, 0x0, 0x0,
    0x10, 0x0, 0x5, 0xff, 0xff, 0xfa, 0x0, 0x0,
    0x0, 0x0, 0x4e, 0xff, 0xff, 0xb2, 0x0, 0x0,
    0x1, 0x8f, 0xff, 0xff, 0x80, 0x0, 0x0, 0x0,
    0x0, 0x1, 0xbf, 0xff, 0xff, 0xc8, 0x78, 0xbf,
    0xff, 0xff, 0xd4, 0x0, 0x0, 0x0, 0x0, 0x0,
    0x0, 0x3, 0xbf, 0xff, 0xff, 0xff, 0xff, 0xff,
    0xd6, 0x0, 0x0, 0x0, 0x0, 0x0, 0x0, 0x0,
    0x0, 0x2, 0x7a, 0xdf, 0xff, 0xdb, 0x83, 0x0,
    0x0, 0x0, 0x0, 0x0,

    /* U+F070 "" */
    0x9, 0x60, 0x0, 0x0, 0x0, 0x0, 0x0, 0x0,
    0x0, 0x0, 0x0, 0x0, 0x0, 0x0, 0x0, 0x0,
    0x9, 0xff, 0xa0, 0x0, 0x0, 0x0, 0x0, 0x0,
    0x0, 0x0, 0x0, 0x0, 0x0, 0x0, 0x0, 0x0,
    0x0, 0xef, 0xff, 0xd2, 0x0, 0x0, 0x0, 0x0,
    0x0, 0x0, 0x0, 0x0, 0x0, 0x0, 0x0, 0x0,
    0x0, 0x2, 0xdf, 0xff, 0xf5, 0x0, 0x0, 0x0,
    0x25, 0x77, 0x65, 0x20, 0x0, 0x0, 0x0, 0x0,
    0x0, 0x0, 0x0, 0xaf, 0xff, 0xf9, 0x0, 0x5a,
    0xef, 0xff, 0xff, 0xff, 0xe9, 0x30, 0x0, 0x0,
    0x0, 0x0, 0x0, 0x0, 0x7f, 0xff, 0xfc, 0xef,
    0xff, 0xff, 0xff, 0xff, 0xff, 0xff, 0xb2, 0x0,
    0x0, 0x0, 0x0, 0x0, 0x0, 0x3e, 0xff, 0xff,
    0xff, 0xf8, 0x30, 0x1, 0x4b, 0xff, 0xff, 0xf7,
    0x0, 0x0, 0x0, 0x0, 0x0, 0x0, 0x1c, 0xff,
    0xff, 0xe1, 0x0, 0x0, 0x0, 0x5, 0xff, 0xff,
    0xfb, 0x0, 0x0, 0x0, 0x0, 0x0, 0x0, 0x8,
    0xff, 0xff, 0xb1, 0x7, 0x97, 0x10, 0x3, 0xff,
    0xff, 0xfc, 0x0, 0x0, 0x0, 0x0, 0x10, 0x0,
    0x5, 0xff, 0xff, 0xd3, 0xaf, 0xff, 0x50, 0x7,
    0xff, 0xff, 0xfb, 0x0, 0x0, 0x0, 0x1e, 0xa0,
    0x0, 0x2, 0xdf, 0xff, 0xfd, 0xff, 0xff, 0x40,
    0xe, 0xff, 0xff, 0xf7, 0x0, 0x0, 0x9, 0xff,
    0xd2, 0x0, 0x0, 0xaf, 0xff, 0xff, 0xff, 0xfc,
    0x0, 0xaf, 0xff, 0xff, 0xf2, 0x0, 0x2, 0xff,
    0xff, 0xf5, 0x0, 0x0, 0x6f, 0xff, 0xff, 0xff,
    0xf0, 0x8, 0xff, 0xff, 0xff, 0xa0, 0x0, 0x4f,
    0xff, 0xff, 0xf8, 0x0, 0x0, 0x3e, 0xff, 0xff,
    0xff, 0x10, 0x7f, 0xff, 0xff, 0xfc, 0x0, 0x0,
    0xef, 0xff, 0xff, 0xf1, 0x0, 0x0, 0x1b, 0xff,
    0xff, 0xf0, 0x9, 0xff, 0xff, 0xff, 0x60, 0x0,
    0x5, 0xff, 0xff, 0xff, 0x50, 0x0, 0x0, 0x7,
    0xff, 0xff, 0xb1, 0xdf, 0xff, 0xff, 0xc0, 0x0,
    0x0, 0x9, 0xff, 0xff, 0xfc, 0x0, 0x0, 0x0,
    0x4, 0xef, 0xff, 0xef, 0xff, 0xff, 0xe1, 0x0,
    0x0, 0x0, 0xc, 0xff, 0xff, 0xf5, 0x0, 0x0,
    0x0, 0x1, 0xcf, 0xff, 0xff, 0xff, 0xf3, 0x0,
    0x0, 0x0, 0x0, 0xc, 0xff, 0xff, 0xf4, 0x0,
    0x0, 0x0, 0x0, 0x9f, 0xff, 0xff, 0xf4, 0x0,
    0x0, 0x0, 0x0, 0x0, 0x9, 0xff, 0xff, 0xf8,
    0x10, 0x0, 0x0, 0x0, 0x5f, 0xff, 0xfd, 0x20,
    0x0, 0x0, 0x0, 0x0, 0x0, 0x5, 0xef, 0xff,
    0xff, 0xa8, 0x78, 0x0, 0x0, 0x2d, 0xff, 0xff,
    0x50, 0x0, 0x0, 0x0, 0x0, 0x0, 0x0, 0x7e,
    0xff, 0xff, 0xff, 0xfd, 0x20, 0x0, 0xa, 0xff,
    0xff, 0x80, 0x0, 0x0, 0x0, 0x0, 0x0, 0x0,
    0x4, 0x8b, 0xef, 0xfe, 0xc8, 0x0, 0x0, 0x7,
    0xff, 0xff, 0xc1, 0x0, 0x0, 0x0, 0x0, 0x0,
    0x0, 0x0, 0x0, 0x0, 0x0, 0x0, 0x0, 0x0,
    0x3, 0xef, 0xff, 0xe3, 0x0, 0x0, 0x0, 0x0,
    0x0, 0x0, 0x0, 0x0, 0x0, 0x0, 0x0, 0x0,
    0x0, 0x1, 0xcf, 0xff, 0x50, 0x0, 0x0, 0x0,
    0x0, 0x0, 0x0, 0x0, 0x0, 0x0, 0x0, 0x0,
    0x0, 0x0, 0x0, 0x8f, 0xa0, 0x0, 0x0, 0x0,
    0x0, 0x0, 0x0, 0x0, 0x0, 0x0, 0x0, 0x0,
    0x0, 0x0, 0x0, 0x0, 0x20, 0x0,

    /* U+F071 "" */
    0x0, 0x0, 0x0, 0x0, 0x0, 0x0, 0x0, 0x9d,
    0xb2, 0x0, 0x0, 0x0, 0x0, 0x0, 0x0, 0x0,
    0x0, 0x0, 0x0, 0x0, 0x0, 0x0, 0x9f, 0xff,
    0xd0, 0x0, 0x0, 0x0, 0x0, 0x0, 0x0, 0x0,
    0x0, 0x0, 0x0, 0x0, 0x0, 0x2f, 0xff, 0xff,
    0x60, 0x0, 0x0, 0x0, 0x0, 0x0, 0x0, 0x0,
    0x0, 0x0, 0x0, 0x0, 0xb, 0xff, 0xff, 0xfe,
    0x10, 0x0, 0x0, 0x0, 0x0, 0x0, 0x0, 0x0,
    0x0, 0x0, 0x0, 0x5, 0xff, 0xff, 0xff, 0xf9,
    0x0, 0x0, 0x0, 0x0, 0x0, 0x0, 0x0, 0x0,
    0x0, 0x0, 0x0, 0xdf, 0xff, 0xff, 0xff, 0xf2,
    0x0, 0x0, 0x0, 0x0, 0x0, 0x0, 0x0, 0x0,
    0x0, 0x0, 0x7f, 0xff, 0xff, 0xff, 0xff, 0xb0,
    0x0, 0x0, 0x0, 0x0, 0x0, 0x0, 0x0, 0x0,
    0x0, 0x1f, 0xff, 0xff, 0xff, 0xff, 0xff, 0x40,
    0x0, 0x0, 0x0, 0x0, 0x0, 0x0, 0x0, 0x0,
    0x9, 0xff, 0xff, 0xff, 0xff, 0xff, 0xfd, 0x0,
    0x0, 0x0, 0x0, 0x0, 0x0, 0x0, 0x0, 0x3,
    0xff, 0xff, 0x80, 0x0, 0x4f, 0xff, 0xf7, 0x0,
    0x0, 0x0, 0x0, 0x0, 0x0, 0x0, 0x0, 0xcf,
    0xff, 0xf6, 0x0, 0x3, 0xff, 0xff, 0xf1, 0x0,
    0x0, 0x0, 0x0, 0x0, 0x0, 0x0, 0x5f, 0xff,
    0xff, 0x70, 0x0, 0x3f, 0xff, 0xff, 0x90, 0x0,
    0x0, 0x0, 0x0, 0x0, 0x0, 0xe, 0xff, 0xff,
    0xf8, 0x0, 0x4, 0xff, 0xff, 0xff, 0x20, 0x0,
    0x0, 0x0, 0x0, 0x0, 0x7, 0xff, 0xff, 0xff,
    0x90, 0x0, 0x5f, 0xff, 0xff, 0xfb, 0x0, 0x0,
    0x0, 0x0, 0x0, 0x1, 0xff, 0xff, 0xff, 0xfa,
    0x0, 0x6, 0xff, 0xff, 0xff, 0xf5, 0x0, 0x0,
    0x0, 0x0, 0x0, 0xaf, 0xff, 0xff, 0xff, 0xb0,
    0x0, 0x7f, 0xff, 0xff, 0xff, 0xd0, 0x0, 0x0,
    0x0, 0x0, 0x3f, 0xff, 0xff, 0xff, 0xfd, 0x0,
    0x9, 0xff, 0xff, 0xff, 0xff, 0x70, 0x0, 0x0,
    0x0, 0xc, 0xff, 0xff, 0xff, 0xff, 0xfe, 0xee,
    0xff, 0xff, 0xff, 0xff, 0xff, 0x10, 0x0, 0x0,
    0x5, 0xff, 0xff, 0xff, 0xff, 0xff, 0x50, 0x3d,
    0xff, 0xff, 0xff, 0xff, 0xf9, 0x0, 0x0, 0x0,
    0xef, 0xff, 0xff, 0xff, 0xff, 0x80, 0x0, 0x4f,
    0xff, 0xff, 0xff, 0xff, 0xf3, 0x0, 0x0, 0x8f,
    0xff, 0xff, 0xff, 0xff, 0xf5, 0x0, 0x1, 0xff,
    0xff, 0xff, 0xff, 0xff, 0xc0, 0x0, 0x1f, 0xff,
    0xff, 0xff, 0xff, 0xff, 0x90, 0x0, 0x5f, 0xff,
    0xff, 0xff, 0xff, 0xff, 0x50, 0xa, 0xff, 0xff,
    0xff, 0xff, 0xff, 0xff, 0x72, 0x5e, 0xff, 0xff,
    0xff, 0xff, 0xff, 0xfe, 0x0, 0xff, 0xff, 0xff,
    0xff, 0xff, 0xff, 0xff, 0xff, 0xff, 0xff, 0xff,
    0xff, 0xff, 0xff, 0xf3, 0xd, 0xff, 0xff, 0xff,
    0xff, 0xff, 0xff, 0xff, 0xff, 0xff, 0xff, 0xff,
    0xff, 0xff, 0xff, 0x10, 0x4f, 0xff, 0xff, 0xff,
    0xff, 0xff, 0xff, 0xff, 0xff, 0xff, 0xff, 0xff,
    0xff, 0xff, 0x80, 0x0, 0x13, 0x33, 0x33, 0x33,
    0x33, 0x33, 0x33, 0x33, 0x33, 0x33, 0x33, 0x33,
    0x33, 0x10, 0x0,

    /* U+F074 "" */
    0x0, 0x0, 0x0, 0x0, 0x0, 0x0, 0x0, 0x0,
    0x0, 0x0, 0x10, 0x0, 0x0, 0x0, 0x0, 0x0,
    0x0, 0x0, 0x0, 0x0, 0x0, 0x0, 0x4, 0xfd,
    0x10, 0x0, 0x0, 0x0, 0x0, 0x0, 0x0, 0x0,
    0x0, 0x0, 0x0, 0x7, 0xff, 0xd1, 0x0, 0x0,
    0x0, 0x0, 0x0, 0x0, 0x0, 0x0, 0x0, 0x0,
    0x8, 0xff, 0xfd, 0x10, 0xdf, 0xff, 0xff, 0xc1,
    0x0, 0x0, 0x0, 0x3, 0xef, 0xff, 0xff, 0xff,
    0xd1, 0xff, 0xff, 0xff, 0xfc, 0x0, 0x0, 0x0,
    0x3f, 0xff, 0xff, 0xff, 0xff, 0xfc, 0xff, 0xff,
    0xff, 0xff, 0xc0, 0x0, 0x2, 0xef, 0xff, 0xff,
    0xff, 0xff, 0xfd, 0xff, 0xff, 0xff, 0xff, 0xfb,
    0x0, 0x2e, 0xff, 0xff, 0xff, 0xff, 0xff, 0xe2,
    0x1, 0x11, 0x1b, 0xff, 0xfc, 0x1, 0xdf, 0xff,
    0xf8, 0x18, 0xff, 0xfe, 0x20, 0x0, 0x0, 0x0,
    0xcf, 0xd1, 0x1d, 0xff, 0xff, 0x90, 0x8, 0xff,
    0xe2, 0x0, 0x0, 0x0, 0x0, 0xa, 0x10, 0xcf,
    0xff, 0xf9, 0x0, 0x6, 0xfe, 0x20, 0x0, 0x0,
    0x0, 0x0, 0x0, 0xc, 0xff, 0xff, 0xa0, 0x0,
    0x0, 0x41, 0x0, 0x0, 0x0, 0x0, 0x0, 0x0,
    0xbf, 0xff, 0xfb, 0x0, 0x0, 0x0, 0x10, 0x0,
    0x0, 0x0, 0x0, 0x0, 0xa, 0xff, 0xff, 0xc0,
    0x26, 0x0, 0x4, 0xfc, 0x10, 0x0, 0x0, 0x0,
    0x0, 0x9f, 0xff, 0xfc, 0x1, 0xdf, 0x50, 0x7,
    0xff, 0xc1, 0x0, 0x0, 0x0, 0x9, 0xff, 0xff,
    0xd1, 0x1d, 0xff, 0xf5, 0x8, 0xff, 0xfc, 0x10,
    0xde, 0xee, 0xef, 0xff, 0xfd, 0x10, 0x3f, 0xff,
    0xff, 0xef, 0xff, 0xff, 0xc1, 0xff, 0xff, 0xff,
    0xff, 0xe2, 0x0, 0x4, 0xff, 0xff, 0xff, 0xff,
    0xff, 0xfc, 0xff, 0xff, 0xff, 0xfe, 0x20, 0x0,
    0x0, 0x5f, 0xff, 0xff, 0xff, 0xff, 0xfe, 0xff,
    0xff, 0xff, 0xe3, 0x0, 0x0, 0x0, 0x6, 0xff,
    0xff, 0xff, 0xff, 0xe3, 0x12, 0x22, 0x22, 0x10,
    0x0, 0x0, 0x0, 0x0, 0x12, 0x29, 0xff, 0xfe,
    0x30, 0x0, 0x0, 0x0, 0x0, 0x0, 0x0, 0x0,
    0x0, 0x0, 0x8, 0xff, 0xe3, 0x0, 0x0, 0x0,
    0x0, 0x0, 0x0, 0x0, 0x0, 0x0, 0x0, 0x6,
    0xfe, 0x30, 0x0, 0x0, 0x0, 0x0, 0x0, 0x0,
    0x0, 0x0, 0x0, 0x0, 0x0, 0x52, 0x0, 0x0,

    /* U+F077 "" */
    0x0, 0x0, 0x0, 0x0, 0x0, 0x26, 0x0, 0x0,
    0x0, 0x0, 0x0, 0x0, 0x0, 0x0, 0x0, 0x0,
    0x3f, 0xfb, 0x0, 0x0, 0x0, 0x0, 0x0, 0x0,
    0x0, 0x0, 0x0, 0x3f, 0xff, 0xfb, 0x0, 0x0,
    0x0, 0x0, 0x0, 0x0, 0x0, 0x0, 0x3f, 0xff,
    0xff, 0xfb, 0x0, 0x0, 0x0, 0x0, 0x0, 0x0,
    0x0, 0x3f, 0xff, 0xff, 0xff, 0xfb, 0x0, 0x0,
    0x0, 0x0, 0x0, 0x0, 0x3f, 0xff, 0xff, 0xff,
    0xff, 0xfb, 0x0, 0x0, 0x0, 0x0, 0x0, 0x3f,
    0xff, 0xff, 0x91, 0xdf, 0xff, 0xfb, 0x0, 0x0,
    0x0, 0x0, 0x3f, 0xff, 0xff, 0x90, 0x1, 0xdf,
    0xff, 0xfb, 0x0, 0x0, 0x0, 0x3f, 0xff, 0xff,
    0x90, 0x0, 0x1, 0xdf, 0xff, 0xfb, 0x0, 0x0,
    0x3f, 0xff, 0xff, 0x90, 0x0, 0x0, 0x1, 0xdf,
    0xff, 0xfb, 0x0, 0x3f, 0xff, 0xff, 0x90, 0x0,
    0x0, 0x0, 0x1, 0xdf, 0xff, 0xfb, 0xb, 0xff,
    0xff, 0x90, 0x0, 0x0, 0x0, 0x0, 0x1, 0xdf,
    0xff, 0xf5, 0x5f, 0xff, 0x90, 0x0, 0x0, 0x0,
    0x0, 0x0, 0x1, 0xdf, 0xfd, 0x10, 0x6e, 0x80,
    0x0, 0x0, 0x0, 0x0, 0x0, 0x0, 0x1, 0xcc,
    0x10,

    /* U+F078 "" */
    0x1, 0x62, 0x0, 0x0, 0x0, 0x0, 0x0, 0x0,
    0x0, 0x4, 0x40, 0x1, 0xdf, 0xe2, 0x0, 0x0,
    0x0, 0x0, 0x0, 0x0, 0x7, 0xff, 0x70, 0xaf,
    0xff, 0xe2, 0x0, 0x0, 0x0, 0x0, 0x0, 0x7,
    0xff, 0xff, 0x48, 0xff, 0xff, 0xe2, 0x0, 0x0,
    0x0, 0x0, 0x7, 0xff, 0xff, 0xf2, 0xa, 0xff,
    0xff, 0xe2, 0x0, 0x0, 0x0, 0x7, 0xff, 0xff,
    0xf4, 0x0, 0xa, 0xff, 0xff, 0xe2, 0x0, 0x0,
    0x7, 0xff, 0xff, 0xf4, 0x0, 0x0, 0xa, 0xff,
    0xff, 0xe2, 0x0, 0x7, 0xff, 0xff, 0xf4, 0x0,
    0x0, 0x0, 0xa, 0xff, 0xff, 0xe2, 0x7, 0xff,
    0xff, 0xf4, 0x0, 0x0, 0x0, 0x0, 0xa, 0xff,
    0xff, 0xe9, 0xff, 0xff, 0xf4, 0x0, 0x0, 0x0,
    0x0, 0x0, 0xa, 0xff, 0xff, 0xff, 0xff, 0xf4,
    0x0, 0x0, 0x0, 0x0, 0x0, 0x0, 0xa, 0xff,
    0xff, 0xff, 0xf4, 0x0, 0x0, 0x0, 0x0, 0x0,
    0x0, 0x0, 0xa, 0xff, 0xff, 0xf4, 0x0, 0x0,
    0x0, 0x0, 0x0, 0x0, 0x0, 0x0, 0xa, 0xff,
    0xf4, 0x0, 0x0, 0x0, 0x0, 0x0, 0x0, 0x0,
    0x0, 0x0, 0x9, 0xe4, 0x0, 0x0, 0x0, 0x0,
    0x0,

    /* U+F079 "" */
    0x0, 0x0, 0x3, 0xa4, 0x0, 0x0, 0x0, 0x0,
    0x0, 0x0, 0x0, 0x0, 0x0, 0x0, 0x0, 0x0,
    0x0, 0x0, 0x4, 0xff, 0xf4, 0x0, 0x0, 0x0,
    0x0, 0x0, 0x0, 0x0, 0x0, 0x0, 0x0, 0x0,
    0x0, 0x0, 0x4, 0xff, 0xff, 0xf4, 0x0, 0x2d,
    0xff, 0xff, 0xff, 0xff, 0xff, 0xff, 0xd2, 0x0,
    0x0, 0x0, 0x4, 0xff, 0xff, 0xff, 0xf4, 0x5,
    0xff, 0xff, 0xff, 0xff, 0xff, 0xff, 0xff, 0x60,
    0x0, 0x0, 0x4, 0xff, 0xff, 0xff, 0xff, 0xf4,
    0xa, 0xff, 0xff, 0xff, 0xff, 0xff, 0xff, 0xf6,
    0x0, 0x0, 0x4, 0xff, 0xff, 0xff, 0xff, 0xff,
    0xf4, 0x4, 0x44, 0x44, 0x44, 0x44, 0x4e, 0xff,
    0x60, 0x0, 0x0, 0xcf, 0xff, 0x6f, 0xff, 0x6f,
    0xff, 0xc0, 0x0, 0x0, 0x0, 0x0, 0x0, 0xdf,
    0xf6, 0x0, 0x0, 0x6, 0xff, 0x42, 0xff, 0xf2,
    0x4f, 0xf6, 0x0, 0x0, 0x0, 0x0, 0x0, 0xd,
    0xff, 0x60, 0x0, 0x0, 0x3, 0x20, 0x2f, 0xff,
    0x20, 0x23, 0x0, 0x0, 0x0, 0x0, 0x0, 0x0,
    0xdf, 0xf6, 0x0, 0x0, 0x0, 0x0, 0x2, 0xff,
    0xf2, 0x0, 0x0, 0x0, 0x0, 0x0, 0x0, 0x0,
    0xd, 0xff, 0x60, 0x0, 0x0, 0x0, 0x0, 0x2f,
    0xff, 0x20, 0x0, 0x0, 0x0, 0x0, 0x0, 0x0,
    0x0, 0xdf, 0xf6, 0x0, 0x0, 0x0, 0x0, 0x2,
    0xff, 0xf2, 0x0, 0x0, 0x0, 0x0, 0x0, 0x0,
    0x0, 0xd, 0xff, 0x60, 0x0, 0x0, 0x0, 0x0,
    0x2f, 0xff, 0x20, 0x0, 0x0, 0x0, 0x0, 0x0,
    0xbe, 0x40, 0xdf, 0xf6, 0xa, 0xf5, 0x0, 0x0,
    0x2, 0xff, 0xf2, 0x0, 0x0, 0x0, 0x0, 0x0,
    0x7f, 0xff, 0x3d, 0xff, 0x69, 0xff, 0xf1, 0x0,
    0x0, 0x2f, 0xff, 0x20, 0x0, 0x0, 0x0, 0x0,
    0x4, 0xff, 0xfe, 0xef, 0xfd, 0xff, 0xfd, 0x0,
    0x0, 0x2, 0xff, 0xff, 0xff, 0xff, 0xff, 0xff,
    0xf9, 0x5, 0xff, 0xff, 0xff, 0xff, 0xfd, 0x10,
    0x0, 0x0, 0x2f, 0xff, 0xff, 0xff, 0xff, 0xff,
    0xff, 0xf7, 0x5, 0xff, 0xff, 0xff, 0xfd, 0x10,
    0x0, 0x0, 0x0, 0xff, 0xff, 0xff, 0xff, 0xff,
    0xff, 0xff, 0x80, 0x5, 0xff, 0xff, 0xfc, 0x10,
    0x0, 0x0, 0x0, 0x1, 0x44, 0x44, 0x44, 0x44,
    0x44, 0x44, 0x40, 0x0, 0x5, 0xff, 0xfc, 0x10,
    0x0, 0x0, 0x0, 0x0, 0x0, 0x0, 0x0, 0x0,
    0x0, 0x0, 0x0, 0x0, 0x0, 0x5, 0xfc, 0x10,
    0x0, 0x0, 0x0, 0x0, 0x0, 0x0, 0x0, 0x0,
    0x0, 0x0, 0x0, 0x0, 0x0, 0x0, 0x0, 0x0,
    0x0, 0x0, 0x0,

    /* U+F07B "" */
    0x4, 0x78, 0x88, 0x88, 0x88, 0x60, 0x0, 0x0,
    0x0, 0x0, 0x0, 0x0, 0x0, 0x7f, 0xff, 0xff,
    0xff, 0xff, 0xf8, 0x0, 0x0, 0x0, 0x0, 0x0,
    0x0, 0x0, 0xef, 0xff, 0xff, 0xff, 0xff, 0xff,
    0x80, 0x0, 0x0, 0x0, 0x0, 0x0, 0x0, 0xff,
    0xff, 0xff, 0xff, 0xff, 0xff, 0xf9, 0x44, 0x44,
    0x44, 0x44, 0x43, 0x0, 0xff, 0xff, 0xff, 0xff,
    0xff, 0xff, 0xff, 0xff, 0xff, 0xff, 0xff, 0xff,
    0xf4, 0xff, 0xff, 0xff, 0xff, 0xff, 0xff, 0xff,
    0xff, 0xff, 0xff, 0xff, 0xff, 0xfd, 0xff, 0xff,
    0xff, 0xff, 0xff, 0xff, 0xff, 0xff, 0xff, 0xff,
    0xff, 0xff, 0xff, 0xff, 0xff, 0xff, 0xff, 0xff,
    0xff, 0xff, 0xff, 0xff, 0xff, 0xff, 0xff, 0xff,
    0xff, 0xff, 0xff, 0xff, 0xff, 0xff, 0xff, 0xff,
    0xff, 0xff, 0xff, 0xff, 0xff, 0xff, 0xff, 0xff,
    0xff, 0xff, 0xff, 0xff, 0xff, 0xff, 0xff, 0xff,
    0xff, 0xff, 0xff, 0xff, 0xff, 0xff, 0xff, 0xff,
    0xff, 0xff, 0xff, 0xff, 0xff, 0xff, 0xff, 0xff,
    0xff, 0xff, 0xff, 0xff, 0xff, 0xff, 0xff, 0xff,
    0xff, 0xff, 0xff, 0xff, 0xff, 0xff, 0xff, 0xff,
    0xff, 0xff, 0xff, 0xff, 0xff, 0xff, 0xff, 0xff,
    0xff, 0xff, 0xff, 0xff, 0xff, 0xff, 0xff, 0xff,
    0xff, 0xff, 0xff, 0xff, 0xff, 0xff, 0xff, 0xff,
    0xff, 0xff, 0xff, 0xff, 0xff, 0xff, 0xff, 0xff,
    0xff, 0xff, 0xff, 0xff, 0xff, 0xff, 0xff, 0xff,
    0xff, 0xff, 0xff, 0xff, 0xff, 0xff, 0xff, 0xff,
    0xff, 0xff, 0xff, 0xff, 0xff, 0xff, 0xff, 0xff,
    0xff, 0xff, 0xff, 0xff, 0xff, 0xff, 0xff, 0xff,
    0xff, 0xff, 0xff, 0xff, 0xff, 0xff, 0xff, 0xff,
    0xff, 0xff, 0xcf, 0xff, 0xff, 0xff, 0xff, 0xff,
    0xff, 0xff, 0xff, 0xff, 0xff, 0xff, 0xfc, 0x2c,
    0xff, 0xff, 0xff, 0xff, 0xff, 0xff, 0xff, 0xff,
    0xff, 0xff, 0xff, 0xc2,

    /* U+F093 "" */
    0x0, 0x0, 0x0, 0x0, 0x0, 0x0, 0x8b, 0x10,
    0x0, 0x0, 0x0, 0x0, 0x0, 0x0, 0x0, 0x0,
    0x0, 0x0, 0x8, 0xff, 0xd1, 0x0, 0x0, 0x0,
    0x0, 0x0, 0x0, 0x0, 0x0, 0x0, 0x0, 0x8f,
    0xff, 0xfd, 0x10, 0x0, 0x0, 0x0, 0x0, 0x0,
    0x0, 0x0, 0x0, 0x8, 0xff, 0xff, 0xff, 0xd1,
    0x0, 0x0, 0x0, 0x0, 0x0, 0x0, 0x0, 0x0,
    0x8f, 0xff, 0xff, 0xff, 0xfd, 0x10, 0x0, 0x0,
    0x0, 0x0, 0x0, 0x0, 0x8, 0xff, 0xff, 0xff,
    0xff, 0xff, 0xd1, 0x0, 0x0, 0x0, 0x0, 0x0,
    0x0, 0x8f, 0xff, 0xff, 0xff, 0xff, 0xff, 0xfd,
    0x10, 0x0, 0x0, 0x0, 0x0, 0x8, 0xff, 0xff,
    0xff, 0xff, 0xff, 0xff, 0xff, 0xd1, 0x0, 0x0,
    0x0, 0x0, 0x6f, 0xff, 0xff, 0xff, 0xff, 0xff,
    0xff, 0xff, 0xfb, 0x0, 0x0, 0x0, 0x0, 0x4e,
    0xee, 0xee, 0xff, 0xff, 0xff, 0xfe, 0xee, 0xe8,
    0x0, 0x0, 0x0, 0x0, 0x0, 0x0, 0x1, 0xff,
    0xff, 0xff, 0x60, 0x0, 0x0, 0x0, 0x0, 0x0,
    0x0, 0x0, 0x0, 0x1, 0xff, 0xff, 0xff, 0x60,
    0x0, 0x0, 0x0, 0x0, 0x0, 0x0, 0x0, 0x0,
    0x1, 0xff, 0xff, 0xff, 0x60, 0x0, 0x0, 0x0,
    0x0, 0x0, 0x0, 0x0, 0x0, 0x1, 0xff, 0xff,
    0xff, 0x60, 0x0, 0x0, 0x0, 0x0, 0x0, 0x0,
    0x0, 0x0, 0x1, 0xff, 0xff, 0xff, 0x60, 0x0,
    0x0, 0x0, 0x0, 0x0, 0x0, 0x0, 0x0, 0x1,
    0xff, 0xff, 0xff, 0x60, 0x0, 0x0, 0x0, 0x0,
    0x0, 0x0, 0x0, 0x0, 0x1, 0xff, 0xff, 0xff,
    0x60, 0x0, 0x0, 0x0, 0x0, 0x0, 0x0, 0x0,
    0x0, 0x1, 0xff, 0xff, 0xff, 0x60, 0x0, 0x0,
    0x0, 0x0, 0x9f, 0xff, 0xff, 0xff, 0x20, 0xff,
    0xff, 0xff, 0x62, 0xff, 0xff, 0xff, 0xf9, 0xff,
    0xff, 0xff, 0xff, 0x50, 0x7b, 0xbb, 0xb9, 0x15,
    0xff, 0xff, 0xff, 0xff, 0xff, 0xff, 0xff, 0xff,
    0xe2, 0x0, 0x0, 0x0, 0x2e, 0xff, 0xff, 0xff,
    0xff, 0xff, 0xff, 0xff, 0xff, 0xff, 0xba, 0xaa,
    0xab, 0xff, 0xff, 0xff, 0xff, 0xff, 0xff, 0xff,
    0xff, 0xff, 0xff, 0xff, 0xff, 0xff, 0xff, 0xcf,
    0xfd, 0xef, 0xff, 0xff, 0xff, 0xff, 0xff, 0xff,
    0xff, 0xff, 0xff, 0xfc, 0x6, 0xf0, 0x2f, 0xff,
    0xff, 0xff, 0xff, 0xff, 0xff, 0xff, 0xff, 0xff,
    0xfe, 0x4a, 0xf5, 0x7f, 0xff, 0xdf, 0xff, 0xff,
    0xff, 0xff, 0xff, 0xff, 0xff, 0xff, 0xff, 0xff,
    0xff, 0xfd, 0x3, 0x33, 0x33, 0x33, 0x33, 0x33,
    0x33, 0x33, 0x33, 0x33, 0x33, 0x33, 0x30,

    /* U+F095 "" */
    0x0, 0x0, 0x0, 0x0, 0x0, 0x0, 0x0, 0x0,
    0x0, 0x4, 0xb8, 0x41, 0x0, 0x0, 0x0, 0x0,
    0x0, 0x0, 0x0, 0x0, 0x0, 0x0, 0x0, 0xdf,
    0xff, 0xfd, 0x93, 0x0, 0x0, 0x0, 0x0, 0x0,
    0x0, 0x0, 0x0, 0x0, 0x4f, 0xff, 0xff, 0xff,
    0xe0, 0x0, 0x0, 0x0, 0x0, 0x0, 0x0, 0x0,
    0x0, 0xb, 0xff, 0xff, 0xff, 0xff, 0x0, 0x0,
    0x0, 0x0, 0x0, 0x0, 0x0, 0x0, 0x2, 0xff,
    0xff, 0xff, 0xff, 0xe0, 0x0, 0x0, 0x0, 0x0,
    0x0, 0x0, 0x0, 0x0, 0x8f, 0xff, 0xff, 0xff,
    0xfd, 0x0, 0x0, 0x0, 0x0, 0x0, 0x0, 0x0,
    0x0, 0xf, 0xff, 0xff, 0xff, 0xff, 0xb0, 0x0,
    0x0, 0x0, 0x0, 0x0, 0x0, 0x0, 0x1, 0xff,
    0xff, 0xff, 0xff, 0xf8, 0x0, 0x0, 0x0, 0x0,
    0x0, 0x0, 0x0, 0x0, 0x4, 0xef, 0xff, 0xff,
    0xff, 0x40, 0x0, 0x0, 0x0, 0x0, 0x0, 0x0,
    0x0, 0x0, 0x2, 0xdf, 0xff, 0xff, 0xf0, 0x0,
    0x0, 0x0, 0x0, 0x0, 0x0, 0x0, 0x0, 0x0,
    0x1, 0xdf, 0xff, 0xfb, 0x0, 0x0, 0x0, 0x0,
    0x0, 0x0, 0x0, 0x0, 0x0, 0x0, 0x2f, 0xff,
    0xff, 0x50, 0x0, 0x0, 0x0, 0x0, 0x0, 0x0,
    0x0, 0x0, 0x0, 0xb, 0xff, 0xff, 0xe0, 0x0,
    0x0, 0x0, 0x0, 0x0, 0x0, 0x0, 0x0, 0x0,
    0x5, 0xff, 0xff, 0xf6, 0x0, 0x0, 0x0, 0x0,
    0x0, 0x0, 0x0, 0x0, 0x0, 0x3, 0xff, 0xff,
    0xfd, 0x0, 0x0, 0x0, 0x0, 0x0, 0x0, 0x0,
    0x0, 0x0, 0x1, 0xef, 0xff, 0xff, 0x30, 0x0,
    0x0, 0x0, 0x0, 0x6c, 0xb0, 0x0, 0x0, 0x2,
    0xef, 0xff, 0xff, 0x80, 0x0, 0x0, 0x0, 0x28,
    0xef, 0xff, 0xa0, 0x0, 0x4, 0xff, 0xff, 0xff,
    0xb0, 0x0, 0x0, 0x3, 0xbf, 0xff, 0xff, 0xff,
    0x70, 0x1a, 0xff, 0xff, 0xff, 0xc0, 0x0, 0x0,
    0x0, 0xff, 0xff, 0xff, 0xff, 0xff, 0x9f, 0xff,
    0xff, 0xff, 0xd1, 0x0, 0x0, 0x0, 0xd, 0xff,
    0xff, 0xff, 0xff, 0xff, 0xff, 0xff, 0xff, 0xc1,
    0x0, 0x0, 0x0, 0x0, 0x9f, 0xff, 0xff, 0xff,
    0xff, 0xff, 0xff, 0xff, 0x90, 0x0, 0x0, 0x0,
    0x0, 0x6, 0xff, 0xff, 0xff, 0xff, 0xff, 0xff,
    0xfe, 0x50, 0x0, 0x0, 0x0, 0x0, 0x0, 0x2f,
    0xff, 0xff, 0xff, 0xff, 0xff, 0xf8, 0x0, 0x0,
    0x0, 0x0, 0x0, 0x0, 0x0, 0xef, 0xff, 0xff,
    0xff, 0xfd, 0x71, 0x0, 0x0, 0x0, 0x0, 0x0,
    0x0, 0x0, 0x9, 0xff, 0xff, 0xeb, 0x73, 0x0,
    0x0, 0x0, 0x0, 0x0, 0x0, 0x0, 0x0, 0x0,
    0x3, 0x32, 0x0, 0x0, 0x0, 0x0, 0x0, 0x0,
    0x0, 0x0, 0x0, 0x0, 0x0,

    /* U+F0C4 "" */
    0x0, 0x0, 0x10, 0x0, 0x0, 0x0, 0x0, 0x0,
    0x0, 0x0, 0x0, 0x0, 0x0, 0x7e, 0xff, 0xd5,
    0x0, 0x0, 0x0, 0x0, 0x0, 0x24, 0x20, 0x0,
    0xb, 0xff, 0xff, 0xff, 0x70, 0x0, 0x0, 0x0,
    0x1b, 0xff, 0xfd, 0x20, 0x6f, 0xff, 0xff, 0xff,
    0xf2, 0x0, 0x0, 0x1, 0xdf, 0xff, 0xff, 0xa0,
    0xcf, 0xfd, 0x35, 0xff, 0xf8, 0x0, 0x0, 0x1d,
    0xff, 0xff, 0xfd, 0x10, 0xff, 0xf5, 0x0, 0x9f,
    0xfb, 0x0, 0x1, 0xcf, 0xff, 0xff, 0xd1, 0x0,
    0xff, 0xf6, 0x0, 0xaf, 0xfb, 0x0, 0xc, 0xff,
    0xff, 0xfd, 0x10, 0x0, 0xbf, 0xff, 0x89, 0xff,
    0xf8, 0x0, 0xcf, 0xff, 0xff, 0xd1, 0x0, 0x0,
    0x4f, 0xff, 0xff, 0xff, 0xff, 0x4c, 0xff, 0xff,
    0xfd, 0x10, 0x0, 0x0, 0x6, 0xff, 0xff, 0xff,
    0xff, 0xff, 0xff, 0xff, 0xd1, 0x0, 0x0, 0x0,
    0x0, 0x3a, 0xce, 0xff, 0xff, 0xff, 0xff, 0xfd,
    0x10, 0x0, 0x0, 0x0, 0x0, 0x0, 0x0, 0xaf,
    0xff, 0xff, 0xff, 0xd1, 0x0, 0x0, 0x0, 0x0,
    0x0, 0x0, 0x0, 0x1f, 0xff, 0xff, 0xff, 0x60,
    0x0, 0x0, 0x0, 0x0, 0x0, 0x0, 0x12, 0xdf,
    0xff, 0xff, 0xff, 0xf4, 0x0, 0x0, 0x0, 0x0,
    0x0, 0x7e, 0xff, 0xff, 0xff, 0xff, 0xff, 0xff,
    0x40, 0x0, 0x0, 0x0, 0xb, 0xff, 0xff, 0xff,
    0xff, 0xef, 0xff, 0xff, 0xf4, 0x0, 0x0, 0x0,
    0x6f, 0xff, 0xff, 0xff, 0xfc, 0x18, 0xff, 0xff,
    0xff, 0x40, 0x0, 0x0, 0xcf, 0xfd, 0x35, 0xff,
    0xf8, 0x0, 0x8f, 0xff, 0xff, 0xf4, 0x0, 0x0,
    0xff, 0xf5, 0x0, 0x9f, 0xfb, 0x0, 0x9, 0xff,
    0xff, 0xff, 0x40, 0x0, 0xff, 0xf6, 0x0, 0xaf,
    0xfb, 0x0, 0x0, 0x9f, 0xff, 0xff, 0xf3, 0x0,
    0xbf, 0xff, 0x89, 0xff, 0xf7, 0x0, 0x0, 0x9,
    0xff, 0xff, 0xff, 0x30, 0x4f, 0xff, 0xff, 0xff,
    0xe1, 0x0, 0x0, 0x0, 0xaf, 0xff, 0xff, 0x90,
    0x6, 0xff, 0xff, 0xfe, 0x30, 0x0, 0x0, 0x0,
    0x7, 0xef, 0xe8, 0x0, 0x0, 0x3a, 0xcc, 0x81,
    0x0, 0x0, 0x0, 0x0, 0x0, 0x0, 0x0, 0x0,

    /* U+F0C5 "" */
    0x0, 0x0, 0x0, 0x4c, 0xdd, 0xdd, 0xdd, 0xdd,
    0x11, 0xb2, 0x0, 0x0, 0x0, 0x0, 0xa, 0xff,
    0xff, 0xff, 0xff, 0xf1, 0x1f, 0xe2, 0x0, 0x0,
    0x0, 0x0, 0xaf, 0xff, 0xff, 0xff, 0xff, 0x11,
    0xff, 0xe2, 0x0, 0x0, 0x0, 0xa, 0xff, 0xff,
    0xff, 0xff, 0xf1, 0x1f, 0xff, 0xe2, 0x0, 0x0,
    0x0, 0xaf, 0xff, 0xff, 0xff, 0xff, 0x11, 0xff,
    0xff, 0xb9, 0xff, 0xfd, 0xa, 0xff, 0xff, 0xff,
    0xff, 0xf1, 0x0, 0x0, 0x0, 0xff, 0xff, 0xe0,
    0xaf, 0xff, 0xff, 0xff, 0xff, 0x70, 0x0, 0x0,
    0xf, 0xff, 0xfe, 0xa, 0xff, 0xff, 0xff, 0xff,
    0xff, 0xff, 0xff, 0xfc, 0xff, 0xff, 0xe0, 0xaf,
    0xff, 0xff, 0xff, 0xff, 0xff, 0xff, 0xff, 0xcf,
    0xff, 0xfe, 0xa, 0xff, 0xff, 0xff, 0xff, 0xff,
    0xff, 0xff, 0xfc, 0xff, 0xff, 0xe0, 0xaf, 0xff,
    0xff, 0xff, 0xff, 0xff, 0xff, 0xff, 0xcf, 0xff,
    0xfe, 0xa, 0xff, 0xff, 0xff, 0xff, 0xff, 0xff,
    0xff, 0xfc, 0xff, 0xff, 0xe0, 0xaf, 0xff, 0xff,
    0xff, 0xff, 0xff, 0xff, 0xff, 0xcf, 0xff, 0xfe,
    0xa, 0xff, 0xff, 0xff, 0xff, 0xff, 0xff, 0xff,
    0xfc, 0xff, 0xff, 0xe0, 0xaf, 0xff, 0xff, 0xff,
    0xff, 0xff, 0xff, 0xff, 0xcf, 0xff, 0xfe, 0xa,
    0xff, 0xff, 0xff, 0xff, 0xff, 0xff, 0xff, 0xfc,
    0xff, 0xff, 0xe0, 0xaf, 0xff, 0xff, 0xff, 0xff,
    0xff, 0xff, 0xff, 0xcf, 0xff, 0xfe, 0xa, 0xff,
    0xff, 0xff, 0xff, 0xff, 0xff, 0xff, 0xfc, 0xff,
    0xff, 0xe0, 0xaf, 0xff, 0xff, 0xff, 0xff, 0xff,
    0xff, 0xff, 0xcf, 0xff, 0xfe, 0xa, 0xff, 0xff,
    0xff, 0xff, 0xff, 0xff, 0xff, 0xfc, 0xff, 0xff,
    0xf0, 0x9f, 0xff, 0xff, 0xff, 0xff, 0xff, 0xff,
    0xff, 0xbf, 0xff, 0xff, 0x41, 0x89, 0x99, 0x99,
    0x99, 0x99, 0x99, 0x99, 0x82, 0xff, 0xff, 0xfe,
    0x50, 0x0, 0x0, 0x0, 0x0, 0x0, 0x0, 0x0,
    0xf, 0xff, 0xff, 0xff, 0xff, 0xff, 0xff, 0xff,
    0xf1, 0x0, 0x0, 0x0, 0xff, 0xff, 0xff, 0xff,
    0xff, 0xff, 0xff, 0xff, 0x10, 0x0, 0x0, 0xd,
    0xff, 0xff, 0xff, 0xff, 0xff, 0xff, 0xff, 0xe0,
    0x0, 0x0, 0x0, 0x13, 0x44, 0x44, 0x44, 0x44,
    0x44, 0x44, 0x31, 0x0, 0x0, 0x0, 0x0,

    /* U+F0C7 "" */
    0x0, 0x12, 0x22, 0x22, 0x22, 0x22, 0x22, 0x21,
    0x0, 0x0, 0x0, 0x3, 0xef, 0xff, 0xff, 0xff,
    0xff, 0xff, 0xff, 0xff, 0x70, 0x0, 0x0, 0xcf,
    0xff, 0xff, 0xff, 0xff, 0xff, 0xff, 0xff, 0xff,
    0x80, 0x0, 0xf, 0xff, 0xff, 0xff, 0xff, 0xff,
    0xff, 0xff, 0xff, 0xff, 0x80, 0x0, 0xff, 0xf6,
    0x22, 0x22, 0x22, 0x22, 0x22, 0x24, 0xff, 0xff,
    0x80, 0xf, 0xff, 0x40, 0x0, 0x0, 0x0, 0x0,
    0x0, 0xe, 0xff, 0xff, 0x70, 0xff, 0xf4, 0x0,
    0x0, 0x0, 0x0, 0x0, 0x0, 0xef, 0xff, 0xff,
    0x4f, 0xff, 0x40, 0x0, 0x0, 0x0, 0x0, 0x0,
    0xe, 0xff, 0xff, 0xf8, 0xff, 0xf4, 0x0, 0x0,
    0x0, 0x0, 0x0, 0x0, 0xef, 0xff, 0xff, 0x9f,
    0xff, 0x40, 0x0, 0x0, 0x0, 0x0, 0x0, 0xe,
    0xff, 0xff, 0xf9, 0xff, 0xf9, 0x44, 0x44, 0x44,
    0x44, 0x44, 0x45, 0xff, 0xff, 0xff, 0x9f, 0xff,
    0xff, 0xff, 0xff, 0xff, 0xff, 0xff, 0xff, 0xff,
    0xff, 0xf9, 0xff, 0xff, 0xff, 0xff, 0xff, 0xff,
    0xff, 0xff, 0xff, 0xff, 0xff, 0x9f, 0xff, 0xff,
    0xff, 0xff, 0xff, 0xff, 0xff, 0xff, 0xff, 0xff,
    0xf9, 0xff, 0xff, 0xff, 0xff, 0xf9, 0x10, 0x4d,
    0xff, 0xff, 0xff, 0xff, 0x9f, 0xff, 0xff, 0xff,
    0xfa, 0x0, 0x0, 0x2f, 0xff, 0xff, 0xff, 0xf9,
    0xff, 0xff, 0xff, 0xff, 0x40, 0x0, 0x0, 0xbf,
    0xff, 0xff, 0xff, 0x9f, 0xff, 0xff, 0xff, 0xf2,
    0x0, 0x0, 0x9, 0xff, 0xff, 0xff, 0xf9, 0xff,
    0xff, 0xff, 0xff, 0x60, 0x0, 0x0, 0xcf, 0xff,
    0xff, 0xff, 0x9f, 0xff, 0xff, 0xff, 0xfe, 0x10,
    0x0, 0x6f, 0xff, 0xff, 0xff, 0xf9, 0xff, 0xff,
    0xff, 0xff, 0xfe, 0x87, 0xbf, 0xff, 0xff, 0xff,
    0xff, 0x9f, 0xff, 0xff, 0xff, 0xff, 0xff, 0xff,
    0xff, 0xff, 0xff, 0xff, 0xf8, 0xaf, 0xff, 0xff,
    0xff, 0xff, 0xff, 0xff, 0xff, 0xff, 0xff, 0xff,
    0x41, 0x9d, 0xdd, 0xdd, 0xdd, 0xdd, 0xdd, 0xdd,
    0xdd, 0xdd, 0xdc, 0x60,

    /* U+F0C9 "" */
    0x8b, 0xbb, 0xbb, 0xbb, 0xbb, 0xbb, 0xbb, 0xbb,
    0xbb, 0xbb, 0xbb, 0x5f, 0xff, 0xff, 0xff, 0xff,
    0xff, 0xff, 0xff, 0xff, 0xff, 0xff, 0xfb, 0xff,
    0xff, 0xff, 0xff, 0xff, 0xff, 0xff, 0xff, 0xff,
    0xff, 0xff, 0xcc, 0xff, 0xff, 0xff, 0xff, 0xff,
    0xff, 0xff, 0xff, 0xff, 0xff, 0xf8, 0x0, 0x0,
    0x0, 0x0, 0x0, 0x0, 0x0, 0x0, 0x0, 0x0,
    0x0, 0x0, 0x0, 0x0, 0x0, 0x0, 0x0, 0x0,
    0x0, 0x0, 0x0, 0x0, 0x0, 0x0, 0x0, 0x0,
    0x0, 0x0, 0x0, 0x0, 0x0, 0x0, 0x0, 0x0,
    0x0, 0x0, 0x0, 0x0, 0x0, 0x0, 0x0, 0x0,
    0x0, 0x0, 0x0, 0x0, 0x69, 0x99, 0x99, 0x99,
    0x99, 0x99, 0x99, 0x99, 0x99, 0x99, 0x99, 0x4f,
    0xff, 0xff, 0xff, 0xff, 0xff, 0xff, 0xff, 0xff,
    0xff, 0xff, 0xfb, 0xff, 0xff, 0xff, 0xff, 0xff,
    0xff, 0xff, 0xff, 0xff, 0xff, 0xff, 0xcd, 0xff,
    0xff, 0xff, 0xff, 0xff, 0xff, 0xff, 0xff, 0xff,
    0xff, 0xf9, 0x0, 0x0, 0x0, 0x0, 0x0, 0x0,
    0x0, 0x0, 0x0, 0x0, 0x0, 0x0, 0x0, 0x0,
    0x0, 0x0, 0x0, 0x0, 0x0, 0x0, 0x0, 0x0,
    0x0, 0x0, 0x0, 0x0, 0x0, 0x0, 0x0, 0x0,
    0x0, 0x0, 0x0, 0x0, 0x0, 0x0, 0x0, 0x0,
    0x0, 0x0, 0x0, 0x0, 0x0, 0x0, 0x0, 0x0,
    0x69, 0x99, 0x99, 0x99, 0x99, 0x99, 0x99, 0x99,
    0x99, 0x99, 0x99, 0x4f, 0xff, 0xff, 0xff, 0xff,
    0xff, 0xff, 0xff, 0xff, 0xff, 0xff, 0xfb, 0xff,
    0xff, 0xff, 0xff, 0xff, 0xff, 0xff, 0xff, 0xff,
    0xff, 0xff, 0xcd, 0xff, 0xff, 0xff, 0xff, 0xff,
    0xff, 0xff, 0xff, 0xff, 0xff, 0xf9, 0x0, 0x0,
    0x0, 0x0, 0x0, 0x0, 0x0, 0x0, 0x0, 0x0,
    0x0, 0x0,

    /* U+F0E0 "" */
    0x1, 0x44, 0x44, 0x44, 0x44, 0x44, 0x44, 0x44,
    0x44, 0x44, 0x44, 0x44, 0x10, 0x4f, 0xff, 0xff,
    0xff, 0xff, 0xff, 0xff, 0xff, 0xff, 0xff, 0xff,
    0xff, 0xf4, 0xdf, 0xff, 0xff, 0xff, 0xff, 0xff,
    0xff, 0xff, 0xff, 0xff, 0xff, 0xff, 0xfd, 0xff,
    0xff, 0xff, 0xff, 0xff, 0xff, 0xff, 0xff, 0xff,
    0xff, 0xff, 0xff, 0xff, 0xef, 0xff, 0xff, 0xff,
    0xff, 0xff, 0xff, 0xff, 0xff, 0xff, 0xff, 0xff,
    0xfe, 0x2d, 0xff, 0xff, 0xff, 0xff, 0xff, 0xff,
    0xff, 0xff, 0xff, 0xff, 0xff, 0xd2, 0x0, 0xaf,
    0xff, 0xff, 0xff, 0xff, 0xff, 0xff, 0xff, 0xff,
    0xff, 0xfa, 0x0, 0xb2, 0x5, 0xff, 0xff, 0xff,
    0xff, 0xff, 0xff, 0xff, 0xff, 0xff, 0x60, 0x4e,
    0xff, 0x60, 0x2d, 0xff, 0xff, 0xff, 0xff, 0xff,
    0xff, 0xff, 0xd2, 0x8, 0xff, 0xff, 0xfa, 0x10,
    0x9f, 0xff, 0xff, 0xff, 0xff, 0xff, 0xf9, 0x2,
    0xcf, 0xff, 0xff, 0xff, 0xe4, 0x5, 0xef, 0xff,
    0xff, 0xff, 0xfe, 0x50, 0x5f, 0xff, 0xff, 0xff,
    0xff, 0xff, 0x80, 0x1c, 0xff, 0xff, 0xff, 0xc1,
    0xa, 0xff, 0xff, 0xff, 0xff, 0xff, 0xff, 0xfc,
    0x20, 0x8f, 0xff, 0xf8, 0x3, 0xdf, 0xff, 0xff,
    0xff, 0xff, 0xff, 0xff, 0xff, 0xf5, 0x2, 0x99,
    0x20, 0x6f, 0xff, 0xff, 0xff, 0xff, 0xff, 0xff,
    0xff, 0xff, 0xff, 0xb3, 0x0, 0x3b, 0xff, 0xff,
    0xff, 0xff, 0xff, 0xff, 0xff, 0xff, 0xff, 0xff,
    0xff, 0xff, 0xff, 0xff, 0xff, 0xff, 0xff, 0xff,
    0xff, 0xff, 0xff, 0xff, 0xff, 0xff, 0xff, 0xff,
    0xff, 0xff, 0xff, 0xff, 0xff, 0xff, 0xff, 0xff,
    0xff, 0xff, 0xff, 0xff, 0xff, 0xff, 0xff, 0xff,
    0xff, 0xff, 0xcf, 0xff, 0xff, 0xff, 0xff, 0xff,
    0xff, 0xff, 0xff, 0xff, 0xff, 0xff, 0xfc, 0x2c,
    0xff, 0xff, 0xff, 0xff, 0xff, 0xff, 0xff, 0xff,
    0xff, 0xff, 0xff, 0xc2,

    /* U+F0E7 "" */
    0x0, 0x9, 0xaa, 0xaa, 0xaa, 0xa9, 0x0, 0x0,
    0x0, 0x0, 0x5f, 0xff, 0xff, 0xff, 0xff, 0x50,
    0x0, 0x0, 0x0, 0x8f, 0xff, 0xff, 0xff, 0xff,
    0x10, 0x0, 0x0, 0x0, 0xaf, 0xff, 0xff, 0xff,
    0xfc, 0x0, 0x0, 0x0, 0x0, 0xcf, 0xff, 0xff,
    0xff, 0xf7, 0x0, 0x0, 0x0, 0x0, 0xef, 0xff,
    0xff, 0xff, 0xf2, 0x0, 0x0, 0x0, 0x0, 0xff,
    0xff, 0xff, 0xff, 0xd0, 0x0, 0x0, 0x0, 0x3,
    0xff, 0xff, 0xff, 0xff, 0x70, 0x0, 0x0, 0x0,
    0x5, 0xff, 0xff, 0xff, 0xff, 0xa8, 0x88, 0x88,
    0x60, 0x7, 0xff, 0xff, 0xff, 0xff, 0xff, 0xff,
    0xff, 0xf3, 0x9, 0xff, 0xff, 0xff, 0xff, 0xff,
    0xff, 0xff, 0xe0, 0xb, 0xff, 0xff, 0xff, 0xff,
    0xff, 0xff, 0xff, 0x60, 0xd, 0xff, 0xff, 0xff,
    0xff, 0xff, 0xff, 0xfc, 0x0, 0xf, 0xff, 0xff,
    0xff, 0xff, 0xff, 0xff, 0xf3, 0x0, 0x9, 0xff,
    0xff, 0xff, 0xff, 0xff, 0xff, 0xa0, 0x0, 0x0,
    0x0, 0x0, 0x0, 0xdf, 0xff, 0xff, 0x10, 0x0,
    0x0, 0x0, 0x0, 0x1, 0xff, 0xff, 0xf7, 0x0,
    0x0, 0x0, 0x0, 0x0, 0x5, 0xff, 0xff, 0xe0,
    0x0, 0x0, 0x0, 0x0, 0x0, 0x9, 0xff, 0xff,
    0x50, 0x0, 0x0, 0x0, 0x0, 0x0, 0xd, 0xff,
    0xfc, 0x0, 0x0, 0x0, 0x0, 0x0, 0x0, 0xf,
    0xff, 0xf3, 0x0, 0x0, 0x0, 0x0, 0x0, 0x0,
    0x4f, 0xff, 0x90, 0x0, 0x0, 0x0, 0x0, 0x0,
    0x0, 0x8f, 0xfe, 0x10, 0x0, 0x0, 0x0, 0x0,
    0x0, 0x0, 0xcf, 0xf7, 0x0, 0x0, 0x0, 0x0,
    0x0, 0x0, 0x0, 0xff, 0xd0, 0x0, 0x0, 0x0,
    0x0, 0x0, 0x0, 0x0, 0xff, 0x40, 0x0, 0x0,
    0x0, 0x0, 0x0, 0x0, 0x0, 0x23, 0x0, 0x0,
    0x0, 0x0, 0x0,

    /* U+F0EA "" */
    0x0, 0x0, 0x0, 0x6c, 0xc8, 0x0, 0x0, 0x0,
    0x0, 0x0, 0x0, 0x0, 0x33, 0x33, 0x8f, 0xff,
    0xfb, 0x33, 0x33, 0x10, 0x0, 0x0, 0x0, 0xdf,
    0xff, 0xff, 0xf7, 0x5f, 0xff, 0xff, 0xff, 0x10,
    0x0, 0x0, 0xf, 0xff, 0xff, 0xff, 0x0, 0xbf,
    0xff, 0xff, 0xf3, 0x0, 0x0, 0x0, 0xff, 0xff,
    0xff, 0xf5, 0x3f, 0xff, 0xff, 0xff, 0x30, 0x0,
    0x0, 0xf, 0xff, 0xff, 0xff, 0xff, 0xff, 0xff,
    0xff, 0xf3, 0x0, 0x0, 0x0, 0xff, 0xff, 0xff,
    0xff, 0xff, 0xff, 0xff, 0xff, 0x30, 0x0, 0x0,
    0xf, 0xff, 0xff, 0xff, 0xa2, 0x0, 0x0, 0x0,
    0x0, 0x0, 0x0, 0x0, 0xff, 0xff, 0xff, 0xd0,
    0x7d, 0xdd, 0xdd, 0xdd, 0x21, 0xb2, 0x0, 0xf,
    0xff, 0xff, 0xf8, 0xe, 0xff, 0xff, 0xff, 0xf3,
    0x1f, 0xe2, 0x0, 0xff, 0xff, 0xff, 0x80, 0xef,
    0xff, 0xff, 0xff, 0x31, 0xff, 0xe2, 0xf, 0xff,
    0xff, 0xf8, 0xe, 0xff, 0xff, 0xff, 0xf3, 0x1f,
    0xff, 0xe2, 0xff, 0xff, 0xff, 0x80, 0xef, 0xff,
    0xff, 0xff, 0x31, 0xff, 0xff, 0xbf, 0xff, 0xff,
    0xf8, 0xe, 0xff, 0xff, 0xff, 0xf3, 0x0, 0x0,
    0x0, 0xff, 0xff, 0xff, 0x80, 0xef, 0xff, 0xff,
    0xff, 0xa2, 0x22, 0x22, 0x1f, 0xff, 0xff, 0xf8,
    0xe, 0xff, 0xff, 0xff, 0xff, 0xff, 0xff, 0xfc,
    0xff, 0xff, 0xff, 0x80, 0xef, 0xff, 0xff, 0xff,
    0xff, 0xff, 0xff, 0xcf, 0xff, 0xff, 0xf8, 0xe,
    0xff, 0xff, 0xff, 0xff, 0xff, 0xff, 0xfc, 0xff,
    0xff, 0xff, 0x80, 0xef, 0xff, 0xff, 0xff, 0xff,
    0xff, 0xff, 0xcf, 0xff, 0xff, 0xf8, 0xe, 0xff,
    0xff, 0xff, 0xff, 0xff, 0xff, 0xfc, 0xef, 0xff,
    0xff, 0x80, 0xef, 0xff, 0xff, 0xff, 0xff, 0xff,
    0xff, 0xc2, 0x56, 0x66, 0x63, 0xe, 0xff, 0xff,
    0xff, 0xff, 0xff, 0xff, 0xfc, 0x0, 0x0, 0x0,
    0x0, 0xef, 0xff, 0xff, 0xff, 0xff, 0xff, 0xff,
    0xc0, 0x0, 0x0, 0x0, 0xe, 0xff, 0xff, 0xff,
    0xff, 0xff, 0xff, 0xfc, 0x0, 0x0, 0x0, 0x0,
    0xef, 0xff, 0xff, 0xff, 0xff, 0xff, 0xff, 0xc0,
    0x0, 0x0, 0x0, 0xc, 0xff, 0xff, 0xff, 0xff,
    0xff, 0xff, 0xfa, 0x0, 0x0, 0x0, 0x0, 0x3,
    0x44, 0x44, 0x44, 0x44, 0x44, 0x43, 0x0,

    /* U+F0F3 "" */
    0x0, 0x0, 0x0, 0x0, 0x0, 0x9e, 0x60, 0x0,
    0x0, 0x0, 0x0, 0x0, 0x0, 0x0, 0x0, 0x0,
    0x3f, 0xff, 0x0, 0x0, 0x0, 0x0, 0x0, 0x0,
    0x0, 0x0, 0x0, 0x5, 0xff, 0xf1, 0x0, 0x0,
    0x0, 0x0, 0x0, 0x0, 0x0, 0x0, 0x7e, 0xff,
    0xff, 0xfc, 0x40, 0x0, 0x0, 0x0, 0x0, 0x0,
    0x1, 0xcf, 0xff, 0xff, 0xff, 0xff, 0x90, 0x0,
    0x0, 0x0, 0x0, 0x0, 0xdf, 0xff, 0xff, 0xff,
    0xff, 0xff, 0xa0, 0x0, 0x0, 0x0, 0x0, 0x9f,
    0xff, 0xff, 0xff, 0xff, 0xff, 0xff, 0x50, 0x0,
    0x0, 0x0, 0x2f, 0xff, 0xff, 0xff, 0xff, 0xff,
    0xff, 0xfd, 0x0, 0x0, 0x0, 0x7, 0xff, 0xff,
    0xff, 0xff, 0xff, 0xff, 0xff, 0xf3, 0x0, 0x0,
    0x0, 0xaf, 0xff, 0xff, 0xff, 0xff, 0xff, 0xff,
    0xff, 0x50, 0x0, 0x0, 0xb, 0xff, 0xff, 0xff,
    0xff, 0xff, 0xff, 0xff, 0xf7, 0x0, 0x0, 0x0,
    0xcf, 0xff, 0xff, 0xff, 0xff, 0xff, 0xff, 0xff,
    0x80, 0x0, 0x0, 0xd, 0xff, 0xff, 0xff, 0xff,
    0xff, 0xff, 0xff, 0xf9, 0x0, 0x0, 0x0, 0xff,
    0xff, 0xff, 0xff, 0xff, 0xff, 0xff, 0xff, 0xc0,
    0x0, 0x0, 0x4f, 0xff, 0xff, 0xff, 0xff, 0xff,
    0xff, 0xff, 0xff, 0x0, 0x0, 0x9, 0xff, 0xff,
    0xff, 0xff, 0xff, 0xff, 0xff, 0xff, 0xf5, 0x0,
    0x1, 0xef, 0xff, 0xff, 0xff, 0xff, 0xff, 0xff,
    0xff, 0xff, 0xb0, 0x0, 0xbf, 0xff, 0xff, 0xff,
    0xff, 0xff, 0xff, 0xff, 0xff, 0xff, 0x70, 0x9f,
    0xff, 0xff, 0xff, 0xff, 0xff, 0xff, 0xff, 0xff,
    0xff, 0xff, 0x5f, 0xff, 0xff, 0xff, 0xff, 0xff,
    0xff, 0xff, 0xff, 0xff, 0xff, 0xfb, 0x9f, 0xff,
    0xff, 0xff, 0xff, 0xff, 0xff, 0xff, 0xff, 0xff,
    0xff, 0x60, 0x12, 0x22, 0x22, 0x22, 0x22, 0x22,
    0x22, 0x22, 0x22, 0x22, 0x10, 0x0, 0x0, 0x0,
    0x0, 0x0, 0x0, 0x0, 0x0, 0x0, 0x0, 0x0,
    0x0, 0x0, 0x0, 0x0, 0xc, 0xff, 0xff, 0xf8,
    0x0, 0x0, 0x0, 0x0, 0x0, 0x0, 0x0, 0x0,
    0x7f, 0xff, 0xff, 0x30, 0x0, 0x0, 0x0, 0x0,
    0x0, 0x0, 0x0, 0x0, 0x9f, 0xff, 0x60, 0x0,
    0x0, 0x0, 0x0, 0x0, 0x0, 0x0, 0x0, 0x0,
    0x13, 0x0, 0x0, 0x0, 0x0, 0x0, 0x0,

    /* U+F11C "" */
    0x1, 0x44, 0x44, 0x44, 0x44, 0x44, 0x44, 0x44,
    0x44, 0x44, 0x44, 0x44, 0x44, 0x42, 0x0, 0x5f,
    0xff, 0xff, 0xff, 0xff, 0xff, 0xff, 0xff, 0xff,
    0xff, 0xff, 0xff, 0xff, 0xff, 0x80, 0xef, 0xff,
    0xff, 0xff, 0xff, 0xff, 0xff, 0xff, 0xff, 0xff,
    0xff, 0xff, 0xff, 0xff, 0xf1, 0xff, 0xff, 0xff,
    0xff, 0xff, 0xff, 0xff, 0xff, 0xff, 0xff, 0xff,
    0xff, 0xff, 0xff, 0xf3, 0xff, 0xf4, 0x0, 0x9f,
    0x20, 0xb, 0xf1, 0x0, 0xcf, 0x0, 0xf, 0xc0,
    0x1, 0xff, 0xf4, 0xff, 0xf4, 0x0, 0x8f, 0x10,
    0xa, 0xf0, 0x0, 0xbe, 0x0, 0xe, 0xb0, 0x0,
    0xff, 0xf4, 0xff, 0xf5, 0x0, 0xaf, 0x20, 0xb,
    0xf1, 0x0, 0xcf, 0x0, 0xf, 0xc0, 0x1, 0xff,
    0xf4, 0xff, 0xff, 0xff, 0xff, 0xff, 0xff, 0xff,
    0xff, 0xff, 0xff, 0xff, 0xff, 0xff, 0xff, 0xf4,
    0xff, 0xff, 0xff, 0xaa, 0xbf, 0xea, 0xac, 0xfe,
    0xaa, 0xdf, 0xda, 0xad, 0xff, 0xff, 0xf4, 0xff,
    0xff, 0xfb, 0x0, 0x1f, 0x80, 0x2, 0xf7, 0x0,
    0x4f, 0x40, 0x7, 0xff, 0xff, 0xf4, 0xff, 0xff,
    0xfb, 0x0, 0x1f, 0x80, 0x2, 0xf7, 0x0, 0x4f,
    0x40, 0x7, 0xff, 0xff, 0xf4, 0xff, 0xff, 0xfc,
    0x0, 0x3f, 0xa0, 0x4, 0xf9, 0x0, 0x6f, 0x60,
    0x8, 0xff, 0xff, 0xf4, 0xff, 0xff, 0xff, 0xff,
    0xff, 0xff, 0xff, 0xff, 0xff, 0xff, 0xff, 0xff,
    0xff, 0xff, 0xf4, 0xff, 0xfc, 0x99, 0xef, 0xb9,
    0x99, 0x99, 0x99, 0x99, 0x99, 0xaf, 0xf9, 0x9a,
    0xff, 0xf4, 0xff, 0xf4, 0x0, 0x8f, 0x10, 0x0,
    0x0, 0x0, 0x0, 0x0, 0xe, 0xb0, 0x0, 0xff,
    0xf4, 0xff, 0xf4, 0x0, 0x8f, 0x10, 0x0, 0x0,
    0x0, 0x0, 0x0, 0xe, 0xb0, 0x0, 0xff, 0xf4,
    0xff, 0xf8, 0x44, 0xbf, 0x64, 0x44, 0x44, 0x44,
    0x44, 0x44, 0x4f, 0xd4, 0x45, 0xff, 0xf4, 0xff,
    0xff, 0xff, 0xff, 0xff, 0xff, 0xff, 0xff, 0xff,
    0xff, 0xff, 0xff, 0xff, 0xff, 0xf3, 0xcf, 0xff,
    0xff, 0xff, 0xff, 0xff, 0xff, 0xff, 0xff, 0xff,
    0xff, 0xff, 0xff, 0xff, 0xf1, 0x2c, 0xff, 0xff,
    0xff, 0xff, 0xff, 0xff, 0xff, 0xff, 0xff, 0xff,
    0xff, 0xff, 0xfd, 0x40,

    /* U+F124 "" */
    0x0, 0x0, 0x0, 0x0, 0x0, 0x0, 0x0, 0x0,
    0x0, 0x0, 0x0, 0x0, 0x0, 0x0, 0x0, 0x0,
    0x0, 0x0, 0x0, 0x0, 0x0, 0x0, 0x0, 0x0,
    0x0, 0x17, 0xb7, 0x0, 0x0, 0x0, 0x0, 0x0,
    0x0, 0x0, 0x0, 0x0, 0x0, 0x0, 0x29, 0xff,
    0xff, 0x80, 0x0, 0x0, 0x0, 0x0, 0x0, 0x0,
    0x0, 0x0, 0x0, 0x3a, 0xff, 0xff, 0xff, 0xf0,
    0x0, 0x0, 0x0, 0x0, 0x0, 0x0, 0x0, 0x0,
    0x4b, 0xff, 0xff, 0xff, 0xff, 0xd0, 0x0, 0x0,
    0x0, 0x0, 0x0, 0x0, 0x0, 0x5d, 0xff, 0xff,
    0xff, 0xff, 0xff, 0x60, 0x0, 0x0, 0x0, 0x0,
    0x0, 0x0, 0x7e, 0xff, 0xff, 0xff, 0xff, 0xff,
    0xfe, 0x0, 0x0, 0x0, 0x0, 0x0, 0x1, 0x8f,
    0xff, 0xff, 0xff, 0xff, 0xff, 0xff, 0xf7, 0x0,
    0x0, 0x0, 0x0, 0x2, 0x9f, 0xff, 0xff, 0xff,
    0xff, 0xff, 0xff, 0xff, 0xf1, 0x0, 0x0, 0x0,
    0x3, 0xbf, 0xff, 0xff, 0xff, 0xff, 0xff, 0xff,
    0xff, 0xff, 0x90, 0x0, 0x0, 0x5, 0xcf, 0xff,
    0xff, 0xff, 0xff, 0xff, 0xff, 0xff, 0xff, 0xff,
    0x20, 0x0, 0x2, 0xdf, 0xff, 0xff, 0xff, 0xff,
    0xff, 0xff, 0xff, 0xff, 0xff, 0xfa, 0x0, 0x0,
    0xc, 0xff, 0xff, 0xff, 0xff, 0xff, 0xff, 0xff,
    0xff, 0xff, 0xff, 0xf3, 0x0, 0x0, 0xf, 0xff,
    0xff, 0xff, 0xff, 0xff, 0xff, 0xff, 0xff, 0xff,
    0xff, 0xb0, 0x0, 0x0, 0xb, 0xff, 0xff, 0xff,
    0xff, 0xff, 0xff, 0xff, 0xff, 0xff, 0xff, 0x40,
    0x0, 0x0, 0x1, 0xad, 0xee, 0xee, 0xee, 0xee,
    0xff, 0xff, 0xff, 0xff, 0xfd, 0x0, 0x0, 0x0,
    0x0, 0x0, 0x0, 0x0, 0x0, 0x0, 0xaf, 0xff,
    0xff, 0xff, 0xf5, 0x0, 0x0, 0x0, 0x0, 0x0,
    0x0, 0x0, 0x0, 0x0, 0xaf, 0xff, 0xff, 0xff,
    0xe0, 0x0, 0x0, 0x0, 0x0, 0x0, 0x0, 0x0,
    0x0, 0x0, 0xaf, 0xff, 0xff, 0xff, 0x60, 0x0,
    0x0, 0x0, 0x0, 0x0, 0x0, 0x0, 0x0, 0x0,
    0xaf, 0xff, 0xff, 0xfe, 0x0, 0x0, 0x0, 0x0,
    0x0, 0x0, 0x0, 0x0, 0x0, 0x0, 0xaf, 0xff,
    0xff, 0xf8, 0x0, 0x0, 0x0, 0x0, 0x0, 0x0,
    0x0, 0x0, 0x0, 0x0, 0xaf, 0xff, 0xff, 0xf1,
    0x0, 0x0, 0x0, 0x0, 0x0, 0x0, 0x0, 0x0,
    0x0, 0x0, 0xaf, 0xff, 0xff, 0x90, 0x0, 0x0,
    0x0, 0x0, 0x0, 0x0, 0x0, 0x0, 0x0, 0x0,
    0xaf, 0xff, 0xff, 0x20, 0x0, 0x0, 0x0, 0x0,
    0x0, 0x0, 0x0, 0x0, 0x0, 0x0, 0x9f, 0xff,
    0xfa, 0x0, 0x0, 0x0, 0x0, 0x0, 0x0, 0x0,
    0x0, 0x0, 0x0, 0x0, 0x7f, 0xff, 0xf3, 0x0,
    0x0, 0x0, 0x0, 0x0, 0x0, 0x0, 0x0, 0x0,
    0x0, 0x0, 0x1c, 0xff, 0x80, 0x0, 0x0, 0x0,
    0x0, 0x0, 0x0, 0x0, 0x0, 0x0, 0x0, 0x0,
    0x0, 0x31, 0x0, 0x0, 0x0, 0x0, 0x0, 0x0,

    /* U+F15B "" */
    0x48, 0x88, 0x88, 0x88, 0x88, 0x83, 0x7, 0x0,
    0x0, 0x0, 0xff, 0xff, 0xff, 0xff, 0xff, 0xf6,
    0xf, 0xc1, 0x0, 0x0, 0xff, 0xff, 0xff, 0xff,
    0xff, 0xf6, 0xf, 0xfc, 0x10, 0x0, 0xff, 0xff,
    0xff, 0xff, 0xff, 0xf6, 0xf, 0xff, 0xc1, 0x0,
    0xff, 0xff, 0xff, 0xff, 0xff, 0xf6, 0xf, 0xff,
    0xfc, 0x10, 0xff, 0xff, 0xff, 0xff, 0xff, 0xf6,
    0xf, 0xff, 0xff, 0xc0, 0xff, 0xff, 0xff, 0xff,
    0xff, 0xf6, 0xf, 0xff, 0xff, 0xf6, 0xff, 0xff,
    0xff, 0xff, 0xff, 0xf9, 0x0, 0x0, 0x0, 0x0,
    0xff, 0xff, 0xff, 0xff, 0xff, 0xff, 0xdd, 0xdd,
    0xdd, 0xd6, 0xff, 0xff, 0xff, 0xff, 0xff, 0xff,
    0xff, 0xff, 0xff, 0xf8, 0xff, 0xff, 0xff, 0xff,
    0xff, 0xff, 0xff, 0xff, 0xff, 0xf8, 0xff, 0xff,
    0xff, 0xff, 0xff, 0xff, 0xff, 0xff, 0xff, 0xf8,
    0xff, 0xff, 0xff, 0xff, 0xff, 0xff, 0xff, 0xff,
    0xff, 0xf8, 0xff, 0xff, 0xff, 0xff, 0xff, 0xff,
    0xff, 0xff, 0xff, 0xf8, 0xff, 0xff, 0xff, 0xff,
    0xff, 0xff, 0xff, 0xff, 0xff, 0xf8, 0xff, 0xff,
    0xff, 0xff, 0xff, 0xff, 0xff, 0xff, 0xff, 0xf8,
    0xff, 0xff, 0xff, 0xff, 0xff, 0xff, 0xff, 0xff,
    0xff, 0xf8, 0xff, 0xff, 0xff, 0xff, 0xff, 0xff,
    0xff, 0xff, 0xff, 0xf8, 0xff, 0xff, 0xff, 0xff,
    0xff, 0xff, 0xff, 0xff, 0xff, 0xf8, 0xff, 0xff,
    0xff, 0xff, 0xff, 0xff, 0xff, 0xff, 0xff, 0xf8,
    0xff, 0xff, 0xff, 0xff, 0xff, 0xff, 0xff, 0xff,
    0xff, 0xf8, 0xff, 0xff, 0xff, 0xff, 0xff, 0xff,
    0xff, 0xff, 0xff, 0xf8, 0xff, 0xff, 0xff, 0xff,
    0xff, 0xff, 0xff, 0xff, 0xff, 0xf8, 0xff, 0xff,
    0xff, 0xff, 0xff, 0xff, 0xff, 0xff, 0xff, 0xf8,
    0xff, 0xff, 0xff, 0xff, 0xff, 0xff, 0xff, 0xff,
    0xff, 0xf7, 0xbf, 0xff, 0xff, 0xff, 0xff, 0xff,
    0xff, 0xff, 0xff, 0xf3, 0x0, 0x0, 0x0, 0x0,
    0x0, 0x0, 0x0, 0x0, 0x0, 0x0,

    /* U+F1EB "" */
    0x0, 0x0, 0x0, 0x0, 0x0, 0x0, 0x0, 0x1,
    0x21, 0x0, 0x0, 0x0, 0x0, 0x0, 0x0, 0x0,
    0x0, 0x0, 0x0, 0x0, 0x0, 0x26, 0xad, 0xff,
    0xff, 0xff, 0xeb, 0x84, 0x0, 0x0, 0x0, 0x0,
    0x0, 0x0, 0x0, 0x0, 0x17, 0xdf, 0xff, 0xff,
    0xff, 0xff, 0xff, 0xff, 0xff, 0xa3, 0x0, 0x0,
    0x0, 0x0, 0x0, 0x1, 0x8f, 0xff, 0xff, 0xff,
    0xff, 0xff, 0xff, 0xff, 0xff, 0xff, 0xfc, 0x40,
    0x0, 0x0, 0x0, 0x5, 0xef, 0xff, 0xff, 0xff,
    0xff, 0xff, 0xff, 0xff, 0xff, 0xff, 0xff, 0xff,
    0xa1, 0x0, 0x0, 0x1b, 0xff, 0xff, 0xff, 0xfc,
    0x84, 0x20, 0x0, 0x1, 0x36, 0xae, 0xff, 0xff,
    0xff, 0xf5, 0x0, 0x2d, 0xff, 0xff, 0xfe, 0x81,
    0x0, 0x0, 0x0, 0x0, 0x0, 0x0, 0x4, 0xbf,
    0xff, 0xff, 0xf7, 0xd, 0xff, 0xff, 0xf8, 0x0,
    0x0, 0x0, 0x0, 0x0, 0x0, 0x0, 0x0, 0x0,
    0x3c, 0xff, 0xff, 0xf5, 0x8f, 0xff, 0xd2, 0x0,
    0x0, 0x0, 0x0, 0x0, 0x0, 0x0, 0x0, 0x0,
    0x0, 0x8, 0xff, 0xfe, 0x10, 0x8f, 0xa0, 0x0,
    0x0, 0x0, 0x38, 0xcd, 0xef, 0xec, 0xa6, 0x10,
    0x0, 0x0, 0x4, 0xfe, 0x20, 0x0, 0x30, 0x0,
    0x0, 0x7, 0xef, 0xff, 0xff, 0xff, 0xff, 0xff,
    0xa3, 0x0, 0x0, 0x1, 0x10, 0x0, 0x0, 0x0,
    0x0, 0x4e, 0xff, 0xff, 0xff, 0xff, 0xff, 0xff,
    0xff, 0xfa, 0x0, 0x0, 0x0, 0x0, 0x0, 0x0,
    0x0, 0x8f, 0xff, 0xff, 0xff, 0xff, 0xff, 0xff,
    0xff, 0xff, 0xfd, 0x30, 0x0, 0x0, 0x0, 0x0,
    0x0, 0x3f, 0xff, 0xff, 0xfb, 0x63, 0x21, 0x24,
    0x8d, 0xff, 0xff, 0xfb, 0x0, 0x0, 0x0, 0x0,
    0x0, 0x0, 0xaf, 0xff, 0x91, 0x0, 0x0, 0x0,
    0x0, 0x5, 0xdf, 0xfe, 0x30, 0x0, 0x0, 0x0,
    0x0, 0x0, 0x0, 0x9e, 0x40, 0x0, 0x0, 0x0,
    0x0, 0x0, 0x0, 0xae, 0x30, 0x0, 0x0, 0x0,
    0x0, 0x0, 0x0, 0x0, 0x0, 0x0, 0x0, 0x0,
    0x0, 0x0, 0x0, 0x0, 0x0, 0x0, 0x0, 0x0,
    0x0, 0x0, 0x0, 0x0, 0x0, 0x0, 0x0, 0x5,
    0xbd, 0x91, 0x0, 0x0, 0x0, 0x0, 0x0, 0x0,
    0x0, 0x0, 0x0, 0x0, 0x0, 0x0, 0x0, 0x5,
    0xff, 0xff, 0xd0, 0x0, 0x0, 0x0, 0x0, 0x0,
    0x0, 0x0, 0x0, 0x0, 0x0, 0x0, 0x0, 0x0,
    0xdf, 0xff, 0xff, 0x50, 0x0, 0x0, 0x0, 0x0,
    0x0, 0x0, 0x0, 0x0, 0x0, 0x0, 0x0, 0x0,
    0xf, 0xff, 0xff, 0xf7, 0x0, 0x0, 0x0, 0x0,
    0x0, 0x0, 0x0, 0x0, 0x0, 0x0, 0x0, 0x0,
    0x0, 0xcf, 0xff, 0xff, 0x40, 0x0, 0x0, 0x0,
    0x0, 0x0, 0x0, 0x0, 0x0, 0x0, 0x0, 0x0,
    0x0, 0x3, 0xff, 0xff, 0xa0, 0x0, 0x0, 0x0,
    0x0, 0x0, 0x0, 0x0, 0x0, 0x0, 0x0, 0x0,
    0x0, 0x0, 0x1, 0x79, 0x50, 0x0, 0x0, 0x0,
    0x0, 0x0, 0x0, 0x0,

    /* U+F240 "" */
    0x1b, 0xef, 0xff, 0xff, 0xff, 0xff, 0xff, 0xff,
    0xff, 0xff, 0xff, 0xff, 0xff, 0xff, 0xe9, 0x0,
    0xb, 0xff, 0xff, 0xff, 0xff, 0xff, 0xff, 0xff,
    0xff, 0xff, 0xff, 0xff, 0xff, 0xff, 0xff, 0xf7,
    0x0, 0xff, 0xff, 0xff, 0xff, 0xff, 0xff, 0xff,
    0xff, 0xff, 0xff, 0xff, 0xff, 0xff, 0xff, 0xff,
    0xa0, 0xf, 0xff, 0x74, 0x44, 0x44, 0x44, 0x44,
    0x44, 0x44, 0x44, 0x44, 0x44, 0x44, 0x44, 0xaf,
    0xfe, 0x90, 0xff, 0xf4, 0x0, 0x0, 0x0, 0x0,
    0x0, 0x0, 0x0, 0x0, 0x0, 0x0, 0x0, 0x8,
    0xff, 0xff, 0x4f, 0xff, 0x42, 0xff, 0xff, 0xff,
    0xff, 0xff, 0xff, 0xff, 0xff, 0xff, 0xff, 0xf0,
    0x8f, 0xff, 0xf5, 0xff, 0xf4, 0x2f, 0xff, 0xff,
    0xff, 0xff, 0xff, 0xff, 0xff, 0xff, 0xff, 0xff,
    0x4, 0x8f, 0xff, 0x5f, 0xff, 0x42, 0xff, 0xff,
    0xff, 0xff, 0xff, 0xff, 0xff, 0xff, 0xff, 0xff,
    0xf0, 0x0, 0xef, 0xf5, 0xff, 0xf4, 0x2f, 0xff,
    0xff, 0xff, 0xff, 0xff, 0xff, 0xff, 0xff, 0xff,
    0xff, 0x0, 0xe, 0xff, 0x5f, 0xff, 0x42, 0xff,
    0xff, 0xff, 0xff, 0xff, 0xff, 0xff, 0xff, 0xff,
    0xff, 0xf0, 0x13, 0xff, 0xf5, 0xff, 0xf4, 0x2f,
    0xff, 0xff, 0xff, 0xff, 0xff, 0xff, 0xff, 0xff,
    0xff, 0xff, 0x8, 0xff, 0xff, 0x5f, 0xff, 0x41,
    0x88, 0x88, 0x88, 0x88, 0x88, 0x88, 0x88, 0x88,
    0x88, 0x88, 0x80, 0x8f, 0xff, 0xf5, 0xff, 0xf4,
    0x0, 0x0, 0x0, 0x0, 0x0, 0x0, 0x0, 0x0,
    0x0, 0x0, 0x0, 0x8, 0xff, 0xfe, 0x1f, 0xff,
    0xff, 0xff, 0xff, 0xff, 0xff, 0xff, 0xff, 0xff,
    0xff, 0xff, 0xff, 0xff, 0xff, 0xfb, 0x0, 0xdf,
    0xff, 0xff, 0xff, 0xff, 0xff, 0xff, 0xff, 0xff,
    0xff, 0xff, 0xff, 0xff, 0xff, 0xff, 0x90, 0x5,
    0xff, 0xff, 0xff, 0xff, 0xff, 0xff, 0xff, 0xff,
    0xff, 0xff, 0xff, 0xff, 0xff, 0xff, 0xe1, 0x0,
    0x1, 0x44, 0x44, 0x44, 0x44, 0x44, 0x44, 0x44,
    0x44, 0x44, 0x44, 0x44, 0x44, 0x44, 0x30, 0x0,
    0x0,

    /* U+F241 "" */
    0x1b, 0xef, 0xff, 0xff, 0xff, 0xff, 0xff, 0xff,
    0xff, 0xff, 0xff, 0xff, 0xff, 0xff, 0xe9, 0x0,
    0xb, 0xff, 0xff, 0xff, 0xff, 0xff, 0xff, 0xff,
    0xff, 0xff, 0xff, 0xff, 0xff, 0xff, 0xff, 0xf7,
    0x0, 0xff, 0xff, 0xff, 0xff, 0xff, 0xff, 0xff,
    0xff, 0xff, 0xff, 0xff, 0xff, 0xff, 0xff, 0xff,
    0xa0, 0xf, 0xff, 0x74, 0x44, 0x44, 0x44, 0x44,
    0x44, 0x44, 0x44, 0x44, 0x44, 0x44, 0x44, 0xaf,
    0xfe, 0x90, 0xff, 0xf4, 0x0, 0x0, 0x0, 0x0,
    0x0, 0x0, 0x0, 0x0, 0x0, 0x0, 0x0, 0x8,
    0xff, 0xff, 0x4f, 0xff, 0x42, 0xff, 0xff, 0xff,
    0xff, 0xff, 0xff, 0xff, 0xff, 0x20, 0x0, 0x0,
    0x8f, 0xff, 0xf5, 0xff, 0xf4, 0x2f, 0xff, 0xff,
    0xff, 0xff, 0xff, 0xff, 0xff, 0xf2, 0x0, 0x0,
    0x4, 0x8f, 0xff, 0x5f, 0xff, 0x42, 0xff, 0xff,
    0xff, 0xff, 0xff, 0xff, 0xff, 0xff, 0x20, 0x0,
    0x0, 0x0, 0xef, 0xf5, 0xff, 0xf4, 0x2f, 0xff,
    0xff, 0xff, 0xff, 0xff, 0xff, 0xff, 0xf2, 0x0,
    0x0, 0x0, 0xe, 0xff, 0x5f, 0xff, 0x42, 0xff,
    0xff, 0xff, 0xff, 0xff, 0xff, 0xff, 0xff, 0x20,
    0x0, 0x0, 0x13, 0xff, 0xf5, 0xff, 0xf4, 0x2f,
    0xff, 0xff, 0xff, 0xff, 0xff, 0xff, 0xff, 0xf2,
    0x0, 0x0, 0x8, 0xff, 0xff, 0x5f, 0xff, 0x41,
    0x88, 0x88, 0x88, 0x88, 0x88, 0x88, 0x88, 0x88,
    0x10, 0x0, 0x0, 0x8f, 0xff, 0xf5, 0xff, 0xf4,
    0x0, 0x0, 0x0, 0x0, 0x0, 0x0, 0x0, 0x0,
    0x0, 0x0, 0x0, 0x8, 0xff, 0xfe, 0x1f, 0xff,
    0xff, 0xff, 0xff, 0xff, 0xff, 0xff, 0xff, 0xff,
    0xff, 0xff, 0xff, 0xff, 0xff, 0xfb, 0x0, 0xdf,
    0xff, 0xff, 0xff, 0xff, 0xff, 0xff, 0xff, 0xff,
    0xff, 0xff, 0xff, 0xff, 0xff, 0xff, 0x90, 0x5,
    0xff, 0xff, 0xff, 0xff, 0xff, 0xff, 0xff, 0xff,
    0xff, 0xff, 0xff, 0xff, 0xff, 0xff, 0xe1, 0x0,
    0x1, 0x44, 0x44, 0x44, 0x44, 0x44, 0x44, 0x44,
    0x44, 0x44, 0x44, 0x44, 0x44, 0x44, 0x30, 0x0,
    0x0,

    /* U+F242 "" */
    0x1b, 0xef, 0xff, 0xff, 0xff, 0xff, 0xff, 0xff,
    0xff, 0xff, 0xff, 0xff, 0xff, 0xff, 0xe9, 0x0,
    0xb, 0xff, 0xff, 0xff, 0xff, 0xff, 0xff, 0xff,
    0xff, 0xff, 0xff, 0xff, 0xff, 0xff, 0xff, 0xf7,
    0x0, 0xff, 0xff, 0xff, 0xff, 0xff, 0xff, 0xff,
    0xff, 0xff, 0xff, 0xff, 0xff, 0xff, 0xff, 0xff,
    0xa0, 0xf, 0xff, 0x74, 0x44, 0x44, 0x44, 0x44,
    0x44, 0x44, 0x44, 0x44, 0x44, 0x44, 0x44, 0xaf,
    0xfe, 0x90, 0xff, 0xf4, 0x0, 0x0, 0x0, 0x0,
    0x0, 0x0, 0x0, 0x0, 0x0, 0x0, 0x0, 0x8,
    0xff, 0xff, 0x4f, 0xff, 0x42, 0xff, 0xff, 0xff,
    0xff, 0xff, 0xf4, 0x0, 0x0, 0x0, 0x0, 0x0,
    0x8f, 0xff, 0xf5, 0xff, 0xf4, 0x2f, 0xff, 0xff,
    0xff, 0xff, 0xff, 0x40, 0x0, 0x0, 0x0, 0x0,
    0x4, 0x8f, 0xff, 0x5f, 0xff, 0x42, 0xff, 0xff,
    0xff, 0xff, 0xff, 0xf4, 0x0, 0x0, 0x0, 0x0,
    0x0, 0x0, 0xef, 0xf5, 0xff, 0xf4, 0x2f, 0xff,
    0xff, 0xff, 0xff, 0xff, 0x40, 0x0, 0x0, 0x0,
    0x0, 0x0, 0xe, 0xff, 0x5f, 0xff, 0x42, 0xff,
    0xff, 0xff, 0xff, 0xff, 0xf4, 0x0, 0x0, 0x0,
    0x0, 0x0, 0x13, 0xff, 0xf5, 0xff, 0xf4, 0x2f,
    0xff, 0xff, 0xff, 0xff, 0xff, 0x40, 0x0, 0x0,
    0x0, 0x0, 0x8, 0xff, 0xff, 0x5f, 0xff, 0x41,
    0x88, 0x88, 0x88, 0x88, 0x88, 0x82, 0x0, 0x0,
    0x0, 0x0, 0x0, 0x8f, 0xff, 0xf5, 0xff, 0xf4,
    0x0, 0x0, 0x0, 0x0, 0x0, 0x0, 0x0, 0x0,
    0x0, 0x0, 0x0, 0x8, 0xff, 0xfe, 0x1f, 0xff,
    0xff, 0xff, 0xff, 0xff, 0xff, 0xff, 0xff, 0xff,
    0xff, 0xff, 0xff, 0xff, 0xff, 0xfb, 0x0, 0xdf,
    0xff, 0xff, 0xff, 0xff, 0xff, 0xff, 0xff, 0xff,
    0xff, 0xff, 0xff, 0xff, 0xff, 0xff, 0x90, 0x5,
    0xff, 0xff, 0xff, 0xff, 0xff, 0xff, 0xff, 0xff,
    0xff, 0xff, 0xff, 0xff, 0xff, 0xff, 0xe1, 0x0,
    0x1, 0x44, 0x44, 0x44, 0x44, 0x44, 0x44, 0x44,
    0x44, 0x44, 0x44, 0x44, 0x44, 0x44, 0x30, 0x0,
    0x0,

    /* U+F243 "" */
    0x1b, 0xef, 0xff, 0xff, 0xff, 0xff, 0xff, 0xff,
    0xff, 0xff, 0xff, 0xff, 0xff, 0xff, 0xe9, 0x0,
    0xb, 0xff, 0xff, 0xff, 0xff, 0xff, 0xff, 0xff,
    0xff, 0xff, 0xff, 0xff, 0xff, 0xff, 0xff, 0xf7,
    0x0, 0xff, 0xff, 0xff, 0xff, 0xff, 0xff, 0xff,
    0xff, 0xff, 0xff, 0xff, 0xff, 0xff, 0xff, 0xff,
    0xa0, 0xf, 0xff, 0x74, 0x44, 0x44, 0x44, 0x44,
    0x44, 0x44, 0x44, 0x44, 0x44, 0x44, 0x44, 0xaf,
    0xfe, 0x90, 0xff, 0xf4, 0x0, 0x0, 0x0, 0x0,
    0x0, 0x0, 0x0, 0x0, 0x0, 0x0, 0x0, 0x8,
    0xff, 0xff, 0x4f, 0xff, 0x41, 0xff, 0xff, 0xff,
    0x60, 0x0, 0x0, 0x0, 0x0, 0x0, 0x0, 0x0,
    0x8f, 0xff, 0xf5, 0xff, 0xf4, 0x1f, 0xff, 0xff,
    0xf6, 0x0, 0x0, 0x0, 0x0, 0x0, 0x0, 0x0,
    0x4, 0x8f, 0xff, 0x5f, 0xff, 0x41, 0xff, 0xff,
    0xff, 0x60, 0x0, 0x0, 0x0, 0x0, 0x0, 0x0,
    0x0, 0x0, 0xef, 0xf5, 0xff, 0xf4, 0x1f, 0xff,
    0xff, 0xf6, 0x0, 0x0, 0x0, 0x0, 0x0, 0x0,
    0x0, 0x0, 0xe, 0xff, 0x5f, 0xff, 0x41, 0xff,
    0xff, 0xff, 0x60, 0x0, 0x0, 0x0, 0x0, 0x0,
    0x0, 0x0, 0x13, 0xff, 0xf5, 0xff, 0xf4, 0x1f,
    0xff, 0xff, 0xf6, 0x0, 0x0, 0x0, 0x0, 0x0,
    0x0, 0x0, 0x8, 0xff, 0xff, 0x5f, 0xff, 0x40,
    0x88, 0x88, 0x88, 0x30, 0x0, 0x0, 0x0, 0x0,
    0x0, 0x0, 0x0, 0x8f, 0xff, 0xf5, 0xff, 0xf4,
    0x0, 0x0, 0x0, 0x0, 0x0, 0x0, 0x0, 0x0,
    0x0, 0x0, 0x0, 0x8, 0xff, 0xfe, 0x1f, 0xff,
    0xff, 0xff, 0xff, 0xff, 0xff, 0xff, 0xff, 0xff,
    0xff, 0xff, 0xff, 0xff, 0xff, 0xfb, 0x0, 0xdf,
    0xff, 0xff, 0xff, 0xff, 0xff, 0xff, 0xff, 0xff,
    0xff, 0xff, 0xff, 0xff, 0xff, 0xff, 0x90, 0x5,
    0xff, 0xff, 0xff, 0xff, 0xff, 0xff, 0xff, 0xff,
    0xff, 0xff, 0xff, 0xff, 0xff, 0xff, 0xe1, 0x0,
    0x1, 0x44, 0x44, 0x44, 0x44, 0x44, 0x44, 0x44,
    0x44, 0x44, 0x44, 0x44, 0x44, 0x44, 0x30, 0x0,
    0x0,

    /* U+F244 "" */
    0x1b, 0xef, 0xff, 0xff, 0xff, 0xff, 0xff, 0xff,
    0xff, 0xff, 0xff, 0xff, 0xff, 0xff, 0xe9, 0x0,
    0xb, 0xff, 0xff, 0xff, 0xff, 0xff, 0xff, 0xff,
    0xff, 0xff, 0xff, 0xff, 0xff, 0xff, 0xff, 0xf7,
    0x0, 0xff, 0xff, 0xff, 0xff, 0xff, 0xff, 0xff,
    0xff, 0xff, 0xff, 0xff, 0xff, 0xff, 0xff, 0xff,
    0xa0, 0xf, 0xff, 0x74, 0x44, 0x44, 0x44, 0x44,
    0x44, 0x44, 0x44, 0x44, 0x44, 0x44, 0x44, 0xaf,
    0xfe, 0x90, 0xff, 0xf4, 0x0, 0x0, 0x0, 0x0,
    0x0, 0x0, 0x0, 0x0, 0x0, 0x0, 0x0, 0x8,
    0xff, 0xff, 0x4f, 0xff, 0x40, 0x0, 0x0, 0x0,
    0x0, 0x0, 0x0, 0x0, 0x0, 0x0, 0x0, 0x0,
    0x8f, 0xff, 0xf5, 0xff, 0xf4, 0x0, 0x0, 0x0,
    0x0, 0x0, 0x0, 0x0, 0x0, 0x0, 0x0, 0x0,
    0x4, 0x8f, 0xff, 0x5f, 0xff, 0x40, 0x0, 0x0,
    0x0, 0x0, 0x0, 0x0, 0x0, 0x0, 0x0, 0x0,
    0x0, 0x0, 0xef, 0xf5, 0xff, 0xf4, 0x0, 0x0,
    0x0, 0x0, 0x0, 0x0, 0x0, 0x0, 0x0, 0x0,
    0x0, 0x0, 0xe, 0xff, 0x5f, 0xff, 0x40, 0x0,
    0x0, 0x0, 0x0, 0x0, 0x0, 0x0, 0x0, 0x0,
    0x0, 0x0, 0x13, 0xff, 0xf5, 0xff, 0xf4, 0x0,
    0x0, 0x0, 0x0, 0x0, 0x0, 0x0, 0x0, 0x0,
    0x0, 0x0, 0x8, 0xff, 0xff, 0x5f, 0xff, 0x40,
    0x0, 0x0, 0x0, 0x0, 0x0, 0x0, 0x0, 0x0,
    0x0, 0x0, 0x0, 0x8f, 0xff, 0xf5, 0xff, 0xf4,
    0x0, 0x0, 0x0, 0x0, 0x0, 0x0, 0x0, 0x0,
    0x0, 0x0, 0x0, 0x8, 0xff, 0xfe, 0x1f, 0xff,
    0xff, 0xff, 0xff, 0xff, 0xff, 0xff, 0xff, 0xff,
    0xff, 0xff, 0xff, 0xff, 0xff, 0xfb, 0x0, 0xdf,
    0xff, 0xff, 0xff, 0xff, 0xff, 0xff, 0xff, 0xff,
    0xff, 0xff, 0xff, 0xff, 0xff, 0xff, 0x90, 0x5,
    0xff, 0xff, 0xff, 0xff, 0xff, 0xff, 0xff, 0xff,
    0xff, 0xff, 0xff, 0xff, 0xff, 0xff, 0xe1, 0x0,
    0x1, 0x44, 0x44, 0x44, 0x44, 0x44, 0x44, 0x44,
    0x44, 0x44, 0x44, 0x44, 0x44, 0x44, 0x30, 0x0,
    0x0,

    /* U+F287 "" */
    0x0, 0x0, 0x0, 0x0, 0x0, 0x0, 0x0, 0x0,
    0x1, 0x77, 0x10, 0x0, 0x0, 0x0, 0x0, 0x0,
    0x0, 0x0, 0x0, 0x0, 0x0, 0x0, 0x0, 0x0,
    0x2, 0xef, 0xfe, 0x20, 0x0, 0x0, 0x0, 0x0,
    0x0, 0x0, 0x0, 0x0, 0x0, 0x0, 0x0, 0x5,
    0xbc, 0xdf, 0xff, 0xf9, 0x0, 0x0, 0x0, 0x0,
    0x0, 0x0, 0x0, 0x0, 0x0, 0x0, 0x0, 0x8,
    0xff, 0xff, 0xff, 0xff, 0xa0, 0x0, 0x0, 0x0,
    0x0, 0x0, 0x0, 0x0, 0x0, 0x0, 0x0, 0x2,
    0xfe, 0x31, 0x5f, 0xff, 0xf4, 0x0, 0x0, 0x0,
    0x0, 0x0, 0x0, 0x0, 0x0, 0x0, 0x0, 0x0,
    0xbf, 0x50, 0x0, 0x5c, 0xc5, 0x0, 0x0, 0x0,
    0x0, 0x0, 0x0, 0x0, 0x46, 0x50, 0x0, 0x0,
    0x3f, 0xc0, 0x0, 0x0, 0x0, 0x0, 0x0, 0x0,
    0x0, 0x0, 0x0, 0x0, 0xbf, 0xff, 0xd2, 0x0,
    0xa, 0xf4, 0x0, 0x0, 0x0, 0x0, 0x0, 0x0,
    0x0, 0xc8, 0x0, 0x0, 0x9f, 0xff, 0xff, 0xc0,
    0x4, 0xfc, 0x0, 0x0, 0x0, 0x0, 0x0, 0x0,
    0x0, 0xe, 0xfe, 0x50, 0xe, 0xff, 0xff, 0xff,
    0xcc, 0xff, 0xec, 0xcc, 0xcc, 0xcc, 0xcc, 0xcc,
    0xcc, 0xcc, 0xff, 0xff, 0xb2, 0xff, 0xff, 0xff,
    0xff, 0xff, 0xff, 0xff, 0xff, 0xff, 0xff, 0xff,
    0xff, 0xff, 0xff, 0xff, 0xff, 0x5b, 0xff, 0xff,
    0xfe, 0x0, 0x0, 0x2, 0xdf, 0x40, 0x0, 0x0,
    0x0, 0x0, 0x0, 0xef, 0xfa, 0x10, 0x2e, 0xff,
    0xff, 0x40, 0x0, 0x0, 0x3, 0xfb, 0x0, 0x0,
    0x0, 0x0, 0x0, 0xd, 0xd3, 0x0, 0x0, 0x18,
    0xb9, 0x20, 0x0, 0x0, 0x0, 0xb, 0xf3, 0x0,
    0x0, 0x0, 0x0, 0x0, 0x20, 0x0, 0x0, 0x0,
    0x0, 0x0, 0x0, 0x0, 0x0, 0x0, 0x5f, 0xa0,
    0x0, 0x33, 0x33, 0x30, 0x0, 0x0, 0x0, 0x0,
    0x0, 0x0, 0x0, 0x0, 0x0, 0x0, 0x0, 0xdf,
    0x30, 0x1f, 0xff, 0xff, 0x50, 0x0, 0x0, 0x0,
    0x0, 0x0, 0x0, 0x0, 0x0, 0x0, 0x0, 0x4,
    0xfe, 0x77, 0xff, 0xff, 0xf5, 0x0, 0x0, 0x0,
    0x0, 0x0, 0x0, 0x0, 0x0, 0x0, 0x0, 0x0,
    0x7, 0xff, 0xff, 0xff, 0xff, 0x50, 0x0, 0x0,
    0x0, 0x0, 0x0, 0x0, 0x0, 0x0, 0x0, 0x0,
    0x0, 0x2, 0x56, 0xff, 0xff, 0xf5, 0x0, 0x0,
    0x0, 0x0, 0x0, 0x0, 0x0, 0x0, 0x0, 0x0,
    0x0, 0x0, 0x0, 0x1f, 0xff, 0xff, 0x50, 0x0,
    0x0, 0x0, 0x0, 0x0, 0x0, 0x0, 0x0, 0x0,
    0x0, 0x0, 0x0, 0x0, 0x23, 0x33, 0x30, 0x0,
    0x0, 0x0, 0x0,

    /* U+F293 "" */
    0x0, 0x0, 0x0, 0x26, 0xac, 0xdc, 0xb8, 0x40,
    0x0, 0x0, 0x0, 0x0, 0x1, 0x9f, 0xff, 0xff,
    0xff, 0xff, 0xd3, 0x0, 0x0, 0x0, 0x2, 0xdf,
    0xff, 0xfe, 0x9f, 0xff, 0xff, 0xf5, 0x0, 0x0,
    0x1, 0xdf, 0xff, 0xff, 0xe0, 0xaf, 0xff, 0xff,
    0xf3, 0x0, 0x0, 0x8f, 0xff, 0xff, 0xfe, 0x0,
    0xbf, 0xff, 0xff, 0xc0, 0x0, 0xf, 0xff, 0xff,
    0xff, 0xe0, 0x0, 0xcf, 0xff, 0xff, 0x30, 0x5,
    0xff, 0xff, 0xff, 0xfe, 0x0, 0x1, 0xdf, 0xff,
    0xf8, 0x0, 0xaf, 0xff, 0xd9, 0xff, 0xe0, 0x3a,
    0x1, 0xdf, 0xff, 0xc0, 0xd, 0xff, 0xf1, 0x8,
    0xfe, 0x2, 0xfa, 0x2, 0xef, 0xff, 0x0, 0xff,
    0xff, 0xb0, 0x8, 0xe0, 0x2f, 0x50, 0x5f, 0xff,
    0xf1, 0x1f, 0xff, 0xff, 0xa0, 0x7, 0x2, 0x50,
    0x4f, 0xff, 0xff, 0x22, 0xff, 0xff, 0xff, 0xa0,
    0x0, 0x0, 0x2f, 0xff, 0xff, 0xf3, 0x3f, 0xff,
    0xff, 0xff, 0xa0, 0x0, 0x1e, 0xff, 0xff, 0xff,
    0x43, 0xff, 0xff, 0xff, 0xff, 0x40, 0x7, 0xff,
    0xff, 0xff, 0xf4, 0x3f, 0xff, 0xff, 0xff, 0x50,
    0x0, 0x9, 0xff, 0xff, 0xff, 0x32, 0xff, 0xff,
    0xff, 0x50, 0x0, 0x0, 0xa, 0xff, 0xff, 0xf3,
    0xf, 0xff, 0xff, 0x50, 0x1c, 0x2, 0xb0, 0xb,
    0xff, 0xff, 0x20, 0xef, 0xff, 0x50, 0x1d, 0xf0,
    0x2f, 0xa0, 0xd, 0xff, 0xf0, 0xc, 0xff, 0xf4,
    0x1d, 0xff, 0x2, 0xf5, 0x4, 0xff, 0xfe, 0x0,
    0x8f, 0xff, 0xfd, 0xff, 0xf0, 0x25, 0x3, 0xff,
    0xff, 0xa0, 0x3, 0xff, 0xff, 0xff, 0xff, 0x0,
    0x3, 0xff, 0xff, 0xf6, 0x0, 0xc, 0xff, 0xff,
    0xff, 0xf0, 0x3, 0xff, 0xff, 0xff, 0x0, 0x0,
    0x3f, 0xff, 0xff, 0xff, 0x3, 0xff, 0xff, 0xff,
    0x70, 0x0, 0x0, 0x6f, 0xff, 0xff, 0xf3, 0xff,
    0xff, 0xff, 0xc0, 0x0, 0x0, 0x0, 0x4e, 0xff,
    0xff, 0xff, 0xff, 0xff, 0xc1, 0x0, 0x0, 0x0,
    0x0, 0x6, 0xbf, 0xff, 0xff, 0xea, 0x40, 0x0,
    0x0, 0x0, 0x0, 0x0, 0x0, 0x0, 0x11, 0x0,
    0x0, 0x0, 0x0, 0x0,

    /* U+F2ED "" */
    0x0, 0x0, 0x0, 0x4, 0xbc, 0xcc, 0xcc, 0xa1,
    0x0, 0x0, 0x0, 0x0, 0x22, 0x22, 0x22, 0xef,
    0xff, 0xff, 0xff, 0xa2, 0x22, 0x22, 0x10, 0xef,
    0xff, 0xff, 0xff, 0xff, 0xff, 0xff, 0xff, 0xff,
    0xff, 0xff, 0xaf, 0xff, 0xff, 0xff, 0xff, 0xff,
    0xff, 0xff, 0xff, 0xff, 0xff, 0xfc, 0xef, 0xff,
    0xff, 0xff, 0xff, 0xff, 0xff, 0xff, 0xff, 0xff,
    0xff, 0xa0, 0x22, 0x22, 0x22, 0x22, 0x22, 0x22,
    0x22, 0x22, 0x22, 0x22, 0x10, 0x1, 0x44, 0x44,
    0x44, 0x44, 0x44, 0x44, 0x44, 0x44, 0x44, 0x40,
    0x0, 0x6f, 0xff, 0xff, 0xff, 0xff, 0xff, 0xff,
    0xff, 0xff, 0xff, 0x20, 0x6, 0xff, 0xff, 0xff,
    0xff, 0xff, 0xff, 0xff, 0xff, 0xff, 0xf2, 0x0,
    0x6f, 0xff, 0xff, 0xff, 0xff, 0xff, 0xff, 0xff,
    0xff, 0xff, 0x20, 0x6, 0xff, 0xfd, 0x1d, 0xff,
    0xb1, 0xef, 0xf9, 0x2f, 0xff, 0xf2, 0x0, 0x6f,
    0xff, 0xb0, 0xbf, 0xf9, 0xd, 0xff, 0x70, 0xff,
    0xff, 0x20, 0x6, 0xff, 0xfb, 0xb, 0xff, 0x90,
    0xdf, 0xf7, 0xf, 0xff, 0xf2, 0x0, 0x6f, 0xff,
    0xb0, 0xbf, 0xf9, 0xd, 0xff, 0x70, 0xff, 0xff,
    0x20, 0x6, 0xff, 0xfb, 0xb, 0xff, 0x90, 0xdf,
    0xf7, 0xf, 0xff, 0xf2, 0x0, 0x6f, 0xff, 0xb0,
    0xbf, 0xf9, 0xd, 0xff, 0x70, 0xff, 0xff, 0x20,
    0x6, 0xff, 0xfb, 0xb, 0xff, 0x90, 0xdf, 0xf7,
    0xf, 0xff, 0xf2, 0x0, 0x6f, 0xff, 0xb0, 0xbf,
    0xf9, 0xd, 0xff, 0x70, 0xff, 0xff, 0x20, 0x6,
    0xff, 0xfb, 0xb, 0xff, 0x90, 0xdf, 0xf7, 0xf,
    0xff, 0xf2, 0x0, 0x6f, 0xff, 0xb0, 0xbf, 0xf9,
    0xd, 0xff, 0x70, 0xff, 0xff, 0x20, 0x6, 0xff,
    0xfb, 0xb, 0xff, 0x90, 0xdf, 0xf7, 0xf, 0xff,
    0xf2, 0x0, 0x6f, 0xff, 0xb0, 0xbf, 0xf9, 0xd,
    0xff, 0x70, 0xff, 0xff, 0x20, 0x6, 0xff, 0xfd,
    0x1d, 0xff, 0xb1, 0xef, 0xf9, 0x2f, 0xff, 0xf2,
    0x0, 0x5f, 0xff, 0xff, 0xff, 0xff, 0xff, 0xff,
    0xff, 0xff, 0xff, 0x10, 0x3, 0xff, 0xff, 0xff,
    0xff, 0xff, 0xff, 0xff, 0xff, 0xff, 0xf0, 0x0,
    0x9, 0xff, 0xff, 0xff, 0xff, 0xff, 0xff, 0xff,
    0xff, 0xf6, 0x0, 0x0, 0x2, 0x34, 0x44, 0x44,
    0x44, 0x44, 0x44, 0x44, 0x31, 0x0, 0x0,

    /* U+F304 "" */
    0x0, 0x0, 0x0, 0x0, 0x0, 0x0, 0x0, 0x0,
    0x0, 0x0, 0x7b, 0x70, 0x0, 0x0, 0x0, 0x0,
    0x0, 0x0, 0x0, 0x0, 0x0, 0x0, 0x0, 0xbf,
    0xff, 0xc0, 0x0, 0x0, 0x0, 0x0, 0x0, 0x0,
    0x0, 0x0, 0x0, 0x0, 0xbf, 0xff, 0xff, 0xc0,
    0x0, 0x0, 0x0, 0x0, 0x0, 0x0, 0x0, 0x0,
    0x0, 0xbf, 0xff, 0xff, 0xff, 0xc0, 0x0, 0x0,
    0x0, 0x0, 0x0, 0x0, 0x0, 0x0, 0x7, 0xff,
    0xff, 0xff, 0xff, 0x90, 0x0, 0x0, 0x0, 0x0,
    0x0, 0x0, 0x0, 0xb5, 0x7, 0xff, 0xff, 0xff,
    0xff, 0x0, 0x0, 0x0, 0x0, 0x0, 0x0, 0x0,
    0xbf, 0xf5, 0x7, 0xff, 0xff, 0xff, 0xd0, 0x0,
    0x0, 0x0, 0x0, 0x0, 0x0, 0xbf, 0xff, 0xf5,
    0x7, 0xff, 0xff, 0xf3, 0x0, 0x0, 0x0, 0x0,
    0x0, 0x0, 0xbf, 0xff, 0xff, 0xf5, 0x7, 0xff,
    0xf4, 0x0, 0x0, 0x0, 0x0, 0x0, 0x0, 0xbf,
    0xff, 0xff, 0xff, 0xf5, 0x7, 0xf4, 0x0, 0x0,
    0x0, 0x0, 0x0, 0x0, 0xbf, 0xff, 0xff, 0xff,
    0xff, 0xf5, 0x2, 0x0, 0x0, 0x0, 0x0, 0x0,
    0x0, 0xbf, 0xff, 0xff, 0xff, 0xff, 0xff, 0xf1,
    0x0, 0x0, 0x0, 0x0, 0x0, 0x0, 0xbf, 0xff,
    0xff, 0xff, 0xff, 0xff, 0xf4, 0x0, 0x0, 0x0,
    0x0, 0x0, 0x0, 0xbf, 0xff, 0xff, 0xff, 0xff,
    0xff, 0xf4, 0x0, 0x0, 0x0, 0x0, 0x0, 0x0,
    0xbf, 0xff, 0xff, 0xff, 0xff, 0xff, 0xf4, 0x0,
    0x0, 0x0, 0x0, 0x0, 0x0, 0xbf, 0xff, 0xff,
    0xff, 0xff, 0xff, 0xf4, 0x0, 0x0, 0x0, 0x0,
    0x0, 0x0, 0xbf, 0xff, 0xff, 0xff, 0xff, 0xff,
    0xf4, 0x0, 0x0, 0x0, 0x0, 0x0, 0x0, 0xbf,
    0xff, 0xff, 0xff, 0xff, 0xff, 0xf4, 0x0, 0x0,
    0x0, 0x0, 0x0, 0x0, 0xbf, 0xff, 0xff, 0xff,
    0xff, 0xff, 0xf4, 0x0, 0x0, 0x0, 0x0, 0x0,
    0x0, 0x6f, 0xff, 0xff, 0xff, 0xff, 0xff, 0xf4,
    0x0, 0x0, 0x0, 0x0, 0x0, 0x0, 0x8, 0xff,
    0xff, 0xff, 0xff, 0xff, 0xf4, 0x0, 0x0, 0x0,
    0x0, 0x0, 0x0, 0x0, 0x9f, 0xff, 0xff, 0xff,
    0xff, 0xf4, 0x0, 0x0, 0x0, 0x0, 0x0, 0x0,
    0x0, 0xb, 0xff, 0xff, 0xff, 0xff, 0xf4, 0x0,
    0x0, 0x0, 0x0, 0x0, 0x0, 0x0, 0x0, 0xdf,
    0xff, 0xff, 0xff, 0xf4, 0x0, 0x0, 0x0, 0x0,
    0x0, 0x0, 0x0, 0x0, 0xf, 0xff, 0xff, 0xff,
    0xf4, 0x0, 0x0, 0x0, 0x0, 0x0, 0x0, 0x0,
    0x0, 0x0, 0xdf, 0xff, 0xec, 0xa4, 0x0, 0x0,
    0x0, 0x0, 0x0, 0x0, 0x0, 0x0, 0x0, 0x0,
    0x31, 0x0, 0x0, 0x0, 0x0, 0x0, 0x0, 0x0,
    0x0, 0x0, 0x0, 0x0, 0x0,

    /* U+F55A "" */
    0x0, 0x0, 0x0, 0x0, 0x4, 0x78, 0x88, 0x88,
    0x88, 0x88, 0x88, 0x88, 0x88, 0x88, 0x87, 0x30,
    0x0, 0x0, 0x0, 0x0, 0x1c, 0xff, 0xff, 0xff,
    0xff, 0xff, 0xff, 0xff, 0xff, 0xff, 0xff, 0xff,
    0x80, 0x0, 0x0, 0x0, 0x1d, 0xff, 0xff, 0xff,
    0xff, 0xff, 0xff, 0xff, 0xff, 0xff, 0xff, 0xff,
    0xff, 0x30, 0x0, 0x0, 0x1d, 0xff, 0xff, 0xff,
    0xff, 0xff, 0xff, 0xff, 0xff, 0xff, 0xff, 0xff,
    0xff, 0xf7, 0x0, 0x0, 0x1d, 0xff, 0xff, 0xff,
    0xff, 0xfa, 0xdf, 0xff, 0xff, 0xda, 0xff, 0xff,
    0xff, 0xff, 0x80, 0x0, 0x1d, 0xff, 0xff, 0xff,
    0xff, 0xf7, 0x1, 0xdf, 0xff, 0xd1, 0x8, 0xff,
    0xff, 0xff, 0xf8, 0x0, 0x1d, 0xff, 0xff, 0xff,
    0xff, 0xfd, 0x0, 0x1, 0xdf, 0xd1, 0x0, 0xd,
    0xff, 0xff, 0xff, 0x80, 0x1d, 0xff, 0xff, 0xff,
    0xff, 0xff, 0xf7, 0x0, 0x1, 0xb1, 0x0, 0x7,
    0xff, 0xff, 0xff, 0xf8, 0x1d, 0xff, 0xff, 0xff,
    0xff, 0xff, 0xff, 0xf7, 0x0, 0x0, 0x0, 0x7,
    0xff, 0xff, 0xff, 0xff, 0x8c, 0xff, 0xff, 0xff,
    0xff, 0xff, 0xff, 0xff, 0xf7, 0x0, 0x0, 0x7,
    0xff, 0xff, 0xff, 0xff, 0xf8, 0xff, 0xff, 0xff,
    0xff, 0xff, 0xff, 0xff, 0xff, 0xd0, 0x0, 0x0,
    0xdf, 0xff, 0xff, 0xff, 0xff, 0x86, 0xff, 0xff,
    0xff, 0xff, 0xff, 0xff, 0xff, 0xd1, 0x0, 0x0,
    0x1, 0xdf, 0xff, 0xff, 0xff, 0xf8, 0x7, 0xff,
    0xff, 0xff, 0xff, 0xff, 0xff, 0xd1, 0x0, 0x3,
    0x0, 0x1, 0xdf, 0xff, 0xff, 0xff, 0x80, 0x7,
    0xff, 0xff, 0xff, 0xff, 0xff, 0xe1, 0x0, 0x7,
    0xf7, 0x0, 0x1, 0xef, 0xff, 0xff, 0xf8, 0x0,
    0x7, 0xff, 0xff, 0xff, 0xff, 0xfe, 0x10, 0x7,
    0xff, 0xf7, 0x0, 0x2e, 0xff, 0xff, 0xff, 0x80,
    0x0, 0x7, 0xff, 0xff, 0xff, 0xff, 0xfd, 0x27,
    0xff, 0xff, 0xf7, 0x2e, 0xff, 0xff, 0xff, 0xf8,
    0x0, 0x0, 0x6, 0xff, 0xff, 0xff, 0xff, 0xff,
    0xff, 0xff, 0xff, 0xff, 0xff, 0xff, 0xff, 0xff,
    0x70, 0x0, 0x0, 0x6, 0xff, 0xff, 0xff, 0xff,
    0xff, 0xff, 0xff, 0xff, 0xff, 0xff, 0xff, 0xff,
    0xf5, 0x0, 0x0, 0x0, 0x6, 0xff, 0xff, 0xff,
    0xff, 0xff, 0xff, 0xff, 0xff, 0xff, 0xff, 0xff,
    0xfe, 0x0, 0x0, 0x0, 0x0, 0x4, 0xdf, 0xff,
    0xff, 0xff, 0xff, 0xff, 0xff, 0xff, 0xff, 0xff,
    0xfb, 0x20,

    /* U+F7C2 "" */
    0x0, 0x0, 0x1, 0xdf, 0xff, 0xff, 0xff, 0xff,
    0xd9, 0x0, 0x0, 0x0, 0x1d, 0xff, 0xff, 0xff,
    0xff, 0xff, 0xff, 0xb0, 0x0, 0x1, 0xdf, 0xff,
    0xff, 0xff, 0xff, 0xff, 0xff, 0xf2, 0x0, 0x1d,
    0xfc, 0x44, 0xfc, 0x44, 0xfc, 0x44, 0xff, 0xf5,
    0x1, 0xdf, 0xfb, 0x0, 0xeb, 0x0, 0xeb, 0x0,
    0xef, 0xf5, 0x1d, 0xff, 0xfb, 0x0, 0xeb, 0x0,
    0xeb, 0x0, 0xef, 0xf5, 0xdf, 0xff, 0xfb, 0x0,
    0xeb, 0x0, 0xeb, 0x0, 0xef, 0xf5, 0xff, 0xff,
    0xfb, 0x0, 0xeb, 0x0, 0xeb, 0x0, 0xef, 0xf5,
    0xff, 0xff, 0xff, 0xdd, 0xff, 0xdd, 0xff, 0xdd,
    0xff, 0xf5, 0xff, 0xff, 0xff, 0xff, 0xff, 0xff,
    0xff, 0xff, 0xff, 0xf5, 0xff, 0xff, 0xff, 0xff,
    0xff, 0xff, 0xff, 0xff, 0xff, 0xf5, 0xff, 0xff,
    0xff, 0xff, 0xff, 0xff, 0xff, 0xff, 0xff, 0xf5,
    0xff, 0xff, 0xff, 0xff, 0xff, 0xff, 0xff, 0xff,
    0xff, 0xf5, 0xff, 0xff, 0xff, 0xff, 0xff, 0xff,
    0xff, 0xff, 0xff, 0xf5, 0xff, 0xff, 0xff, 0xff,
    0xff, 0xff, 0xff, 0xff, 0xff, 0xf5, 0xff, 0xff,
    0xff, 0xff, 0xff, 0xff, 0xff, 0xff, 0xff, 0xf5,
    0xff, 0xff, 0xff, 0xff, 0xff, 0xff, 0xff, 0xff,
    0xff, 0xf5, 0xff, 0xff, 0xff, 0xff, 0xff, 0xff,
    0xff, 0xff, 0xff, 0xf5, 0xff, 0xff, 0xff, 0xff,
    0xff, 0xff, 0xff, 0xff, 0xff, 0xf5, 0xff, 0xff,
    0xff, 0xff, 0xff, 0xff, 0xff, 0xff, 0xff, 0xf5,
    0xff, 0xff, 0xff, 0xff, 0xff, 0xff, 0xff, 0xff,
    0xff, 0xf5, 0xff, 0xff, 0xff, 0xff, 0xff, 0xff,
    0xff, 0xff, 0xff, 0xf5, 0xff, 0xff, 0xff, 0xff,
    0xff, 0xff, 0xff, 0xff, 0xff, 0xf5, 0xdf, 0xff,
    0xff, 0xff, 0xff, 0xff, 0xff, 0xff, 0xff, 0xf3,
    0x7f, 0xff, 0xff, 0xff, 0xff, 0xff, 0xff, 0xff,
    0xff, 0xc0, 0x7, 0xef, 0xff, 0xff, 0xff, 0xff,
    0xff, 0xff, 0xfa, 0x10, 0x0, 0x0, 0x0, 0x0,
    0x0, 0x0, 0x0, 0x0, 0x0, 0x0,

    /* U+F8A2 "" */
    0x0, 0x0, 0x0, 0x0, 0x0, 0x0, 0x0, 0x0,
    0x0, 0x0, 0x0, 0x0, 0x0, 0x0, 0x0, 0x0,
    0x0, 0x0, 0x0, 0x0, 0x0, 0x0, 0x0, 0x0,
    0x0, 0x5, 0xf1, 0x0, 0x0, 0x0, 0x0, 0x0,
    0x0, 0x0, 0x0, 0x0, 0x0, 0x0, 0x5, 0xff,
    0x10, 0x0, 0x0, 0x0, 0x0, 0x0, 0x0, 0x0,
    0x0, 0x0, 0x0, 0x5, 0xff, 0xf1, 0x0, 0x0,
    0x1, 0xaa, 0x0, 0x0, 0x0, 0x0, 0x0, 0x0,
    0x0, 0xef, 0xff, 0x10, 0x0, 0x1, 0xdf, 0xf3,
    0x0, 0x0, 0x0, 0x0, 0x0, 0x0, 0xf, 0xff,
    0xf1, 0x0, 0x2, 0xdf, 0xff, 0x30, 0x0, 0x0,
    0x0, 0x0, 0x0, 0x0, 0xff, 0xff, 0x10, 0x2,
    0xef, 0xff, 0xf3, 0x0, 0x0, 0x0, 0x0, 0x0,
    0x0, 0xf, 0xff, 0xf1, 0x3, 0xef, 0xff, 0xff,
    0x86, 0x66, 0x66, 0x66, 0x66, 0x66, 0x66, 0xff,
    0xff, 0x14, 0xff, 0xff, 0xff, 0xff, 0xff, 0xff,
    0xff, 0xff, 0xff, 0xff, 0xff, 0xff, 0xf1, 0xdf,
    0xff, 0xff, 0xff, 0xff, 0xff, 0xff, 0xff, 0xff,
    0xff, 0xff, 0xff, 0xff, 0x17, 0xff, 0xff, 0xff,
    0xff, 0xff, 0xff, 0xff, 0xff, 0xff, 0xff, 0xff,
    0xff, 0xf1, 0x7, 0xff, 0xff, 0xff, 0xcb, 0xbb,
    0xbb, 0xbb, 0xbb, 0xbb, 0xbb, 0xbb, 0xa7, 0x0,
    0x6, 0xff, 0xff, 0xf3, 0x0, 0x0, 0x0, 0x0,
    0x0, 0x0, 0x0, 0x0, 0x0, 0x0, 0x5, 0xff,
    0xff, 0x30, 0x0, 0x0, 0x0, 0x0, 0x0, 0x0,
    0x0, 0x0, 0x0, 0x0, 0x4, 0xff, 0xf3, 0x0,
    0x0, 0x0, 0x0, 0x0, 0x0, 0x0, 0x0, 0x0,
    0x0, 0x0, 0x3, 0xee, 0x10, 0x0, 0x0, 0x0,
    0x0, 0x0, 0x0, 0x0, 0x0, 0x0, 0x0, 0x0,
    0x0, 0x0, 0x0, 0x0, 0x0, 0x0, 0x0, 0x0,
    0x0, 0x0, 0x0,

    /* U+FF0C "，" */
    0x0, 0x0, 0x4, 0xff, 0xfc, 0x4f, 0xff, 0xc4,
    0xff, 0xfc, 0x4f, 0xff, 0xc0, 0x2e, 0xf9, 0x8,
    0xff, 0x30, 0xff, 0x50, 0x8, 0x20, 0x0
};


/*---------------------
 *  GLYPH DESCRIPTION
 *--------------------*/

static const lv_font_fmt_txt_glyph_dsc_t glyph_dsc[] = {
    {.bitmap_index = 0, .adv_w = 0, .box_w = 0, .box_h = 0, .ofs_x = 0, .ofs_y = 0} /* id = 0 reserved */,
    {.bitmap_index = 0, .adv_w = 114, .box_w = 0, .box_h = 0, .ofs_x = 0, .ofs_y = 0},
    {.bitmap_index = 0, .adv_w = 126, .box_w = 4, .box_h = 18, .ofs_x = 2, .ofs_y = -1},
    {.bitmap_index = 36, .adv_w = 182, .box_w = 9, .box_h = 6, .ofs_x = 1, .ofs_y = 11},
    {.bitmap_index = 63, .adv_w = 246, .box_w = 15, .box_h = 18, .ofs_x = 0, .ofs_y = -1},
    {.bitmap_index = 198, .adv_w = 231, .box_w = 14, .box_h = 21, .ofs_x = 0, .ofs_y = -3},
    {.bitmap_index = 345, .adv_w = 208, .box_w = 13, .box_h = 18, .ofs_x = 0, .ofs_y = -1},
    {.bitmap_index = 462, .adv_w = 342, .box_w = 20, .box_h = 18, .ofs_x = 1, .ofs_y = -1},
    {.bitmap_index = 642, .adv_w = 107, .box_w = 4, .box_h = 6, .ofs_x = 1, .ofs_y = 11},
    {.bitmap_index = 654, .adv_w = 138, .box_w = 8, .box_h = 23, .ofs_x = 1, .ofs_y = -6},
    {.bitmap_index = 746, .adv_w = 138, .box_w = 8, .box_h = 23, .ofs_x = 0, .ofs_y = -6},
    {.bitmap_index = 838, .adv_w = 181, .box_w = 11, .box_h = 10, .ofs_x = 0, .ofs_y = 3},
    {.bitmap_index = 893, .adv_w = 289, .box_w = 14, .box_h = 13, .ofs_x = 2, .ofs_y = 1},
    {.bitmap_index = 984, .adv_w = 100, .box_w = 4, .box_h = 8, .ofs_x = 1, .ofs_y = -5},
    {.bitmap_index = 1000, .adv_w = 208, .box_w = 9, .box_h = 3, .ofs_x = 2, .ofs_y = 4},
    {.bitmap_index = 1014, .adv_w = 100, .box_w = 4, .box_h = 4, .ofs_x = 1, .ofs_y = -1},
    {.bitmap_index = 1022, .adv_w = 172, .box_w = 12, .box_h = 20, .ofs_x = -1, .ofs_y = -3},
    {.bitmap_index = 1142, .adv_w = 231, .box_w = 13, .box_h = 18, .ofs_x = 1, .ofs_y = -1},
    {.bitmap_index = 1259, .adv_w = 231, .box_w = 13, .box_h = 18, .ofs_x = 1, .ofs_y = -1},
    {.bitmap_index = 1376, .adv_w = 231, .box_w = 13, .box_h = 18, .ofs_x = 1, .ofs_y = -1},
    {.bitmap_index = 1493, .adv_w = 231, .box_w = 14, .box_h = 18, .ofs_x = 0, .ofs_y = -1},
    {.bitmap_index = 1619, .adv_w = 231, .box_w = 14, .box_h = 18, .ofs_x = 0, .ofs_y = -1},
    {.bitmap_index = 1745, .adv_w = 231, .box_w = 13, .box_h = 18, .ofs_x = 1, .ofs_y = -1},
    {.bitmap_index = 1862, .adv_w = 231, .box_w = 13, .box_h = 18, .ofs_x = 1, .ofs_y = -1},
    {.bitmap_index = 1979, .adv_w = 231, .box_w = 13, .box_h = 18, .ofs_x = 1, .ofs_y = -1},
    {.bitmap_index = 2096, .adv_w = 231, .box_w = 13, .box_h = 18, .ofs_x = 1, .ofs_y = -1},
    {.bitmap_index = 2213, .adv_w = 231, .box_w = 13, .box_h = 18, .ofs_x = 1, .ofs_y = -1},
    {.bitmap_index = 2330, .adv_w = 100, .box_w = 4, .box_h = 13, .ofs_x = 1, .ofs_y = -1},
    {.bitmap_index = 2356, .adv_w = 100, .box_w = 4, .box_h = 17, .ofs_x = 1, .ofs_y = -5},
    {.bitmap_index = 2390, .adv_w = 289, .box_w = 14, .box_h = 15, .ofs_x = 2, .ofs_y = 0},
    {.bitmap_index = 2495, .adv_w = 289, .box_w = 14, .box_h = 9, .ofs_x = 2, .ofs_y = 3},
    {.bitmap_index = 2558, .adv_w = 289, .box_w = 14, .box_h = 15, .ofs_x = 2, .ofs_y = 0},
    {.bitmap_index = 2663, .adv_w = 185, .box_w = 12, .box_h = 18, .ofs_x = 0, .ofs_y = -1},
    {.bitmap_index = 2771, .adv_w = 397, .box_w = 23, .box_h = 22, .ofs_x = 1, .ofs_y = -5},
    {.bitmap_index = 3024, .adv_w = 279, .box_w = 18, .box_h = 18, .ofs_x = 0, .ofs_y = -1},
    {.bitmap_index = 3186, .adv_w = 251, .box_w = 13, .box_h = 18, .ofs_x = 2, .ofs_y = -1},
    {.bitmap_index = 3303, .adv_w = 258, .box_w = 15, .box_h = 18, .ofs_x = 1, .ofs_y = -1},
    {.bitmap_index = 3438, .adv_w = 298, .box_w = 16, .box_h = 18, .ofs_x = 2, .ofs_y = -1},
    {.bitmap_index = 3582, .adv_w = 215, .box_w = 11, .box_h = 18, .ofs_x = 2, .ofs_y = -1},
    {.bitmap_index = 3681, .adv_w = 209, .box_w = 11, .box_h = 18, .ofs_x = 2, .ofs_y = -1},
    {.bitmap_index = 3780, .adv_w = 290, .box_w = 16, .box_h = 18, .ofs_x = 1, .ofs_y = -1},
    {.bitmap_index = 3924, .adv_w = 306, .box_w = 15, .box_h = 18, .ofs_x = 2, .ofs_y = -1},
    {.bitmap_index = 4059, .adv_w = 121, .box_w = 4, .box_h = 18, .ofs_x = 2, .ofs_y = -1},
    {.bitmap_index = 4095, .adv_w = 165, .box_w = 9, .box_h = 18, .ofs_x = 0, .ofs_y = -1},
    {.bitmap_index = 4176, .adv_w = 254, .box_w = 14, .box_h = 18, .ofs_x = 2, .ofs_y = -1},
    {.bitmap_index = 4302, .adv_w = 203, .box_w = 11, .box_h = 18, .ofs_x = 2, .ofs_y = -1},
    {.bitmap_index = 4401, .adv_w = 385, .box_w = 20, .box_h = 18, .ofs_x = 2, .ofs_y = -1},
    {.bitmap_index = 4581, .adv_w = 319, .box_w = 16, .box_h = 18, .ofs_x = 2, .ofs_y = -1},
    {.bitmap_index = 4725, .adv_w = 314, .box_w = 18, .box_h = 18, .ofs_x = 1, .ofs_y = -1},
    {.bitmap_index = 4887, .adv_w = 243, .box_w = 13, .box_h = 18, .ofs_x = 2, .ofs_y = -1},
    {.bitmap_index = 5004, .adv_w = 314, .box_w = 18, .box_h = 23, .ofs_x = 1, .ofs_y = -6},
    {.bitmap_index = 5211, .adv_w = 259, .box_w = 14, .box_h = 18, .ofs_x = 2, .ofs_y = -1},
    {.bitmap_index = 5337, .adv_w = 226, .box_w = 14, .box_h = 18, .ofs_x = 0, .ofs_y = -1},
    {.bitmap_index = 5463, .adv_w = 230, .box_w = 15, .box_h = 18, .ofs_x = 0, .ofs_y = -1},
    {.bitmap_index = 5598, .adv_w = 293, .box_w = 16, .box_h = 18, .ofs_x = 1, .ofs_y = -1},
    {.bitmap_index = 5742, .adv_w = 267, .box_w = 17, .box_h = 18, .ofs_x = 0, .ofs_y = -1},
    {.bitmap_index = 5895, .adv_w = 402, .box_w = 25, .box_h = 18, .ofs_x = 0, .ofs_y = -1},
    {.bitmap_index = 6120, .adv_w = 258, .box_w = 18, .box_h = 18, .ofs_x = -1, .ofs_y = -1},
    {.bitmap_index = 6282, .adv_w = 240, .box_w = 15, .box_h = 18, .ofs_x = 0, .ofs_y = -1},
    {.bitmap_index = 6417, .adv_w = 244, .box_w = 15, .box_h = 18, .ofs_x = 0, .ofs_y = -1},
    {.bitmap_index = 6552, .adv_w = 138, .box_w = 8, .box_h = 23, .ofs_x = 1, .ofs_y = -6},
    {.bitmap_index = 6644, .adv_w = 168, .box_w = 11, .box_h = 18, .ofs_x = 0, .ofs_y = -1},
    {.bitmap_index = 6743, .adv_w = 138, .box_w = 7, .box_h = 23, .ofs_x = 0, .ofs_y = -6},
    {.bitmap_index = 6824, .adv_w = 289, .box_w = 14, .box_h = 11, .ofs_x = 2, .ofs_y = 5},
    {.bitmap_index = 6901, .adv_w = 173, .box_w = 12, .box_h = 2, .ofs_x = -1, .ofs_y = -5},
    {.bitmap_index = 6913, .adv_w = 120, .box_w = 7, .box_h = 4, .ofs_x = 0, .ofs_y = 13},
    {.bitmap_index = 6927, .adv_w = 217, .box_w = 12, .box_h = 13, .ofs_x = 0, .ofs_y = -1},
    {.bitmap_index = 7005, .adv_w = 251, .box_w = 14, .box_h = 18, .ofs_x = 1, .ofs_y = -1},
    {.bitmap_index = 7131, .adv_w = 196, .box_w = 11, .box_h = 13, .ofs_x = 1, .ofs_y = -1},
    {.bitmap_index = 7203, .adv_w = 251, .box_w = 13, .box_h = 18, .ofs_x = 1, .ofs_y = -1},
    {.bitmap_index = 7320, .adv_w = 221, .box_w = 12, .box_h = 13, .ofs_x = 1, .ofs_y = -1},
    {.bitmap_index = 7398, .adv_w = 143, .box_w = 10, .box_h = 18, .ofs_x = 0, .ofs_y = -1},
    {.bitmap_index = 7488, .adv_w = 251, .box_w = 13, .box_h = 18, .ofs_x = 1, .ofs_y = -6},
    {.bitmap_index = 7605, .adv_w = 242, .box_w = 13, .box_h = 18, .ofs_x = 1, .ofs_y = -1},
    {.bitmap_index = 7722, .adv_w = 109, .box_w = 4, .box_h = 18, .ofs_x = 1, .ofs_y = -1},
    {.bitmap_index = 7758, .adv_w = 109, .box_w = 6, .box_h = 23, .ofs_x = -1, .ofs_y = -6},
    {.bitmap_index = 7827, .adv_w = 218, .box_w = 13, .box_h = 18, .ofs_x = 1, .ofs_y = -1},
    {.bitmap_index = 7944, .adv_w = 109, .box_w = 4, .box_h = 18, .ofs_x = 1, .ofs_y = -1},
    {.bitmap_index = 7980, .adv_w = 368, .box_w = 21, .box_h = 13, .ofs_x = 1, .ofs_y = -1},
    {.bitmap_index = 8117, .adv_w = 243, .box_w = 13, .box_h = 13, .ofs_x = 1, .ofs_y = -1},
    {.bitmap_index = 8202, .adv_w = 248, .box_w = 14, .box_h = 13, .ofs_x = 1, .ofs_y = -1},
    {.bitmap_index = 8293, .adv_w = 251, .box_w = 14, .box_h = 18, .ofs_x = 1, .ofs_y = -6},
    {.bitmap_index = 8419, .adv_w = 251, .box_w = 13, .box_h = 18, .ofs_x = 1, .ofs_y = -6},
    {.bitmap_index = 8536, .adv_w = 154, .box_w = 9, .box_h = 13, .ofs_x = 1, .ofs_y = -1},
    {.bitmap_index = 8595, .adv_w = 179, .box_w = 11, .box_h = 13, .ofs_x = 0, .ofs_y = -1},
    {.bitmap_index = 8667, .adv_w = 150, .box_w = 9, .box_h = 16, .ofs_x = 0, .ofs_y = -1},
    {.bitmap_index = 8739, .adv_w = 243, .box_w = 13, .box_h = 13, .ofs_x = 1, .ofs_y = -1},
    {.bitmap_index = 8824, .adv_w = 211, .box_w = 14, .box_h = 13, .ofs_x = 0, .ofs_y = -1},
    {.bitmap_index = 8915, .adv_w = 315, .box_w = 20, .box_h = 13, .ofs_x = 0, .ofs_y = -1},
    {.bitmap_index = 9045, .adv_w = 208, .box_w = 13, .box_h = 13, .ofs_x = 0, .ofs_y = -1},
    {.bitmap_index = 9130, .adv_w = 211, .box_w = 15, .box_h = 18, .ofs_x = -1, .ofs_y = -6},
    {.bitmap_index = 9265, .adv_w = 193, .box_w = 12, .box_h = 13, .ofs_x = 0, .ofs_y = -1},
    {.bitmap_index = 9343, .adv_w = 138, .box_w = 9, .box_h = 23, .ofs_x = 0, .ofs_y = -6},
    {.bitmap_index = 9447, .adv_w = 116, .box_w = 3, .box_h = 23, .ofs_x = 2, .ofs_y = -6},
    {.bitmap_index = 9482, .adv_w = 138, .box_w = 9, .box_h = 23, .ofs_x = 0, .ofs_y = -6},
    {.bitmap_index = 9586, .adv_w = 289, .box_w = 14, .box_h = 4, .ofs_x = 2, .ofs_y = 6},
    {.bitmap_index = 9614, .adv_w = 416, .box_w = 24, .box_h = 23, .ofs_x = 1, .ofs_y = -3},
    {.bitmap_index = 9890, .adv_w = 416, .box_w = 23, .box_h = 22, .ofs_x = 1, .ofs_y = -3},
    {.bitmap_index = 10143, .adv_w = 416, .box_w = 23, .box_h = 24, .ofs_x = 1, .ofs_y = -4},
    {.bitmap_index = 10419, .adv_w = 416, .box_w = 24, .box_h = 26, .ofs_x = 1, .ofs_y = -5},
    {.bitmap_index = 10731, .adv_w = 416, .box_w = 26, .box_h = 25, .ofs_x = 0, .ofs_y = -4},
    {.bitmap_index = 11056, .adv_w = 416, .box_w = 24, .box_h = 25, .ofs_x = 1, .ofs_y = -4},
    {.bitmap_index = 11356, .adv_w = 416, .box_w = 26, .box_h = 25, .ofs_x = 0, .ofs_y = -4},
    {.bitmap_index = 11681, .adv_w = 416, .box_w = 26, .box_h = 22, .ofs_x = 0, .ofs_y = -3},
    {.bitmap_index = 11967, .adv_w = 416, .box_w = 25, .box_h = 25, .ofs_x = 1, .ofs_y = -4},
    {.bitmap_index = 12280, .adv_w = 416, .box_w = 21, .box_h = 24, .ofs_x = 2, .ofs_y = -4},
    {.bitmap_index = 12532, .adv_w = 416, .box_w = 23, .box_h = 26, .ofs_x = 1, .ofs_y = -5},
    {.bitmap_index = 12831, .adv_w = 416, .box_w = 24, .box_h = 25, .ofs_x = 0, .ofs_y = -4},
    {.bitmap_index = 13131, .adv_w = 416, .box_w = 23, .box_h = 24, .ofs_x = 1, .ofs_y = -4},
    {.bitmap_index = 13407, .adv_w = 416, .box_w = 24, .box_h = 26, .ofs_x = 1, .ofs_y = -5},
    {.bitmap_index = 13719, .adv_w = 416, .box_w = 24, .box_h = 24, .ofs_x = 1, .ofs_y = -4},
    {.bitmap_index = 14007, .adv_w = 416, .box_w = 23, .box_h = 25, .ofs_x = 1, .ofs_y = -4},
    {.bitmap_index = 14295, .adv_w = 416, .box_w = 21, .box_h = 23, .ofs_x = 2, .ofs_y = -4},
    {.bitmap_index = 14537, .adv_w = 416, .box_w = 22, .box_h = 23, .ofs_x = 2, .ofs_y = -4},
    {.bitmap_index = 14790, .adv_w = 416, .box_w = 26, .box_h = 25, .ofs_x = 0, .ofs_y = -5},
    {.bitmap_index = 15115, .adv_w = 416, .box_w = 26, .box_h = 23, .ofs_x = 0, .ofs_y = -4},
    {.bitmap_index = 15414, .adv_w = 416, .box_w = 24, .box_h = 25, .ofs_x = 1, .ofs_y = -4},
    {.bitmap_index = 15714, .adv_w = 416, .box_w = 26, .box_h = 25, .ofs_x = 0, .ofs_y = -4},
    {.bitmap_index = 16039, .adv_w = 416, .box_w = 24, .box_h = 24, .ofs_x = 1, .ofs_y = -4},
    {.bitmap_index = 16327, .adv_w = 416, .box_w = 24, .box_h = 25, .ofs_x = 1, .ofs_y = -4},
    {.bitmap_index = 16627, .adv_w = 416, .box_w = 24, .box_h = 25, .ofs_x = 1, .ofs_y = -4},
    {.bitmap_index = 16927, .adv_w = 416, .box_w = 26, .box_h = 25, .ofs_x = 0, .ofs_y = -4},
    {.bitmap_index = 17252, .adv_w = 416, .box_w = 26, .box_h = 26, .ofs_x = 0, .ofs_y = -5},
    {.bitmap_index = 17590, .adv_w = 416, .box_w = 24, .box_h = 25, .ofs_x = 1, .ofs_y = -4},
    {.bitmap_index = 17890, .adv_w = 416, .box_w = 25, .box_h = 24, .ofs_x = 0, .ofs_y = -4},
    {.bitmap_index = 18190, .adv_w = 416, .box_w = 26, .box_h = 25, .ofs_x = 0, .ofs_y = -4},
    {.bitmap_index = 18515, .adv_w = 416, .box_w = 24, .box_h = 21, .ofs_x = 1, .ofs_y = -3},
    {.bitmap_index = 18767, .adv_w = 416, .box_w = 24, .box_h = 25, .ofs_x = 1, .ofs_y = -4},
    {.bitmap_index = 19067, .adv_w = 416, .box_w = 22, .box_h = 25, .ofs_x = 2, .ofs_y = -4},
    {.bitmap_index = 19342, .adv_w = 416, .box_w = 26, .box_h = 26, .ofs_x = 0, .ofs_y = -5},
    {.bitmap_index = 19680, .adv_w = 416, .box_w = 26, .box_h = 26, .ofs_x = 0, .ofs_y = -5},
    {.bitmap_index = 20018, .adv_w = 416, .box_w = 24, .box_h = 23, .ofs_x = 1, .ofs_y = -4},
    {.bitmap_index = 20294, .adv_w = 416, .box_w = 26, .box_h = 26, .ofs_x = 0, .ofs_y = -5},
    {.bitmap_index = 20632, .adv_w = 416, .box_w = 26, .box_h = 25, .ofs_x = 0, .ofs_y = -4},
    {.bitmap_index = 20957, .adv_w = 416, .box_w = 26, .box_h = 25, .ofs_x = 0, .ofs_y = -4},
    {.bitmap_index = 21282, .adv_w = 416, .box_w = 26, .box_h = 25, .ofs_x = 0, .ofs_y = -4},
    {.bitmap_index = 21607, .adv_w = 416, .box_w = 26, .box_h = 24, .ofs_x = 0, .ofs_y = -4},
    {.bitmap_index = 21919, .adv_w = 416, .box_w = 26, .box_h = 25, .ofs_x = 0, .ofs_y = -4},
    {.bitmap_index = 22244, .adv_w = 416, .box_w = 26, .box_h = 25, .ofs_x = 0, .ofs_y = -4},
    {.bitmap_index = 22569, .adv_w = 416, .box_w = 26, .box_h = 26, .ofs_x = 0, .ofs_y = -5},
    {.bitmap_index = 22907, .adv_w = 416, .box_w = 23, .box_h = 25, .ofs_x = 2, .ofs_y = -4},
    {.bitmap_index = 23195, .adv_w = 416, .box_w = 24, .box_h = 24, .ofs_x = 1, .ofs_y = -4},
    {.bitmap_index = 23483, .adv_w = 416, .box_w = 25, .box_h = 25, .ofs_x = 1, .ofs_y = -4},
    {.bitmap_index = 23796, .adv_w = 416, .box_w = 26, .box_h = 25, .ofs_x = 0, .ofs_y = -4},
    {.bitmap_index = 24121, .adv_w = 416, .box_w = 26, .box_h = 25, .ofs_x = 0, .ofs_y = -4},
    {.bitmap_index = 24446, .adv_w = 416, .box_w = 26, .box_h = 25, .ofs_x = 0, .ofs_y = -4},
    {.bitmap_index = 24771, .adv_w = 416, .box_w = 26, .box_h = 26, .ofs_x = 0, .ofs_y = -5},
    {.bitmap_index = 25109, .adv_w = 416, .box_w = 24, .box_h = 22, .ofs_x = 1, .ofs_y = -3},
    {.bitmap_index = 25373, .adv_w = 416, .box_w = 24, .box_h = 26, .ofs_x = 1, .ofs_y = -5},
    {.bitmap_index = 25685, .adv_w = 416, .box_w = 25, .box_h = 25, .ofs_x = 0, .ofs_y = -4},
    {.bitmap_index = 25998, .adv_w = 416, .box_w = 23, .box_h = 25, .ofs_x = 1, .ofs_y = -4},
    {.bitmap_index = 26286, .adv_w = 416, .box_w = 22, .box_h = 24, .ofs_x = 1, .ofs_y = -3},
    {.bitmap_index = 26550, .adv_w = 416, .box_w = 24, .box_h = 23, .ofs_x = 1, .ofs_y = -3},
    {.bitmap_index = 26826, .adv_w = 416, .box_w = 26, .box_h = 24, .ofs_x = 0, .ofs_y = -4},
    {.bitmap_index = 27138, .adv_w = 416, .box_w = 25, .box_h = 24, .ofs_x = 0, .ofs_y = -5},
    {.bitmap_index = 27438, .adv_w = 416, .box_w = 26, .box_h = 23, .ofs_x = 0, .ofs_y = -3},
    {.bitmap_index = 27737, .adv_w = 416, .box_w = 26, .box_h = 26, .ofs_x = 0, .ofs_y = -5},
    {.bitmap_index = 28075, .adv_w = 416, .box_w = 25, .box_h = 26, .ofs_x = 0, .ofs_y = -5},
    {.bitmap_index = 28400, .adv_w = 416, .box_w = 25, .box_h = 25, .ofs_x = 0, .ofs_y = -4},
    {.bitmap_index = 28713, .adv_w = 416, .box_w = 21, .box_h = 24, .ofs_x = 2, .ofs_y = -4},
    {.bitmap_index = 28965, .adv_w = 416, .box_w = 24, .box_h = 24, .ofs_x = 1, .ofs_y = -4},
    {.bitmap_index = 29253, .adv_w = 416, .box_w = 25, .box_h = 25, .ofs_x = 0, .ofs_y = -4},
    {.bitmap_index = 29566, .adv_w = 416, .box_w = 24, .box_h = 24, .ofs_x = 1, .ofs_y = -3},
    {.bitmap_index = 29854, .adv_w = 416, .box_w = 18, .box_h = 25, .ofs_x = 4, .ofs_y = -4},
    {.bitmap_index = 30079, .adv_w = 416, .box_w = 24, .box_h = 25, .ofs_x = 1, .ofs_y = -4},
    {.bitmap_index = 30379, .adv_w = 416, .box_w = 26, .box_h = 25, .ofs_x = 0, .ofs_y = -4},
    {.bitmap_index = 30704, .adv_w = 416, .box_w = 25, .box_h = 26, .ofs_x = 0, .ofs_y = -5},
    {.bitmap_index = 31029, .adv_w = 416, .box_w = 24, .box_h = 25, .ofs_x = 1, .ofs_y = -4},
    {.bitmap_index = 31329, .adv_w = 416, .box_w = 26, .box_h = 24, .ofs_x = 0, .ofs_y = -4},
    {.bitmap_index = 31641, .adv_w = 416, .box_w = 25, .box_h = 24, .ofs_x = 1, .ofs_y = -4},
    {.bitmap_index = 31941, .adv_w = 416, .box_w = 25, .box_h = 24, .ofs_x = 0, .ofs_y = -4},
    {.bitmap_index = 32241, .adv_w = 416, .box_w = 25, .box_h = 26, .ofs_x = 1, .ofs_y = -5},
    {.bitmap_index = 32566, .adv_w = 416, .box_w = 24, .box_h = 25, .ofs_x = 1, .ofs_y = -4},
    {.bitmap_index = 32866, .adv_w = 416, .box_w = 24, .box_h = 25, .ofs_x = 1, .ofs_y = -4},
    {.bitmap_index = 33166, .adv_w = 416, .box_w = 26, .box_h = 25, .ofs_x = 0, .ofs_y = -5},
    {.bitmap_index = 33491, .adv_w = 416, .box_w = 24, .box_h = 24, .ofs_x = 1, .ofs_y = -4},
    {.bitmap_index = 33779, .adv_w = 416, .box_w = 25, .box_h = 25, .ofs_x = 0, .ofs_y = -4},
    {.bitmap_index = 34092, .adv_w = 416, .box_w = 24, .box_h = 25, .ofs_x = 1, .ofs_y = -4},
    {.bitmap_index = 34392, .adv_w = 416, .box_w = 24, .box_h = 23, .ofs_x = 1, .ofs_y = -4},
    {.bitmap_index = 34668, .adv_w = 416, .box_w = 25, .box_h = 25, .ofs_x = 0, .ofs_y = -4},
    {.bitmap_index = 34981, .adv_w = 416, .box_w = 20, .box_h = 23, .ofs_x = 3, .ofs_y = -3},
    {.bitmap_index = 35211, .adv_w = 416, .box_w = 22, .box_h = 25, .ofs_x = 2, .ofs_y = -4},
    {.bitmap_index = 35486, .adv_w = 416, .box_w = 24, .box_h = 25, .ofs_x = 1, .ofs_y = -4},
    {.bitmap_index = 35786, .adv_w = 416, .box_w = 24, .box_h = 23, .ofs_x = 1, .ofs_y = -3},
    {.bitmap_index = 36062, .adv_w = 416, .box_w = 24, .box_h = 23, .ofs_x = 1, .ofs_y = -4},
    {.bitmap_index = 36338, .adv_w = 416, .box_w = 24, .box_h = 26, .ofs_x = 1, .ofs_y = -5},
    {.bitmap_index = 36650, .adv_w = 416, .box_w = 24, .box_h = 26, .ofs_x = 1, .ofs_y = -5},
    {.bitmap_index = 36962, .adv_w = 416, .box_w = 26, .box_h = 25, .ofs_x = 0, .ofs_y = -4},
    {.bitmap_index = 37287, .adv_w = 416, .box_w = 27, .box_h = 28, .ofs_x = 0, .ofs_y = -4},
    {.bitmap_index = 37665, .adv_w = 416, .box_w = 26, .box_h = 20, .ofs_x = 0, .ofs_y = 0},
    {.bitmap_index = 37925, .adv_w = 416, .box_w = 26, .box_h = 24, .ofs_x = 0, .ofs_y = -2},
    {.bitmap_index = 38237, .adv_w = 416, .box_w = 26, .box_h = 20, .ofs_x = 0, .ofs_y = 0},
    {.bitmap_index = 38497, .adv_w = 286, .box_w = 18, .box_h = 19, .ofs_x = 0, .ofs_y = 0},
    {.bitmap_index = 38668, .adv_w = 416, .box_w = 26, .box_h = 26, .ofs_x = 0, .ofs_y = -3},
    {.bitmap_index = 39006, .adv_w = 416, .box_w = 26, .box_h = 27, .ofs_x = 0, .ofs_y = -4},
    {.bitmap_index = 39357, .adv_w = 468, .box_w = 30, .box_h = 24, .ofs_x = 0, .ofs_y = -2},
    {.bitmap_index = 39717, .adv_w = 416, .box_w = 26, .box_h = 27, .ofs_x = 0, .ofs_y = -4},
    {.bitmap_index = 40068, .adv_w = 468, .box_w = 30, .box_h = 20, .ofs_x = 0, .ofs_y = 0},
    {.bitmap_index = 40368, .adv_w = 416, .box_w = 26, .box_h = 27, .ofs_x = 0, .ofs_y = -4},
    {.bitmap_index = 40719, .adv_w = 208, .box_w = 13, .box_h = 21, .ofs_x = 0, .ofs_y = -1},
    {.bitmap_index = 40856, .adv_w = 312, .box_w = 20, .box_h = 21, .ofs_x = 0, .ofs_y = -1},
    {.bitmap_index = 41066, .adv_w = 468, .box_w = 30, .box_h = 26, .ofs_x = 0, .ofs_y = -3},
    {.bitmap_index = 41456, .adv_w = 416, .box_w = 26, .box_h = 20, .ofs_x = 0, .ofs_y = 0},
    {.bitmap_index = 41716, .adv_w = 286, .box_w = 18, .box_h = 27, .ofs_x = 0, .ofs_y = -4},
    {.bitmap_index = 41959, .adv_w = 364, .box_w = 17, .box_h = 25, .ofs_x = 3, .ofs_y = -3},
    {.bitmap_index = 42172, .adv_w = 364, .box_w = 23, .box_h = 28, .ofs_x = 0, .ofs_y = -4},
    {.bitmap_index = 42494, .adv_w = 364, .box_w = 23, .box_h = 24, .ofs_x = 0, .ofs_y = -2},
    {.bitmap_index = 42770, .adv_w = 364, .box_w = 23, .box_h = 24, .ofs_x = 0, .ofs_y = -2},
    {.bitmap_index = 43046, .adv_w = 364, .box_w = 17, .box_h = 25, .ofs_x = 3, .ofs_y = -3},
    {.bitmap_index = 43259, .adv_w = 364, .box_w = 25, .box_h = 24, .ofs_x = -1, .ofs_y = -2},
    {.bitmap_index = 43559, .adv_w = 260, .box_w = 14, .box_h = 23, .ofs_x = 1, .ofs_y = -2},
    {.bitmap_index = 43720, .adv_w = 260, .box_w = 14, .box_h = 23, .ofs_x = 1, .ofs_y = -2},
    {.bitmap_index = 43881, .adv_w = 364, .box_w = 23, .box_h = 24, .ofs_x = 0, .ofs_y = -2},
    {.bitmap_index = 44157, .adv_w = 364, .box_w = 23, .box_h = 6, .ofs_x = 0, .ofs_y = 7},
    {.bitmap_index = 44226, .adv_w = 468, .box_w = 30, .box_h = 20, .ofs_x = 0, .ofs_y = 0},
    {.bitmap_index = 44526, .adv_w = 520, .box_w = 33, .box_h = 27, .ofs_x = 0, .ofs_y = -4},
    {.bitmap_index = 44972, .adv_w = 468, .box_w = 31, .box_h = 27, .ofs_x = -1, .ofs_y = -4},
    {.bitmap_index = 45391, .adv_w = 416, .box_w = 26, .box_h = 24, .ofs_x = 0, .ofs_y = -2},
    {.bitmap_index = 45703, .adv_w = 364, .box_w = 23, .box_h = 14, .ofs_x = 0, .ofs_y = 3},
    {.bitmap_index = 45864, .adv_w = 364, .box_w = 23, .box_h = 14, .ofs_x = 0, .ofs_y = 3},
    {.bitmap_index = 46025, .adv_w = 520, .box_w = 33, .box_h = 21, .ofs_x = 0, .ofs_y = -1},
    {.bitmap_index = 46372, .adv_w = 416, .box_w = 26, .box_h = 20, .ofs_x = 0, .ofs_y = 0},
    {.bitmap_index = 46632, .adv_w = 416, .box_w = 26, .box_h = 27, .ofs_x = 0, .ofs_y = -4},
    {.bitmap_index = 46983, .adv_w = 416, .box_w = 27, .box_h = 27, .ofs_x = -1, .ofs_y = -4},
    {.bitmap_index = 47348, .adv_w = 364, .box_w = 24, .box_h = 24, .ofs_x = 0, .ofs_y = -2},
    {.bitmap_index = 47636, .adv_w = 364, .box_w = 23, .box_h = 27, .ofs_x = 0, .ofs_y = -4},
    {.bitmap_index = 47947, .adv_w = 364, .box_w = 23, .box_h = 24, .ofs_x = 0, .ofs_y = -2},
    {.bitmap_index = 48223, .adv_w = 364, .box_w = 23, .box_h = 21, .ofs_x = 0, .ofs_y = -1},
    {.bitmap_index = 48465, .adv_w = 416, .box_w = 26, .box_h = 20, .ofs_x = 0, .ofs_y = 0},
    {.bitmap_index = 48725, .adv_w = 260, .box_w = 18, .box_h = 27, .ofs_x = -1, .ofs_y = -4},
    {.bitmap_index = 48968, .adv_w = 364, .box_w = 23, .box_h = 27, .ofs_x = 0, .ofs_y = -4},
    {.bitmap_index = 49279, .adv_w = 364, .box_w = 23, .box_h = 27, .ofs_x = 0, .ofs_y = -4},
    {.bitmap_index = 49590, .adv_w = 468, .box_w = 30, .box_h = 20, .ofs_x = 0, .ofs_y = 0},
    {.bitmap_index = 49890, .adv_w = 416, .box_w = 28, .box_h = 28, .ofs_x = -1, .ofs_y = -4},
    {.bitmap_index = 50282, .adv_w = 312, .box_w = 20, .box_h = 27, .ofs_x = 0, .ofs_y = -4},
    {.bitmap_index = 50552, .adv_w = 520, .box_w = 33, .box_h = 24, .ofs_x = 0, .ofs_y = -2},
    {.bitmap_index = 50948, .adv_w = 520, .box_w = 33, .box_h = 17, .ofs_x = 0, .ofs_y = 1},
    {.bitmap_index = 51229, .adv_w = 520, .box_w = 33, .box_h = 17, .ofs_x = 0, .ofs_y = 1},
    {.bitmap_index = 51510, .adv_w = 520, .box_w = 33, .box_h = 17, .ofs_x = 0, .ofs_y = 1},
    {.bitmap_index = 51791, .adv_w = 520, .box_w = 33, .box_h = 17, .ofs_x = 0, .ofs_y = 1},
    {.bitmap_index = 52072, .adv_w = 520, .box_w = 33, .box_h = 17, .ofs_x = 0, .ofs_y = 1},
    {.bitmap_index = 52353, .adv_w = 520, .box_w = 33, .box_h = 21, .ofs_x = 0, .ofs_y = -1},
    {.bitmap_index = 52700, .adv_w = 364, .box_w = 21, .box_h = 27, .ofs_x = 1, .ofs_y = -4},
    {.bitmap_index = 52984, .adv_w = 364, .box_w = 23, .box_h = 27, .ofs_x = 0, .ofs_y = -4},
    {.bitmap_index = 53295, .adv_w = 416, .box_w = 27, .box_h = 27, .ofs_x = -1, .ofs_y = -4},
    {.bitmap_index = 53660, .adv_w = 520, .box_w = 33, .box_h = 20, .ofs_x = 0, .ofs_y = 0},
    {.bitmap_index = 53990, .adv_w = 312, .box_w = 20, .box_h = 27, .ofs_x = 0, .ofs_y = -4},
    {.bitmap_index = 54260, .adv_w = 418, .box_w = 27, .box_h = 18, .ofs_x = 0, .ofs_y = 1},
    {.bitmap_index = 54503, .adv_w = 416, .box_w = 5, .box_h = 9, .ofs_x = 4, .ofs_y = -4}
};

/*---------------------
 *  CHARACTER MAPPING
 *--------------------*/

static const uint16_t unicode_list_1[] = {
    0x0, 0x1, 0x46, 0xa4, 0x143, 0x152, 0x1d3, 0x35b,
    0x369, 0x37b, 0x426, 0x495, 0x49e, 0x54b, 0x5cd, 0x625,
    0x8d4, 0x8f4, 0x9c4, 0xb1f, 0xb2a, 0xbc1, 0xd46, 0xd4e,
    0xd7f, 0xd90, 0xdaf, 0xdbc, 0xe38, 0xee6, 0xfdb, 0xff8,
    0x102e, 0x1085, 0x109c, 0x10f6, 0x1406, 0x1490, 0x149b, 0x14df,
    0x159f, 0x16a3, 0x1734, 0x173e, 0x17ec, 0x1865, 0x1955, 0x1975,
    0x19db, 0x1ab6, 0x1b72, 0x1d59, 0x1dc5, 0x1f41, 0x1f7e, 0x243d,
    0x2715, 0x2742, 0x29f7, 0x2c01, 0x2ccf, 0x2da3, 0x30c9, 0x3147,
    0x3164, 0x32c2, 0x32f3, 0x33e0, 0x3478, 0x35d2, 0x3a42, 0x3bf6,
    0x3d9a, 0x3db4, 0x3de3, 0x3ded, 0x3f7b, 0x4173, 0x4189, 0x41ca,
    0x41ff, 0x43c3, 0x43c5, 0x4695, 0x47de, 0x47ea, 0x4828, 0x4831,
    0x4958, 0x49e9, 0x4cce, 0x50ce, 0xa1f7, 0xa1fe, 0xa201, 0xa202,
    0xa203, 0xa207, 0xa209, 0xa20b, 0xa20f, 0xa212, 0xa217, 0xa21c,
    0xa21d, 0xa21e, 0xa234, 0xa239, 0xa23e, 0xa241, 0xa242, 0xa243,
    0xa247, 0xa248, 0xa249, 0xa24a, 0xa25d, 0xa25e, 0xa264, 0xa266,
    0xa267, 0xa26a, 0xa26d, 0xa26e, 0xa26f, 0xa271, 0xa289, 0xa28b,
    0xa2ba, 0xa2bb, 0xa2bd, 0xa2bf, 0xa2d6, 0xa2dd, 0xa2e0, 0xa2e9,
    0xa312, 0xa31a, 0xa351, 0xa3e1, 0xa436, 0xa437, 0xa438, 0xa439,
    0xa43a, 0xa47d, 0xa489, 0xa4e3, 0xa4fa, 0xa750, 0xa9b8, 0xaa98,
    0xb102
};

/*Collect the unicode lists and glyph_id offsets*/
static const lv_font_fmt_txt_cmap_t cmaps[] =
{
    {
        .range_start = 32, .range_length = 95, .glyph_id_start = 1,
        .unicode_list = NULL, .glyph_id_ofs_list = NULL, .list_length = 0, .type = LV_FONT_FMT_TXT_CMAP_FORMAT0_TINY
    },
    {
        .range_start = 19978, .range_length = 45315, .glyph_id_start = 96,
        .unicode_list = unicode_list_1, .glyph_id_ofs_list = NULL, .list_length = 153, .type = LV_FONT_FMT_TXT_CMAP_SPARSE_TINY
    }
};



/*--------------------
 *  ALL CUSTOM DATA
 *--------------------*/

#if LVGL_VERSION_MAJOR == 8
/*Store all the custom data of the font*/
static  lv_font_fmt_txt_glyph_cache_t cache;
#endif

#if LVGL_VERSION_MAJOR >= 8
static const lv_font_fmt_txt_dsc_t font_dsc = {
#else
static lv_font_fmt_txt_dsc_t font_dsc = {
#endif
    .glyph_bitmap = glyph_bitmap,
    .glyph_dsc = glyph_dsc,
    .cmaps = cmaps,
    .kern_dsc = NULL,
    .kern_scale = 0,
    .cmap_num = 2,
    .bpp = 4,
    .kern_classes = 0,
    .bitmap_format = 0,
#if LVGL_VERSION_MAJOR == 8
    .cache = &cache
#endif
};



/*-----------------
 *  PUBLIC FONT
 *----------------*/

/*Initialize a public general font descriptor*/
#if LVGL_VERSION_MAJOR >= 8
const lv_font_t lv_font_Dengb_26 = {
#else
lv_font_t lv_font_Dengb_26 = {
#endif
    .get_glyph_dsc = lv_font_get_glyph_dsc_fmt_txt,    /*Function pointer to get glyph's data*/
    .get_glyph_bitmap = lv_font_get_bitmap_fmt_txt,    /*Function pointer to get glyph's bitmap*/
    .line_height = 26,          /*The maximum line height required by the font*/
    .base_line = 3,             /*Baseline measured from the bottom of the line*/
#if !(LVGL_VERSION_MAJOR == 6 && LVGL_VERSION_MINOR == 0)
    .subpx = LV_FONT_SUBPX_NONE,
#endif
#if LV_VERSION_CHECK(7, 4, 0) || LVGL_VERSION_MAJOR >= 8
    .underline_position = -5,
    .underline_thickness = 2,
#endif
    .dsc = &font_dsc,          /*The custom font data. Will be accessed by `get_glyph_bitmap/dsc` */
#if LV_VERSION_CHECK(8, 2, 0) || LVGL_VERSION_MAJOR >= 9
    .fallback = NULL,
#endif
    .user_data = NULL,
};



#endif /*#if LV_FONT_DENGB_26*/

