/**
 *******************************************************************************
 * Copyright(c) 2023 Realtek Semiconductor Corporation. All rights reserved.
 *******************************************************************************
 * @file: rtl8723f_fw-C-CUT-0xD7B8-0x0DA7_2023_06_16.c
 * @brief: rtl8723f firmware and configuration
 * @details:
 * @author:
 * @version:
 *          cut type:C-CUT
 *          hci revision:0xd7b8
 *          lmp subverison:0x0da7
 * @date: 2023-06-16 14:20:31
 */

#ifndef __FW_RTL8733BS_D7B8_0DA7_H__
#define __FW_RTL8733BS_D7B8_0DA7_H__

#include <stdint.h>

#if 1
static unsigned char fw_rtl8733bs_d7b8_0da7[] =
{
    0x00, 0x00, 0x00, 0x00, 0x00, 0x00, 0x00, 0x00, 0x00, 0x00, 0x00, 0x00, 0x00, 0x00, 0x00, 0x00,
    0x00, 0x00, 0x00, 0x00, 0x00, 0x00, 0x00, 0x00, 0x00, 0x00, 0x00, 0x00, 0x00, 0x00, 0x00, 0x00,
    0x00, 0x00, 0x00, 0x00, 0x00, 0x00, 0x00, 0x00, 0x00, 0x00, 0x00, 0x00, 0x00, 0x00, 0x00, 0x00,
    0x00, 0x00, 0x00, 0x00, 0x00, 0x00, 0x00, 0x00, 0x00, 0x00, 0x00, 0x00, 0x00, 0x00, 0x00, 0x00,
    0x00, 0x00, 0x00, 0x00, 0x00, 0x00, 0x00, 0x00, 0x00, 0x00, 0x00, 0x00, 0x00, 0x00, 0x00, 0x00,
    0x00, 0x00, 0x00, 0x00, 0x00, 0x00, 0x00, 0x00, 0x00, 0x00, 0x00, 0x00, 0x00, 0x00, 0x00, 0x00,
    0x00, 0x00, 0x00, 0x00, 0x00, 0x00, 0x00, 0x00, 0x00, 0x00, 0x00, 0x00, 0x00, 0x00, 0x00, 0x00,
    0x00, 0x00, 0x00, 0x00, 0x00, 0x00, 0x00, 0x00, 0x00, 0x00, 0x00, 0x00, 0x00, 0x00, 0x00, 0x00,
    0x00, 0x00, 0x00, 0x00, 0x00, 0x00, 0x00, 0x00, 0x00, 0x00, 0x00, 0x00, 0x00, 0x00, 0x00, 0x00,
    0x00, 0x00, 0x00, 0x00, 0x00, 0x00, 0x00, 0x00, 0x00, 0x00, 0x00, 0x00, 0x00, 0x00, 0x00, 0x00,
    0x00, 0x00, 0x00, 0x00, 0x00, 0x00, 0x00, 0x00, 0x00, 0x00, 0x00, 0x00, 0x00, 0x00, 0x00, 0x00,
    0x00, 0x00, 0x00, 0x00, 0x00, 0x00, 0x00, 0x00, 0x00, 0x00, 0x00, 0x00, 0x00, 0x00, 0x00, 0x00,
    0x00, 0x00, 0x00, 0x00, 0x00, 0x00, 0x00, 0x00, 0x00, 0x00, 0x00, 0x00, 0x00, 0x00, 0x00, 0x00,
    0x00, 0x00, 0x00, 0x00, 0x00, 0x00, 0x00, 0x00, 0x00, 0x00, 0x00, 0x00, 0x00, 0x00, 0x00, 0x00,
    0x00, 0x00, 0x00, 0x00, 0x00, 0x00, 0x00, 0x00, 0x00, 0x00, 0x00, 0x00, 0x00, 0x00, 0x00, 0x00,
    0x00, 0x00, 0x00, 0x00, 0x00, 0x00, 0x00, 0x00, 0x00, 0x00, 0x00, 0x00, 0x00, 0x00, 0x00, 0x00,
    0x00, 0x00, 0x00, 0x00, 0x00, 0x00, 0x00, 0x00, 0x00, 0x00, 0x00, 0x00, 0x00, 0x00, 0x00, 0x00,
    0x00, 0x00, 0x00, 0x00, 0x00, 0x00, 0x00, 0x00, 0x00, 0x00, 0x00, 0x00, 0x00, 0x00, 0x00, 0x00,
    0x00, 0x00, 0x00, 0x00, 0x00, 0x00, 0x00, 0x00, 0x00, 0x00, 0x00, 0x00, 0x00, 0x00, 0x00, 0x00,
    0x00, 0x00, 0x00, 0x00, 0x00, 0x00, 0x00, 0x00, 0x00, 0x00, 0x00, 0x00, 0x00, 0x00, 0x00, 0x00,
    0x00, 0x00, 0x00, 0x00, 0x00, 0x00, 0x00, 0x00, 0x00, 0x00, 0x00, 0x00, 0x00, 0x00, 0x00, 0x00,
    0x00, 0x00, 0x00, 0x00, 0x00, 0x00, 0x00, 0x00, 0x00, 0x00, 0x00, 0x00, 0x00, 0x00, 0x00, 0x00,
    0x00, 0x00, 0x00, 0x00, 0x00, 0x00, 0x00, 0x00, 0x00, 0x00, 0x00, 0x00, 0x00, 0x00, 0x00, 0x00,
    0x00, 0x00, 0x00, 0x00, 0x00, 0x00, 0x00, 0x00, 0x00, 0x00, 0x00, 0x00, 0x00, 0x00, 0x00, 0x00,
    0x00, 0x00, 0x00, 0x00, 0x00, 0x00, 0x00, 0x00, 0x00, 0x00, 0x00, 0x00, 0x00, 0x00, 0x00, 0x00,
    0x00, 0x00, 0x00, 0x00, 0x00, 0x00, 0x00, 0x00, 0x00, 0x00, 0x00, 0x00, 0x00, 0x00, 0x00, 0x00,
    0x00, 0x00, 0x00, 0x00, 0x00, 0x00, 0x00, 0x00, 0x00, 0x00, 0x00, 0x00, 0x00, 0x00, 0x00, 0x00,
    0x00, 0x00, 0x00, 0x00, 0x00, 0x00, 0x00, 0x00, 0x00, 0x00, 0x00, 0x00, 0x00, 0x00, 0x00, 0x00,
    0x00, 0x00, 0x00, 0x00, 0x00, 0x00, 0x00, 0x00, 0x00, 0x00, 0x00, 0x00, 0x00, 0x00, 0x00, 0x00,
    0x00, 0x00, 0x00, 0x00, 0x00, 0x00, 0x00, 0x00, 0x00, 0x00, 0x00, 0x00, 0x00, 0x00, 0x00, 0x00,
    0x00, 0x00, 0x00, 0x00, 0x00, 0x00, 0x00, 0x00, 0x00, 0x00, 0x00, 0x00, 0x00, 0x00, 0x00, 0x00,
    0x00, 0x00, 0x00, 0x00, 0x00, 0x00, 0x00, 0x00, 0x00, 0x00, 0x00, 0x00, 0x00, 0x00, 0x00, 0x00,
    0x00, 0x00, 0x00, 0x00, 0x00, 0x00, 0x00, 0x00, 0x00, 0x00, 0x00, 0x00, 0x00, 0x00, 0x00, 0x00,
    0x00, 0xFC, 0x63, 0x07, 0x62, 0x06, 0xD1, 0x05, 0xD0, 0xAC, 0xB2, 0x41, 0x9A, 0xAC, 0xB3, 0xAD,
    0xB1, 0x42, 0x34, 0x82, 0x34, 0x80, 0xCB, 0xAC, 0xB3, 0x40, 0xCB, 0xAC, 0xB2, 0x40, 0xEA, 0x00,
    0x65, 0xAB, 0xB2, 0x40, 0xEA, 0x00, 0x65, 0xAB, 0xB2, 0x40, 0xEA, 0x00, 0x65, 0xAA, 0xB3, 0xAB,
    0xB2, 0x60, 0xDA, 0xAB, 0xB2, 0x40, 0xEA, 0x00, 0x65, 0xAA, 0xB2, 0xAB, 0xB3, 0x60, 0xDA, 0xAB,
    0xB2, 0xAB, 0xB3, 0x60, 0xDA, 0xAB, 0xB2, 0x46, 0xD9, 0xAB, 0xB2, 0x45, 0xD9, 0xAB, 0xB2, 0x4B,
    0xD9, 0xAB, 0xB2, 0x00, 0xF1, 0x4C, 0xD9, 0xAB, 0xB2, 0xE0, 0xF0, 0x44, 0xD9, 0xAA, 0xB3, 0xAB,
    0xB2, 0x60, 0xDA, 0xAB, 0xB2, 0xAB, 0xB3, 0xAC, 0xB0, 0x60, 0xDA, 0xC0, 0xF0, 0x99, 0xA0, 0xC0,
    0xF0, 0x58, 0xA0, 0xC0, 0xF0, 0x7A, 0xA0, 0x80, 0x34, 0x4D, 0xEC, 0xC0, 0xF0, 0x5B, 0xA0, 0x60,
    0x33, 0x60, 0x33, 0x6D, 0xEC, 0x00, 0xF6, 0x40, 0x32, 0x02, 0x6B, 0x8D, 0xEA, 0x6B, 0xEB, 0x6C,
    0xEA, 0x42, 0x33, 0xC0, 0xF0, 0x58, 0xC0, 0xC0, 0xF0, 0x79, 0xC0, 0x00, 0xF6, 0x42, 0x32, 0x62,
    0x33, 0xC0, 0xF0, 0x7A, 0xC0, 0xC0, 0xF0, 0x5B, 0xC0, 0x9C, 0xB3, 0x9D, 0xB2, 0x60, 0xDA, 0x9D,
    0xB2, 0x9D, 0xB3, 0x60, 0xDA, 0x9D, 0xB2, 0x9E, 0xB3, 0x60, 0xDA, 0x9E, 0xB2, 0x9E, 0xB3, 0x60,
    0xDA, 0x9E, 0xB2, 0x9F, 0xB3, 0x60, 0xDA, 0x9F, 0xB2, 0x9F, 0xB3, 0x60, 0xDA, 0x9F, 0xB2, 0xA0,
    0xB3, 0x60, 0xDA, 0xA0, 0xB2, 0xA0, 0xB3, 0x60, 0xDA, 0xA0, 0xB2, 0xA1, 0xB3, 0x60, 0xDA, 0xA1,
    0xB2, 0xA1, 0xB3, 0x60, 0xDA, 0xA1, 0xB2, 0xA2, 0xB3, 0x60, 0xDA, 0xA2, 0xB3, 0xA2, 0xB2, 0x60,
    0xDA, 0xA2, 0xB2, 0x40, 0xEA, 0x00, 0x65, 0xA2, 0xB3, 0xA2, 0xB2, 0x60, 0xDA, 0x00, 0x6A, 0x20,
    0xF1, 0x48, 0xC0, 0xA1, 0xB2, 0x40, 0xEA, 0x00, 0x65, 0xA0, 0xB2, 0x00, 0x6B, 0x60, 0xCA, 0x71,
    0x6A, 0x60, 0xF0, 0x4B, 0xC0, 0x60, 0xF0, 0x53, 0xC0, 0x60, 0xF0, 0x55, 0xC0, 0x00, 0xF1, 0x5D,
    0xC0, 0x9B, 0xB2, 0x5D, 0xD9, 0x9B, 0xB2, 0xC0, 0xF0, 0x4C, 0xD9, 0x7E, 0x6B, 0x9A, 0xB2, 0x6B,
    0xEB, 0x20, 0xF1, 0x5C, 0xD9, 0x99, 0xB2, 0x60, 0xF0, 0x6A, 0xC0, 0x60, 0xF0, 0x72, 0xC0, 0x60,
    0xF0, 0x74, 0xC0, 0x00, 0xF1, 0x7C, 0xC0, 0x40, 0xEA, 0x00, 0x65, 0x95, 0xB2, 0x40, 0xEA, 0x00,
    0x65, 0x94, 0xB2, 0x95, 0xB3, 0x60, 0xDA, 0xE0, 0xF0, 0x4D, 0xA0, 0x01, 0x6B, 0xC0, 0xF0, 0x99,
    0xA0, 0x6D, 0xEA, 0xE0, 0xF0, 0x4D, 0xC0, 0xC0, 0xF0, 0x7A, 0xA0, 0xC0, 0xF0, 0x58, 0xA0, 0x80,
    0x34, 0x60, 0x33, 0x4D, 0xEC, 0xC0, 0xF0, 0x5B, 0xA0, 0x60, 0x33, 0x6D, 0xEC, 0x8B, 0xB3, 0x00,
    0xF6, 0x40, 0x32, 0x8D, 0xEA, 0x6D, 0xEA, 0x42, 0x33, 0xC0, 0xF0, 0x58, 0xC0, 0x00, 0xF6, 0x42,
    0x32, 0xC0, 0xF0, 0x5B, 0xC0, 0x86, 0xB2, 0x40, 0xA2, 0xC0, 0xF0, 0x79, 0xC0, 0x62, 0x33, 0xC0,
    0xF0, 0x7A, 0xC0, 0x06, 0x6B, 0x6C, 0xEA, 0x06, 0x72, 0x03, 0x61, 0x82, 0xB2, 0x40, 0xEA, 0x14,
    0x6C, 0x81, 0xB2, 0x82, 0xB3, 0x60, 0xDA, 0x82, 0xB2, 0x82, 0xB3, 0x60, 0xDA, 0x82, 0xB2, 0x83,
    0xB3, 0x60, 0xDA, 0x83, 0xB2, 0x00, 0x6C, 0x5F, 0xD9, 0x82, 0xB2, 0x80, 0xCA, 0x82, 0xB2, 0x80,
    0xC2, 0x82, 0xB3, 0x83, 0xB2, 0x60, 0xDA, 0x83, 0xB2, 0x83, 0xB3, 0x60, 0xDA, 0x83, 0xB2, 0x84,
    0xB3, 0x60, 0xDA, 0x84, 0xB2, 0x84, 0xB3, 0x60, 0xDA, 0xE0, 0xF0, 0xA1, 0xA0, 0xE0, 0xF0, 0x40,
    0xA0, 0xE0, 0xF0, 0x62, 0xA0, 0xA0, 0x35, 0x4D, 0xED, 0x60, 0x33, 0xE0, 0xF0, 0x43, 0xA0, 0x60,
    0x33, 0x6D, 0xED, 0x7E, 0xB3, 0x00, 0xF6, 0x40, 0x32, 0xAD, 0xEA, 0x6C, 0xEA, 0xE0, 0xF0, 0x40,
    0xC0, 0x42, 0x33, 0x00, 0xF6, 0x42, 0x32, 0xE0, 0xF0, 0x43, 0xC0, 0x79, 0xB2, 0x80, 0xC2, 0xE0,
    0xF0, 0x61, 0xC0, 0x78, 0xB2, 0x62, 0x33, 0x80, 0xC2, 0xE0, 0xF0, 0x62, 0xC0, 0x76, 0xB2, 0x77,
    0xB3, 0x60, 0xDA, 0x77, 0xB2, 0x77, 0xB3, 0x60, 0xDA, 0x77, 0xB2, 0x78, 0xB3, 0x60, 0xDA, 0x78,
    0xB2, 0x11, 0x6B, 0x80, 0xC2, 0x6B, 0xEB, 0x77, 0xB2, 0x60, 0xC2, 0x30, 0x6B, 0x76, 0xB2, 0x6B,
    0xEB, 0x60, 0xC2, 0x2F, 0x6B, 0x75, 0xB2, 0x6B, 0xEB, 0x60, 0xC2, 0x20, 0xF1, 0x49, 0xA0, 0x07,
    0x6B, 0x6B, 0xEB, 0x6C, 0xEA, 0x20, 0xF1, 0x49, 0xC0, 0x71, 0xB3, 0x72, 0xB2, 0x60, 0xDA, 0x72,
    0xB2, 0x72, 0xB3, 0x60, 0xDA, 0x72, 0xB2, 0x73, 0xB3, 0x60, 0xDA, 0x73, 0xB2, 0x73, 0xB3, 0x60,
    0xDA, 0x73, 0xB2, 0x74, 0xB3, 0x60, 0xDA, 0x74, 0xB2, 0x74, 0xB3, 0x60, 0xDA, 0x74, 0xB2, 0x75,
    0xB3, 0x60, 0xDA, 0x75, 0xB2, 0x75, 0xB3, 0x60, 0xDA, 0x75, 0xB2, 0x76, 0xB3, 0x60, 0xDA, 0x76,
    0xB2, 0x4E, 0xD9, 0x07, 0x97, 0x06, 0x91, 0x05, 0x90, 0x74, 0xB2, 0x75, 0xB3, 0x60, 0xDA, 0x75,
    0xB2, 0x75, 0xB3, 0x60, 0xDA, 0x00, 0xEF, 0x04, 0x63, 0x64, 0xCF, 0x11, 0x80, 0x9A, 0x00, 0x12,
    0x80, 0x44, 0x07, 0x12, 0x80, 0x98, 0x00, 0x12, 0x80, 0x51, 0x68, 0x11, 0x80, 0x95, 0x66, 0x11,
    0x80, 0x2D, 0xB9, 0x11, 0x80, 0x41, 0x40, 0x11, 0x80, 0x54, 0x09, 0x12, 0x80, 0x75, 0xAC, 0x11,
    0x80, 0x1C, 0x17, 0x12, 0x80, 0x95, 0x3C, 0x11, 0x80, 0x30, 0x0A, 0x12, 0x80, 0xAD, 0x3C, 0x11,
    0x80, 0xE5, 0x4D, 0x11, 0x80, 0xDD, 0x44, 0x11, 0x80, 0xAD, 0x3D, 0x11, 0x80, 0xAD, 0x4A, 0x11,
    0x80, 0x0D, 0x4A, 0x11, 0x80, 0xAD, 0x63, 0x11, 0x80, 0x2C, 0x16, 0x12, 0x80, 0xE0, 0x16, 0x12,
    0x80, 0x31, 0x62, 0x11, 0x80, 0xA8, 0x00, 0x12, 0x80, 0x1D, 0x3C, 0x11, 0x80, 0x90, 0x17, 0x12,
    0x80, 0xF8, 0x16, 0x12, 0x80, 0x99, 0x3E, 0x11, 0x80, 0x94, 0x0F, 0x12, 0x80, 0x35, 0x3E, 0x11,
    0x80, 0x1C, 0x10, 0x12, 0x80, 0xCD, 0x73, 0x11, 0x80, 0x30, 0x11, 0x12, 0x80, 0x25, 0x80, 0x11,
    0x80, 0x64, 0x12, 0x12, 0x80, 0xDD, 0x68, 0x11, 0x80, 0x00, 0x11, 0x12, 0x80, 0x9D, 0x75, 0x11,
    0x80, 0xD4, 0x17, 0x12, 0x80, 0xF1, 0x60, 0x11, 0x80, 0x98, 0x17, 0x12, 0x80, 0x0D, 0x3C, 0x11,
    0x80, 0xA8, 0x12, 0x12, 0x80, 0xC5, 0x44, 0x11, 0x80, 0x34, 0x14, 0x12, 0x80, 0xE1, 0x61, 0x11,
    0x80, 0xD5, 0x3F, 0x11, 0x80, 0x30, 0x14, 0x12, 0x80, 0x51, 0x8C, 0x11, 0x80, 0x61, 0x3C, 0x11,
    0x80, 0x6C, 0x10, 0x12, 0x80, 0xA1, 0xB1, 0x11, 0x80, 0x4C, 0xF9, 0x12, 0x80, 0x8D, 0x5B, 0x11,
    0x80, 0xD1, 0x5B, 0x11, 0x80, 0x15, 0x5C, 0x11, 0x80, 0x4D, 0x6D, 0x11, 0x80, 0xA1, 0x02, 0x01,
    0x80, 0x48, 0x10, 0x12, 0x80, 0x79, 0x61, 0x11, 0x80, 0x00, 0x00, 0x00, 0x08, 0x70, 0x2F, 0x11,
    0x80, 0xFD, 0x1C, 0x01, 0x80, 0x60, 0x06, 0x12, 0x80, 0x75, 0x45, 0x11, 0x80, 0x64, 0x06, 0x12,
    0x80, 0xC1, 0x47, 0x11, 0x80, 0x5C, 0x0F, 0x12, 0x80, 0x85, 0x3C, 0x11, 0x80, 0x8D, 0x4B, 0x11,
    0x80, 0x4A, 0xF9, 0x12, 0x80, 0x48, 0xF9, 0x12, 0x80, 0x31, 0xC2, 0x11, 0x80, 0x04, 0x0D, 0x12,
    0x80, 0xE4, 0x16, 0x12, 0x80, 0xD1, 0x3C, 0x11, 0x80, 0xF8, 0x04, 0x12, 0x80, 0x25, 0x67, 0x11,
    0x80, 0xF4, 0x04, 0x12, 0x80, 0x99, 0x67, 0x11, 0x80, 0xFF, 0xFF, 0xFF, 0x1F, 0x14, 0xF8, 0x12,
    0x80, 0x1C, 0xF8, 0x12, 0x80, 0x74, 0x16, 0x12, 0x80, 0xF9, 0x51, 0x11, 0x80, 0x04, 0x11, 0x12,
    0x80, 0x29, 0x7D, 0x11, 0x80, 0x58, 0x16, 0x12, 0x80, 0x91, 0x52, 0x11, 0x80, 0x1D, 0xF8, 0x12,
    0x80, 0x0B, 0xF8, 0x12, 0x80, 0x06, 0xF8, 0x12, 0x80, 0x0A, 0xF8, 0x12, 0x80, 0xF9, 0x52, 0x11,
    0x80, 0xAC, 0x0A, 0x12, 0x80, 0x40, 0x0B, 0x12, 0x80, 0x89, 0x5E, 0x11, 0x80, 0x3C, 0x1A, 0x12,
    0x80, 0x15, 0x56, 0x11, 0x80, 0x28, 0x51, 0x12, 0x80, 0xFD, 0x55, 0x11, 0x80, 0xB0, 0x09, 0x12,
    0x80, 0xD5, 0x63, 0x11, 0x80, 0xB8, 0x16, 0x12, 0x80, 0xE9, 0x3C, 0x11, 0x80, 0x38, 0x0B, 0x12,
    0x80, 0x99, 0x7B, 0x11, 0x80, 0x50, 0x15, 0x12, 0x80, 0x6D, 0x3D, 0x11, 0x80, 0x6C, 0x05, 0x12,
    0x80, 0x49, 0x61, 0x11, 0x80, 0x55, 0x40, 0x11, 0x80, 0x08, 0x17, 0x12, 0x80, 0xA1, 0x62, 0x11,
    0x80, 0xD8, 0x14, 0x12, 0x80, 0x09, 0x3D, 0x11, 0x80, 0xFD, 0x63, 0x05, 0x62, 0x08, 0xB2, 0xFF,
    0xF7, 0x1F, 0x6B, 0x80, 0x6D, 0x40, 0xAA, 0xFF, 0x6C, 0x21, 0x4C, 0x6C, 0xEA, 0x4D, 0xED, 0x05,
    0xB2, 0x40, 0x9A, 0x40, 0xEA, 0x6C, 0xED, 0x05, 0x97, 0x00, 0xEF, 0x03, 0x63, 0x20, 0x01, 0x00,
    0xB6, 0xE8, 0x04, 0x12, 0x80, 0xFD, 0x63, 0x05, 0x62, 0x07, 0xB2, 0x7F, 0xF7, 0x1F, 0x6D, 0xFF,
    0x6C, 0x60, 0xAA, 0x06, 0xB2, 0x40, 0x9A, 0x6C, 0xED, 0x40, 0xEA, 0x21, 0x4C, 0x05, 0x97, 0x00,
    0xEF, 0x03, 0x63, 0x00, 0x65, 0x20, 0x01, 0x00, 0xB6, 0xE8, 0x04, 0x12, 0x80, 0x03, 0xB2, 0x00,
    0x6B, 0x60, 0xC2, 0x20, 0xE8, 0x00, 0x6A, 0x00, 0x65, 0x92, 0xF9, 0x12, 0x80, 0x00, 0x6B, 0xA0,
    0xF2, 0x1C, 0x6A, 0x58, 0xEB, 0x0E, 0xB2, 0x12, 0xEC, 0x89, 0xE2, 0xA0, 0xF0, 0x92, 0xA2, 0x0E,
    0x24, 0x00, 0xF2, 0x99, 0xA2, 0x0B, 0x2C, 0xE0, 0xF0, 0x87, 0xA2, 0x08, 0x6D, 0xAC, 0xEC, 0x06,
    0x24, 0xC0, 0xF0, 0x90, 0xA2, 0x01, 0x74, 0x02, 0x61, 0x00, 0xF2, 0x99, 0xC2, 0x01, 0x4B, 0xFF,
    0x6A, 0x4C, 0xEB, 0x0A, 0x5B, 0xE4, 0x61, 0x20, 0xE8, 0x00, 0x6A, 0x00, 0x65, 0x50, 0x1C, 0x13,
    0x80, 0x43, 0xA4, 0x09, 0x6B, 0x6C, 0xEA, 0x09, 0x22, 0xFD, 0x63, 0x05, 0x62, 0x05, 0xB2, 0x40,
    0xEA, 0x00, 0x65, 0x05, 0x97, 0x00, 0x6A, 0x00, 0xEF, 0x03, 0x63, 0x20, 0xE8, 0x00, 0x6A, 0x00,
    0x65, 0x79, 0x91, 0x11, 0x80, 0x03, 0xB3, 0x01, 0x6C, 0x40, 0x9B, 0x8D, 0xEA, 0x20, 0xE8, 0x40,
    0xDB, 0x30, 0x60, 0x00, 0xB0, 0xFD, 0x63, 0x05, 0x62, 0x04, 0xB2, 0x40, 0xEA, 0x00, 0x65, 0x05,
    0x97, 0x00, 0x6A, 0x00, 0xEF, 0x03, 0x63, 0x00, 0x65, 0x61, 0xAD, 0x11, 0x80, 0xFD, 0x63, 0x05,
    0x62, 0x04, 0xD0, 0x06, 0xB2, 0x40, 0xEA, 0x04, 0x67, 0x05, 0xB2, 0x40, 0xEA, 0x90, 0x67, 0x05,
    0x97, 0x04, 0x90, 0x00, 0xEF, 0x03, 0x63, 0x00, 0x65, 0x39, 0xAD, 0x11, 0x80, 0x29, 0xB0, 0x11,
    0x80, 0xFD, 0x63, 0x05, 0x62, 0x04, 0xB2, 0x40, 0xEA, 0x00, 0x65, 0x05, 0x97, 0x01, 0x6A, 0x00,
    0xEF, 0x03, 0x63, 0x00, 0x65, 0x39, 0xAF, 0x11, 0x80, 0xFD, 0x63, 0x05, 0x62, 0xA7, 0x44, 0x05,
    0x6E, 0x04, 0xB4, 0x05, 0xB2, 0x40, 0xEA, 0x43, 0x4D, 0x05, 0x97, 0x00, 0x6A, 0x00, 0xEF, 0x03,
    0x63, 0x2C, 0xF8, 0x12, 0x80, 0x5D, 0xEE, 0x00, 0x80, 0xFD, 0x63, 0x05, 0x62, 0x15, 0xB2, 0xFF,
    0xF7, 0x1F, 0x6D, 0x08, 0xF0, 0x00, 0x6B, 0x40, 0xAA, 0xAC, 0xEA, 0x4C, 0xEB, 0xAC, 0xEB, 0x09,
    0x23, 0x08, 0xF0, 0x01, 0x6B, 0x6B, 0xEB, 0x6C, 0xEA, 0x0F, 0xB3, 0x60, 0x9B, 0x4C, 0xED, 0x40,
    0xEB, 0x5E, 0x6C, 0x0E, 0xB2, 0xFF, 0xF7, 0x1F, 0x6D, 0xFF, 0x6B, 0x40, 0xAA, 0x01, 0x4B, 0xAC,
    0xEA, 0x4C, 0xEB, 0xAC, 0xEB, 0x0A, 0x23, 0xFF, 0x6B, 0x02, 0x4B, 0x6B, 0xEB, 0x6C, 0xEA, 0x06,
    0xB3, 0x60, 0x9B, 0xFF, 0x6C, 0x4C, 0xED, 0x40, 0xEB, 0x21, 0x4C, 0x05, 0x97, 0x00, 0xEF, 0x03,
    0x63, 0x5E, 0x00, 0x00, 0xB6, 0xE8, 0x04, 0x12, 0x80, 0x20, 0x01, 0x00, 0xB6, 0xFC, 0x63, 0x07,
    0x62, 0x06, 0xD1, 0x05, 0xD0, 0x0B, 0xB2, 0x04, 0x67, 0x00, 0xF4, 0x00, 0x6C, 0x40, 0xEA, 0x26,
    0x67, 0x00, 0x6B, 0x05, 0x22, 0xB1, 0x67, 0x08, 0xB2, 0x40, 0xEA, 0x90, 0x67, 0x01, 0x6B, 0x07,
    0x97, 0x06, 0x91, 0x05, 0x90, 0x05, 0xB2, 0x60, 0xCA, 0x00, 0x6A, 0x00, 0xEF, 0x04, 0x63, 0x00,
    0x65, 0x99, 0x32, 0x01, 0x80, 0x45, 0x91, 0x11, 0x80, 0x98, 0xF9, 0x12, 0x80, 0xFD, 0x63, 0x05,
    0x62, 0x04, 0xD0, 0x45, 0xA4, 0x04, 0x67, 0x84, 0xA4, 0x40, 0x32, 0x0F, 0xB3, 0x8D, 0xEA, 0x41,
    0xCB, 0x47, 0xA0, 0x86, 0xA0, 0x40, 0x32, 0x8D, 0xEA, 0x42, 0xCB, 0x0C, 0xB2, 0x40, 0xEA, 0x02,
    0x6C, 0x09, 0x22, 0x0B, 0xB2, 0x49, 0xA2, 0x06, 0x22, 0x0A, 0xB2, 0x50, 0xA2, 0x03, 0x22, 0x0A,
    0xB2, 0x40, 0xEA, 0x90, 0x67, 0x09, 0xB2, 0x40, 0xEA, 0x90, 0x67, 0x05, 0x97, 0x04, 0x90, 0x00,
    0xEF, 0x03, 0x63, 0x00, 0x65, 0x20, 0xF8, 0x12, 0x80, 0x99, 0x32, 0x01, 0x80, 0x08, 0xFA, 0x12,
    0x80, 0x00, 0xDE, 0x12, 0x80, 0xF5, 0xAE, 0x11, 0x80, 0x81, 0x62, 0x04, 0x80, 0xFD, 0x63, 0x05,
    0x62, 0x03, 0xB2, 0x40, 0xEA, 0x10, 0x6C, 0x05, 0x97, 0x00, 0xEF, 0x03, 0x63, 0x8D, 0x3F, 0x04,
    0x80, 0xFD, 0x63, 0x05, 0x62, 0x03, 0xB2, 0x40, 0xEA, 0x00, 0x65, 0x05, 0x97, 0x00, 0xEF, 0x03,
    0x63, 0xC1, 0x3E, 0x04, 0x80, 0xFD, 0x63, 0x05, 0x62, 0x04, 0xD0, 0x12, 0xB2, 0x40, 0xEA, 0x00,
    0x65, 0x02, 0x67, 0x11, 0xB2, 0x60, 0x9A, 0x04, 0x6A, 0x4C, 0xEB, 0x10, 0xB2, 0x01, 0x23, 0x60,
    0x9A, 0x00, 0x6C, 0x80, 0xDA, 0x0E, 0xB2, 0x62, 0x33, 0x62, 0x33, 0x80, 0x9A, 0xFF, 0xF7, 0x1F,
    0x6D, 0x60, 0x33, 0xAC, 0xEC, 0x60, 0x33, 0x8D, 0xEB, 0x60, 0xDA, 0x0A, 0xB2, 0x40, 0xEA, 0x00,
    0x6C, 0x09, 0xB2, 0x40, 0xEA, 0x90, 0x67, 0x05, 0x97, 0x04, 0x90, 0x00, 0xEF, 0x03, 0x63, 0x00,
    0x65, 0xE4, 0x94, 0x00, 0x80, 0xA0, 0xAD, 0x00, 0xB0, 0xE0, 0x2D, 0x11, 0x80, 0x30, 0x00, 0x00,
    0xB5, 0x29, 0xCD, 0x00, 0x80, 0x00, 0x95, 0x00, 0x80, 0xF4, 0x63, 0x17, 0x62, 0x16, 0xD1, 0x15,
    0xD0, 0x47, 0xB2, 0x40, 0xA2, 0x64, 0x67, 0x47, 0xB0, 0x11, 0x22, 0xE1, 0xF4, 0x84, 0xA8, 0x46,
    0xB2, 0x80, 0xCA, 0x00, 0xF4, 0x00, 0x6A, 0xE1, 0xF4, 0x44, 0xC8, 0x01, 0xF5, 0x44, 0x88, 0x00,
    0xF4, 0x00, 0x72, 0x04, 0x61, 0xE0, 0xF3, 0x1F, 0x6A, 0x01, 0xF5, 0x44, 0xC8, 0x00, 0x69, 0x29,
    0xE0, 0xE0, 0xF1, 0x42, 0xA2, 0x3A, 0x65, 0x00, 0x6A, 0x12, 0xD2, 0x06, 0x10, 0x12, 0x92, 0x01,
    0x72, 0x5A, 0x60, 0xF5, 0x22, 0x02, 0x72, 0x5C, 0x60, 0x59, 0x67, 0x0B, 0x72, 0x43, 0x60, 0x7F,
    0x4A, 0x01, 0x4A, 0x48, 0x32, 0x49, 0xE0, 0x80, 0x9A, 0x59, 0x67, 0x7F, 0x4A, 0x44, 0x4A, 0x50,
    0x32, 0x49, 0xE0, 0x00, 0xF4, 0x00, 0x6D, 0xA2, 0xCA, 0xE1, 0xF4, 0x44, 0x88, 0x00, 0xF4, 0x00,
    0x72, 0x04, 0x61, 0xE0, 0xF3, 0x1F, 0x6A, 0xE1, 0xF4, 0x44, 0xC8, 0x57, 0xA3, 0x61, 0xF5, 0x0A,
    0x6F, 0x23, 0xF2, 0x16, 0x6E, 0x11, 0xD2, 0x56, 0xA3, 0x18, 0xD3, 0x10, 0xD2, 0x55, 0xA3, 0x0F,
    0xD2, 0x54, 0xA3, 0x0E, 0xD2, 0x43, 0x9B, 0x0D, 0xD2, 0x20, 0xF0, 0x48, 0xA3, 0x0C, 0xD2, 0x29,
    0xE0, 0x40, 0xF2, 0xA5, 0xA2, 0x0B, 0xD5, 0xE0, 0xF1, 0xA6, 0xA2, 0x0A, 0xD5, 0xE0, 0xF1, 0x42,
    0xA2, 0xFA, 0x6D, 0x09, 0xD2, 0x58, 0xAC, 0x06, 0xD1, 0x08, 0xD2, 0x59, 0x67, 0x13, 0xD2, 0x07,
    0xD2, 0x1A, 0xB2, 0x05, 0xD2, 0x0C, 0x6A, 0x04, 0xD2, 0x19, 0xB2, 0x40, 0xEA, 0x01, 0x6C, 0x13,
    0x92, 0x18, 0x93, 0x3A, 0x65, 0x12, 0x94, 0xFF, 0x6A, 0x01, 0x4C, 0x4C, 0xEC, 0x03, 0x5C, 0x12,
    0xD4, 0xAD, 0x61, 0x01, 0x49, 0x4C, 0xE9, 0x04, 0x59, 0xA2, 0x61, 0x17, 0x97, 0x16, 0x91, 0x15,
    0x90, 0x00, 0x6A, 0x00, 0xEF, 0x0C, 0x63, 0x29, 0xE0, 0xE0, 0xF1, 0x46, 0xA2, 0x3A, 0x65, 0xA4,
    0x17, 0x0C, 0xB4, 0x60, 0xF0, 0x5B, 0xA4, 0x60, 0xF0, 0xBA, 0xA4, 0x10, 0x6C, 0x40, 0x32, 0xAD,
    0xEA, 0x8C, 0xEA, 0x9A, 0x22, 0x29, 0xE0, 0x40, 0xF2, 0x45, 0xA2, 0xF0, 0x17, 0x1D, 0xF8, 0x12,
    0x80, 0x04, 0x3C, 0x12, 0x80, 0x04, 0xF8, 0x12, 0x80, 0x78, 0xC6, 0x11, 0x80, 0x11, 0x46, 0x08,
    0x80, 0xA8, 0x00, 0x12, 0x80, 0x40, 0xA4, 0x52, 0x32, 0x02, 0x72, 0x1C, 0x61, 0x14, 0xB2, 0x44,
    0x9A, 0x02, 0x72, 0x22, 0x61, 0x13, 0xB2, 0x40, 0xA2, 0x01, 0x72, 0x1E, 0x61, 0xFD, 0x63, 0x05,
    0x62, 0x11, 0xB3, 0x4D, 0xAB, 0xFF, 0xF7, 0x1F, 0x6C, 0x8E, 0xEA, 0x08, 0x2A, 0x0F, 0xB5, 0x01,
    0x6C, 0x40, 0xF0, 0x81, 0xC3, 0x4D, 0xCB, 0x0E, 0xB2, 0x40, 0xEA, 0x27, 0x6C, 0x05, 0x97, 0x00,
    0x6A, 0x00, 0xEF, 0x03, 0x63, 0x08, 0x72, 0x04, 0x60, 0x0B, 0x6B, 0x6C, 0xEA, 0x0B, 0x72, 0x04,
    0x61, 0x05, 0xB2, 0x52, 0x9A, 0x01, 0x6B, 0x7E, 0xC2, 0x20, 0xE8, 0x00, 0x6A, 0xB0, 0x55, 0x12,
    0x80, 0x9E, 0xF9, 0x12, 0x80, 0x00, 0xDE, 0x12, 0x80, 0x00, 0x00, 0x40, 0x00, 0x69, 0xF4, 0x00,
    0x80, 0xFD, 0x63, 0x05, 0x62, 0x03, 0xB2, 0x40, 0xEA, 0x00, 0x65, 0x05, 0x97, 0x00, 0xEF, 0x03,
    0x63, 0x6D, 0x0E, 0x05, 0x80, 0xFC, 0x63, 0x07, 0x62, 0x06, 0xD0, 0x11, 0xB2, 0xA0, 0xF1, 0x44,
    0xA2, 0x10, 0xB4, 0x84, 0xA4, 0x01, 0x6B, 0x6C, 0xEA, 0x8D, 0xEA, 0xFF, 0x6C, 0x8C, 0xEA, 0x0C,
    0x68, 0x03, 0x22, 0x0D, 0xB2, 0x60, 0xC2, 0x00, 0x68, 0x04, 0xF0, 0x0E, 0x6C, 0x0B, 0xB2, 0x40,
    0xEA, 0x04, 0x05, 0x5D, 0x67, 0x13, 0xC2, 0x04, 0x6E, 0x04, 0x05, 0x09, 0xB2, 0x40, 0xEA, 0x0E,
    0x6C, 0x07, 0x97, 0x06, 0x90, 0x00, 0x6A, 0x00, 0xEF, 0x04, 0x63, 0x00, 0x65, 0x04, 0x3C, 0x12,
    0x80, 0xC8, 0x49, 0x12, 0x80, 0x8E, 0xF9, 0x12, 0x80, 0x1D, 0x52, 0x04, 0x80, 0x19, 0xCB, 0x01,
    0x80, 0xFA, 0x63, 0x0B, 0x62, 0x0A, 0xD1, 0x09, 0xD0, 0x40, 0xA4, 0x59, 0xB7, 0x4C, 0x32, 0x49,
    0xE7, 0x43, 0xA2, 0xFF, 0x72, 0x04, 0xD2, 0x69, 0x60, 0x04, 0x93, 0xA0, 0xF2, 0x1C, 0x6A, 0x55,
    0xB1, 0x58, 0xEB, 0x12, 0xED, 0xB5, 0xE1, 0xC0, 0xF0, 0x50, 0xA5, 0x01, 0x72, 0x5E, 0x61, 0x52,
    0xB2, 0xC2, 0xA2, 0x52, 0xB2, 0xC9, 0xE2, 0x80, 0xF1, 0x47, 0xA2, 0x02, 0x5A, 0x56, 0x61, 0x50,
    0xB2, 0x40, 0xAA, 0x01, 0x6E, 0x47, 0xEB, 0xCC, 0xEA, 0x04, 0x2A, 0x80, 0xF0, 0x54, 0xAD, 0x1E,
    0x5A, 0x4C, 0x61, 0x04, 0x93, 0xA0, 0xF2, 0x1C, 0x6A, 0x04, 0x67, 0x58, 0xEB, 0x06, 0xD7, 0x12,
    0xEA, 0x45, 0xE1, 0xC0, 0xF0, 0xAC, 0xA1, 0xC0, 0xF0, 0x97, 0xA1, 0x46, 0xB2, 0x40, 0xEA, 0x00,
    0x65, 0xC0, 0xF0, 0xAC, 0xA1, 0xC0, 0xF0, 0x97, 0xA1, 0x43, 0xB2, 0x40, 0xEA, 0x40, 0x6E, 0xC0,
    0xF0, 0xCC, 0xA1, 0x42, 0xB1, 0xD4, 0x32, 0xD5, 0xE2, 0xA8, 0x35, 0x05, 0xD2, 0xB1, 0xE1, 0x60,
    0xA4, 0x01, 0x6C, 0xFF, 0x6A, 0x6C, 0xEC, 0x4C, 0xEC, 0x98, 0x34, 0xB1, 0xE4, 0x91, 0xE1, 0x20,
    0xF0, 0x52, 0xA4, 0x1C, 0x22, 0x20, 0xF0, 0x90, 0xA4, 0x04, 0x92, 0x06, 0x97, 0x4E, 0xEC, 0x23,
    0x2C, 0x40, 0xA0, 0x37, 0xB4, 0x26, 0x67, 0x4C, 0x32, 0x5D, 0xE7, 0x43, 0xAF, 0x89, 0xE2, 0x40,
    0xAA, 0xFF, 0xF7, 0x1F, 0x6C, 0x8C, 0xEA, 0x42, 0x32, 0x52, 0x32, 0x08, 0x22, 0x31, 0xB2, 0x40,
    0x9A, 0x40, 0xEA, 0x00, 0x65, 0xA2, 0x67, 0x30, 0xB2, 0x40, 0xEA, 0x91, 0x67, 0x04, 0x93, 0x2F,
    0xB4, 0x01, 0x6A, 0x44, 0xEB, 0x60, 0xAC, 0x6D, 0xEA, 0x40, 0xCC, 0x0B, 0x97, 0x0A, 0x91, 0x09,
    0x90, 0x00, 0x6A, 0x00, 0xEF, 0x06, 0x63, 0x01, 0x73, 0x01, 0x6C, 0x18, 0x67, 0x8C, 0xE8, 0x18,
    0x30, 0xB5, 0xE0, 0xB5, 0xE1, 0x20, 0xF0, 0x92, 0xA5, 0xE9, 0x24, 0x20, 0xF0, 0x90, 0xA5, 0x04,
    0x92, 0x4E, 0xEC, 0xE4, 0x2C, 0x90, 0x9D, 0x20, 0xF0, 0xB3, 0xA5, 0x01, 0x75, 0x22, 0x61, 0x20,
    0xB5, 0x40, 0xED, 0x06, 0xD6, 0x06, 0x96, 0x05, 0x92, 0xD1, 0xE2, 0x88, 0x34, 0x91, 0xE1, 0xA1,
    0xA4, 0x02, 0x75, 0x02, 0x60, 0x01, 0x4D, 0xA1, 0xC4, 0x05, 0x92, 0x01, 0x6F, 0xC9, 0xE2, 0x48,
    0x32, 0x59, 0xE1, 0x80, 0xA6, 0x49, 0xE0, 0x45, 0xE1, 0x01, 0x74, 0xB8, 0x67, 0xEC, 0xED, 0x03,
    0x6F, 0xEB, 0xEF, 0xA4, 0x35, 0xEC, 0xEC, 0xAD, 0xEC, 0x00, 0x6A, 0x80, 0xC6, 0x20, 0xF0, 0x52,
    0xC1, 0xBD, 0x17, 0xA6, 0x67, 0x0F, 0xB7, 0x40, 0xEF, 0x06, 0xD6, 0xDC, 0x17, 0xE4, 0x32, 0x12,
    0x80, 0x50, 0x1C, 0x13, 0x80, 0xA4, 0x32, 0x12, 0x80, 0xB0, 0x55, 0x12, 0x80, 0x90, 0xF9, 0x12,
    0x80, 0xA5, 0x82, 0x01, 0x80, 0x15, 0x82, 0x01, 0x80, 0x34, 0x36, 0x12, 0x80, 0x00, 0x00, 0x00,
    0xB6, 0xF0, 0x04, 0x12, 0x80, 0xF1, 0x2D, 0x00, 0x80, 0x8C, 0xF9, 0x12, 0x80, 0x25, 0xA4, 0x07,
    0x80, 0x0D, 0x7E, 0x01, 0x80, 0xFB, 0x63, 0x09, 0x62, 0x08, 0xD1, 0x07, 0xD0, 0x60, 0xA4, 0x40,
    0xB2, 0x40, 0xB5, 0x6C, 0x33, 0x69, 0xE2, 0x63, 0xA2, 0xA0, 0xF2, 0x1C, 0x6A, 0x58, 0xEB, 0x12,
    0xE8, 0xA1, 0xE0, 0xC0, 0xF0, 0x50, 0xA0, 0x01, 0x72, 0x66, 0x61, 0x3B, 0xB2, 0x82, 0xA2, 0x3B,
    0xB2, 0x89, 0xE2, 0x80, 0xF1, 0x47, 0xA2, 0x02, 0x5A, 0x5E, 0x61, 0x39, 0xB2, 0xC0, 0xAA, 0x3D,
    0x65, 0x46, 0x67, 0x47, 0xEB, 0x01, 0x6B, 0x6C, 0xEA, 0x04, 0x2A, 0x80, 0xF0, 0x54, 0xA8, 0x1E,
    0x5A, 0x52, 0x61, 0x01, 0x6C, 0x8B, 0xEC, 0xFF, 0x69, 0x00, 0x6A, 0xA0, 0xF2, 0x1C, 0x6B, 0x78,
    0xEA, 0xB9, 0x67, 0x12, 0xEB, 0x6D, 0xE5, 0xC0, 0xF0, 0xEF, 0xA3, 0x01, 0x77, 0x21, 0x61, 0x00,
    0xF2, 0xE6, 0xA3, 0x01, 0x77, 0x1D, 0x61, 0xC0, 0xF0, 0xF0, 0xA3, 0x01, 0x77, 0x19, 0x61, 0xE6,
    0x67, 0xE7, 0xEA, 0x01, 0x6D, 0xAC, 0xEF, 0x04, 0x2F, 0x80, 0xF0, 0x74, 0xAB, 0x25, 0x5B, 0x10,
    0x61, 0xA0, 0xF2, 0x1C, 0x6B, 0x78, 0xEA, 0xB9, 0x67, 0x12, 0xEB, 0x6D, 0xE5, 0xEF, 0x9B, 0xA1,
    0x47, 0x1D, 0x65, 0x06, 0x60, 0x83, 0xEF, 0x04, 0x60, 0xFF, 0x69, 0x03, 0x67, 0x4C, 0xE9, 0x87,
    0x67, 0x01, 0x4A, 0x0A, 0x5A, 0xD2, 0x61, 0x1B, 0xB2, 0x40, 0x9A, 0x40, 0xEA, 0x04, 0xD4, 0x04,
    0x94, 0xA2, 0x67, 0x19, 0xB2, 0x40, 0xEA, 0x00, 0x6E, 0x46, 0x34, 0x6C, 0x5C, 0x60, 0xF2, 0x11,
    0x6B, 0x18, 0x61, 0x78, 0xEC, 0x12, 0xED, 0x78, 0xF5, 0x08, 0x4D, 0x14, 0xB2, 0x01, 0x6E, 0x40,
    0xEA, 0x01, 0x6C, 0xC0, 0xF0, 0x77, 0xA0, 0x12, 0xB2, 0x60, 0xC2, 0xC0, 0xF0, 0x6C, 0xA0, 0x11,
    0xB2, 0x60, 0xC2, 0x11, 0xB2, 0x20, 0xC2, 0x09, 0x97, 0x08, 0x91, 0x07, 0x90, 0x00, 0x6A, 0x00,
    0xEF, 0x05, 0x63, 0x4A, 0x32, 0x78, 0xEA, 0x12, 0xED, 0xE8, 0x17, 0x00, 0x65, 0xE4, 0x32, 0x12,
    0x80, 0x50, 0x1C, 0x13, 0x80, 0xA4, 0x32, 0x12, 0x80, 0xB0, 0x55, 0x12, 0x80, 0x90, 0xF9, 0x12,
    0x80, 0xF0, 0x04, 0x12, 0x80, 0xE5, 0xDE, 0x03, 0x80, 0x79, 0x35, 0x01, 0x80, 0x8B, 0xF9, 0x12,
    0x80, 0x8A, 0xF9, 0x12, 0x80, 0x89, 0xF9, 0x12, 0x80, 0xFA, 0x63, 0x0B, 0x62, 0x00, 0x6E, 0x00,
    0x6D, 0x10, 0xB2, 0x40, 0xEA, 0x01, 0x6C, 0x7D, 0x67, 0x20, 0xF3, 0x09, 0x6A, 0x50, 0xCB, 0x09,
    0x92, 0x08, 0x97, 0x04, 0xD2, 0x0C, 0xB2, 0xA0, 0xA2, 0x0C, 0xB2, 0xC0, 0xA2, 0x0C, 0xB2, 0x80,
    0x9A, 0x0C, 0xB2, 0x40, 0xEA, 0x00, 0x65, 0x0C, 0xB2, 0x80, 0xA2, 0x0C, 0xB3, 0x01, 0x6A, 0x44,
    0xEC, 0x80, 0xAB, 0x0B, 0x97, 0x4F, 0xEA, 0x8C, 0xEA, 0x40, 0xCB, 0x00, 0xEF, 0x06, 0x63, 0x00,
    0x65, 0x79, 0x35, 0x01, 0x80, 0x8B, 0xF9, 0x12, 0x80, 0x8A, 0xF9, 0x12, 0x80, 0x6C, 0x34, 0x12,
    0x80, 0x61, 0x9D, 0x00, 0x80, 0x89, 0xF9, 0x12, 0x80, 0x8C, 0xF9, 0x12, 0x80, 0xF9, 0x63, 0x0D,
    0x62, 0x0C, 0xD1, 0x0B, 0xD0, 0x60, 0xA4, 0x18, 0xB2, 0x18, 0xB1, 0x6C, 0x33, 0x69, 0xE2, 0x03,
    0xA2, 0xA0, 0xF2, 0x1C, 0x6A, 0x58, 0xE8, 0x12, 0xEA, 0x45, 0xE1, 0xC0, 0xF0, 0xAC, 0xA1, 0xC0,
    0xF0, 0x97, 0xA1, 0x13, 0xB2, 0x40, 0xEA, 0x00, 0x65, 0x17, 0x22, 0x7D, 0x67, 0x20, 0xF3, 0x09,
    0x6A, 0x50, 0xCB, 0x09, 0x92, 0x08, 0x97, 0x04, 0xD2, 0x0E, 0xB2, 0x80, 0x9A, 0xC0, 0xF0, 0xB7,
    0xA1, 0xC0, 0xF0, 0xCC, 0xA1, 0x0C, 0xB2, 0x40, 0xEA, 0x00, 0x65, 0x0C, 0xB3, 0x80, 0xAB, 0x01,
    0x6A, 0x44, 0xE8, 0x4F, 0xEA, 0x8C, 0xEA, 0x40, 0xCB, 0x0D, 0x97, 0x0C, 0x91, 0x0B, 0x90, 0x00,
    0x6A, 0x00, 0xEF, 0x07, 0x63, 0xE4, 0x32, 0x12, 0x80, 0x50, 0x1C, 0x13, 0x80, 0x81, 0x82, 0x01,
    0x80, 0x6C, 0x34, 0x12, 0x80, 0x61, 0x9D, 0x00, 0x80, 0x8C, 0xF9, 0x12, 0x80, 0xFD, 0x63, 0x05,
    0x62, 0x60, 0xAC, 0xA0, 0xF2, 0x1C, 0x6A, 0x58, 0xEB, 0x0B, 0xB2, 0x12, 0xEB, 0x69, 0xE2, 0xC0,
    0xF0, 0xAC, 0xA2, 0xC0, 0xF0, 0x97, 0xA2, 0x09, 0xB2, 0x40, 0xEA, 0x00, 0x65, 0x08, 0xB3, 0x49,
    0xE3, 0x60, 0xA2, 0x41, 0x6C, 0x8B, 0xEC, 0x8C, 0xEB, 0x60, 0xC2, 0x05, 0x97, 0x00, 0x6A, 0x00,
    0xEF, 0x03, 0x63, 0x00, 0x65, 0x50, 0x1C, 0x13, 0x80, 0xD9, 0x3A, 0x04, 0x80, 0xE0, 0x10, 0x12,
    0x80, 0xFD, 0x63, 0x05, 0x62, 0x03, 0xB2, 0x40, 0xEA, 0x00, 0x65, 0x05, 0x97, 0x00, 0xEF, 0x03,
    0x63, 0xD5, 0x64, 0x07, 0x80, 0xFD, 0x63, 0x05, 0x62, 0x80, 0xF2, 0x10, 0x6C, 0x03, 0xB2, 0x40,
    0xEA, 0x03, 0x6D, 0x05, 0x97, 0x00, 0xEF, 0x03, 0x63, 0xC9, 0x3F, 0x01, 0x80, 0xFB, 0x63, 0x09,
    0x62, 0x08, 0xD1, 0x07, 0xD0, 0x1B, 0xB2, 0x04, 0xA2, 0x1B, 0xB2, 0x44, 0xA2, 0x24, 0x67, 0x01,
    0x6B, 0x4D, 0xE8, 0x1A, 0xB2, 0x20, 0xF0, 0x88, 0xA2, 0x6C, 0xEC, 0x8D, 0xE8, 0x40, 0xF0, 0x84,
    0xA2, 0xA0, 0xF1, 0x44, 0xA2, 0x6C, 0xEC, 0x6C, 0xEA, 0x8D, 0xE8, 0x4D, 0xE8, 0xFF, 0x6A, 0x4C,
    0xE8, 0x1D, 0x28, 0x13, 0xB4, 0x06, 0x6E, 0x13, 0xB2, 0x40, 0xEA, 0xA3, 0x41, 0x12, 0xB2, 0x40,
    0xEA, 0x00, 0x65, 0x0F, 0xB4, 0x11, 0xB2, 0x40, 0xEA, 0x00, 0x65, 0x80, 0xA9, 0x10, 0xB2, 0x40,
    0xEA, 0x04, 0x05, 0x5D, 0x67, 0x13, 0xC2, 0x04, 0x6E, 0x04, 0x05, 0x0E, 0xB2, 0x40, 0xEA, 0x0E,
    0x6C, 0x50, 0x67, 0x09, 0x97, 0x08, 0x91, 0x07, 0x90, 0x00, 0xEF, 0x05, 0x63, 0x0C, 0x68, 0xED,
    0x17, 0xF8, 0x49, 0x12, 0x80, 0xC8, 0x49, 0x12, 0x80, 0x04, 0x3C, 0x12, 0x80, 0x20, 0x3C, 0x12,
    0x80, 0x5D, 0xEE, 0x00, 0x80, 0x51, 0x9B, 0x05, 0x80, 0x79, 0x9B, 0x05, 0x80, 0x1D, 0x52, 0x04,
    0x80, 0x19, 0xCB, 0x01, 0x80, 0xF5, 0x63, 0x15, 0x62, 0x14, 0xD1, 0x13, 0xD0, 0xFF, 0x6A, 0x0D,
    0xD2, 0x01, 0x4A, 0x0C, 0xD2, 0x84, 0xB1, 0x20, 0xF0, 0x09, 0x05, 0x40, 0xE9, 0x0C, 0x94, 0x0C,
    0x92, 0xFF, 0xF7, 0x1F, 0x68, 0x0A, 0x05, 0x81, 0x42, 0x40, 0xE9, 0x0C, 0xEC, 0x5D, 0x67, 0x20,
    0xF0, 0xC8, 0xA2, 0x20, 0xF0, 0x49, 0xA2, 0x20, 0xF0, 0x09, 0x05, 0xC0, 0x36, 0x4D, 0xEE, 0x0C,
    0x92, 0x0C, 0xEE, 0x0E, 0xD6, 0x82, 0x42, 0x40, 0xE9, 0x0C, 0xEC, 0x0C, 0x92, 0x0A, 0x05, 0x83,
    0x42, 0x40, 0xE9, 0x0C, 0xEC, 0x0E, 0x96, 0x0A, 0xEE, 0x7B, 0x60, 0x08, 0xF0, 0x00, 0x6A, 0xCC,
    0xEA, 0x6D, 0x22, 0x5D, 0x67, 0x20, 0xF0, 0x28, 0xA2, 0x20, 0xF0, 0x49, 0xA2, 0x07, 0x6B, 0x20,
    0x31, 0x4D, 0xE9, 0xC2, 0x32, 0x4E, 0x32, 0xE2, 0x67, 0x6C, 0xEF, 0x0C, 0xEF, 0xE0, 0xF7, 0x1F,
    0x6B, 0x03, 0x77, 0x0C, 0xE9, 0xCC, 0xEB, 0xA0, 0xF0, 0x0F, 0x60, 0x04, 0x5F, 0x26, 0x60, 0x01,
    0x77, 0x6E, 0x60, 0x02, 0x5F, 0x00, 0xF2, 0x00, 0x6A, 0x34, 0x61, 0xCC, 0xEA, 0xA0, 0xF0, 0x00,
    0x22, 0xFF, 0x6A, 0x01, 0x4A, 0x4C, 0xEE, 0x22, 0x32, 0x52, 0x32, 0x01, 0x6C, 0x84, 0xEA, 0xE1,
    0xF7, 0x1F, 0x68, 0x0E, 0xD6, 0x0F, 0xD4, 0x2C, 0xE8, 0x73, 0x28, 0x5C, 0xB2, 0x05, 0xD2, 0x03,
    0x6A, 0x06, 0xD7, 0x04, 0xD2, 0x08, 0xD1, 0x07, 0xD3, 0x61, 0xF4, 0x16, 0x6F, 0xE4, 0xF4, 0x09,
    0x6E, 0xFA, 0x6D, 0x57, 0xB2, 0x40, 0xEA, 0x02, 0x6C, 0x31, 0x10, 0x05, 0x77, 0x80, 0xF0, 0x12,
    0x60, 0x05, 0x5F, 0x80, 0xF0, 0x09, 0x61, 0x06, 0x77, 0x03, 0x60, 0x07, 0x77, 0x80, 0xF0, 0x14,
    0x60, 0x01, 0x6A, 0x4C, 0xEE, 0xE2, 0x2E, 0x4F, 0xB2, 0x40, 0x9A, 0xB1, 0x67, 0x40, 0xEA, 0x83,
    0x67, 0x1D, 0x10, 0x3F, 0x6C, 0xCC, 0xEA, 0x8C, 0xEB, 0x4B, 0xB7, 0x2D, 0x22, 0x22, 0x32, 0x52,
    0x32, 0x01, 0x69, 0x24, 0xEA, 0xFF, 0x6A, 0x01, 0x4A, 0x4C, 0xEE, 0x0F, 0xD7, 0x47, 0xB2, 0x00,
    0x6D, 0x83, 0x67, 0x0E, 0xD3, 0x1A, 0x26, 0x40, 0xEA, 0x00, 0x65, 0x0C, 0xEA, 0x2D, 0xEA, 0xC2,
    0x67, 0x0E, 0x93, 0x0F, 0x97, 0x00, 0x6D, 0x83, 0x67, 0x40, 0xEF, 0x00, 0x65, 0x0C, 0x93, 0xFF,
    0xF7, 0x1F, 0x6A, 0x04, 0x4B, 0x4C, 0xEB, 0x40, 0xF1, 0x00, 0x5B, 0x0C, 0xD3, 0x7F, 0xF7, 0x02,
    0x61, 0x15, 0x97, 0x14, 0x91, 0x13, 0x90, 0x00, 0xEF, 0x0B, 0x63, 0x40, 0xEA, 0x00, 0x65, 0x2F,
    0xEE, 0x4C, 0xEE, 0x0C, 0xEE, 0xE5, 0x17, 0xD1, 0x67, 0x00, 0x6D, 0x83, 0x67, 0xE5, 0x17, 0x0D,
    0x94, 0x62, 0x30, 0x31, 0xB2, 0x0E, 0xEC, 0x08, 0x24, 0xD0, 0x67, 0x01, 0x6D, 0x40, 0x6C, 0x0E,
    0xD3, 0x40, 0xEA, 0x0D, 0xD2, 0x0E, 0x93, 0x0D, 0x92, 0x3F, 0x6C, 0x67, 0x33, 0x8C, 0xEB, 0x40,
    0x6C, 0x8D, 0xEB, 0xFF, 0x6C, 0xD1, 0x67, 0x01, 0x6D, 0x40, 0xEA, 0x6C, 0xEC, 0x0D, 0xD0, 0xCE,
    0x17, 0x3F, 0x6C, 0x6C, 0xEC, 0xFF, 0x6E, 0xCC, 0xEC, 0x00, 0x6D, 0x24, 0xB2, 0x10, 0xD3, 0x40,
    0xEA, 0x11, 0xD7, 0x0F, 0x93, 0xFF, 0x6E, 0x6C, 0xEA, 0x01, 0x5A, 0x58, 0x67, 0x01, 0x6B, 0x6E,
    0xEA, 0x0E, 0x93, 0x01, 0x5B, 0x98, 0x67, 0x8E, 0xEA, 0x4C, 0xEE, 0xB8, 0x2E, 0x1C, 0xB2, 0x40,
    0xEA, 0x01, 0x6C, 0xFF, 0x48, 0xFF, 0xF7, 0x1F, 0x6A, 0x4C, 0xE8, 0x11, 0x97, 0x10, 0x93, 0x6C,
    0x17, 0x17, 0xB2, 0x40, 0xEA, 0x91, 0x67, 0xAA, 0x17, 0x01, 0x6A, 0x4C, 0xEE, 0x7F, 0xF7, 0x05,
    0x2E, 0x14, 0xB2, 0x4D, 0xE3, 0x20, 0xCB, 0xA2, 0x17, 0x01, 0x6A, 0x4C, 0xEE, 0x5F, 0xF7, 0x1D,
    0x2E, 0x11, 0xB2, 0xF7, 0x17, 0x01, 0x6A, 0x4C, 0xEE, 0x5F, 0xF7, 0x17, 0x2E, 0x01, 0x6E, 0xB1,
    0x67, 0x0E, 0xB2, 0x40, 0xEA, 0x83, 0x67, 0x92, 0x17, 0x01, 0x6A, 0x4C, 0xEE, 0x5F, 0xF7, 0x0D,
    0x2E, 0x0B, 0xB2, 0xE7, 0x17, 0xDD, 0xBF, 0x00, 0x80, 0x78, 0xC6, 0x11, 0x80, 0x11, 0x46, 0x08,
    0x80, 0xE8, 0x04, 0x12, 0x80, 0x2D, 0xCC, 0x03, 0x80, 0x89, 0xCA, 0x03, 0x80, 0x09, 0x9B, 0x00,
    0x80, 0x00, 0xA0, 0x00, 0xB0, 0x00, 0xAD, 0x00, 0xB0, 0x3D, 0x1D, 0x01, 0x80, 0x00, 0x10, 0x00,
    0xB6, 0xF5, 0x63, 0x15, 0x62, 0x14, 0xD1, 0x13, 0xD0, 0xFF, 0x6A, 0x0D, 0xD2, 0x01, 0x4A, 0x0C,
    0xD2, 0x84, 0xB1, 0x20, 0xF0, 0x09, 0x05, 0x40, 0xE9, 0x0C, 0x94, 0x0C, 0x92, 0xFF, 0xF7, 0x1F,
    0x68, 0x0A, 0x05, 0x81, 0x42, 0x40, 0xE9, 0x0C, 0xEC, 0x5D, 0x67, 0x20, 0xF0, 0xC8, 0xA2, 0x20,
    0xF0, 0x49, 0xA2, 0x20, 0xF0, 0x09, 0x05, 0xC0, 0x36, 0x4D, 0xEE, 0x0C, 0x92, 0x0C, 0xEE, 0x0E,
    0xD6, 0x82, 0x42, 0x40, 0xE9, 0x0C, 0xEC, 0x0C, 0x92, 0x0A, 0x05, 0x83, 0x42, 0x40, 0xE9, 0x0C,
    0xEC, 0x0E, 0x96, 0x0A, 0xEE, 0x7B, 0x60, 0x08, 0xF0, 0x00, 0x6A, 0xCC, 0xEA, 0x6D, 0x2A, 0x5D,
    0x67, 0x20, 0xF0, 0x28, 0xA2, 0x20, 0xF0, 0x49, 0xA2, 0x07, 0x6B, 0x20, 0x31, 0x4D, 0xE9, 0xC2,
    0x32, 0x4E, 0x32, 0xE2, 0x67, 0x6C, 0xEF, 0x0C, 0xEF, 0xE0, 0xF7, 0x1F, 0x6B, 0x03, 0x77, 0x0C,
    0xE9, 0xCC, 0xEB, 0xA0, 0xF0, 0x0F, 0x60, 0x04, 0x5F, 0x26, 0x60, 0x01, 0x77, 0x6E, 0x60, 0x02,
    0x5F, 0x00, 0xF2, 0x00, 0x6A, 0x34, 0x61, 0xCC, 0xEA, 0xA0, 0xF0, 0x00, 0x22, 0xFF, 0x6A, 0x01,
    0x4A, 0x4C, 0xEE, 0x22, 0x32, 0x52, 0x32, 0x01, 0x6C, 0x84, 0xEA, 0xE1, 0xF7, 0x1F, 0x68, 0x0E,
    0xD6, 0x0F, 0xD4, 0x2C, 0xE8, 0x73, 0x28, 0x5C, 0xB2, 0x05, 0xD2, 0x03, 0x6A, 0x06, 0xD7, 0x04,
    0xD2, 0x08, 0xD1, 0x07, 0xD3, 0x61, 0xF4, 0x16, 0x6F, 0xA4, 0xF5, 0x11, 0x6E, 0xFA, 0x6D, 0x57,
    0xB2, 0x40, 0xEA, 0x02, 0x6C, 0x31, 0x10, 0x05, 0x77, 0x80, 0xF0, 0x12, 0x60, 0x05, 0x5F, 0x80,
    0xF0, 0x09, 0x61, 0x06, 0x77, 0x03, 0x60, 0x07, 0x77, 0x80, 0xF0, 0x14, 0x60, 0x01, 0x6A, 0x4C,
    0xEE, 0xE2, 0x2E, 0x4F, 0xB2, 0x40, 0x9A, 0xB1, 0x67, 0x40, 0xEA, 0x83, 0x67, 0x1D, 0x10, 0x3F,
    0x6C, 0xCC, 0xEA, 0x8C, 0xEB, 0x4B, 0xB7, 0x2D, 0x22, 0x22, 0x32, 0x52, 0x32, 0x01, 0x69, 0x24,
    0xEA, 0xFF, 0x6A, 0x01, 0x4A, 0x4C, 0xEE, 0x0F, 0xD7, 0x47, 0xB2, 0x00, 0x6D, 0x83, 0x67, 0x0E,
    0xD3, 0x1A, 0x26, 0x40, 0xEA, 0x00, 0x65, 0x0C, 0xEA, 0x2D, 0xEA, 0xC2, 0x67, 0x0E, 0x93, 0x0F,
    0x97, 0x00, 0x6D, 0x83, 0x67, 0x40, 0xEF, 0x00, 0x65, 0x0C, 0x93, 0xFF, 0xF7, 0x1F, 0x6A, 0x04,
    0x4B, 0x4C, 0xEB, 0x40, 0xF1, 0x00, 0x5B, 0x0C, 0xD3, 0x7F, 0xF7, 0x02, 0x61, 0x15, 0x97, 0x14,
    0x91, 0x13, 0x90, 0x00, 0xEF, 0x0B, 0x63, 0x40, 0xEA, 0x00, 0x65, 0x2F, 0xEE, 0x4C, 0xEE, 0x0C,
    0xEE, 0xE5, 0x17, 0xD1, 0x67, 0x00, 0x6D, 0x83, 0x67, 0xE5, 0x17, 0x0D, 0x94, 0x62, 0x30, 0x31,
    0xB2, 0x0E, 0xEC, 0x08, 0x24, 0xD0, 0x67, 0x01, 0x6D, 0x40, 0x6C, 0x0E, 0xD3, 0x40, 0xEA, 0x0D,
    0xD2, 0x0E, 0x93, 0x0D, 0x92, 0x3F, 0x6C, 0x67, 0x33, 0x8C, 0xEB, 0x40, 0x6C, 0x8D, 0xEB, 0xFF,
    0x6C, 0xD1, 0x67, 0x01, 0x6D, 0x40, 0xEA, 0x6C, 0xEC, 0x0D, 0xD0, 0xCE, 0x17, 0x3F, 0x6C, 0x6C,
    0xEC, 0xFF, 0x6E, 0xCC, 0xEC, 0x00, 0x6D, 0x24, 0xB2, 0x10, 0xD3, 0x40, 0xEA, 0x11, 0xD7, 0x0F,
    0x93, 0xFF, 0x6E, 0x6C, 0xEA, 0x01, 0x5A, 0x58, 0x67, 0x01, 0x6B, 0x6E, 0xEA, 0x0E, 0x93, 0x01,
    0x5B, 0x98, 0x67, 0x8E, 0xEA, 0x4C, 0xEE, 0xB8, 0x2E, 0x1C, 0xB2, 0x40, 0xEA, 0x01, 0x6C, 0xFF,
    0x48, 0xFF, 0xF7, 0x1F, 0x6A, 0x4C, 0xE8, 0x11, 0x97, 0x10, 0x93, 0x6C, 0x17, 0x17, 0xB2, 0x40,
    0xEA, 0x91, 0x67, 0xAA, 0x17, 0x01, 0x6A, 0x4C, 0xEE, 0x7F, 0xF7, 0x05, 0x2E, 0x14, 0xB2, 0x4D,
    0xE3, 0x20, 0xCB, 0xA2, 0x17, 0x01, 0x6A, 0x4C, 0xEE, 0x5F, 0xF7, 0x1D, 0x2E, 0x11, 0xB2, 0xF7,
    0x17, 0x01, 0x6A, 0x4C, 0xEE, 0x5F, 0xF7, 0x17, 0x2E, 0x01, 0x6E, 0xB1, 0x67, 0x0E, 0xB2, 0x40,
    0xEA, 0x83, 0x67, 0x92, 0x17, 0x01, 0x6A, 0x4C, 0xEE, 0x5F, 0xF7, 0x0D, 0x2E, 0x0B, 0xB2, 0xE7,
    0x17, 0xDD, 0xBF, 0x00, 0x80, 0x78, 0xC6, 0x11, 0x80, 0x11, 0x46, 0x08, 0x80, 0xE8, 0x04, 0x12,
    0x80, 0x2D, 0xCC, 0x03, 0x80, 0x89, 0xCA, 0x03, 0x80, 0x09, 0x9B, 0x00, 0x80, 0x00, 0xA0, 0x00,
    0xB0, 0x00, 0xAD, 0x00, 0xB0, 0x3D, 0x1D, 0x01, 0x80, 0x00, 0x10, 0x00, 0xB6, 0xFA, 0x63, 0x0B,
    0x62, 0x0A, 0xD1, 0x09, 0xD0, 0x1C, 0xB2, 0x40, 0xEA, 0x04, 0x67, 0xC2, 0x67, 0x1B, 0xB2, 0x80,
    0xA2, 0x25, 0xA0, 0x8E, 0xE9, 0x28, 0x29, 0x43, 0xA0, 0x26, 0x22, 0x19, 0xB5, 0x62, 0x9D, 0x06,
    0xD5, 0x05, 0xD3, 0x21, 0x23, 0x17, 0xB2, 0x40, 0xEA, 0x04, 0xD6, 0x02, 0x67, 0x16, 0xB2, 0x40,
    0x9A, 0x40, 0xEA, 0x00, 0x65, 0x15, 0xB4, 0x46, 0x32, 0x06, 0x95, 0x0A, 0x4A, 0x8C, 0xEA, 0x43,
    0xD8, 0x00, 0x6C, 0x13, 0xB2, 0x40, 0xEA, 0x22, 0xDD, 0x12, 0xB2, 0x40, 0xEA, 0x90, 0x67, 0x90,
    0x67, 0x11, 0xB0, 0x40, 0xE8, 0x00, 0x65, 0x05, 0x93, 0x40, 0xE8, 0x83, 0x67, 0x00, 0x6D, 0x0F,
    0xB2, 0x40, 0xEA, 0x01, 0x6C, 0x04, 0x96, 0x0B, 0x97, 0x0A, 0x91, 0x09, 0x90, 0x46, 0x67, 0x00,
    0xEF, 0x06, 0x63, 0x00, 0x65, 0x2D, 0xA9, 0x04, 0x80, 0x0B, 0xF8, 0x12, 0x80, 0x44, 0x4C, 0x12,
    0x80, 0x55, 0x19, 0x05, 0x80, 0xF0, 0x04, 0x12, 0x80, 0xFF, 0xFF, 0xFF, 0x07, 0x0D, 0xBE, 0x02,
    0x80, 0x21, 0x1A, 0x05, 0x80, 0x55, 0x6F, 0x05, 0x80, 0xC1, 0x49, 0x05, 0x80, 0xFA, 0x63, 0x0B,
    0x62, 0x0A, 0xD1, 0x09, 0xD0, 0x2E, 0xB2, 0x0C, 0xD4, 0x40, 0xEA, 0x02, 0x6C, 0x0C, 0x93, 0x34,
    0x22, 0x2C, 0xB2, 0x44, 0xA2, 0x31, 0x2A, 0x43, 0xA3, 0x01, 0x72, 0x2E, 0x61, 0x2A, 0xB0, 0x01,
    0xF4, 0x58, 0xA0, 0x01, 0x6C, 0x8C, 0xEA, 0x29, 0xB4, 0x80, 0xA4, 0x8D, 0xEA, 0xFF, 0x6C, 0x8C,
    0xEA, 0x23, 0x22, 0x27, 0xB4, 0x80, 0xA4, 0x01, 0xF4, 0x26, 0xA0, 0x01, 0xF4, 0x55, 0xA0, 0x06,
    0xD4, 0x2C, 0x34, 0x04, 0xD4, 0x04, 0x95, 0x01, 0xF4, 0x80, 0x98, 0xA5, 0xE4, 0x01, 0xF4, 0x90,
    0x98, 0x05, 0xD4, 0x06, 0x94, 0x4E, 0xEC, 0x18, 0x2C, 0x83, 0xC3, 0xB1, 0x67, 0x86, 0x43, 0x06,
    0x6E, 0x1C, 0xB2, 0x40, 0xEA, 0x0C, 0xD3, 0x01, 0xF4, 0x40, 0x98, 0x04, 0x93, 0x01, 0x6C, 0x65,
    0xE2, 0x46, 0xA1, 0x0C, 0x93, 0x8C, 0xEA, 0x45, 0xC3, 0x17, 0xB2, 0x40, 0xEA, 0x83, 0x67, 0x0B,
    0x97, 0x0A, 0x91, 0x09, 0x90, 0x00, 0xEF, 0x06, 0x63, 0x34, 0x6C, 0x98, 0xEA, 0x05, 0x92, 0x06,
    0x6E, 0x91, 0x67, 0x0C, 0xD3, 0x12, 0xEF, 0xFD, 0xE2, 0xA7, 0x47, 0x19, 0x4D, 0x0F, 0xB2, 0x40,
    0xEA, 0x07, 0xD7, 0x07, 0x97, 0x0C, 0x93, 0x07, 0x2A, 0x86, 0xA1, 0x20, 0xF0, 0x46, 0xA7, 0x8E,
    0xEA, 0x01, 0x6C, 0x8C, 0xEA, 0xE1, 0x22, 0x20, 0xF0, 0x47, 0xA7, 0xCB, 0x17, 0x41, 0x52, 0x04,
    0x80, 0xC8, 0x49, 0x12, 0x80, 0x04, 0x3C, 0x12, 0x80, 0x4F, 0xF9, 0x12, 0x80, 0x34, 0x09, 0x12,
    0x80, 0x5D, 0xEE, 0x00, 0x80, 0x59, 0x99, 0x04, 0x80, 0xA0, 0x96, 0x00, 0x80, 0xF4, 0x63, 0x17,
    0x62, 0x16, 0xD1, 0x15, 0xD0, 0x7E, 0xB1, 0x42, 0xA1, 0x18, 0xD4, 0xFF, 0xF7, 0x1F, 0x68, 0x12,
    0xD2, 0x7C, 0xB2, 0x10, 0xD2, 0x80, 0xAA, 0x10, 0x93, 0xFF, 0xF7, 0x1E, 0x6A, 0x8C, 0xEA, 0x40,
    0xCB, 0x12, 0x92, 0x02, 0x72, 0x33, 0x61, 0x78, 0xB2, 0xFF, 0x6D, 0x40, 0xAA, 0x0C, 0xEA, 0x11,
    0xD2, 0x11, 0x93, 0x76, 0xB2, 0x60, 0xCA, 0x40, 0xF2, 0x7B, 0xA1, 0x01, 0x6A, 0x83, 0x67, 0x4C,
    0xEC, 0xAC, 0xEC, 0x21, 0x24, 0x72, 0xB4, 0x03, 0x6E, 0xCB, 0xEE, 0x80, 0xAC, 0xCC, 0xEB, 0x0C,
    0xEC, 0x8C, 0xE8, 0x02, 0x30, 0x1E, 0x30, 0xAC, 0xE8, 0x0C, 0xEA, 0x44, 0x32, 0x6D, 0xEA, 0x02,
    0x6B, 0x40, 0xF2, 0x5B, 0xC1, 0x6C, 0xEA, 0xAC, 0xEA, 0x0E, 0x22, 0x6A, 0xB2, 0x05, 0xD2, 0x02,
    0x6A, 0x07, 0xD4, 0x04, 0xD2, 0x06, 0xD0, 0x42, 0xF2, 0x0B, 0x6F, 0xE4, 0xF5, 0x17, 0x6E, 0xFA,
    0x6D, 0x65, 0xB2, 0x40, 0xEA, 0x02, 0x6C, 0x00, 0x6C, 0x00, 0x68, 0x0A, 0x10, 0x40, 0xF2, 0x54,
    0xA9, 0x40, 0xF2, 0x78, 0xA9, 0x40, 0xF2, 0x96, 0xA9, 0x6B, 0xE2, 0x4C, 0xE8, 0x00, 0x6A, 0x11,
    0xD2, 0x5E, 0xB5, 0x00, 0x6A, 0x42, 0xC1, 0x60, 0xAD, 0x12, 0x96, 0xDB, 0xF7, 0x0F, 0x6A, 0x4C,
    0xEB, 0x01, 0x76, 0x43, 0x67, 0x03, 0x61, 0x34, 0x6A, 0x4B, 0xEA, 0x6C, 0xEA, 0xFF, 0xF7, 0x1F,
    0x6B, 0x6C, 0xEA, 0x40, 0xCD, 0x56, 0xB5, 0xEF, 0xF7, 0x1F, 0x6A, 0x6C, 0xEA, 0xC0, 0xAD, 0xC1,
    0xF4, 0x19, 0x6F, 0xCC, 0xEA, 0x40, 0xCD, 0x40, 0xF2, 0x58, 0xA9, 0x24, 0xF6, 0x08, 0x6E, 0xFA,
    0x6D, 0x0C, 0xD2, 0x40, 0xF2, 0x54, 0xA9, 0x0A, 0xD4, 0x08, 0xD0, 0x0B, 0xD2, 0x11, 0x92, 0x09,
    0xD2, 0x00, 0x6A, 0x07, 0xD2, 0x12, 0x92, 0x06, 0xD2, 0x46, 0xB2, 0x05, 0xD2, 0x22, 0x67, 0x07,
    0x6A, 0x04, 0xD2, 0x45, 0xB2, 0x40, 0xEA, 0x06, 0x6C, 0x10, 0x92, 0xFF, 0xF7, 0x1F, 0x6B, 0x01,
    0x6C, 0x40, 0xAA, 0x6C, 0xEA, 0x8D, 0xEA, 0x4C, 0xEB, 0x10, 0x92, 0x60, 0xCA, 0x41, 0xB2, 0x00,
    0xF4, 0x66, 0xA2, 0x3D, 0xB2, 0x10, 0xD2, 0x40, 0xB2, 0x3C, 0x23, 0x60, 0x9A, 0x3F, 0xB2, 0x40,
    0x9A, 0x40, 0xEA, 0x11, 0xD3, 0x11, 0x93, 0x40, 0xEB, 0x82, 0x67, 0x3D, 0xB2, 0x01, 0x6B, 0x60,
    0xC2, 0x00, 0x6A, 0x06, 0xD2, 0x04, 0xD2, 0x10, 0x92, 0x05, 0xD1, 0xE1, 0xF5, 0x1E, 0x6F, 0x44,
    0xF6, 0x09, 0x6E, 0xFA, 0x6D, 0x37, 0xB1, 0x40, 0xEA, 0x02, 0x6C, 0x40, 0x81, 0x0D, 0x2A, 0x36,
    0xB3, 0xA0, 0xAB, 0x36, 0xB3, 0x60, 0x9B, 0xFF, 0x6A, 0x01, 0x4A, 0x4D, 0xED, 0x40, 0xEB, 0xDA,
    0x6C, 0xFF, 0x6A, 0x33, 0xB3, 0x01, 0x4A, 0x40, 0xCB, 0x40, 0xA1, 0x01, 0x4A, 0x00, 0xF6, 0x40,
    0x32, 0x00, 0xF6, 0x43, 0x32, 0x01, 0x72, 0x40, 0xC1, 0x10, 0x61, 0x00, 0x6A, 0x2D, 0xB3, 0x80,
    0xAB, 0x00, 0xF2, 0x00, 0x6B, 0x8C, 0xEB, 0x09, 0x2B, 0x2B, 0xB3, 0x43, 0xEB, 0x06, 0x61, 0x01,
    0x4A, 0xF5, 0x17, 0x40, 0x9A, 0x40, 0xEA, 0x00, 0x6C, 0xC8, 0x17, 0x28, 0xB2, 0x01, 0xF0, 0x00,
    0x6C, 0x40, 0xEA, 0x01, 0x6D, 0x40, 0x81, 0x01, 0x52, 0x02, 0x61, 0xFF, 0x4A, 0x40, 0xC1, 0x20,
    0x81, 0x08, 0x29, 0x1D, 0xB3, 0x1D, 0xB2, 0x40, 0x9A, 0xA0, 0xAB, 0x40, 0xEA, 0xDA, 0x6C, 0x1C,
    0xB2, 0x20, 0xCA, 0x18, 0x92, 0x80, 0xAA, 0x1E, 0xB2, 0x40, 0xEA, 0x0E, 0x05, 0x7D, 0x67, 0x00,
    0x6A, 0x20, 0xF0, 0x5B, 0xC3, 0x1E, 0xCB, 0x06, 0x6E, 0x0E, 0x05, 0x1A, 0xB2, 0x40, 0xEA, 0x0E,
    0x6C, 0x17, 0x97, 0x16, 0x91, 0x15, 0x90, 0x00, 0x6A, 0x00, 0xEF, 0x0C, 0x63, 0x04, 0x3C, 0x12,
    0x80, 0x56, 0x10, 0x00, 0xB6, 0x0E, 0x11, 0x00, 0xB6, 0x4A, 0xF9, 0x12, 0x80, 0x12, 0x11, 0x00,
    0xB6, 0x78, 0xC6, 0x11, 0x80, 0x11, 0x46, 0x08, 0x80, 0x34, 0x11, 0x00, 0xB6, 0x38, 0x11, 0x00,
    0xB6, 0xA8, 0x00, 0x12, 0x80, 0xC4, 0x06, 0x12, 0x80, 0xC0, 0x06, 0x12, 0x80, 0x48, 0xF9, 0x12,
    0x80, 0x9D, 0x14, 0x12, 0x80, 0xA0, 0x14, 0x12, 0x80, 0xE8, 0x04, 0x12, 0x80, 0x9E, 0x14, 0x12,
    0x80, 0xDA, 0x00, 0x00, 0xB6, 0xA0, 0x86, 0x01, 0x00, 0x19, 0x49, 0x01, 0x80, 0x1D, 0x52, 0x04,
    0x80, 0x19, 0xCB, 0x01, 0x80, 0xFB, 0x63, 0x09, 0x62, 0x08, 0xD1, 0x07, 0xD0, 0x04, 0xA4, 0x63,
    0xA4, 0x26, 0xA4, 0x00, 0x30, 0x6D, 0xE8, 0x65, 0xA4, 0x20, 0x31, 0xD0, 0x67, 0x6D, 0xE9, 0x67,
    0xA4, 0xF1, 0x67, 0x0D, 0xB2, 0xA3, 0x67, 0x04, 0xD3, 0x40, 0xEA, 0x0A, 0xD4, 0x0A, 0x92, 0x82,
    0x67, 0x0A, 0xB2, 0x40, 0xEA, 0x00, 0x65, 0x04, 0x93, 0xF1, 0x67, 0xD0, 0x67, 0xA3, 0x67, 0x82,
    0x67, 0x07, 0xB3, 0x40, 0xEB, 0x02, 0x67, 0x50, 0x67, 0x09, 0x97, 0x08, 0x91, 0x07, 0x90, 0x00,
    0xEF, 0x05, 0x63, 0x00, 0x65, 0x09, 0xAE, 0x11, 0x80, 0xB5, 0x6B, 0x04, 0x80, 0x49, 0xAE, 0x11,
    0x80, 0xFD, 0x63, 0x05, 0x62, 0x04, 0xD0, 0x10, 0xB3, 0x80, 0xAB, 0x10, 0xB2, 0xFF, 0x68, 0x8C,
    0xCA, 0x81, 0xAB, 0xAC, 0xE8, 0x8D, 0xCA, 0x82, 0xAB, 0x63, 0xAB, 0x8E, 0xCA, 0x6F, 0xCA, 0x00,
    0x6B, 0x60, 0xF1, 0x7C, 0xC2, 0x61, 0x9A, 0x05, 0x2B, 0x60, 0xF1, 0x8A, 0xA2, 0x08, 0xB2, 0x40,
    0xEA, 0x00, 0x65, 0x03, 0x28, 0x07, 0xB2, 0x40, 0xEA, 0x00, 0x6C, 0x05, 0x97, 0x04, 0x90, 0x00,
    0xEF, 0x03, 0x63, 0x00, 0x65, 0x38, 0xF9, 0x12, 0x80, 0xB0, 0x55, 0x12, 0x80, 0x1D, 0xDD, 0x03,
    0x80, 0xA9, 0xD4, 0x01, 0x80, 0xF8, 0x63, 0x0F, 0x62, 0x0E, 0xD1, 0x0D, 0xD0, 0x44, 0xAC, 0x04,
    0x67, 0xE0, 0xF1, 0x14, 0x72, 0x40, 0xF1, 0x10, 0x60, 0x40, 0xF4, 0x12, 0x72, 0x46, 0x61, 0x20,
    0x9C, 0x40, 0xA1, 0x0E, 0x72, 0x65, 0x60, 0x0F, 0x5A, 0x38, 0x60, 0x03, 0x72, 0x78, 0x67, 0xE0,
    0xF0, 0x0F, 0x23, 0x05, 0x72, 0x00, 0xF1, 0x02, 0x60, 0x01, 0x72, 0x37, 0x61, 0xA7, 0xB2, 0x60,
    0xA2, 0x08, 0xD2, 0x33, 0x23, 0xA6, 0xB2, 0x80, 0x9A, 0x09, 0xD2, 0xA6, 0xB1, 0x61, 0x44, 0x0C,
    0x23, 0xA5, 0xB2, 0x40, 0xEA, 0x00, 0x65, 0x04, 0x22, 0xA0, 0xA1, 0xA4, 0xB2, 0x40, 0xEA, 0x00,
    0x6C, 0x9F, 0xB4, 0xA3, 0xB2, 0x40, 0xEA, 0x00, 0x65, 0x00, 0x6B, 0x04, 0xD3, 0x00, 0x6F, 0x9F,
    0xB6, 0x9B, 0xB5, 0xA0, 0xB2, 0x40, 0xEA, 0x00, 0x6C, 0x08, 0x92, 0x40, 0xA2, 0x48, 0x35, 0x55,
    0xE5, 0x09, 0x92, 0x80, 0x9A, 0x9C, 0xB2, 0x40, 0xEA, 0xA0, 0x35, 0x08, 0x92, 0x00, 0x6B, 0x60,
    0xC1, 0x60, 0xC2, 0x9A, 0xB2, 0xA0, 0x98, 0x81, 0x9A, 0x23, 0x10, 0x12, 0x72, 0xA0, 0xF0, 0x02,
    0x60, 0x13, 0x5A, 0x07, 0x60, 0x11, 0x72, 0x00, 0xF1, 0x00, 0x60, 0x95, 0xB2, 0x40, 0xEA, 0x90,
    0x67, 0x1A, 0x10, 0x13, 0x72, 0xC0, 0xF0, 0x1B, 0x60, 0x3E, 0x72, 0xF7, 0x61, 0x42, 0xA1, 0x0A,
    0x72, 0x80, 0xF0, 0x18, 0x60, 0x0D, 0x72, 0x02, 0x60, 0x02, 0x72, 0xEF, 0x61, 0x8B, 0xB1, 0x8D,
    0xB2, 0x40, 0xEA, 0x81, 0x99, 0xFF, 0x6B, 0x6C, 0xEA, 0x03, 0x5A, 0xE7, 0x60, 0xA0, 0x98, 0x81,
    0x99, 0x89, 0xB2, 0x40, 0xEA, 0x00, 0x65, 0x0F, 0x97, 0x0E, 0x91, 0x0D, 0x90, 0x00, 0xEF, 0x08,
    0x63, 0x44, 0xA1, 0x63, 0xA1, 0x40, 0x32, 0x6D, 0xEA, 0x40, 0x32, 0x40, 0x32, 0x43, 0x32, 0x43,
    0x32, 0x21, 0xF4, 0x08, 0x72, 0x4A, 0x60, 0x21, 0xF4, 0x09, 0x52, 0x1A, 0x60, 0x00, 0xF4, 0x02,
    0x72, 0xCC, 0x61, 0x45, 0xA1, 0x71, 0xB3, 0x0C, 0x72, 0x0C, 0x61, 0x40, 0xA3, 0x0A, 0x2A, 0x70,
    0xB4, 0x40, 0x9C, 0x01, 0x4A, 0x04, 0x22, 0x72, 0xB2, 0x40, 0xEA, 0x08, 0xD3, 0x08, 0x93, 0x00,
    0x6A, 0x45, 0xC1, 0x00, 0x6A, 0x40, 0xC3, 0xFE, 0x6D, 0x6C, 0xB2, 0x40, 0xEA, 0x00, 0x6C, 0xB5,
    0x17, 0x04, 0xF0, 0x1E, 0x72, 0x03, 0x60, 0x24, 0xF0, 0x14, 0x72, 0xAF, 0x61, 0x6F, 0xB2, 0x00,
    0xF4, 0x46, 0xA2, 0x00, 0x6B, 0x1B, 0x65, 0x05, 0x22, 0x6D, 0xB2, 0x40, 0x9A, 0x40, 0xEA, 0x00,
    0x65, 0x1A, 0x65, 0x6C, 0xB3, 0x6C, 0xB1, 0x85, 0xA1, 0x40, 0x9B, 0xF8, 0x67, 0x00, 0x6E, 0x00,
    0x6D, 0x0A, 0xD7, 0x40, 0xEA, 0x09, 0xD3, 0x09, 0x93, 0x08, 0xD2, 0x86, 0xA1, 0x40, 0x9B, 0x0A,
    0x93, 0x00, 0x6E, 0x00, 0x6D, 0x40, 0xEA, 0xE3, 0x67, 0x08, 0x93, 0x40, 0x32, 0x6D, 0xEA, 0xFF,
    0xF7, 0x1F, 0x6B, 0x6C, 0xEA, 0x61, 0xB3, 0x40, 0xCB, 0x88, 0x17, 0x45, 0xA1, 0x86, 0x2A, 0x47,
    0xA1, 0x86, 0xA1, 0x40, 0x32, 0x4D, 0xEC, 0x5E, 0xB2, 0x40, 0xEA, 0x06, 0x05, 0x7F, 0xF7, 0x1D,
    0x2A, 0x5D, 0x67, 0x6C, 0xAA, 0xA0, 0xF2, 0x1C, 0x6A, 0xFF, 0xF7, 0x1F, 0x6C, 0x58, 0xEB, 0x59,
    0xB3, 0x12, 0xEA, 0x4D, 0xE3, 0x60, 0xF0, 0x4E, 0xAB, 0x44, 0x32, 0x8C, 0xEA, 0x01, 0xF0, 0x00,
    0x5A, 0x05, 0x61, 0xE0, 0xF7, 0x1F, 0x6A, 0x60, 0xF0, 0x4E, 0xCB, 0x67, 0x17, 0xA0, 0x5A, 0xFB,
    0x60, 0xA0, 0x6A, 0xF9, 0x17, 0x50, 0xB2, 0x40, 0xA2, 0x5F, 0xF7, 0x1F, 0x2A, 0x4F, 0xB2, 0x40,
    0xEA, 0x01, 0x6C, 0x5B, 0x17, 0x4E, 0xB2, 0x4F, 0xB3, 0x40, 0xA2, 0x60, 0xA3, 0x63, 0xEA, 0x7F,
    0xF7, 0x05, 0x61, 0x87, 0x41, 0x0C, 0x6E, 0x00, 0x6D, 0x4B, 0xB2, 0x40, 0xEA, 0x07, 0x4C, 0x5E,
    0x17, 0x44, 0xA1, 0x83, 0xA1, 0x49, 0xB5, 0x60, 0xC5, 0x49, 0xB3, 0x09, 0xD2, 0x40, 0xEB, 0x08,
    0xD4, 0x62, 0xA1, 0x08, 0x94, 0x09, 0x92, 0x5F, 0xF7, 0x00, 0x2B, 0x40, 0x32, 0x89, 0xE2, 0xFF,
    0xF7, 0x1F, 0x6C, 0x4C, 0xEC, 0x43, 0xB2, 0x40, 0xEA, 0x00, 0x65, 0x37, 0x17, 0x42, 0xB2, 0xC0,
    0xF1, 0x50, 0xA2, 0x01, 0x6B, 0x6C, 0xEA, 0x41, 0xB3, 0x60, 0xF1, 0x73, 0xA3, 0x6D, 0xEA, 0xFF,
    0x6B, 0x6C, 0xEA, 0x3F, 0xF7, 0x0A, 0x2A, 0x3E, 0xB1, 0x3E, 0xB2, 0x40, 0xEA, 0x80, 0x99, 0x01,
    0x72, 0x3F, 0xF7, 0x03, 0x61, 0x80, 0x99, 0x3C, 0xB2, 0x40, 0xEA, 0x00, 0x6D, 0x1E, 0x17, 0x82,
    0xA1, 0x00, 0x6B, 0x84, 0x35, 0x4F, 0x45, 0x3A, 0x65, 0x38, 0xB2, 0xE5, 0xAA, 0x83, 0xEB, 0x1F,
    0xF7, 0x14, 0x60, 0xA9, 0xE1, 0x42, 0xA2, 0x01, 0xF7, 0x00, 0x6E, 0x40, 0x32, 0xCC, 0xEA, 0xD9,
    0x67, 0xD9, 0xE1, 0xC2, 0xA6, 0xCD, 0xEA, 0xEE, 0xEA, 0x04, 0x2A, 0x31, 0xB2, 0x40, 0xEA, 0x00,
    0x65, 0x04, 0x17, 0x01, 0x4B, 0xFF, 0x6A, 0x4C, 0xEB, 0xE9, 0x17, 0x2C, 0xB2, 0x45, 0xAA, 0x62,
    0xA1, 0x6E, 0xEA, 0xFF, 0xF6, 0x1A, 0x2A, 0xF1, 0x17, 0x60, 0xAC, 0x01, 0x6A, 0x29, 0xB4, 0x44,
    0xEB, 0x4F, 0xEA, 0x40, 0x32, 0x60, 0xAC, 0x40, 0x32, 0x43, 0x32, 0x43, 0x32, 0x4C, 0xEB, 0x60,
    0xCC, 0x25, 0xB3, 0x80, 0xAB, 0x8C, 0xEA, 0x5F, 0x17, 0x41, 0xF9, 0x12, 0x80, 0x44, 0xF9, 0x12,
    0x80, 0x40, 0xF9, 0x12, 0x80, 0x1D, 0x58, 0x08, 0x80, 0x41, 0x4E, 0x11, 0x80, 0x51, 0x9F, 0x00,
    0x80, 0xA5, 0x9F, 0x00, 0x80, 0xF5, 0x9E, 0x00, 0x80, 0xBC, 0x29, 0x12, 0x80, 0x55, 0x06, 0x02,
    0x80, 0x05, 0xA0, 0x00, 0x80, 0x15, 0xA0, 0x00, 0x80, 0xA8, 0x00, 0x12, 0x80, 0xC0, 0x06, 0x12,
    0x80, 0xD0, 0x06, 0x12, 0x80, 0x60, 0x38, 0x12, 0x80, 0xE8, 0x10, 0x00, 0xB6, 0xC9, 0x01, 0x07,
    0x80, 0x50, 0x1C, 0x13, 0x80, 0x9A, 0xF9, 0x12, 0x80, 0x4D, 0x8E, 0x11, 0x80, 0x4E, 0xF9, 0x12,
    0x80, 0x34, 0x09, 0x12, 0x80, 0x8D, 0xEF, 0x00, 0x80, 0x9E, 0xF9, 0x12, 0x80, 0x19, 0x81, 0x08,
    0x80, 0xDD, 0xA8, 0x11, 0x80, 0x04, 0x3C, 0x12, 0x80, 0xB0, 0x55, 0x12, 0x80, 0x2C, 0x0D, 0x12,
    0x80, 0x8D, 0x9E, 0x00, 0x80, 0xB9, 0x9E, 0x00, 0x80, 0x00, 0xDE, 0x12, 0x80, 0xB5, 0xA4, 0x11,
    0x80, 0x8C, 0xF9, 0x12, 0x80, 0x90, 0xF9, 0x12, 0x80, 0xFA, 0x63, 0x0B, 0x62, 0x0A, 0xD1, 0x09,
    0xD0, 0x1F, 0xB2, 0x02, 0x9A, 0x1E, 0x20, 0x24, 0x67, 0x1E, 0xB2, 0x40, 0xEA, 0x90, 0x67, 0x62,
    0x67, 0x48, 0xA0, 0x07, 0x6C, 0xFF, 0x6D, 0x8C, 0xEA, 0xAC, 0xEA, 0x04, 0x5A, 0x05, 0x60, 0x01,
    0x6C, 0x84, 0xEA, 0x0B, 0x6E, 0xCC, 0xEC, 0x13, 0x2C, 0x06, 0xD2, 0x17, 0xB2, 0x05, 0xD2, 0x01,
    0x6A, 0x04, 0xD2, 0x21, 0xF5, 0x19, 0x6F, 0x45, 0xF4, 0x08, 0x6E, 0xFA, 0x6D, 0x13, 0xB2, 0x40,
    0xEA, 0x02, 0x6C, 0x0B, 0x97, 0x0A, 0x91, 0x09, 0x90, 0x00, 0x6A, 0x00, 0xEF, 0x06, 0x63, 0x1D,
    0xA3, 0x01, 0x6A, 0x06, 0x30, 0x4C, 0xE8, 0x40, 0xA1, 0xAC, 0xE8, 0x05, 0x72, 0x05, 0x61, 0x23,
    0x67, 0x0B, 0xB2, 0x40, 0xEA, 0x00, 0x6C, 0x71, 0x67, 0xEC, 0x20, 0x57, 0xA3, 0xEA, 0x22, 0x9B,
    0xA3, 0xFF, 0x4A, 0x42, 0xEC, 0xE6, 0x61, 0x01, 0x4C, 0x9B, 0xC3, 0xE3, 0x17, 0x44, 0x4C, 0x12,
    0x80, 0x0D, 0x30, 0x05, 0x80, 0x78, 0xC6, 0x11, 0x80, 0x11, 0x46, 0x08, 0x80, 0x0D, 0xBE, 0x02,
    0x80, 0xFD, 0x63, 0x05, 0x62, 0x04, 0xD0, 0x12, 0xB0, 0x40, 0xA0, 0x07, 0x22, 0x11, 0xB2, 0x60,
    0xAA, 0x11, 0xB2, 0xE1, 0xF4, 0x64, 0xCA, 0x00, 0x6A, 0x40, 0xC0, 0x10, 0xB2, 0x40, 0xEA, 0x00,
    0x65, 0x70, 0xA2, 0x0F, 0xB2, 0x40, 0xA2, 0x6E, 0xEA, 0x08, 0x22, 0x0E, 0xB2, 0x40, 0xA2, 0x6E,
    0xEA, 0x04, 0x22, 0x0D, 0xB2, 0x40, 0xA2, 0x6E, 0xEA, 0x04, 0x2A, 0x40, 0xA0, 0x01, 0x6B, 0x6D,
    0xEA, 0x40, 0xC0, 0x05, 0x97, 0x04, 0x90, 0x00, 0x6A, 0x00, 0xEF, 0x03, 0x63, 0x1D, 0xF8, 0x12,
    0x80, 0x04, 0xF8, 0x12, 0x80, 0x04, 0x3C, 0x12, 0x80, 0x0D, 0x30, 0x05, 0x80, 0x0B, 0xF8, 0x12,
    0x80, 0x06, 0xF8, 0x12, 0x80, 0x0A, 0xF8, 0x12, 0x80, 0xE7, 0x63, 0x31, 0x62, 0x30, 0xD1, 0x2F,
    0xD0, 0x06, 0x02, 0xC0, 0xF0, 0x40, 0xA2, 0x32, 0xD4, 0x33, 0xD5, 0x2B, 0xD2, 0x06, 0x02, 0xC0,
    0xF0, 0x44, 0xA2, 0x34, 0xD6, 0x00, 0x6D, 0x2C, 0xD2, 0xB0, 0xB2, 0x2C, 0x6E, 0x1D, 0x04, 0x60,
    0xAA, 0xFF, 0xF7, 0x1F, 0x6A, 0x35, 0xD7, 0x4C, 0xEB, 0xAD, 0xB2, 0x2A, 0xD3, 0x40, 0xEA, 0x01,
    0x69, 0x00, 0x6A, 0x00, 0x68, 0x29, 0xD2, 0x2B, 0xE9, 0x28, 0xD2, 0x00, 0x6B, 0x2A, 0x92, 0x01,
    0x6C, 0x47, 0xEB, 0x8C, 0xEA, 0x22, 0x22, 0x68, 0x34, 0xA6, 0xB2, 0x91, 0xE3, 0x40, 0x9A, 0xFF,
    0x6D, 0x88, 0x34, 0xAC, 0xEC, 0x40, 0xEA, 0x2D, 0xD3, 0x0F, 0x6B, 0x1B, 0x65, 0x78, 0x67, 0x4C,
    0xEB, 0xFF, 0x6D, 0x6C, 0xED, 0x03, 0x75, 0x2D, 0x93, 0x10, 0x61, 0x2B, 0x94, 0x01, 0x74, 0x53,
    0x61, 0x2C, 0x94, 0x6A, 0xEC, 0x50, 0x61, 0x40, 0x32, 0x9B, 0xB4, 0x32, 0x95, 0x48, 0x32, 0x42,
    0x32, 0xAC, 0xEC, 0x5A, 0x32, 0x8D, 0xEA, 0x38, 0x94, 0x40, 0xDC, 0x01, 0x4B, 0xFF, 0x6A, 0x4C,
    0xEB, 0x0B, 0x5B, 0xD4, 0x61, 0x33, 0x92, 0x95, 0xB3, 0x0F, 0xD1, 0x11, 0xD2, 0x28, 0x92, 0xA4,
    0xF3, 0x17, 0x6F, 0x88, 0xF0, 0x02, 0x6E, 0x10, 0xD2, 0x29, 0x92, 0xFA, 0x6D, 0x04, 0x6C, 0x0E,
    0xD2, 0x24, 0x92, 0x2B, 0xD3, 0x0D, 0xD2, 0x23, 0x92, 0x0C, 0xD2, 0x22, 0x92, 0x0B, 0xD2, 0x21,
    0x92, 0x0A, 0xD2, 0x20, 0x92, 0x09, 0xD2, 0x1F, 0x92, 0x08, 0xD2, 0x1E, 0x92, 0x07, 0xD2, 0x1D,
    0x92, 0x06, 0xD2, 0x87, 0xB2, 0x05, 0xD2, 0x0C, 0x6A, 0x40, 0xEB, 0x04, 0xD2, 0x33, 0x92, 0x2B,
    0x93, 0x23, 0xEA, 0x83, 0xB2, 0x2A, 0xD2, 0x01, 0x60, 0x33, 0x91, 0x35, 0x92, 0x20, 0xDA, 0x49,
    0x28, 0x34, 0x92, 0x81, 0xF5, 0x17, 0x6F, 0x88, 0xF0, 0x11, 0x6E, 0x00, 0xDA, 0x2A, 0x92, 0x06,
    0xD0, 0x05, 0xD2, 0x01, 0x6A, 0x04, 0xD2, 0xFA, 0x6D, 0x40, 0xEB, 0x05, 0x6C, 0x31, 0x97, 0x30,
    0x91, 0x2F, 0x90, 0x00, 0xEF, 0x19, 0x63, 0x77, 0xB5, 0xC0, 0xF1, 0x92, 0xAD, 0x01, 0x6E, 0x87,
    0xEB, 0xCC, 0xEC, 0xB3, 0x24, 0x87, 0x43, 0x79, 0x4C, 0x88, 0x34, 0x95, 0xE5, 0x80, 0x9D, 0x95,
    0xAC, 0x84, 0x34, 0xAB, 0x24, 0x33, 0x95, 0xA9, 0x25, 0x83, 0xED, 0x08, 0x61, 0x9B, 0xED, 0x01,
    0x2C, 0xE5, 0xE8, 0x10, 0xED, 0x09, 0x25, 0x33, 0x95, 0xAA, 0xEC, 0x9F, 0x61, 0x33, 0x95, 0xBB,
    0xEC, 0x01, 0x2D, 0xE5, 0xE8, 0x10, 0xED, 0x99, 0x2D, 0x32, 0x96, 0x40, 0x32, 0x62, 0xB5, 0x48,
    0x32, 0x42, 0x32, 0xCC, 0xED, 0x5A, 0x32, 0xAD, 0xEA, 0xDD, 0x67, 0x08, 0x35, 0xB5, 0xE6, 0x23,
    0xEC, 0x5D, 0xDD, 0x03, 0x60, 0x29, 0xD0, 0x24, 0x67, 0x28, 0xD2, 0x81, 0x40, 0xFF, 0x68, 0x8C,
    0xE8, 0x84, 0x17, 0x01, 0x70, 0x12, 0x61, 0x14, 0x59, 0x0A, 0x6A, 0x01, 0x61, 0x26, 0x32, 0x28,
    0x94, 0x81, 0xF5, 0x18, 0x6F, 0xA8, 0xF0, 0x00, 0x6E, 0x49, 0xE4, 0x34, 0x94, 0x40, 0xDC, 0x06,
    0xD2, 0x2A, 0x92, 0x05, 0xD2, 0x01, 0x6A, 0x04, 0xD2, 0xAE, 0x17, 0x00, 0x6B, 0x00, 0x6F, 0x29,
    0x92, 0xEA, 0xEA, 0x14, 0x60, 0xE8, 0x32, 0x2C, 0xD3, 0x12, 0x03, 0x49, 0xE3, 0x4E, 0xB4, 0x60,
    0x9C, 0x28, 0x95, 0xCB, 0x9A, 0x91, 0x67, 0x40, 0xEB, 0x2B, 0xD7, 0x2C, 0x93, 0x12, 0x05, 0x2B,
    0x97, 0x68, 0x34, 0x91, 0xE5, 0x40, 0xDC, 0x41, 0x43, 0xFF, 0x6B, 0x4C, 0xEB, 0x01, 0x4F, 0xFF,
    0x6A, 0x4C, 0xEF, 0x03, 0xEF, 0xE4, 0x61, 0xA3, 0x67, 0x12, 0x04, 0x44, 0xB2, 0x40, 0xEA, 0x29,
    0xD3, 0x19, 0x92, 0x29, 0x93, 0x0E, 0xD0, 0x0D, 0xD2, 0x18, 0x92, 0x0F, 0xD3, 0xFA, 0x6D, 0x0C,
    0xD2, 0x17, 0x92, 0xA4, 0xF3, 0x15, 0x6F, 0xA8, 0xF0, 0x19, 0x6E, 0x0B, 0xD2, 0x16, 0x92, 0x04,
    0x6C, 0x0A, 0xD2, 0x15, 0x92, 0x09, 0xD2, 0x14, 0x92, 0x08, 0xD2, 0x13, 0x92, 0x07, 0xD2, 0x12,
    0x92, 0x06, 0xD2, 0x2A, 0x92, 0x05, 0xD2, 0x0A, 0x6A, 0x04, 0xD2, 0x30, 0xB2, 0x40, 0xEA, 0x00,
    0x68, 0x12, 0x95, 0x29, 0x93, 0x00, 0x6A, 0x3A, 0x65, 0x63, 0xEA, 0x2E, 0x61, 0x6F, 0x42, 0x12,
    0x04, 0x68, 0x33, 0x6D, 0xE4, 0x80, 0x9B, 0x0A, 0xD2, 0x59, 0x67, 0x29, 0xD2, 0x09, 0xD2, 0x32,
    0x92, 0x87, 0xE1, 0x08, 0xD0, 0x06, 0xD2, 0x26, 0xB2, 0x05, 0xD2, 0x05, 0x6A, 0x04, 0xD2, 0x07,
    0xD1, 0x81, 0xF5, 0x16, 0x6F, 0xC8, 0xF0, 0x15, 0x6E, 0xFA, 0x6D, 0x04, 0x6C, 0x1F, 0xB2, 0x40,
    0xEA, 0x2A, 0xD3, 0x29, 0x93, 0x23, 0xE8, 0x3B, 0x65, 0x04, 0x60, 0x2A, 0x93, 0x11, 0x67, 0x40,
    0x9B, 0x3A, 0x65, 0x28, 0x92, 0x79, 0x67, 0x06, 0x30, 0x69, 0xE2, 0x41, 0xE0, 0x32, 0x92, 0x43,
    0xE8, 0x1E, 0x61, 0x34, 0x92, 0x00, 0xDA, 0x3A, 0x17, 0x0B, 0x2A, 0x03, 0xED, 0x85, 0x67, 0x01,
    0x60, 0x90, 0x67, 0xD9, 0x67, 0x01, 0x4A, 0xFF, 0x6F, 0xEC, 0xEA, 0x3E, 0x65, 0x04, 0x67, 0xC4,
    0x17, 0x8F, 0x42, 0x12, 0x06, 0x88, 0x34, 0x91, 0xE6, 0xC0, 0x9C, 0x12, 0x07, 0x48, 0x34, 0x91,
    0xE7, 0x80, 0x9C, 0xD3, 0xE4, 0x83, 0xE8, 0xEE, 0x61, 0xD9, 0x67, 0x90, 0x67, 0xEB, 0x17, 0x34,
    0x93, 0x00, 0x6A, 0x40, 0xDB, 0x1B, 0x17, 0x00, 0x65, 0xD2, 0x10, 0x00, 0xB6, 0x8D, 0xEF, 0x00,
    0x80, 0xF8, 0x09, 0x12, 0x80, 0x00, 0x00, 0xFC, 0xFF, 0x11, 0x46, 0x08, 0x80, 0x78, 0xC6, 0x11,
    0x80, 0x04, 0x3C, 0x12, 0x80, 0xA8, 0x0A, 0x12, 0x80, 0xC9, 0xF3, 0x05, 0x80, 0xFD, 0x63, 0x05,
    0x62, 0x04, 0xB2, 0x40, 0xEA, 0x85, 0xAC, 0x05, 0x97, 0x00, 0x6A, 0x00, 0xEF, 0x03, 0x63, 0x00,
    0x65, 0x5D, 0x51, 0x05, 0x80, 0xA8, 0x63, 0xAF, 0x62, 0xAE, 0xD1, 0xAD, 0xD0, 0x20, 0xF5, 0x18,
    0xB2, 0x40, 0xA2, 0xB1, 0xD5, 0xB0, 0xD4, 0x0D, 0x84, 0x08, 0x6C, 0x8C, 0xEA, 0x66, 0x67, 0xB3,
    0xD7, 0xB4, 0x91, 0x11, 0x22, 0x00, 0x6A, 0x20, 0xF5, 0x04, 0xB4, 0xB2, 0xD6, 0x06, 0xD2, 0x05,
    0xD4, 0x04, 0xD2, 0x83, 0xF3, 0x06, 0x6F, 0xE8, 0xF1, 0x18, 0x6E, 0xFA, 0x6D, 0x00, 0xF5, 0x10,
    0xB2, 0x40, 0xEA, 0x05, 0x6C, 0xB2, 0x93, 0xB0, 0x92, 0x47, 0x9A, 0x09, 0x52, 0x16, 0x60, 0xB3,
    0x94, 0x0A, 0x6E, 0x00, 0xF5, 0x00, 0xB2, 0x40, 0xEA, 0xFF, 0x6D, 0xB3, 0x93, 0x7F, 0x6A, 0x49,
    0xC3, 0xB0, 0x93, 0x00, 0x6A, 0x58, 0xC3, 0x20, 0x6A, 0x45, 0xDB, 0x4F, 0x6A, 0x40, 0xD9, 0xAF,
    0x97, 0xAE, 0x91, 0xAD, 0x90, 0x01, 0x6A, 0x00, 0xEF, 0x58, 0x63, 0xB0, 0x92, 0xB0, 0x94, 0x1C,
    0x05, 0x20, 0x4A, 0xA8, 0xD2, 0xB0, 0x92, 0x4A, 0xA2, 0x49, 0xE4, 0x44, 0x82, 0x5C, 0x32, 0xAB,
    0xD2, 0x50, 0x84, 0x4B, 0xEA, 0x40, 0x32, 0x40, 0x32, 0x43, 0x32, 0x43, 0x32, 0x5C, 0x32, 0x40,
    0x32, 0x40, 0x32, 0x43, 0x32, 0x43, 0x32, 0xA9, 0xD2, 0x51, 0x84, 0xAA, 0xD2, 0xA0, 0xF4, 0x08,
    0xB2, 0x40, 0xEA, 0x83, 0x67, 0xFF, 0xF7, 0x1F, 0x6A, 0x4C, 0xE8, 0x00, 0x6A, 0x44, 0x34, 0x1C,
    0x03, 0x95, 0xE3, 0xA8, 0x93, 0x91, 0xE3, 0x60, 0xAD, 0x80, 0xAC, 0xA0, 0xF0, 0x40, 0xCD, 0x78,
    0xE8, 0x01, 0x4A, 0x50, 0x52, 0x12, 0xEB, 0x7C, 0x33, 0x8D, 0xE3, 0x60, 0xCD, 0xEF, 0x61, 0x60,
    0xF4, 0x1C, 0xB2, 0x50, 0x6E, 0x6C, 0x05, 0x40, 0xEA, 0x1C, 0x04, 0x40, 0xF4, 0x1C, 0xB2, 0x40,
    0xA2, 0x08, 0x6B, 0x6C, 0xEA, 0xC0, 0xF0, 0x1E, 0x2A, 0x4E, 0x6F, 0x00, 0x6E, 0x44, 0x05, 0x60,
    0xF4, 0x00, 0xB2, 0x40, 0xEA, 0x6C, 0x04, 0x6C, 0x04, 0x0A, 0x6E, 0x40, 0xF4, 0x18, 0xB2, 0x40,
    0xEA, 0x4F, 0x6D, 0x02, 0x67, 0x00, 0x6A, 0x40, 0xD9, 0xB1, 0x92, 0x5C, 0x34, 0x4E, 0x6A, 0xBD,
    0x67, 0x44, 0x33, 0x6D, 0xE5, 0xA0, 0xF1, 0x70, 0x8B, 0xAB, 0x95, 0x6F, 0xE4, 0x62, 0xED, 0xA0,
    0xF1, 0x1C, 0x60, 0x01, 0x4A, 0x40, 0xD9, 0x00, 0xF4, 0x10, 0xB2, 0x40, 0xA2, 0x08, 0x6B, 0x6C,
    0xEA, 0x16, 0x22, 0x60, 0x99, 0x9D, 0x67, 0x83, 0xF3, 0x08, 0x6F, 0x64, 0x32, 0x49, 0xE4, 0xA0,
    0xF1, 0x50, 0x8A, 0x48, 0xF2, 0x08, 0x6E, 0x07, 0xD3, 0x08, 0xD2, 0xB1, 0x92, 0xFA, 0x6D, 0x06,
    0xD2, 0xFA, 0xB2, 0x05, 0xD2, 0x03, 0x6A, 0x04, 0xD2, 0xF9, 0xB2, 0x40, 0xEA, 0x01, 0x6C, 0x4E,
    0x6A, 0x9D, 0x67, 0x44, 0x33, 0x6D, 0xE4, 0xA0, 0xF1, 0x70, 0x8B, 0xA9, 0x94, 0x82, 0xEB, 0x80,
    0xF1, 0x19, 0x60, 0xC1, 0x42, 0x14, 0x56, 0x80, 0xF1, 0x1B, 0x60, 0x14, 0x6A, 0x40, 0xD9, 0xA0,
    0x99, 0xB0, 0x94, 0xF5, 0xB2, 0x40, 0xEA, 0xA8, 0xD6, 0xB0, 0x93, 0xA8, 0x96, 0x58, 0xC3, 0xEA,
    0xB2, 0x40, 0xA2, 0x08, 0x6B, 0x6C, 0xEA, 0x26, 0x22, 0xA9, 0x92, 0xE8, 0xB3, 0x07, 0xD0, 0x08,
    0xD2, 0x03, 0x6A, 0x06, 0xD6, 0x05, 0xD3, 0x83, 0xF3, 0x09, 0x6F, 0x68, 0xF2, 0x08, 0x6E, 0xFA,
    0x6D, 0x04, 0x6C, 0x04, 0xD2, 0xE2, 0xB0, 0x40, 0xE8, 0xA8, 0xD3, 0x80, 0x99, 0x7D, 0x67, 0x83,
    0xF3, 0x08, 0x6F, 0x84, 0x32, 0x49, 0xE3, 0xB1, 0x93, 0xA0, 0xF1, 0x50, 0x8A, 0x68, 0xF2, 0x0A,
    0x6E, 0x06, 0xD3, 0xA8, 0x93, 0x08, 0xD2, 0x03, 0x6A, 0x07, 0xD4, 0x05, 0xD3, 0x04, 0xD2, 0xFA,
    0x6D, 0x40, 0xE8, 0x04, 0x6C, 0x40, 0x99, 0x14, 0x52, 0x02, 0x60, 0x14, 0x6A, 0x40, 0xD9, 0xB0,
    0x92, 0x4E, 0x82, 0x01, 0x22, 0x40, 0xD9, 0x50, 0x6E, 0x00, 0x6D, 0xD2, 0xB0, 0x40, 0xE8, 0x94,
    0x04, 0xB3, 0x94, 0x0A, 0x6E, 0x40, 0xE8, 0x00, 0x6D, 0xC0, 0x99, 0x00, 0x6A, 0xC2, 0xEA, 0x40,
    0xF1, 0x1C, 0x61, 0x6C, 0x04, 0xD1, 0xB2, 0x40, 0xEA, 0x4F, 0x6D, 0xB0, 0x93, 0x08, 0x6C, 0x4D,
    0xCB, 0xC5, 0xB3, 0x60, 0xA3, 0x8C, 0xEB, 0x0D, 0x23, 0x06, 0xD2, 0xC4, 0xB2, 0x05, 0xD2, 0x01,
    0x6A, 0x04, 0xD2, 0x83, 0xF3, 0x0A, 0x6F, 0x88, 0xF2, 0x05, 0x6E, 0xFA, 0x6D, 0xC0, 0xB2, 0x40,
    0xEA, 0x03, 0x6C, 0xB3, 0x95, 0xC6, 0xB2, 0x40, 0xEA, 0x94, 0x04, 0xB3, 0x94, 0xC5, 0xB5, 0xC6,
    0xB2, 0x40, 0xEA, 0x0A, 0x6E, 0xB3, 0x94, 0xC5, 0xB2, 0x40, 0xEA, 0x0A, 0x6D, 0xFF, 0x6C, 0x8C,
    0xEA, 0x14, 0x5A, 0x1B, 0x60, 0x14, 0x68, 0x43, 0xE0, 0x8C, 0xE8, 0x00, 0x6A, 0x00, 0x6E, 0x02,
    0xEE, 0x03, 0x60, 0x50, 0x5A, 0x20, 0xF1, 0x14, 0x61, 0xB3, 0x95, 0xB9, 0xB2, 0x40, 0xEA, 0x94,
    0x04, 0xAE, 0xB2, 0x05, 0xD2, 0x01, 0x6A, 0x04, 0xD2, 0x06, 0xD0, 0x83, 0xF3, 0x17, 0x6F, 0xA8,
    0xF2, 0x03, 0x6E, 0xFA, 0x6D, 0xAA, 0xB2, 0x40, 0xEA, 0x02, 0x6C, 0xB3, 0x94, 0xB3, 0xB2, 0x40,
    0xEA, 0x0A, 0x6D, 0xDC, 0x16, 0x00, 0x68, 0xA8, 0x93, 0x04, 0x32, 0x83, 0xF3, 0x01, 0x6F, 0x49,
    0xE3, 0x73, 0x8A, 0x28, 0xF2, 0x07, 0x6E, 0xFA, 0x6D, 0x7F, 0x33, 0x1A, 0xD3, 0x72, 0x8A, 0x01,
    0x6C, 0x7F, 0x33, 0x19, 0xD3, 0x71, 0x8A, 0x7F, 0x33, 0x18, 0xD3, 0x70, 0x8A, 0x7F, 0x33, 0x17,
    0xD3, 0x6F, 0x8A, 0x7F, 0x33, 0x16, 0xD3, 0x6E, 0x8A, 0x7F, 0x33, 0x15, 0xD3, 0x6D, 0x8A, 0x7F,
    0x33, 0x14, 0xD3, 0x6C, 0x8A, 0x7F, 0x33, 0x13, 0xD3, 0x6B, 0x8A, 0x7F, 0x33, 0x12, 0xD3, 0x6A,
    0x8A, 0x7F, 0x33, 0x11, 0xD3, 0x69, 0x8A, 0x7F, 0x33, 0x10, 0xD3, 0x68, 0x8A, 0x7F, 0x33, 0x0F,
    0xD3, 0x67, 0x8A, 0x7F, 0x33, 0x0E, 0xD3, 0x66, 0x8A, 0x7F, 0x33, 0x0D, 0xD3, 0x65, 0x8A, 0x7F,
    0x33, 0x0C, 0xD3, 0x64, 0x8A, 0x7F, 0x33, 0x0B, 0xD3, 0x63, 0x8A, 0x7F, 0x33, 0x0A, 0xD3, 0x62,
    0x8A, 0x7F, 0x33, 0x09, 0xD3, 0x61, 0x8A, 0x7F, 0x33, 0x08, 0xD3, 0x40, 0x8A, 0x06, 0xD0, 0x5F,
    0x32, 0x07, 0xD2, 0x82, 0xB2, 0x05, 0xD2, 0x15, 0x6A, 0x04, 0xD2, 0x81, 0xB2, 0x40, 0xEA, 0x14,
    0x48, 0x50, 0x50, 0xB1, 0x61, 0x00, 0x68, 0x47, 0x40, 0x0C, 0x4A, 0x1C, 0x03, 0x44, 0x32, 0x49,
    0xE3, 0x40, 0xF1, 0x40, 0x8A, 0x83, 0xF3, 0x02, 0x6F, 0x28, 0xF2, 0x12, 0x6E, 0x5F, 0x32, 0x1A,
    0xD2, 0x47, 0x40, 0x0B, 0x4A, 0x44, 0x32, 0x49, 0xE3, 0x40, 0xF1, 0x40, 0x8A, 0xFA, 0x6D, 0x04,
    0x6C, 0x5F, 0x32, 0x19, 0xD2, 0x47, 0x40, 0x0A, 0x4A, 0x44, 0x32, 0x49, 0xE3, 0x40, 0xF1, 0x40,
    0x8A, 0x5F, 0x32, 0x18, 0xD2, 0x47, 0x40, 0x09, 0x4A, 0x44, 0x32, 0x49, 0xE3, 0x40, 0xF1, 0x40,
    0x8A, 0x5F, 0x32, 0x17, 0xD2, 0x47, 0x40, 0x08, 0x4A, 0x44, 0x32, 0x49, 0xE3, 0x40, 0xF1, 0x40,
    0x8A, 0x5F, 0x32, 0x16, 0xD2, 0x47, 0x40, 0x07, 0x4A, 0x44, 0x32, 0x49, 0xE3, 0x40, 0xF1, 0x40,
    0x8A, 0x5F, 0x32, 0x15, 0xD2, 0x47, 0x40, 0x06, 0x4A, 0x44, 0x32, 0x49, 0xE3, 0x40, 0xF1, 0x40,
    0x8A, 0x5F, 0x32, 0x14, 0xD2, 0x47, 0x40, 0x05, 0x4A, 0x44, 0x32, 0x49, 0xE3, 0x40, 0xF1, 0x40,
    0x8A, 0x5F, 0x32, 0x13, 0xD2, 0x47, 0x40, 0x04, 0x4A, 0x44, 0x32, 0x49, 0xE3, 0x40, 0xF1, 0x40,
    0x8A, 0x5F, 0x32, 0x12, 0xD2, 0x47, 0x40, 0x03, 0x4A, 0x44, 0x32, 0x49, 0xE3, 0x40, 0xF1, 0x40,
    0x8A, 0x5F, 0x32, 0x11, 0xD2, 0x47, 0x40, 0x02, 0x4A, 0x44, 0x32, 0x49, 0xE3, 0x40, 0xF1, 0x40,
    0x8A, 0x5F, 0x32, 0x10, 0xD2, 0x47, 0x40, 0x01, 0x4A, 0x44, 0x32, 0x49, 0xE3, 0x40, 0xF1, 0x40,
    0x8A, 0x5F, 0x32, 0x0F, 0xD2, 0x47, 0x40, 0x44, 0x32, 0x49, 0xE3, 0x40, 0xF1, 0x40, 0x8A, 0x5F,
    0x32, 0x0E, 0xD2, 0x46, 0x40, 0x44, 0x32, 0x49, 0xE3, 0x40, 0xF1, 0x40, 0x8A, 0x5F, 0x32, 0x0D,
    0xD2, 0x45, 0x40, 0x44, 0x32, 0x49, 0xE3, 0x40, 0xF1, 0x40, 0x8A, 0x5F, 0x32, 0x0C, 0xD2, 0x44,
    0x40, 0x44, 0x32, 0x49, 0xE3, 0x40, 0xF1, 0x40, 0x8A, 0x5F, 0x32, 0x0B, 0xD2, 0x43, 0x40, 0x44,
    0x32, 0x49, 0xE3, 0x40, 0xF1, 0x40, 0x8A, 0x5F, 0x32, 0x0A, 0xD2, 0x42, 0x40, 0x44, 0x32, 0x49,
    0xE3, 0x40, 0xF1, 0x40, 0x8A, 0x5F, 0x32, 0x09, 0xD2, 0x41, 0x40, 0x44, 0x32, 0x49, 0xE3, 0x40,
    0xF1, 0x40, 0x8A, 0x5F, 0x32, 0x08, 0xD2, 0x04, 0x32, 0x49, 0xE3, 0x40, 0xF1, 0x40, 0x8A, 0x06,
    0xD0, 0x5F, 0x32, 0x07, 0xD2, 0x2D, 0xB2, 0x05, 0xD2, 0x15, 0x6A, 0x04, 0xD2, 0x2C, 0xB2, 0x40,
    0xEA, 0x14, 0x48, 0x50, 0x50, 0x5F, 0xF7, 0x17, 0x61, 0x27, 0x16, 0xFF, 0x4A, 0x00, 0x52, 0x3F,
    0xF6, 0x16, 0x60, 0x41, 0x16, 0xFF, 0x4A, 0x00, 0x52, 0x5F, 0xF6, 0x1A, 0x60, 0x00, 0x6E, 0x65,
    0x16, 0xAA, 0x93, 0x6B, 0xEB, 0x02, 0xEB, 0x7F, 0xF6, 0x00, 0x61, 0x60, 0x99, 0x62, 0xEE, 0x02,
    0x60, 0xFC, 0x4A, 0x5C, 0x16, 0xFB, 0x4B, 0x60, 0xD9, 0x5A, 0x16, 0x1C, 0x04, 0x44, 0x33, 0x6D,
    0xE4, 0xA0, 0xF0, 0x60, 0x8B, 0x01, 0x4A, 0x6D, 0xE4, 0x01, 0x6C, 0xE0, 0xF1, 0x80, 0xC3, 0x96,
    0x16, 0x1C, 0x04, 0x44, 0x33, 0x6D, 0xE4, 0xA0, 0xF0, 0xE0, 0x8B, 0x08, 0x6D, 0xFF, 0x6B, 0xBA,
    0xEF, 0x01, 0x2D, 0xE5, 0xE8, 0xEF, 0x34, 0x3B, 0x65, 0x6C, 0xEC, 0x01, 0x6B, 0x1B, 0x65, 0x10,
    0xED, 0x64, 0xED, 0xA3, 0x67, 0x79, 0x67, 0xAC, 0xEB, 0x16, 0xB5, 0x95, 0xE5, 0xA0, 0xA5, 0x6C,
    0xED, 0x6E, 0xED, 0x0B, 0x2D, 0xB3, 0x95, 0x91, 0xE5, 0x80, 0xA4, 0x8C, 0xEB, 0x06, 0x2B, 0x1C,
    0x03, 0xFD, 0xE3, 0x78, 0x67, 0xE0, 0xF1, 0x60, 0xC7, 0x01, 0x4E, 0x01, 0x4A, 0xFF, 0x6B, 0x6C,
    0xEA, 0x9E, 0x16, 0x00, 0x65, 0xB8, 0x32, 0x12, 0x80, 0x78, 0xC6, 0x11, 0x80, 0x11, 0x46, 0x08,
    0x80, 0x8D, 0xEF, 0x00, 0x80, 0xF9, 0x72, 0x08, 0x80, 0x9D, 0x71, 0x08, 0x80, 0x91, 0x72, 0x08,
    0x80, 0x55, 0x71, 0x08, 0x80, 0xF5, 0x70, 0x08, 0x80, 0x75, 0x71, 0x08, 0x80, 0xD1, 0x72, 0x08,
    0x80, 0x1C, 0x52, 0x12, 0x80, 0x0D, 0xC2, 0x11, 0x80, 0x89, 0xC1, 0x11, 0x80, 0xFD, 0x63, 0x05,
    0x62, 0x43, 0xA4, 0x28, 0x5A, 0x12, 0x60, 0x0D, 0xB5, 0xFF, 0xF7, 0x1F, 0x6E, 0x04, 0x6B, 0x40,
    0xAD, 0x6B, 0xEB, 0x03, 0x6F, 0xCC, 0xEA, 0x4C, 0xEB, 0xED, 0xEB, 0xFF, 0xF6, 0x1D, 0x4F, 0xEC,
    0xEA, 0xFF, 0x6F, 0xEC, 0xEB, 0x6D, 0xEA, 0xCC, 0xEA, 0x40, 0xCD, 0x05, 0xB2, 0x40, 0xEA, 0x00,
    0x65, 0x05, 0x97, 0x00, 0xEF, 0x03, 0x63, 0x00, 0x65, 0x34, 0x11, 0x00, 0xB6, 0xC9, 0x60, 0x04,
    0x80, 0xFD, 0x63, 0x05, 0x62, 0x43, 0xA4, 0x28, 0x5A, 0x12, 0x60, 0x0D, 0xB5, 0xFF, 0xF7, 0x1F,
    0x6E, 0x04, 0x6B, 0x40, 0xAD, 0x6B, 0xEB, 0x03, 0x6F, 0xCC, 0xEA, 0x4C, 0xEB, 0xED, 0xEB, 0xFF,
    0xF6, 0x1D, 0x4F, 0xEC, 0xEA, 0xFF, 0x6F, 0xEC, 0xEB, 0x6D, 0xEA, 0xCC, 0xEA, 0x40, 0xCD, 0x05,
    0xB2, 0x40, 0xEA, 0x00, 0x65, 0x05, 0x97, 0x00, 0xEF, 0x03, 0x63, 0x00, 0x65, 0x34, 0x11, 0x00,
    0xB6, 0xB1, 0x60, 0x04, 0x80, 0xF3, 0x63, 0x19, 0x62, 0x18, 0xD1, 0x17, 0xD0, 0x12, 0x6A, 0x7D,
    0x67, 0x20, 0xF0, 0x5E, 0xC3, 0x43, 0xA4, 0xE6, 0xA4, 0x04, 0x67, 0x12, 0xD2, 0x44, 0xA4, 0x27,
    0xA4, 0x14, 0xD2, 0x45, 0xA4, 0x15, 0xD2, 0x8A, 0xB2, 0x27, 0x2F, 0x40, 0xF2, 0x7C, 0xA2, 0x7F,
    0x6C, 0x8C, 0xEB, 0x40, 0xF2, 0x7C, 0xC2, 0x12, 0x92, 0x28, 0x5A, 0x12, 0x60, 0x85, 0xB4, 0xFF,
    0xF7, 0x1F, 0x6D, 0x04, 0x6B, 0x40, 0xAC, 0x6B, 0xEB, 0x03, 0x6E, 0xAC, 0xEA, 0x4C, 0xEB, 0xCD,
    0xEB, 0xFF, 0xF6, 0x1D, 0x4E, 0xCC, 0xEA, 0xFF, 0x6E, 0xCC, 0xEB, 0x6D, 0xEA, 0xAC, 0xEA, 0x40,
    0xCC, 0x15, 0x97, 0x14, 0x96, 0x12, 0x95, 0x7C, 0xB2, 0x40, 0xEA, 0x80, 0xA8, 0x7D, 0x67, 0x20,
    0xF0, 0x5E, 0xC3, 0x01, 0x6A, 0x1A, 0x65, 0x14, 0x10, 0x15, 0x5F, 0x65, 0x60, 0x03, 0x59, 0x63,
    0x60, 0x68, 0xA4, 0x01, 0x71, 0x10, 0xD3, 0x69, 0xA4, 0x49, 0x61, 0x01, 0xF4, 0x99, 0xA2, 0x04,
    0x6A, 0x4C, 0xEC, 0x1C, 0x65, 0xC0, 0xF0, 0x18, 0x61, 0x11, 0x6A, 0x7D, 0x67, 0x20, 0xF0, 0x5E,
    0xC3, 0x58, 0x67, 0x10, 0xD2, 0x6D, 0xB2, 0xFF, 0xF7, 0x1F, 0x6B, 0x07, 0x6D, 0x40, 0xAA, 0x81,
    0xF5, 0x07, 0x6F, 0x81, 0xF3, 0x0F, 0x6E, 0x6C, 0xEA, 0x0D, 0xD2, 0x65, 0xB3, 0x60, 0xF2, 0x44,
    0xA3, 0x0C, 0xD2, 0x40, 0xF2, 0x5C, 0xA3, 0x52, 0x34, 0xAC, 0xEC, 0x0B, 0xD4, 0x60, 0xF2, 0x83,
    0xA3, 0x09, 0xD1, 0x5E, 0x32, 0x0A, 0xD4, 0x60, 0xF2, 0x62, 0xA3, 0x07, 0xD2, 0x5D, 0x67, 0x08,
    0xD3, 0x20, 0xF0, 0x5E, 0xA2, 0xFA, 0x6D, 0x06, 0xD2, 0x5D, 0xB2, 0x05, 0xD2, 0x08, 0x6A, 0x04,
    0xD2, 0x5C, 0xB2, 0x40, 0xEA, 0x03, 0x6C, 0x10, 0x92, 0x1A, 0x65, 0x80, 0xF0, 0x18, 0x61, 0x80,
    0xA8, 0x59, 0xB2, 0x40, 0xEA, 0x0E, 0x05, 0x5D, 0x67, 0x20, 0xF0, 0x7E, 0xA2, 0x04, 0x6E, 0x0E,
    0x05, 0x20, 0xF0, 0x7B, 0xC2, 0x55, 0xB2, 0x40, 0xEA, 0x0E, 0x6C, 0x89, 0x10, 0x80, 0xF0, 0x0F,
    0x29, 0x10, 0x94, 0xFF, 0x6D, 0xFF, 0x4C, 0xAC, 0xEC, 0x02, 0x5C, 0x0D, 0x60, 0x10, 0x94, 0x01,
    0x74, 0x0C, 0x61, 0x01, 0xF4, 0x59, 0xA2, 0x04, 0x6C, 0x8C, 0xEA, 0xAC, 0xEA, 0x06, 0x2A, 0x11,
    0x6A, 0x7D, 0x67, 0x20, 0xF0, 0x5E, 0xC3, 0x00, 0x6A, 0x95, 0x17, 0x4E, 0x43, 0xFF, 0x6C, 0x8C,
    0xEA, 0x0B, 0x5A, 0xF9, 0x60, 0x42, 0xA0, 0xA7, 0x43, 0xAE, 0xEA, 0xF5, 0x2A, 0xA3, 0x40, 0x3D,
    0x65, 0xBD, 0x67, 0x0E, 0xD2, 0x5E, 0xCD, 0x3A, 0xB2, 0x01, 0xF4, 0xBA, 0xA2, 0x0F, 0x6A, 0x4C,
    0xED, 0x8C, 0xED, 0x13, 0xD5, 0x00, 0x6A, 0x99, 0x67, 0x51, 0xE4, 0x87, 0xA4, 0x13, 0x95, 0x11,
    0xD4, 0xA3, 0xEC, 0xDD, 0x60, 0x46, 0x36, 0x0E, 0x05, 0xD9, 0xE5, 0x48, 0x35, 0x1D, 0x65, 0x04,
    0x6D, 0xFD, 0x65, 0x9F, 0x67, 0xB8, 0x67, 0x8C, 0xED, 0x85, 0x67, 0x11, 0x95, 0x01, 0x4A, 0xA4,
    0xEC, 0x85, 0x67, 0xA0, 0xA6, 0xAD, 0xEC, 0x80, 0xC6, 0xFF, 0x6C, 0x8C, 0xEA, 0x63, 0xEA, 0xE3,
    0x61, 0x6E, 0xEA, 0x13, 0xD7, 0x11, 0xD3, 0xC7, 0x2A, 0x06, 0x6E, 0x2D, 0xB4, 0x2D, 0xB2, 0x40,
    0xEA, 0x0E, 0x05, 0x11, 0x93, 0x13, 0x97, 0x10, 0x92, 0x01, 0x72, 0x58, 0x67, 0x4B, 0xEA, 0xC0,
    0xF7, 0x42, 0x32, 0x1F, 0xB5, 0x40, 0xF2, 0xDC, 0xA5, 0x80, 0x6C, 0x8B, 0xEC, 0x8D, 0xEE, 0x40,
    0xF2, 0x9D, 0xA5, 0xFE, 0x65, 0x60, 0xF2, 0xE2, 0xC5, 0x3C, 0x65, 0x10, 0x6C, 0x8B, 0xEC, 0xD9,
    0x67, 0x8C, 0xEE, 0x0F, 0x6F, 0x86, 0x67, 0x2C, 0xEF, 0xED, 0xEC, 0x40, 0xF2, 0x9D, 0xC5, 0x50,
    0x34, 0x71, 0x6A, 0x4B, 0xEA, 0xDF, 0x67, 0xCC, 0xEA, 0x8D, 0xEA, 0x40, 0xF2, 0x5C, 0xC5, 0x10,
    0x92, 0x60, 0xF2, 0x64, 0xC5, 0x60, 0xF2, 0x43, 0xC5, 0x17, 0xB2, 0x40, 0x9A, 0x1F, 0xF7, 0x0B,
    0x22, 0x20, 0xF0, 0x1E, 0x06, 0xB0, 0x67, 0x40, 0xEA, 0x00, 0x6C, 0x1F, 0xF7, 0x04, 0x22, 0x5D,
    0x67, 0x20, 0xF0, 0x5E, 0xA2, 0x19, 0x97, 0x18, 0x91, 0x17, 0x90, 0x00, 0xEF, 0x0D, 0x63, 0xC3,
    0x21, 0x02, 0x71, 0x81, 0x61, 0x03, 0x6A, 0xC5, 0x17, 0x02, 0x6A, 0xC3, 0x17, 0x04, 0x3C, 0x12,
    0x80, 0x34, 0x11, 0x00, 0xB6, 0x35, 0x5E, 0x04, 0x80, 0xEC, 0x10, 0x00, 0xB6, 0x78, 0xC6, 0x11,
    0x80, 0x11, 0x46, 0x08, 0x80, 0x1D, 0x52, 0x04, 0x80, 0x19, 0xCB, 0x01, 0x80, 0x69, 0x3E, 0x12,
    0x80, 0x5D, 0xEE, 0x00, 0x80, 0xA0, 0x15, 0x12, 0x80, 0xF2, 0x63, 0x1B, 0x62, 0x1A, 0xD1, 0x19,
    0xD0, 0x89, 0xB2, 0x8A, 0xB1, 0xFF, 0xF7, 0x1F, 0x6D, 0x00, 0xAA, 0x44, 0xA1, 0xAC, 0xE8, 0xA0,
    0xF0, 0x0E, 0x22, 0x87, 0xB2, 0x40, 0xEA, 0x00, 0x65, 0x68, 0xA2, 0xFF, 0xF7, 0x1F, 0x6D, 0x0A,
    0x73, 0x80, 0xF0, 0x0A, 0x61, 0x08, 0x9A, 0x48, 0xA8, 0x22, 0xA8, 0x14, 0xD2, 0x49, 0xA8, 0x15,
    0xD2, 0x80, 0xB2, 0x40, 0x9A, 0x40, 0xEA, 0x00, 0x65, 0x7F, 0xB3, 0xFF, 0xF7, 0x1F, 0x6C, 0x46,
    0x36, 0x60, 0xAB, 0x8C, 0xEB, 0x62, 0x33, 0x0F, 0x6C, 0x72, 0x33, 0xCC, 0xEC, 0x63, 0xEC, 0x80,
    0xF0, 0x1B, 0x60, 0x56, 0x34, 0x05, 0x6E, 0x01, 0x6D, 0x78, 0xB2, 0x40, 0xEA, 0x12, 0xD3, 0x12,
    0x93, 0x50, 0x32, 0x4D, 0xEB, 0x02, 0x6C, 0x8B, 0xEC, 0x6C, 0xEC, 0xA2, 0x44, 0x74, 0xB2, 0x16,
    0xD3, 0x12, 0xD5, 0x40, 0xEA, 0x13, 0xD4, 0x16, 0x93, 0x01, 0x6E, 0x12, 0x95, 0x6C, 0xEE, 0x05,
    0x26, 0xE0, 0xF1, 0x16, 0x5A, 0x02, 0x60, 0x13, 0x94, 0xA4, 0x44, 0x14, 0x92, 0x24, 0x31, 0x0F,
    0x07, 0x44, 0x32, 0x82, 0x42, 0x17, 0xD2, 0xA9, 0xE4, 0x12, 0xD2, 0x15, 0x92, 0x12, 0x94, 0x10,
    0x06, 0x44, 0x32, 0xFD, 0x4A, 0x89, 0xE2, 0x16, 0xD2, 0xFF, 0xF7, 0x1F, 0x6A, 0x4C, 0xE9, 0x0E,
    0x02, 0x06, 0xD2, 0xFF, 0x6A, 0x05, 0xD2, 0x00, 0x6A, 0x04, 0xD2, 0x62, 0xB2, 0x40, 0x9A, 0xB1,
    0x67, 0x83, 0x67, 0x13, 0xD1, 0x40, 0xEA, 0x23, 0x67, 0x13, 0x93, 0x08, 0x6A, 0x06, 0xD1, 0x0D,
    0xD3, 0x15, 0x93, 0x49, 0xF4, 0x07, 0x6E, 0xFA, 0x6D, 0x0C, 0xD3, 0x14, 0x93, 0x01, 0x6C, 0x14,
    0xD1, 0x0B, 0xD3, 0x16, 0x93, 0x58, 0xB1, 0x04, 0xD2, 0x0A, 0xD3, 0x12, 0x93, 0x81, 0xF5, 0x14,
    0x6F, 0x09, 0xD3, 0x0F, 0x93, 0x08, 0xD3, 0x10, 0x93, 0x07, 0xD3, 0x54, 0xB3, 0x40, 0xE9, 0x05,
    0xD3, 0x10, 0x95, 0x52, 0xB6, 0xF9, 0x65, 0x01, 0x6C, 0x0D, 0x25, 0x12, 0x93, 0x63, 0xED, 0x14,
    0x93, 0x40, 0x61, 0x16, 0x94, 0xA3, 0xEC, 0x3D, 0x61, 0x12, 0x93, 0xFF, 0xF7, 0x1F, 0x6A, 0x73,
    0xE5, 0x86, 0x34, 0x4C, 0xEC, 0xFF, 0x6A, 0x4C, 0xEC, 0x49, 0xB2, 0x40, 0xEA, 0x00, 0x65, 0x1B,
    0x97, 0x1A, 0x91, 0x19, 0x90, 0x00, 0xEF, 0x0E, 0x63, 0x46, 0xB2, 0x68, 0xA2, 0x10, 0x6A, 0xFF,
    0x6C, 0x4C, 0xEB, 0x8C, 0xEB, 0x0C, 0xED, 0x0E, 0x23, 0xAA, 0x33, 0x03, 0x6A, 0x4C, 0xEB, 0x6C,
    0xEC, 0x41, 0xB2, 0x40, 0xEA, 0x00, 0x65, 0x48, 0x30, 0x41, 0xE0, 0x40, 0x99, 0x08, 0x30, 0x22,
    0x48, 0x01, 0xE2, 0x61, 0x17, 0xA2, 0x32, 0x03, 0x6B, 0x6C, 0xEA, 0x4C, 0xEC, 0xF1, 0x17, 0x3B,
    0xB2, 0xA0, 0xF1, 0x9E, 0xA2, 0xA0, 0xF1, 0x7C, 0xAA, 0xC0, 0xF1, 0x2C, 0xAA, 0x44, 0x67, 0xAC,
    0xEA, 0x14, 0xD3, 0x15, 0xD2, 0x00, 0x68, 0x54, 0x17, 0x10, 0x6A, 0x4B, 0xEA, 0x4C, 0xEE, 0xCD,
    0xEB, 0x69, 0x17, 0x17, 0x97, 0x73, 0xE5, 0x65, 0xE7, 0x12, 0x97, 0x27, 0xE7, 0xFF, 0x6F, 0xEC,
    0xE9, 0x23, 0xEC, 0x27, 0x60, 0x0F, 0x97, 0xB5, 0xE7, 0x10, 0xD5, 0x10, 0x92, 0x06, 0xD4, 0x04,
    0x6C, 0x09, 0xD3, 0x08, 0xD2, 0x07, 0xD1, 0x05, 0xD6, 0x04, 0xD4, 0x81, 0xF5, 0x15, 0x6F, 0x01,
    0x6C, 0x69, 0xF4, 0x12, 0x6E, 0xFA, 0x6D, 0x5F, 0x67, 0x40, 0xEA, 0x12, 0xD3, 0x10, 0x92, 0x12,
    0x93, 0x00, 0x6C, 0x6F, 0xE2, 0x13, 0x92, 0x27, 0xE3, 0x23, 0xEA, 0xA4, 0x61, 0x20, 0x31, 0x20,
    0xB2, 0x3C, 0x31, 0x22, 0x31, 0x22, 0x31, 0x20, 0xCA, 0x10, 0xB2, 0x44, 0xA2, 0x17, 0x22, 0x28,
    0xC8, 0x99, 0x17, 0x13, 0x97, 0x3D, 0xE7, 0x83, 0xEF, 0xD8, 0x60, 0x0F, 0x97, 0xFB, 0xEC, 0x01,
    0x2F, 0xE5, 0xE8, 0x3F, 0x65, 0x10, 0xEF, 0x1F, 0x65, 0x58, 0x67, 0x23, 0xEA, 0x12, 0xEF, 0x01,
    0x60, 0xFF, 0x4F, 0x59, 0x67, 0xF8, 0xEA, 0x12, 0xEF, 0xF7, 0xE5, 0xC6, 0x17, 0x0F, 0xB2, 0xE0,
    0xF1, 0x30, 0xCA, 0x80, 0x17, 0xD8, 0x10, 0x00, 0xB6, 0xC8, 0x49, 0x12, 0x80, 0x99, 0x28, 0x05,
    0x80, 0xF0, 0x04, 0x12, 0x80, 0xD6, 0x10, 0x00, 0xB6, 0xE5, 0xDE, 0x03, 0x80, 0xCD, 0xED, 0x05,
    0x80, 0xAC, 0x0A, 0x12, 0x80, 0x11, 0x46, 0x08, 0x80, 0x78, 0xC6, 0x11, 0x80, 0x19, 0x9C, 0x05,
    0x80, 0xF8, 0x49, 0x12, 0x80, 0x21, 0x20, 0x05, 0x80, 0x04, 0x3C, 0x12, 0x80, 0x0A, 0x10, 0x00,
    0xB6, 0x60, 0xA4, 0xA0, 0xF2, 0x1C, 0x6A, 0x11, 0xB4, 0x58, 0xEB, 0x12, 0xEA, 0x51, 0xE4, 0xA0,
    0xF0, 0x52, 0xA4, 0x0F, 0x72, 0x00, 0x6A, 0x16, 0x61, 0x0D, 0xB5, 0x60, 0xF1, 0x6E, 0xA5, 0x02,
    0x5B, 0x11, 0x61, 0x0C, 0xB2, 0x50, 0xA2, 0x0E, 0x22, 0x0B, 0xB2, 0x40, 0xA2, 0x60, 0xF1, 0x71,
    0xA5, 0x4D, 0xEB, 0xC0, 0xF0, 0x41, 0xA4, 0x4D, 0xEB, 0xFF, 0x6A, 0x4C, 0xEB, 0x00, 0x6A, 0x02,
    0x2B, 0x40, 0xC6, 0x01, 0x6A, 0x20, 0xE8, 0x00, 0x65, 0x50, 0x1C, 0x13, 0x80, 0xB0, 0x55, 0x12,
    0x80, 0x00, 0xDE, 0x12, 0x80, 0x92, 0xF9, 0x12, 0x80, 0x40, 0xA4, 0x08, 0x72, 0x0B, 0x60, 0x09,
    0x5A, 0x04, 0x60, 0x03, 0x72, 0x07, 0x60, 0x20, 0xE8, 0x00, 0x6A, 0x30, 0x72, 0x03, 0x60, 0x59,
    0x72, 0x00, 0x6A, 0x08, 0x61, 0x42, 0xA4, 0x40, 0xC5, 0x44, 0xA4, 0x63, 0xA4, 0x40, 0x32, 0x6D,
    0xEA, 0x40, 0xCE, 0x01, 0x6A, 0x20, 0xE8, 0x00, 0x65, 0x16, 0xB2, 0x41, 0xA2, 0x1C, 0x6B, 0x6C,
    0xEA, 0x04, 0x72, 0x23, 0x61, 0xFB, 0x63, 0x09, 0x62, 0x13, 0xB2, 0x40, 0xEA, 0xFF, 0x6C, 0x20,
    0x72, 0x12, 0xB4, 0x13, 0xB3, 0x10, 0x61, 0x03, 0x6A, 0x06, 0xD2, 0x01, 0x6A, 0x05, 0xD4, 0x04,
    0xD2, 0x2E, 0xF5, 0x10, 0x6F, 0xE4, 0xF0, 0x04, 0x6E, 0xFA, 0x6D, 0x40, 0xEB, 0x01, 0x6C, 0x09,
    0x97, 0x00, 0x6A, 0x00, 0xEF, 0x05, 0x63, 0x02, 0x6A, 0x06, 0xD2, 0x01, 0x6A, 0x05, 0xD4, 0x04,
    0xD2, 0x2E, 0xF5, 0x10, 0x6F, 0xE4, 0xF0, 0x08, 0x6E, 0xEF, 0x17, 0x20, 0xE8, 0x00, 0x6A, 0x00,
    0x65, 0x3C, 0x1C, 0x12, 0x80, 0xFD, 0x1C, 0x01, 0x80, 0x78, 0xC6, 0x11, 0x80, 0x11, 0x46, 0x08,
    0x80, 0x62, 0xA4, 0x10, 0x6A, 0x4B, 0xEA, 0x6C, 0xEA, 0x20, 0x72, 0x18, 0x61, 0x0D, 0xB2, 0x44,
    0x9A, 0x01, 0x72, 0x14, 0x60, 0xFD, 0x63, 0x05, 0x62, 0x0B, 0xB3, 0x4D, 0xAB, 0xFF, 0xF7, 0x1F,
    0x6C, 0x8E, 0xEA, 0x08, 0x2A, 0x09, 0xB5, 0x01, 0x6C, 0x40, 0xF0, 0x81, 0xC3, 0x4D, 0xCB, 0x08,
    0xB2, 0x40, 0xEA, 0x27, 0x6C, 0x05, 0x97, 0x00, 0x6A, 0x00, 0xEF, 0x03, 0x63, 0x20, 0xE8, 0x00,
    0x6A, 0xB0, 0x55, 0x12, 0x80, 0x00, 0xDE, 0x12, 0x80, 0x00, 0x00, 0x80, 0x00, 0x69, 0xF4, 0x00,
    0x80, 0xFB, 0x63, 0x09, 0x62, 0x08, 0xD1, 0x07, 0xD0, 0x15, 0xB3, 0x46, 0xAB, 0x04, 0x67, 0x80,
    0xAC, 0x4F, 0xEA, 0x8C, 0xEA, 0x40, 0xC8, 0x47, 0xAB, 0x60, 0xAD, 0x4F, 0xEA, 0x6C, 0xEA, 0x40,
    0xCD, 0x41, 0x80, 0x00, 0x52, 0x06, 0x60, 0x0F, 0xB2, 0x40, 0x9A, 0x40, 0xEA, 0x00, 0x65, 0x0E,
    0xB3, 0x40, 0xC3, 0x40, 0x80, 0x00, 0x52, 0x0B, 0x60, 0x0C, 0xB1, 0x00, 0xA1, 0x01, 0x6A, 0x4E,
    0xE8, 0x06, 0x28, 0xBF, 0xF4, 0x09, 0x6C, 0x0A, 0xB2, 0x40, 0xEA, 0x04, 0x05, 0x00, 0xC1, 0x09,
    0x97, 0x08, 0x91, 0x07, 0x90, 0x00, 0x6A, 0x00, 0xEF, 0x05, 0x63, 0x00, 0x65, 0x04, 0x3C, 0x12,
    0x80, 0x24, 0x0A, 0x12, 0x80, 0x4E, 0xF9, 0x12, 0x80, 0x1B, 0xFA, 0x12, 0x80, 0x1D, 0x52, 0x04,
    0x80, 0xF8, 0x63, 0x0F, 0x62, 0x0E, 0xD1, 0x0D, 0xD0, 0x37, 0xB0, 0x40, 0xA0, 0x0B, 0xD0, 0x01,
    0x72, 0x0A, 0xD2, 0x53, 0x61, 0x35, 0xB7, 0xFF, 0xF7, 0x1F, 0x69, 0x01, 0x6E, 0x60, 0xAF, 0xFF,
    0x6D, 0x1A, 0x65, 0x2C, 0xEB, 0x83, 0x67, 0xCC, 0xEC, 0x8F, 0xEC, 0xAC, 0xEC, 0x58, 0x67, 0x8C,
    0xEA, 0x02, 0x6C, 0x8B, 0xEC, 0x8C, 0xEB, 0x4D, 0xEB, 0x2C, 0xEB, 0x60, 0xCF, 0x2C, 0xB1, 0xE4,
    0xA1, 0x2C, 0xB0, 0x21, 0x27, 0x2C, 0xB4, 0xA0, 0x9C, 0x40, 0xED, 0x00, 0x6C, 0x85, 0xA0, 0x00,
    0xF2, 0x00, 0x6D, 0x2A, 0xB2, 0x80, 0x34, 0xAC, 0xEC, 0x3D, 0x24, 0x0A, 0x97, 0x00, 0x6C, 0x04,
    0xD4, 0x01, 0x6E, 0x00, 0x6D, 0x40, 0xEA, 0x02, 0x6C, 0x0A, 0x92, 0x38, 0x22, 0x91, 0xA1, 0x01,
    0x6A, 0x44, 0xEC, 0xC0, 0xF1, 0x92, 0xA8, 0x4F, 0xEA, 0x8C, 0xEA, 0xC0, 0xF1, 0x52, 0xC8, 0x0B,
    0x93, 0x00, 0x6A, 0x40, 0xC3, 0x1A, 0x10, 0xA0, 0xF1, 0x44, 0xA0, 0x4C, 0xEE, 0xCC, 0xED, 0xF7,
    0x25, 0x1B, 0xB2, 0x40, 0xEA, 0x00, 0x65, 0x04, 0x6B, 0x02, 0x6C, 0x6E, 0xEA, 0x8B, 0xEC, 0x12,
    0x2A, 0x9D, 0x67, 0x40, 0xF4, 0x16, 0x6B, 0x08, 0xD2, 0x70, 0xCC, 0x04, 0xD2, 0x15, 0xB2, 0x80,
    0x9A, 0x08, 0x97, 0x15, 0xB5, 0x15, 0xB2, 0x40, 0xEA, 0x00, 0x6E, 0x0F, 0x97, 0x0E, 0x91, 0x0D,
    0x90, 0x00, 0xEF, 0x08, 0x63, 0xA0, 0xF1, 0x44, 0xA0, 0x4C, 0xEC, 0x00, 0x6A, 0xA0, 0xF1, 0x84,
    0xC0, 0x0A, 0xD2, 0xBC, 0x17, 0x04, 0xD4, 0x0A, 0x97, 0x00, 0x6E, 0xC3, 0x17, 0xC0, 0xF1, 0x85,
    0xA0, 0xC6, 0x17, 0x00, 0x65, 0x8E, 0xF9, 0x12, 0x80, 0x02, 0x10, 0x00, 0xB6, 0xC8, 0x49, 0x12,
    0x80, 0x04, 0x3C, 0x12, 0x80, 0xCC, 0x09, 0x12, 0x80, 0x19, 0x6F, 0x04, 0x80, 0x79, 0x97, 0x05,
    0x80, 0x18, 0x20, 0x12, 0x80, 0xA1, 0x62, 0x11, 0x80, 0x61, 0x9D, 0x00, 0x80, 0x08, 0xB2, 0x60,
    0xA2, 0x0B, 0x23, 0xFD, 0x63, 0x05, 0x62, 0x00, 0x6B, 0x60, 0xC2, 0x06, 0xB2, 0x40, 0xEA, 0x01,
    0x6C, 0x05, 0x97, 0x00, 0x6A, 0x00, 0xEF, 0x03, 0x63, 0x20, 0xE8, 0x00, 0x6A, 0x4F, 0xF9, 0x12,
    0x80, 0x99, 0x9B, 0x05, 0x80, 0xFD, 0x63, 0x05, 0x62, 0x04, 0xD0, 0x14, 0xB2, 0x40, 0xEA, 0x04,
    0x67, 0x15, 0x22, 0x5D, 0xA0, 0x03, 0x6B, 0x6B, 0xEB, 0x6C, 0xEA, 0x5D, 0xC0, 0x10, 0xB2, 0xFF,
    0xF7, 0x1F, 0x6B, 0x40, 0xAA, 0x6C, 0xEA, 0x0F, 0xB3, 0x62, 0x9B, 0x0E, 0xEB, 0x0B, 0x2B, 0x0A,
    0x6B, 0x6C, 0xEA, 0x08, 0x2A, 0x0C, 0xB2, 0x40, 0x9A, 0x40, 0xEA, 0x00, 0x65, 0x05, 0x97, 0x04,
    0x90, 0x00, 0xEF, 0x03, 0x63, 0x09, 0xB2, 0x40, 0xEA, 0x90, 0x67, 0x00, 0x6E, 0xB0, 0x67, 0x08,
    0xB2, 0x40, 0xEA, 0x44, 0x6C, 0xF3, 0x17, 0x00, 0x65, 0xA1, 0x33, 0x05, 0x80, 0x70, 0x11, 0x00,
    0xB6, 0x44, 0x4C, 0x12, 0x80, 0x40, 0x0A, 0x12, 0x80, 0x4D, 0x30, 0x05, 0x80, 0x79, 0x89, 0x05,
    0x80, 0xFB, 0x63, 0x09, 0x62, 0x08, 0xD1, 0x07, 0xD0, 0x10, 0xB1, 0x60, 0xA1, 0x10, 0xB5, 0x11,
    0xB7, 0x64, 0x30, 0x61, 0xE0, 0x14, 0x30, 0x15, 0xE5, 0x20, 0x6E, 0x0F, 0xB4, 0x05, 0xD3, 0x40,
    0xEF, 0x04, 0xD7, 0x04, 0x97, 0x0D, 0xB5, 0x15, 0xE5, 0x0D, 0xB4, 0x40, 0xEF, 0x40, 0x6E, 0x05,
    0x93, 0x09, 0x97, 0x07, 0x90, 0x41, 0x43, 0x04, 0x6B, 0x7A, 0xEA, 0x01, 0x2B, 0xE5, 0xE8, 0x10,
    0xEA, 0x40, 0xC1, 0x08, 0x91, 0x00, 0xEF, 0x05, 0x63, 0x1C, 0xF8, 0x12, 0x80, 0xC0, 0xCC, 0x11,
    0x80, 0x5D, 0xEE, 0x00, 0x80, 0x4C, 0x25, 0x12, 0x80, 0xE0, 0xCC, 0x11, 0x80, 0xCC, 0x24, 0x12,
    0x80, 0xD1, 0x63, 0x5D, 0x62, 0x5C, 0xD1, 0x5B, 0xD0, 0x69, 0xB2, 0x40, 0xF1, 0x06, 0x05, 0x40,
    0xEA, 0x52, 0x04, 0x55, 0xD2, 0x80, 0xF0, 0x12, 0x2A, 0x5D, 0x67, 0x40, 0xF1, 0x46, 0xAA, 0x65,
    0xB3, 0x06, 0x6E, 0x54, 0xD2, 0x64, 0xB5, 0x50, 0x04, 0x64, 0xB2, 0x40, 0xEA, 0x23, 0x67, 0x54,
    0x92, 0xA0, 0xF2, 0x1C, 0x6B, 0xE1, 0xF4, 0x0A, 0x6F, 0x78, 0xEA, 0x61, 0xB2, 0xA8, 0xF5, 0x0D,
    0x6E, 0xFA, 0x6D, 0x12, 0xE8, 0x01, 0xE2, 0xC0, 0xF0, 0x4C, 0xA0, 0x0E, 0xD2, 0x54, 0x92, 0x0D,
    0xD2, 0x5D, 0x67, 0x40, 0xF1, 0x48, 0xA2, 0x0C, 0xD2, 0x5D, 0x67, 0x40, 0xF1, 0x45, 0xA2, 0x0B,
    0xD2, 0x5D, 0x67, 0x40, 0xF1, 0x44, 0xA2, 0x0A, 0xD2, 0x5D, 0x67, 0x40, 0xF1, 0x43, 0xA2, 0x09,
    0xD2, 0x5D, 0x67, 0x40, 0xF1, 0x42, 0xA2, 0x08, 0xD2, 0x5D, 0x67, 0x40, 0xF1, 0x41, 0xA2, 0x07,
    0xD2, 0x5D, 0x67, 0x40, 0xF1, 0x40, 0xA2, 0x06, 0xD2, 0x4E, 0xB2, 0x05, 0xD2, 0x09, 0x6A, 0x04,
    0xD2, 0x4D, 0xB2, 0x40, 0xEA, 0x04, 0x6C, 0x4A, 0xA1, 0x89, 0xA1, 0x71, 0x67, 0x40, 0x32, 0x8D,
    0xEA, 0x56, 0xD2, 0x4B, 0xA1, 0xEF, 0xA3, 0xD0, 0xF0, 0x81, 0x40, 0x57, 0xD2, 0x4C, 0xA1, 0x06,
    0x6E, 0x50, 0x05, 0x58, 0xD2, 0x4D, 0xA1, 0x2E, 0xA1, 0x20, 0x31, 0x4D, 0xE9, 0x3F, 0xB2, 0x40,
    0xEA, 0x59, 0xD7, 0x56, 0x92, 0x59, 0x97, 0x40, 0xF2, 0x56, 0xC8, 0x57, 0x92, 0xE0, 0xF0, 0xE1,
    0xC0, 0xC0, 0xF0, 0x5E, 0xC0, 0x58, 0x92, 0xE0, 0xF0, 0x40, 0xC0, 0x5D, 0x67, 0x40, 0xF1, 0x48,
    0xA2, 0xC0, 0xF0, 0x57, 0xC0, 0x01, 0x6A, 0x40, 0xF2, 0x58, 0xC0, 0x5D, 0x67, 0x40, 0xF1, 0x86,
    0xAA, 0x36, 0xB2, 0x40, 0xEA, 0x00, 0x65, 0x55, 0x92, 0x22, 0x34, 0x9E, 0x34, 0x00, 0xF1, 0x40,
    0xC0, 0xA0, 0xF2, 0x1C, 0x6B, 0x2E, 0xB0, 0x00, 0x6A, 0x03, 0x24, 0xEF, 0xF7, 0x1F, 0x6A, 0x2C,
    0xEA, 0x54, 0x94, 0x78, 0xEC, 0x27, 0xB4, 0x12, 0xEB, 0x61, 0xE0, 0x60, 0xF0, 0x58, 0xC8, 0x2C,
    0xB2, 0x40, 0xEA, 0x00, 0x65, 0x26, 0x22, 0x5D, 0x67, 0x40, 0xF1, 0x88, 0xA2, 0xC0, 0xF0, 0xAC,
    0xA0, 0x28, 0xB2, 0x40, 0xEA, 0x00, 0x65, 0x28, 0xB2, 0x40, 0xEA, 0x50, 0x04, 0x7D, 0x67, 0x02,
    0x6A, 0x40, 0xF0, 0x40, 0xCB, 0x00, 0x68, 0x1C, 0xB5, 0x40, 0xF0, 0x03, 0x04, 0x1B, 0xB2, 0x40,
    0xF0, 0x02, 0xC3, 0x40, 0xEA, 0x06, 0x6E, 0x7D, 0x67, 0x01, 0x6A, 0x40, 0xF0, 0x49, 0xC3, 0x0B,
    0x6E, 0x10, 0x05, 0x1E, 0xB2, 0x40, 0xF0, 0x0A, 0xC3, 0x40, 0xEA, 0x03, 0x6C, 0x1C, 0xB2, 0x00,
    0xC2, 0x0E, 0x10, 0x5D, 0x67, 0x40, 0xF1, 0x86, 0xAA, 0x1A, 0xB2, 0x40, 0xEA, 0x01, 0x6D, 0x01,
    0x6A, 0x19, 0xB3, 0x41, 0xDB, 0x19, 0xB3, 0x40, 0xC3, 0x15, 0xB2, 0x02, 0x6B, 0x60, 0xC2, 0xFF,
    0x6E, 0x03, 0x4E, 0x08, 0xB4, 0x16, 0xB2, 0x40, 0xEA, 0x00, 0x6D, 0x16, 0xB2, 0x00, 0x6B, 0x60,
    0xC2, 0x5D, 0x97, 0x5C, 0x91, 0x5B, 0x90, 0x00, 0xEF, 0x2F, 0x63, 0x00, 0x65, 0x61, 0x08, 0x07,
    0x80, 0x34, 0xF8, 0x12, 0x80, 0x37, 0xF8, 0x12, 0x80, 0x5D, 0xEE, 0x00, 0x80, 0x50, 0x1C, 0x13,
    0x80, 0x78, 0xC6, 0x11, 0x80, 0x11, 0x46, 0x08, 0x80, 0x1D, 0x79, 0x03, 0x80, 0xF9, 0x82, 0x03,
    0x80, 0x95, 0x07, 0x07, 0x80, 0x85, 0x07, 0x07, 0x80, 0x19, 0xCB, 0x01, 0x80, 0x36, 0xF9, 0x12,
    0x80, 0x95, 0x10, 0x08, 0x80, 0xB0, 0x55, 0x12, 0x80, 0x1C, 0x11, 0x12, 0x80, 0x8D, 0xEF, 0x00,
    0x80, 0x31, 0xF8, 0x12, 0x80, 0x0A, 0xB2, 0x00, 0x6B, 0x01, 0x6C, 0x8B, 0xEC, 0x68, 0xC2, 0x00,
    0x6B, 0x61, 0xDA, 0x80, 0xDA, 0x63, 0xDA, 0x64, 0xDA, 0x65, 0xDA, 0x20, 0xF0, 0x60, 0xC2, 0x67,
    0xDA, 0x86, 0xDA, 0x69, 0xDA, 0x6A, 0xDA, 0x20, 0xE8, 0x6B, 0xDA, 0x00, 0x65, 0x50, 0xF9, 0x12,
    0x80, 0x05, 0xB2, 0x06, 0xB3, 0x63, 0xDA, 0x06, 0xB3, 0x64, 0xDA, 0x06, 0xB3, 0x69, 0xDA, 0x06,
    0xB3, 0x20, 0xE8, 0x6A, 0xDA, 0x50, 0xF9, 0x12, 0x80, 0xB9, 0x3B, 0x11, 0x80, 0xE5, 0x3B, 0x11,
    0x80, 0x0D, 0x3E, 0x11, 0x80, 0x21, 0x3E, 0x11, 0x80, 0xFB, 0x63, 0x09, 0x62, 0x08, 0xD1, 0x07,
    0xD0, 0x0B, 0xB2, 0x04, 0x67, 0x40, 0xEA, 0x25, 0x67, 0x68, 0xA0, 0x05, 0x2B, 0x04, 0xD2, 0x43,
    0x98, 0x40, 0xEA, 0x00, 0x65, 0x04, 0x92, 0x68, 0xA0, 0x82, 0x67, 0x06, 0xB2, 0x6D, 0xE9, 0x40,
    0xEA, 0x28, 0xC0, 0x09, 0x97, 0x08, 0x91, 0x07, 0x90, 0x00, 0xEF, 0x05, 0x63, 0xE4, 0x94, 0x00,
    0x80, 0x00, 0x95, 0x00, 0x80, 0x0A, 0xB2, 0x64, 0x9A, 0x0F, 0x2B, 0xFD, 0x63, 0x05, 0x62, 0x04,
    0xD0, 0x08, 0xB0, 0x09, 0xB4, 0x40, 0xE8, 0x01, 0x6D, 0x08, 0xB4, 0x40, 0xE8, 0x01, 0x6D, 0x05,
    0x97, 0x04, 0x90, 0x01, 0x6A, 0x00, 0xEF, 0x03, 0x63, 0x20, 0xE8, 0x00, 0x6A, 0xB0, 0x55, 0x12,
    0x80, 0xE9, 0x66, 0x11, 0x80, 0x50, 0xF9, 0x12, 0x80, 0x68, 0xF9, 0x12, 0x80, 0xFC, 0x63, 0x07,
    0x62, 0x06, 0xD1, 0x05, 0xD0, 0x0B, 0xB2, 0x24, 0x67, 0x40, 0xEA, 0x05, 0x67, 0x68, 0xA1, 0x0F,
    0xED, 0x6C, 0xED, 0xA8, 0xC1, 0x04, 0x2D, 0x64, 0x99, 0x40, 0xEB, 0x02, 0x67, 0x50, 0x67, 0x82,
    0x67, 0x05, 0xB2, 0x40, 0xEA, 0x00, 0x65, 0x07, 0x97, 0x06, 0x91, 0x05, 0x90, 0x00, 0xEF, 0x04,
    0x63, 0xE4, 0x94, 0x00, 0x80, 0x00, 0x95, 0x00, 0x80, 0xFD, 0x63, 0x05, 0x62, 0x04, 0xD0, 0x06,
    0xB0, 0x06, 0xB4, 0x40, 0xE8, 0x01, 0x6D, 0x06, 0xB4, 0x40, 0xE8, 0x01, 0x6D, 0x05, 0x97, 0x04,
    0x90, 0x00, 0xEF, 0x03, 0x63, 0x5D, 0x67, 0x11, 0x80, 0x50, 0xF9, 0x12, 0x80, 0x68, 0xF9, 0x12,
    0x80, 0xFC, 0x63, 0x07, 0x62, 0x06, 0xD1, 0x05, 0xD0, 0x0F, 0xB2, 0x40, 0xEA, 0x04, 0x67, 0x22,
    0x67, 0x48, 0xA0, 0x06, 0x22, 0x00, 0x6A, 0x48, 0xC0, 0x44, 0x98, 0x02, 0x22, 0x40, 0xEA, 0x00,
    0x65, 0x0A, 0xB2, 0x40, 0xEA, 0x80, 0x98, 0x01, 0x72, 0x04, 0x61, 0x80, 0x98, 0x08, 0xB2, 0x40,
    0xEA, 0x00, 0x6D, 0x08, 0xB2, 0x40, 0xEA, 0x91, 0x67, 0x07, 0x97, 0x06, 0x91, 0x05, 0x90, 0x00,
    0xEF, 0x04, 0x63, 0x00, 0x65, 0xE4, 0x94, 0x00, 0x80, 0x8D, 0x9E, 0x00, 0x80, 0xB9, 0x9E, 0x00,
    0x80, 0x00, 0x95, 0x00, 0x80, 0xFD, 0x63, 0x05, 0x62, 0x04, 0xD0, 0x06, 0xB0, 0x06, 0xB4, 0x40,
    0xE8, 0x00, 0x65, 0x06, 0xB4, 0x40, 0xE8, 0x00, 0x65, 0x05, 0x97, 0x04, 0x90, 0x00, 0xEF, 0x03,
    0x63, 0xC1, 0x67, 0x11, 0x80, 0x50, 0xF9, 0x12, 0x80, 0x68, 0xF9, 0x12, 0x80, 0xFD, 0x63, 0x05,
    0x62, 0x03, 0xB2, 0x40, 0xEA, 0x00, 0x65, 0x05, 0x97, 0x00, 0xEF, 0x03, 0x63, 0xA1, 0xB1, 0x11,
    0x80, 0xFD, 0x63, 0x05, 0x62, 0x05, 0xB4, 0x06, 0xB6, 0x9B, 0xE6, 0x06, 0xB2, 0x40, 0xEA, 0x00,
    0x6D, 0x05, 0x97, 0x00, 0xEF, 0x03, 0x63, 0x00, 0x65, 0x00, 0xFC, 0x11, 0x80, 0x00, 0x00, 0x12,
    0x80, 0x8D, 0xEF, 0x00, 0x80, 0xF9, 0x63, 0x0D, 0x62, 0x0C, 0xD0, 0x13, 0xB2, 0x40, 0xEA, 0x00,
    0x65, 0x12, 0xB3, 0x02, 0x67, 0x42, 0xA3, 0x29, 0xF2, 0x19, 0x6F, 0x42, 0xF6, 0x0B, 0x6E, 0x0A,
    0xD2, 0x0F, 0xB2, 0x8E, 0xA2, 0xFA, 0x6D, 0x09, 0xD4, 0x90, 0xA2, 0x08, 0xD4, 0x4F, 0xA2, 0x07,
    0xD2, 0x43, 0xA3, 0x06, 0xD2, 0x0B, 0xB2, 0x05, 0xD2, 0x05, 0x6A, 0x04, 0xD2, 0x0A, 0xB2, 0x40,
    0xEA, 0x01, 0x6C, 0x0A, 0xB2, 0x40, 0xEA, 0x00, 0x65, 0x50, 0x67, 0x0D, 0x97, 0x0C, 0x90, 0x00,
    0xEF, 0x07, 0x63, 0x00, 0x65, 0xA1, 0xAA, 0x11, 0x80, 0x08, 0xFA, 0x12, 0x80, 0x00, 0xDE, 0x12,
    0x80, 0x78, 0xC6, 0x11, 0x80, 0x11, 0x46, 0x08, 0x80, 0xF1, 0x9D, 0x11, 0x80, 0xFA, 0x63, 0x0B,
    0x62, 0x0A, 0xD1, 0x09, 0xD0, 0x01, 0x69, 0x5D, 0x67, 0x30, 0xC2, 0x40, 0xAC, 0x04, 0x67, 0xBF,
    0xF4, 0x06, 0x72, 0x34, 0x60, 0xBF, 0xF4, 0x07, 0x6B, 0x63, 0xEA, 0x16, 0x60, 0x5F, 0xF4, 0x11,
    0x72, 0x4D, 0x60, 0x9F, 0xF4, 0x07, 0x72, 0x25, 0x60, 0x1F, 0xF4, 0x19, 0x72, 0x17, 0x61, 0x27,
    0xB2, 0x40, 0xEA, 0x00, 0x65, 0x7D, 0x67, 0x30, 0xA3, 0x01, 0x71, 0x44, 0x61, 0x80, 0xA8, 0xA2,
    0x67, 0x23, 0xB2, 0x40, 0xEA, 0x00, 0x6E, 0x0F, 0x10, 0xBF, 0xF4, 0x08, 0x72, 0x31, 0x60, 0xBF,
    0xF4, 0x08, 0x6B, 0x63, 0xEA, 0x1D, 0x61, 0xBF, 0xF4, 0x09, 0x72, 0x2D, 0x60, 0x01, 0x6A, 0x40,
    0xC5, 0x00, 0x6A, 0x40, 0xC6, 0x00, 0x69, 0x51, 0x67, 0x0B, 0x97, 0x0A, 0x91, 0x09, 0x90, 0x00,
    0xEF, 0x06, 0x63, 0x04, 0x05, 0x17, 0xB2, 0x40, 0xEA, 0x00, 0x65, 0xDC, 0x17, 0x16, 0xB2, 0x40,
    0xEA, 0x04, 0x05, 0x16, 0xB5, 0x22, 0x67, 0x16, 0xB3, 0x40, 0xEB, 0x27, 0x6C, 0x51, 0x67, 0xD2,
    0x17, 0x14, 0xB2, 0x40, 0xEA, 0x00, 0x65, 0x06, 0xD2, 0x00, 0xF2, 0x00, 0x6C, 0x5D, 0x67, 0x12,
    0xB3, 0x40, 0xEB, 0x30, 0xC2, 0x11, 0xB5, 0x0E, 0xB3, 0x40, 0xEB, 0x27, 0x6C, 0x06, 0x92, 0xC2,
    0x17, 0x04, 0x05, 0x0F, 0xB2, 0xE0, 0x17, 0x04, 0x05, 0x0E, 0xB2, 0xDD, 0x17, 0x0E, 0xB2, 0x40,
    0xEA, 0x00, 0x65, 0xB8, 0x17, 0x01, 0x69, 0xCF, 0x17, 0x75, 0x68, 0x11, 0x80, 0xC1, 0x0C, 0x03,
    0x80, 0xA1, 0xAC, 0x11, 0x80, 0x7D, 0xAE, 0x11, 0x80, 0x00, 0x00, 0x00, 0x01, 0x69, 0xF4, 0x00,
    0x80, 0xD5, 0xAE, 0x11, 0x80, 0x15, 0x34, 0x01, 0x80, 0x00, 0x00, 0x00, 0x04, 0xA5, 0xAF, 0x11,
    0x80, 0xC1, 0xAF, 0x11, 0x80, 0x35, 0xAC, 0x11, 0x80, 0x54, 0x9C, 0x61, 0x42, 0x08, 0x23, 0x06,
    0xB3, 0x01, 0x6D, 0xA0, 0xC3, 0x05, 0xB3, 0x40, 0xDB, 0x01, 0x6A, 0x4B, 0xEA, 0x54, 0xDC, 0x20,
    0xE8, 0x00, 0x65, 0x00, 0x65, 0x88, 0xF9, 0x12, 0x80, 0x84, 0xF9, 0x12, 0x80, 0xFB, 0x63, 0x09,
    0x62, 0x08, 0xD1, 0x07, 0xD0, 0x00, 0x6B, 0x22, 0xB2, 0x60, 0xC2, 0x22, 0xB2, 0x40, 0xEA, 0x24,
    0x67, 0x21, 0xB3, 0x22, 0xB7, 0x04, 0xD2, 0x9D, 0x9B, 0x5A, 0x9B, 0xD9, 0x9B, 0xE6, 0xAF, 0xBC,
    0x9B, 0x00, 0x68, 0x05, 0xD3, 0x82, 0xE8, 0x15, 0x60, 0x50, 0x33, 0x6D, 0xE6, 0x64, 0xAB, 0x20,
    0xF3, 0x0C, 0x73, 0x24, 0x61, 0x2A, 0xEF, 0x22, 0x61, 0x19, 0xB4, 0x1A, 0xB2, 0x40, 0xEA, 0x00,
    0x65, 0xA0, 0xF2, 0x1C, 0x6A, 0x58, 0xE9, 0x18, 0xB2, 0x12, 0xEC, 0x89, 0xE2, 0x01, 0x6C, 0x8B,
    0xEC, 0x94, 0xDA, 0x05, 0x92, 0x5D, 0x9A, 0x4E, 0xE8, 0x09, 0x28, 0xA0, 0xF2, 0x1C, 0x6A, 0x58,
    0xE9, 0x11, 0xB2, 0x12, 0xEB, 0x69, 0xE2, 0x0E, 0xB3, 0x60, 0x9B, 0x74, 0xDA, 0x0F, 0xB2, 0x40,
    0xEA, 0x04, 0x94, 0x09, 0x97, 0x08, 0x91, 0x07, 0x90, 0x00, 0xEF, 0x05, 0x63, 0x01, 0x4A, 0x4A,
    0xED, 0x01, 0x61, 0x00, 0x6A, 0x61, 0x40, 0xFF, 0x68, 0x6C, 0xE8, 0xCC, 0x17, 0x88, 0xF9, 0x12,
    0x80, 0xE4, 0x94, 0x00, 0x80, 0x3C, 0xD4, 0x12, 0x80, 0x7C, 0x59, 0x12, 0x80, 0x84, 0xF9, 0x12,
    0x80, 0x51, 0x9F, 0x00, 0x80, 0x50, 0x1C, 0x13, 0x80, 0x00, 0x95, 0x00, 0x80, 0xF8, 0x63, 0x0F,
    0x62, 0x0E, 0xD1, 0x0D, 0xD0, 0x44, 0xAC, 0x04, 0x67, 0xFF, 0x69, 0xC0, 0xF2, 0x0D, 0x72, 0x0B,
    0x61, 0x35, 0xB2, 0x26, 0xAA, 0xA0, 0xF2, 0x1C, 0x6A, 0x34, 0xB4, 0x58, 0xE9, 0x12, 0xEA, 0x51,
    0xE4, 0x33, 0xB2, 0x40, 0xEA, 0x00, 0x65, 0x44, 0xA8, 0xC0, 0xF2, 0x10, 0x72, 0x46, 0x61, 0x40,
    0xA0, 0x1E, 0x6B, 0xFF, 0x6F, 0x6C, 0xEA, 0xEC, 0xEA, 0x40, 0x2A, 0x2E, 0xB3, 0x40, 0xA3, 0x0A,
    0xD3, 0x3C, 0x22, 0x0C, 0x6A, 0xA1, 0xA0, 0x1A, 0x65, 0x58, 0x67, 0xAC, 0xEA, 0xEC, 0xEA, 0x04,
    0x72, 0x34, 0x61, 0x29, 0xB2, 0x80, 0x9A, 0xE0, 0xF7, 0x1F, 0x6A, 0x82, 0x35, 0xC4, 0x67, 0xA2,
    0x35, 0x4C, 0xEE, 0x4C, 0xED, 0xC0, 0xF6, 0x82, 0x32, 0x03, 0x6C, 0x8C, 0xEA, 0xA3, 0xEE, 0xEC,
    0xEA, 0xB3, 0xE6, 0x35, 0x61, 0x60, 0x98, 0x21, 0xB7, 0x49, 0xE4, 0x62, 0x33, 0x72, 0x33, 0xEC,
    0xEB, 0x4C, 0xEF, 0xE0, 0x34, 0x90, 0x34, 0xE0, 0x98, 0x1C, 0x65, 0x1D, 0xB4, 0x07, 0xD2, 0x1D,
    0xB2, 0xEC, 0xEC, 0xF8, 0x67, 0xED, 0xEC, 0x05, 0xD2, 0x04, 0x6A, 0x80, 0xD8, 0x09, 0xD5, 0x08,
    0xD6, 0x06, 0xD3, 0x04, 0xD2, 0xE1, 0xF5, 0x1D, 0x6F, 0xA2, 0xF3, 0x0C, 0x6E, 0xFA, 0x6D, 0x16,
    0xB2, 0x40, 0xEA, 0x02, 0x6C, 0x0A, 0x93, 0x00, 0x6A, 0x40, 0xC3, 0x14, 0xB2, 0x40, 0xEA, 0x90,
    0x67, 0x13, 0xB2, 0x40, 0xA2, 0x07, 0x22, 0x44, 0xA8, 0xC0, 0xF2, 0x0D, 0x72, 0x03, 0x61, 0x11,
    0xB2, 0x40, 0xEA, 0x91, 0x67, 0x0F, 0x97, 0x0E, 0x91, 0x0D, 0x90, 0x00, 0xEF, 0x08, 0x63, 0x01,
    0xF0, 0x00, 0x4C, 0xC8, 0x17, 0x7C, 0x59, 0x12, 0x80, 0x50, 0x1C, 0x13, 0x80, 0xD9, 0x69, 0x11,
    0x80, 0x48, 0xF9, 0x12, 0x80, 0x3C, 0xA3, 0x00, 0xB0, 0xFF, 0xFF, 0x01, 0x00, 0xFF, 0x0F, 0x00,
    0xE0, 0x78, 0xC6, 0x11, 0x80, 0x11, 0x46, 0x08, 0x80, 0x59, 0x2E, 0x04, 0x80, 0x88, 0xF9, 0x12,
    0x80, 0xFD, 0x69, 0x11, 0x80, 0xFB, 0x63, 0x09, 0x62, 0x08, 0xD1, 0x07, 0xD0, 0x47, 0xB4, 0x20,
    0xF0, 0x4A, 0xA4, 0x01, 0x6E, 0x46, 0xB3, 0xCD, 0xEA, 0x20, 0xF0, 0x4A, 0xC4, 0x45, 0xB2, 0x6E,
    0xDA, 0x54, 0x6B, 0x20, 0xF0, 0x7C, 0xC2, 0x05, 0x6B, 0x60, 0xF1, 0x64, 0xC2, 0x42, 0xB7, 0xC0,
    0xF0, 0xB9, 0xA7, 0xC0, 0xF0, 0x58, 0xA7, 0xC0, 0xF0, 0x7A, 0xA7, 0xA0, 0x35, 0x4D, 0xED, 0xC0,
    0xF0, 0x5B, 0xA7, 0x60, 0x33, 0x60, 0x33, 0x6D, 0xED, 0x00, 0xF6, 0x40, 0x32, 0xAD, 0xEA, 0xCC,
    0xEA, 0x0D, 0x2A, 0x01, 0xF4, 0x58, 0xA4, 0x03, 0x6B, 0x6B, 0xEB, 0x6C, 0xEA, 0x01, 0xF4, 0x58,
    0xC4, 0xC0, 0xF1, 0x54, 0xA4, 0xC2, 0x4B, 0x6C, 0xEA, 0xC0, 0xF1, 0x54, 0xC4, 0x00, 0x6A, 0x33,
    0xB3, 0x01, 0x68, 0x40, 0xC3, 0x0B, 0xE8, 0x32, 0xB3, 0x00, 0xDB, 0x32, 0xB3, 0x40, 0xC3, 0x32,
    0xB3, 0x51, 0xA3, 0x02, 0x6C, 0x8B, 0xEC, 0x8C, 0xEA, 0x51, 0xC3, 0x30, 0xB2, 0x40, 0xEA, 0x00,
    0x65, 0x2F, 0xB2, 0x40, 0xEA, 0x00, 0x65, 0x2F, 0xB3, 0xFF, 0xF7, 0x1F, 0x6C, 0x10, 0xF0, 0x00,
    0x6D, 0x40, 0xAB, 0xAB, 0xED, 0x48, 0xF0, 0x00, 0x69, 0x8C, 0xEA, 0xAD, 0xEA, 0x8C, 0xEA, 0x40,
    0xCB, 0x29, 0xB2, 0x40, 0xEA, 0x00, 0x65, 0x29, 0xB2, 0x60, 0x9A, 0xB1, 0x67, 0xCA, 0x6C, 0x40,
    0xEB, 0x04, 0xD2, 0x04, 0x92, 0xB1, 0x67, 0x40, 0x9A, 0x40, 0xEA, 0xCC, 0x6C, 0x24, 0xB2, 0x20,
    0xCA, 0x24, 0xB1, 0x40, 0x99, 0x01, 0x4A, 0x03, 0x22, 0x23, 0xB2, 0x40, 0xEA, 0x91, 0x67, 0x00,
    0xD9, 0x22, 0xB2, 0x00, 0x69, 0x20, 0xC2, 0x22, 0xB2, 0x00, 0xC2, 0xFF, 0x6E, 0x21, 0xB2, 0x20,
    0xC2, 0x03, 0x4E, 0x21, 0xB4, 0x21, 0xB2, 0x40, 0xEA, 0x00, 0x6D, 0x21, 0xB2, 0x20, 0xC2, 0x21,
    0xB2, 0x20, 0xC2, 0x21, 0xB2, 0xFB, 0x6B, 0x09, 0x97, 0x80, 0xAA, 0x08, 0x91, 0x07, 0x90, 0x8C,
    0xEB, 0x60, 0xCA, 0x1E, 0xB3, 0x64, 0x6C, 0x80, 0xCB, 0x80, 0xAA, 0xF7, 0x6B, 0x8C, 0xEB, 0x60,
    0xCA, 0x40, 0xAA, 0x00, 0xEF, 0x05, 0x63, 0x00, 0x65, 0x04, 0x3C, 0x12, 0x80, 0x52, 0x54, 0x5F,
    0x42, 0xB0, 0x55, 0x12, 0x80, 0xA8, 0x00, 0x12, 0x80, 0x88, 0xF9, 0x12, 0x80, 0x84, 0xF9, 0x12,
    0x80, 0x92, 0xF9, 0x12, 0x80, 0x94, 0x59, 0x12, 0x80, 0x31, 0x8F, 0x11, 0x80, 0x35, 0xAA, 0x11,
    0x80, 0x36, 0x11, 0x00, 0xB6, 0x15, 0x68, 0x11, 0x80, 0xE8, 0x04, 0x12, 0x80, 0x10, 0x11, 0x00,
    0xB6, 0x44, 0xF9, 0x12, 0x80, 0x51, 0x9F, 0x00, 0x80, 0x41, 0xF9, 0x12, 0x80, 0x40, 0xF9, 0x12,
    0x80, 0x36, 0xF9, 0x12, 0x80, 0x34, 0xF8, 0x12, 0x80, 0x8D, 0xEF, 0x00, 0x80, 0x32, 0xF8, 0x12,
    0x80, 0x31, 0xF8, 0x12, 0x80, 0x58, 0x12, 0x00, 0xB6, 0x76, 0x11, 0x00, 0xB6, 0x1C, 0xB3, 0x1D,
    0xB2, 0x63, 0xEA, 0x31, 0x61, 0xFB, 0x63, 0x09, 0x62, 0x08, 0xD1, 0x07, 0xD0, 0x1A, 0xB3, 0x1B,
    0xB2, 0x80, 0x9B, 0x8E, 0xEA, 0x04, 0x2A, 0x02, 0xAB, 0x19, 0xB1, 0x1A, 0xB5, 0x05, 0x28, 0x09,
    0x97, 0x08, 0x91, 0x07, 0x90, 0x00, 0xEF, 0x05, 0x63, 0x42, 0x45, 0x43, 0xE9, 0xF8, 0x61, 0xC2,
    0xA5, 0xFF, 0xF7, 0x1F, 0x6A, 0x83, 0x46, 0x83, 0xE8, 0xF2, 0x61, 0x8D, 0xE5, 0x63, 0xE9, 0x04,
    0xD3, 0xEE, 0x61, 0x83, 0xE0, 0x81, 0xA5, 0xE0, 0xA5, 0x4C, 0xE8, 0x80, 0x34, 0xED, 0xEC, 0x4C,
    0xEC, 0x20, 0xF4, 0x01, 0x5C, 0xE4, 0x60, 0x0C, 0xB2, 0x91, 0xE2, 0x0C, 0xB2, 0x40, 0xEA, 0x03,
    0x4D, 0x04, 0x93, 0xA3, 0x67, 0xDB, 0x17, 0x20, 0xE8, 0x00, 0x65, 0x00, 0x65, 0x68, 0xCF, 0x11,
    0x80, 0xF0, 0xFB, 0x11, 0x80, 0x6C, 0xCF, 0x11, 0x80, 0x55, 0xAB, 0x23, 0x87, 0xFF, 0xFB, 0x11,
    0x80, 0x72, 0xCF, 0x11, 0x80, 0xA8, 0x00, 0x12, 0x80, 0x5D, 0xEE, 0x00, 0x80, 0x11, 0xB2, 0x60,
    0xF1, 0x4E, 0xA2, 0x1B, 0x22, 0xFD, 0x63, 0x05, 0x62, 0x0F, 0xB2, 0x10, 0xB4, 0x90, 0xA4, 0x40,
    0xAA, 0xFF, 0xF7, 0x1F, 0x6B, 0x40, 0xF2, 0x01, 0x6D, 0x6C, 0xEA, 0xAB, 0xED, 0x4C, 0xED, 0x09,
    0x24, 0x0B, 0xB2, 0x40, 0x9A, 0xFF, 0x6C, 0x6C, 0xED, 0x40, 0xEA, 0x1D, 0x4C, 0x05, 0x97, 0x00,
    0xEF, 0x03, 0x63, 0x40, 0xF2, 0x00, 0x6A, 0x4D, 0xED, 0xF3, 0x17, 0x20, 0xE8, 0x00, 0x65, 0x00,
    0x65, 0xB0, 0x55, 0x12, 0x80, 0x1C, 0x01, 0x00, 0xB6, 0x00, 0xDE, 0x12, 0x80, 0xE8, 0x04, 0x12,
    0x80, 0x20, 0xE8, 0x00, 0x6A, 0x44, 0xAC, 0x67, 0x72, 0x1D, 0x61, 0xFD, 0x63, 0x05, 0x62, 0x04,
    0xD0, 0x0E, 0xB3, 0x40, 0xA3, 0xFF, 0x6C, 0x01, 0x4A, 0x8C, 0xEA, 0x64, 0x72, 0x98, 0x67, 0x10,
    0x24, 0x40, 0xC3, 0x0B, 0xB0, 0x40, 0xA8, 0xE0, 0xF3, 0x09, 0x5A, 0x01, 0x4A, 0x04, 0x61, 0x09,
    0xB2, 0x40, 0xEA, 0x00, 0x65, 0x00, 0x6A, 0x40, 0xC8, 0x05, 0x97, 0x04, 0x90, 0x00, 0xEF, 0x03,
    0x63, 0x80, 0xC3, 0xEF, 0x17, 0x20, 0xE8, 0x00, 0x65, 0x80, 0xF9, 0x12, 0x80, 0x4C, 0xF9, 0x12,
    0x80, 0x91, 0xBC, 0x11, 0x80, 0xFD, 0x63, 0x05, 0x62, 0x04, 0xD0, 0x06, 0xB2, 0x40, 0xEA, 0x04,
    0x67, 0x05, 0xB2, 0x40, 0xEA, 0x90, 0x67, 0x05, 0x97, 0x04, 0x90, 0x00, 0xEF, 0x03, 0x63, 0x00,
    0x65, 0x41, 0x3C, 0x01, 0x80, 0x35, 0x6E, 0x11, 0x80, 0x42, 0xA4, 0x07, 0x72, 0x12, 0x6A, 0x13,
    0x61, 0x49, 0xA4, 0x02, 0x5A, 0x12, 0x6A, 0x0F, 0x60, 0x68, 0xA4, 0x04, 0x5B, 0x0C, 0x60, 0x43,
    0xA4, 0x03, 0x5A, 0x05, 0x61, 0x03, 0x72, 0x00, 0x6A, 0x06, 0x60, 0x20, 0xE8, 0x12, 0x6A, 0x01,
    0x73, 0x12, 0x6A, 0x01, 0x61, 0x00, 0x6A, 0x20, 0xE8, 0x00, 0x65, 0x00, 0x65, 0xFB, 0x63, 0x09,
    0x62, 0x08, 0xD1, 0x07, 0xD0, 0x14, 0x6A, 0x5B, 0xEC, 0x01, 0x2A, 0xE5, 0xE8, 0x39, 0xB1, 0x0B,
    0xD5, 0x01, 0x6E, 0x44, 0x6D, 0x38, 0xB0, 0x12, 0xEB, 0x68, 0x32, 0x69, 0xE2, 0x40, 0xF5, 0x40,
    0x32, 0x04, 0xF7, 0x10, 0x6B, 0x05, 0x4A, 0x7B, 0xEA, 0x01, 0x2B, 0xE5, 0xE8, 0x12, 0xEA, 0x04,
    0xD2, 0x04, 0x02, 0xE0, 0xAA, 0x40, 0x99, 0x40, 0xEA, 0x02, 0x6C, 0x40, 0x98, 0x01, 0x6E, 0x45,
    0x6D, 0x40, 0xEA, 0x02, 0x6C, 0x04, 0x93, 0x0F, 0x6C, 0x01, 0x6E, 0x62, 0x37, 0xE2, 0x37, 0x8C,
    0xEF, 0x10, 0x6C, 0x8B, 0xEC, 0x8C, 0xEA, 0x60, 0x99, 0x4D, 0xEF, 0xFF, 0xF7, 0x1F, 0x6A, 0x4C,
    0xEF, 0x45, 0x6D, 0x40, 0xEB, 0x02, 0x6C, 0x60, 0x98, 0x01, 0x6E, 0x71, 0x6D, 0x40, 0xEB, 0x06,
    0x6C, 0x02, 0x6F, 0x60, 0x99, 0xEB, 0xEF, 0xEC, 0xEA, 0xFF, 0xF7, 0x1F, 0x6F, 0x4C, 0xEF, 0x01,
    0x6E, 0x71, 0x6D, 0x06, 0x6C, 0x40, 0xEB, 0x04, 0xD2, 0x04, 0x92, 0x60, 0x99, 0x01, 0x6F, 0x4D,
    0xEF, 0xFF, 0xF7, 0x1F, 0x6A, 0x4C, 0xEF, 0x01, 0x6E, 0x71, 0x6D, 0x40, 0xEB, 0x06, 0x6C, 0x96,
    0x69, 0x40, 0x98, 0x01, 0x6E, 0x7A, 0x6D, 0x40, 0xEA, 0x06, 0x6C, 0x01, 0x6B, 0x6C, 0xEA, 0x08,
    0x2A, 0x12, 0xB2, 0x40, 0xEA, 0x01, 0x6C, 0xFF, 0x49, 0xFF, 0xF7, 0x1F, 0x6A, 0x4C, 0xE9, 0xF0,
    0x29, 0x40, 0x98, 0x01, 0x6E, 0x7A, 0x6D, 0x40, 0xEA, 0x06, 0x6C, 0x22, 0x67, 0x40, 0x98, 0x01,
    0x6E, 0x7B, 0x6D, 0x40, 0xEA, 0x06, 0x6C, 0x0A, 0xB3, 0x20, 0x31, 0x20, 0x31, 0x6C, 0xE9, 0x0B,
    0x93, 0x2D, 0xEA, 0x01, 0x23, 0x40, 0xDB, 0x09, 0x97, 0x08, 0x91, 0x07, 0x90, 0x00, 0xEF, 0x05,
    0x63, 0x10, 0x07, 0x12, 0x80, 0x0C, 0x07, 0x12, 0x80, 0x09, 0x9B, 0x00, 0x80, 0x00, 0x00, 0x3E,
    0x00, 0xFB, 0x63, 0x09, 0x62, 0x08, 0xD1, 0x07, 0xD0, 0x1E, 0xB3, 0x40, 0x9B, 0x0A, 0xD4, 0x0B,
    0xD5, 0x01, 0x6E, 0x5A, 0x6D, 0x00, 0x6C, 0x40, 0xEA, 0x04, 0xD3, 0x00, 0xF3, 0x01, 0x6F, 0x1A,
    0xB1, 0xEB, 0xEF, 0x4C, 0xEF, 0x40, 0x99, 0xFF, 0xF7, 0x1F, 0x68, 0x0C, 0xEF, 0x01, 0x6E, 0x5A,
    0x6D, 0x40, 0xEA, 0x00, 0x6C, 0x15, 0xB2, 0x40, 0x9A, 0x40, 0xEA, 0x00, 0x65, 0x0A, 0x97, 0x40,
    0x99, 0x01, 0x6E, 0x0C, 0xEF, 0x44, 0x6D, 0x40, 0xEA, 0x02, 0x6C, 0x0B, 0x97, 0x40, 0x99, 0x01,
    0x6E, 0x0C, 0xEF, 0x45, 0x6D, 0x40, 0xEA, 0x02, 0x6C, 0x04, 0x93, 0x01, 0x6E, 0x71, 0x6D, 0x40,
    0x9B, 0x40, 0xEA, 0x06, 0x6C, 0x02, 0x6F, 0xEB, 0xEF, 0x4C, 0xEF, 0x40, 0x99, 0x0C, 0xEF, 0x01,
    0x6E, 0x71, 0x6D, 0x40, 0xEA, 0x06, 0x6C, 0x09, 0x97, 0x08, 0x91, 0x07, 0x90, 0x00, 0xEF, 0x05,
    0x63, 0x0C, 0x07, 0x12, 0x80, 0x10, 0x07, 0x12, 0x80, 0x74, 0x06, 0x12, 0x80, 0x00, 0x6A, 0x01,
    0x6B, 0x83, 0xEB, 0x05, 0x61, 0x8E, 0xEB, 0x01, 0x23, 0xFF, 0x4A, 0x20, 0xE8, 0x00, 0x65, 0xB8,
    0xEB, 0x01, 0x4A, 0x12, 0xEB, 0xF5, 0x17, 0x00, 0x65, 0xFA, 0x63, 0x0B, 0x62, 0x0A, 0xD1, 0x09,
    0xD0, 0x0E, 0xD6, 0x42, 0xB6, 0x40, 0x9E, 0x0F, 0xD7, 0x0D, 0xD5, 0x04, 0x67, 0x00, 0x6C, 0x40,
    0xEA, 0x06, 0xD6, 0x9D, 0x67, 0x48, 0xCC, 0x42, 0x33, 0x0F, 0x6A, 0x4C, 0xEB, 0x30, 0x6A, 0x4D,
    0xEB, 0x71, 0xC4, 0x3B, 0xB1, 0xA8, 0xAC, 0x40, 0x99, 0x40, 0xEA, 0x00, 0x6C, 0x06, 0x96, 0x40,
    0x9E, 0x40, 0xEA, 0x3F, 0x6C, 0x7D, 0x67, 0x48, 0xCB, 0x80, 0x6A, 0x4B, 0xEA, 0x4D, 0xE8, 0x10,
    0xC3, 0xA8, 0xAB, 0x40, 0x99, 0x33, 0xB0, 0x40, 0xEA, 0x3F, 0x6C, 0x40, 0x99, 0x0D, 0x95, 0xFF,
    0xF7, 0x1F, 0x69, 0x40, 0xEA, 0x01, 0x6C, 0x40, 0x98, 0x01, 0x6E, 0x5A, 0x6D, 0x40, 0xEA, 0x00,
    0x6C, 0x2D, 0xB3, 0x00, 0xF3, 0x00, 0x6F, 0x4D, 0xEF, 0x40, 0x9B, 0x2C, 0xEF, 0x01, 0x6E, 0x5A,
    0x6D, 0x00, 0x6C, 0x40, 0xEA, 0x06, 0xD3, 0x29, 0xB2, 0x40, 0x9A, 0x40, 0xEA, 0x00, 0x65, 0x40,
    0x98, 0x01, 0x6E, 0x71, 0x6D, 0x40, 0xEA, 0x06, 0x6C, 0x0E, 0x94, 0xC2, 0x67, 0x02, 0x6D, 0x24,
    0xB2, 0x40, 0xEA, 0x3A, 0x65, 0xF9, 0x4A, 0xFF, 0x6C, 0x8C, 0xEA, 0x0F, 0x6C, 0x07, 0x6F, 0x8B,
    0xEC, 0xEC, 0xEA, 0x8C, 0xEE, 0x0F, 0x94, 0x44, 0x32, 0x4D, 0xEE, 0x59, 0x67, 0x40, 0xEA, 0x02,
    0x6D, 0x0F, 0x6C, 0x8C, 0xEA, 0xF1, 0x6C, 0x8B, 0xEC, 0x50, 0x32, 0x8C, 0xEE, 0x4D, 0xEE, 0x02,
    0x02, 0x20, 0xF0, 0x58, 0xA2, 0x06, 0x93, 0x71, 0x6D, 0xEC, 0xEA, 0x00, 0xF7, 0x01, 0x6F, 0xEB,
    0xEF, 0x40, 0x32, 0xCC, 0xEF, 0x4D, 0xEF, 0x40, 0x9B, 0x2C, 0xEF, 0x01, 0x6E, 0x40, 0xEA, 0x06,
    0x6C, 0x40, 0x98, 0x01, 0x6E, 0x44, 0x6D, 0x40, 0xEA, 0x02, 0x6C, 0x11, 0x93, 0x01, 0x6E, 0x45,
    0x6D, 0x40, 0xDB, 0x40, 0x98, 0x40, 0xEA, 0x02, 0x6C, 0x12, 0x93, 0x0B, 0x97, 0x0A, 0x91, 0x09,
    0x90, 0x40, 0xDB, 0x00, 0xEF, 0x06, 0x63, 0x00, 0x65, 0x04, 0x07, 0x12, 0x80, 0x08, 0x07, 0x12,
    0x80, 0x0C, 0x07, 0x12, 0x80, 0x10, 0x07, 0x12, 0x80, 0x68, 0x06, 0x12, 0x80, 0x6D, 0x70, 0x11,
    0x80, 0xF9, 0x63, 0x0D, 0x62, 0x0C, 0xD1, 0x0B, 0xD0, 0x08, 0x02, 0x06, 0xD2, 0x09, 0x02, 0x05,
    0xD2, 0x00, 0x6A, 0x04, 0xD2, 0x40, 0xF2, 0x16, 0x6E, 0x1E, 0xF7, 0x10, 0x6D, 0x0E, 0xB2, 0x40,
    0xEA, 0x20, 0x6F, 0x00, 0x69, 0xA0, 0xF4, 0x10, 0x68, 0x00, 0x6D, 0x0C, 0xB2, 0x40, 0xEA, 0x90,
    0x67, 0x43, 0xE9, 0x01, 0x60, 0x22, 0x67, 0x21, 0x48, 0x40, 0xF6, 0x01, 0x58, 0xF5, 0x61, 0x08,
    0x95, 0x07, 0xB2, 0x40, 0xEA, 0x09, 0x94, 0x51, 0x67, 0x0D, 0x97, 0x0C, 0x91, 0x0B, 0x90, 0x00,
    0xEF, 0x07, 0x63, 0x00, 0x65, 0x89, 0x70, 0x11, 0x80, 0xDD, 0x6E, 0x11, 0x80, 0xE1, 0x6F, 0x11,
    0x80, 0xF7, 0x63, 0x11, 0x62, 0x10, 0xD1, 0x0F, 0xD0, 0x62, 0xF0, 0x10, 0x6C, 0x35, 0xB1, 0x40,
    0xE9, 0x02, 0x6D, 0x02, 0x6D, 0x62, 0xF0, 0x10, 0x6C, 0x40, 0xE9, 0x02, 0x67, 0x00, 0x6B, 0x07,
    0x6A, 0x6C, 0xEA, 0x0D, 0xD3, 0x30, 0xB3, 0x40, 0xF4, 0x40, 0x32, 0x02, 0x6E, 0x6C, 0xE8, 0x4D,
    0xE8, 0xB0, 0x67, 0x62, 0xF0, 0x10, 0x6C, 0x2D, 0xB2, 0x40, 0xEA, 0x0B, 0xD3, 0x2C, 0xB5, 0x26,
    0x6C, 0x40, 0xED, 0x0A, 0xD5, 0x0A, 0x95, 0x4E, 0x6C, 0x40, 0xED, 0x22, 0x67, 0x0A, 0xD2, 0x09,
    0xD2, 0xA1, 0xF1, 0x10, 0x6A, 0x08, 0xD2, 0xD8, 0x4A, 0x06, 0xD2, 0x26, 0xB2, 0x05, 0xD2, 0x04,
    0x6A, 0x07, 0xD1, 0x04, 0xD2, 0xC4, 0xF3, 0x18, 0x6F, 0x85, 0xF1, 0x11, 0x6E, 0xFA, 0x6D, 0x22,
    0xB2, 0x40, 0xEA, 0x04, 0x6C, 0x0F, 0x59, 0x1F, 0xB2, 0x1C, 0xB7, 0x0C, 0xD2, 0x1E, 0xB1, 0x0D,
    0x93, 0x15, 0x60, 0x0A, 0x92, 0x0F, 0x5A, 0x12, 0x60, 0x1A, 0xB2, 0x05, 0xD2, 0x01, 0x6A, 0x04,
    0xD2, 0x06, 0xD3, 0x26, 0xF2, 0x01, 0x6F, 0x85, 0xF1, 0x16, 0x6E, 0xFA, 0x6D, 0x51, 0x67, 0x40,
    0xEA, 0x01, 0x6C, 0x11, 0x97, 0x10, 0x91, 0x0F, 0x90, 0x00, 0xEF, 0x09, 0x63, 0x41, 0x43, 0xFF,
    0x6B, 0x4C, 0xEB, 0x08, 0x5B, 0xB4, 0x61, 0x0B, 0x92, 0x10, 0xB5, 0x02, 0x6E, 0x4C, 0xE8, 0x62,
    0xF0, 0x10, 0x6C, 0x40, 0xEF, 0x0D, 0xED, 0x0C, 0x92, 0x00, 0x6B, 0x06, 0xD3, 0x05, 0xD2, 0x04,
    0xD3, 0x26, 0xF2, 0x02, 0x6F, 0xA5, 0xF1, 0x00, 0x6E, 0xFA, 0x6D, 0x40, 0xE9, 0x02, 0x6C, 0xE1,
    0x17, 0x45, 0x1C, 0x01, 0x80, 0xFF, 0xFF, 0xF1, 0xFF, 0x3D, 0x1D, 0x01, 0x80, 0xB1, 0x71, 0x11,
    0x80, 0x78, 0xC6, 0x11, 0x80, 0x11, 0x46, 0x08, 0x80, 0x00, 0x00, 0x06, 0x00, 0xFD, 0x63, 0x05,
    0x62, 0x0D, 0xB2, 0x8C, 0xAA, 0x0D, 0xB3, 0x80, 0xCB, 0x8D, 0xAA, 0x81, 0xCB, 0x8E, 0xAA, 0x82,
    0xCB, 0x8F, 0xAA, 0x83, 0xCB, 0x0A, 0xB3, 0x60, 0xF1, 0x8A, 0xA2, 0x66, 0xDA, 0x09, 0xB3, 0x67,
    0xDA, 0x01, 0x6B, 0x60, 0xF1, 0x7C, 0xC2, 0x08, 0xB2, 0x40, 0xEA, 0x00, 0x65, 0x05, 0x97, 0x00,
    0xEF, 0x03, 0x63, 0x00, 0x65, 0xB0, 0x55, 0x12, 0x80, 0x38, 0xF9, 0x12, 0x80, 0x00, 0x02, 0x12,
    0x00, 0x00, 0x04, 0x00, 0x01, 0x1D, 0xDD, 0x03, 0x80, 0xFB, 0x63, 0x09, 0x62, 0x08, 0xD1, 0x07,
    0xD0, 0x06, 0x74, 0x20, 0x61, 0x13, 0xB1, 0x60, 0xA1, 0x13, 0xB5, 0x14, 0xB7, 0x6C, 0x30, 0x61,
    0xE0, 0x0C, 0x30, 0x18, 0x6E, 0x15, 0xE5, 0x12, 0xB4, 0x05, 0xD3, 0x40, 0xEF, 0x04, 0xD7, 0x04,
    0x97, 0x10, 0xB5, 0x30, 0x6E, 0x10, 0xB4, 0x40, 0xEF, 0x15, 0xE5, 0x05, 0x93, 0x41, 0x43, 0x04,
    0x6B, 0x7A, 0xEA, 0x01, 0x2B, 0xE5, 0xE8, 0x10, 0xEA, 0x40, 0xC1, 0x09, 0x97, 0x08, 0x91, 0x07,
    0x90, 0x00, 0xEF, 0x05, 0x63, 0x08, 0x74, 0xF9, 0x61, 0x08, 0xB2, 0x40, 0xEA, 0x00, 0x65, 0xF5,
    0x17, 0x14, 0xF8, 0x12, 0x80, 0x40, 0xCE, 0x11, 0x80, 0x5D, 0xEE, 0x00, 0x80, 0x9C, 0x24, 0x12,
    0x80, 0x58, 0xCE, 0x11, 0x80, 0x3C, 0x24, 0x12, 0x80, 0x41, 0x64, 0x11, 0x80, 0xFB, 0x63, 0x09,
    0x62, 0x08, 0xD1, 0x07, 0xD0, 0x2D, 0xB2, 0x2E, 0xB3, 0x72, 0xDA, 0x2E, 0xB3, 0x6C, 0xDA, 0x2E,
    0xB3, 0x78, 0xDA, 0x2E, 0xB3, 0x60, 0xDA, 0x2E, 0xB4, 0x2E, 0xB3, 0x80, 0xDB, 0x2E, 0xB3, 0x2F,
    0xB4, 0x80, 0xDB, 0x2F, 0xB3, 0x2F, 0xB4, 0x80, 0xDB, 0x2F, 0xB3, 0x30, 0xB4, 0x81, 0xDB, 0x30,
    0xB4, 0x30, 0xB3, 0x80, 0xDB, 0x30, 0xB3, 0x66, 0xDA, 0x30, 0xB2, 0x40, 0xEA, 0x00, 0x65, 0x30,
    0xB2, 0x40, 0xEA, 0x00, 0x65, 0x2F, 0xB2, 0x40, 0xEA, 0x00, 0x65, 0x2F, 0xB2, 0x48, 0xF0, 0x00,
    0x6B, 0x2E, 0xB0, 0x60, 0xCA, 0x02, 0x6E, 0x01, 0x6D, 0x40, 0xE8, 0x40, 0x6C, 0x2C, 0xB3, 0x01,
    0x6D, 0x6B, 0x6C, 0x40, 0xEB, 0x04, 0xD3, 0xE3, 0xF7, 0x1F, 0x6E, 0x4C, 0xEE, 0x0C, 0xF0, 0x00,
    0x6A, 0x4B, 0xEA, 0x4D, 0xEE, 0xFF, 0xF7, 0x1F, 0x69, 0x2C, 0xEE, 0x01, 0x6D, 0x40, 0xE8, 0x6B,
    0x6C, 0x04, 0x93, 0x01, 0x6D, 0x40, 0xEB, 0x6C, 0x6C, 0x08, 0x6E, 0xCB, 0xEE, 0x4C, 0xEE, 0x05,
    0x6A, 0x4D, 0xEE, 0x2C, 0xEE, 0x01, 0x6D, 0x40, 0xE8, 0x6C, 0x6C, 0x00, 0x6E, 0x01, 0x6D, 0x40,
    0xE8, 0x40, 0x6C, 0x1C, 0xB2, 0x40, 0xEA, 0x06, 0x6C, 0x1B, 0xB2, 0x40, 0xEA, 0x00, 0x65, 0x09,
    0x97, 0x08, 0x91, 0x07, 0x90, 0x00, 0xEF, 0x05, 0x63, 0x1C, 0xD5, 0x12, 0x80, 0x51, 0x79, 0x11,
    0x80, 0x95, 0x4E, 0x11, 0x80, 0xB1, 0x44, 0x11, 0x80, 0x85, 0x6E, 0x11, 0x80, 0xB1, 0x40, 0x11,
    0x80, 0x60, 0x13, 0x12, 0x80, 0x64, 0x13, 0x12, 0x80, 0x55, 0x42, 0x11, 0x80, 0x58, 0x13, 0x12,
    0x80, 0xED, 0x43, 0x11, 0x80, 0xBC, 0x1D, 0x12, 0x80, 0x89, 0x43, 0x11, 0x80, 0x6D, 0x44, 0x11,
    0x80, 0x3C, 0x17, 0x12, 0x80, 0xAD, 0x6A, 0x11, 0x80, 0x51, 0x8A, 0x11, 0x80, 0xC1, 0x66, 0x11,
    0x80, 0x11, 0x72, 0x11, 0x80, 0x10, 0x11, 0x00, 0xB6, 0x2D, 0xCC, 0x03, 0x80, 0x89, 0xCA, 0x03,
    0x80, 0x59, 0x73, 0x11, 0x80, 0x41, 0x64, 0x11, 0x80, 0xFB, 0x63, 0x09, 0x62, 0x08, 0xD1, 0x07,
    0xD0, 0x17, 0xB0, 0x20, 0xA0, 0x01, 0x6A, 0x04, 0xD0, 0x4E, 0xE9, 0x16, 0xB0, 0x23, 0x29, 0x16,
    0xB4, 0x16, 0xB2, 0x40, 0xEA, 0x00, 0x65, 0x14, 0xB4, 0xA7, 0xA4, 0x15, 0xB4, 0xA0, 0xC4, 0x15,
    0x2A, 0x14, 0xB2, 0x03, 0x6C, 0x81, 0xDA, 0x01, 0x6A, 0x13, 0xB4, 0x40, 0xC4, 0x40, 0xC0, 0xFF,
    0x6E, 0x03, 0x4E, 0x0D, 0xB4, 0x11, 0xB2, 0x40, 0xEA, 0x00, 0x6D, 0x04, 0x93, 0x00, 0x6A, 0x40,
    0xC3, 0x09, 0x97, 0x08, 0x91, 0x07, 0x90, 0x00, 0xEF, 0x05, 0x63, 0x0D, 0xB2, 0x40, 0xEA, 0x0C,
    0x6C, 0x20, 0xC0, 0xED, 0x17, 0x00, 0x6A, 0x40, 0xC0, 0xF3, 0x17, 0x00, 0x65, 0x32, 0xF8, 0x12,
    0x80, 0x36, 0xF9, 0x12, 0x80, 0x34, 0xF8, 0x12, 0x80, 0xF9, 0x82, 0x03, 0x80, 0x3A, 0x5F, 0x12,
    0x80, 0xB0, 0x55, 0x12, 0x80, 0x1C, 0x11, 0x12, 0x80, 0x8D, 0xEF, 0x00, 0x80, 0xA9, 0xD4, 0x01,
    0x80, 0x08, 0xB2, 0x40, 0xA2, 0x01, 0x72, 0x08, 0x61, 0xFD, 0x63, 0x05, 0x62, 0x06, 0xB2, 0x40,
    0xEA, 0x00, 0x65, 0x05, 0x97, 0x00, 0xEF, 0x03, 0x63, 0x04, 0xB2, 0x00, 0x6B, 0x20, 0xE8, 0x60,
    0xC2, 0x31, 0xF8, 0x12, 0x80, 0xA1, 0x64, 0x11, 0x80, 0x36, 0xF9, 0x12, 0x80, 0xFC, 0x63, 0x07,
    0x62, 0x06, 0xD1, 0x05, 0xD0, 0x40, 0xAC, 0x0C, 0x90, 0x01, 0xF4, 0x03, 0x72, 0x38, 0x67, 0x1F,
    0x21, 0x01, 0xF4, 0x04, 0x5A, 0x0F, 0x60, 0x00, 0xF4, 0x04, 0x72, 0x67, 0x60, 0x00, 0xF4, 0x08,
    0x72, 0x6C, 0x60, 0x00, 0xF4, 0x02, 0x72, 0x61, 0x60, 0x00, 0x6A, 0x07, 0x97, 0x06, 0x91, 0x05,
    0x90, 0x00, 0xEF, 0x04, 0x63, 0x02, 0xF0, 0x02, 0x72, 0x2A, 0x60, 0x02, 0xF0, 0x0E, 0x72, 0xF4,
    0x61, 0x52, 0x2D, 0x0D, 0x92, 0x05, 0x6B, 0xA4, 0xC0, 0x05, 0x6E, 0x60, 0xC2, 0x48, 0x10, 0x2F,
    0xB2, 0x40, 0xEA, 0x00, 0x65, 0x2E, 0xB3, 0xFF, 0xF7, 0x1F, 0x6C, 0xC1, 0xF7, 0x01, 0x6D, 0x40,
    0xAB, 0xAB, 0xED, 0x8C, 0xEA, 0xAC, 0xEA, 0x00, 0xF2, 0x00, 0x6D, 0xAD, 0xEA, 0x8C, 0xEA, 0x40,
    0xCB, 0x28, 0xB2, 0x11, 0x6B, 0x20, 0xC2, 0x6B, 0xEB, 0x27, 0xB2, 0x60, 0xC2, 0x30, 0x6B, 0x27,
    0xB2, 0x6B, 0xEB, 0x60, 0xC2, 0x2F, 0x6B, 0x26, 0xB2, 0x6B, 0xEB, 0x60, 0xC2, 0xCD, 0x17, 0x25,
    0xB2, 0x40, 0xEA, 0x84, 0x40, 0x20, 0xF0, 0x44, 0xA0, 0x09, 0x6B, 0x6B, 0xEB, 0x6C, 0xEA, 0x20,
    0xF0, 0x44, 0xC0, 0x20, 0xF0, 0x46, 0xA0, 0x02, 0x4B, 0x01, 0x6C, 0x4C, 0xEB, 0x20, 0xF0, 0x66,
    0xC0, 0x1D, 0xB3, 0xC0, 0xF0, 0x78, 0xA3, 0x8C, 0xEB, 0x11, 0x2B, 0x01, 0x6B, 0x6C, 0xEA, 0x20,
    0xF0, 0x46, 0xC0, 0x20, 0xF0, 0x47, 0xA0, 0x08, 0x6B, 0x6B, 0xEB, 0x6C, 0xEA, 0x20, 0xF0, 0x47,
    0xC0, 0x20, 0xF0, 0x4B, 0xA0, 0x03, 0x4B, 0x6C, 0xEA, 0x20, 0xF0, 0x4B, 0xC0, 0x44, 0x6E, 0xB0,
    0x67, 0x12, 0xB2, 0x40, 0xEA, 0x0E, 0x6C, 0x01, 0x6A, 0xA0, 0x17, 0x9E, 0x2D, 0x10, 0xB2, 0x40,
    0xA2, 0x9B, 0x22, 0x10, 0xB2, 0x40, 0xEA, 0x00, 0x65, 0x97, 0x17, 0x96, 0x2D, 0x0C, 0xB2, 0x40,
    0xA2, 0x93, 0x22, 0x0D, 0xB2, 0xF7, 0x17, 0x00, 0x65, 0xC5, 0x6B, 0x11, 0x80, 0x28, 0x12, 0x00,
    0xB6, 0x1D, 0xF8, 0x12, 0x80, 0x0B, 0xF8, 0x12, 0x80, 0x06, 0xF8, 0x12, 0x80, 0x0A, 0xF8, 0x12,
    0x80, 0x9D, 0xC5, 0x01, 0x80, 0xA8, 0x00, 0x12, 0x80, 0x19, 0xCB, 0x01, 0x80, 0x36, 0xF9, 0x12,
    0x80, 0x71, 0x75, 0x11, 0x80, 0xE9, 0x74, 0x11, 0x80, 0xEF, 0x63, 0x21, 0x62, 0x20, 0xD1, 0x1F,
    0xD0, 0xA0, 0xF2, 0x1C, 0x6A, 0x58, 0xED, 0x88, 0xB1, 0x23, 0xD5, 0x04, 0x67, 0x1B, 0xD1, 0x12,
    0xEA, 0x49, 0xE1, 0xC0, 0xF0, 0x6C, 0xA2, 0xC0, 0xF0, 0xD0, 0xA2, 0x18, 0xD3, 0xE0, 0xF0, 0x19,
    0x2E, 0x82, 0xB3, 0x84, 0xA3, 0x08, 0x6F, 0xFF, 0x6D, 0xEC, 0xEC, 0xAC, 0xEC, 0xE0, 0xF0, 0x11,
    0x24, 0xE0, 0xF0, 0x68, 0xA2, 0xEC, 0xEB, 0xAC, 0xEB, 0xE0, 0xF0, 0x0B, 0x23, 0x86, 0xA0, 0x67,
    0xA0, 0xA5, 0xA0, 0x80, 0x34, 0x28, 0xA0, 0x60, 0x33, 0x8D, 0xED, 0x60, 0x33, 0xAD, 0xEB, 0x18,
    0x95, 0x00, 0xF6, 0x20, 0x31, 0x6D, 0xE9, 0x16, 0x04, 0x75, 0xB3, 0x1C, 0xD6, 0x40, 0xEB, 0x1A,
    0xD2, 0x49, 0xA0, 0x1C, 0x96, 0x01, 0x72, 0x19, 0xD2, 0x1A, 0x92, 0x67, 0x61, 0x53, 0xA0, 0x7F,
    0x6B, 0x6C, 0xEA, 0x70, 0xB3, 0x53, 0xC0, 0x80, 0x9B, 0x02, 0x6A, 0x4B, 0xEA, 0x4C, 0xE9, 0x6E,
    0xB2, 0x40, 0xEA, 0x1A, 0xD3, 0x1A, 0x93, 0x05, 0x2A, 0x6C, 0xB2, 0xA0, 0x9A, 0x6C, 0xB2, 0x40,
    0xEA, 0x80, 0x9B, 0x23, 0x93, 0xA0, 0xF2, 0x1C, 0x6A, 0xA7, 0x40, 0x58, 0xEB, 0x0A, 0x6E, 0x12,
    0xEA, 0x1A, 0xD2, 0x1B, 0x92, 0x12, 0xEB, 0x6D, 0xE2, 0x19, 0x92, 0x1D, 0xD3, 0x00, 0xF2, 0x59,
    0xC3, 0x1B, 0x93, 0x12, 0xEA, 0x20, 0xF2, 0x04, 0x4A, 0x49, 0xE3, 0x82, 0x67, 0x1B, 0xD2, 0x61,
    0xB2, 0x40, 0xEA, 0x03, 0x4D, 0x16, 0x94, 0x24, 0x32, 0xA2, 0x67, 0x1C, 0xD2, 0x5E, 0xB2, 0x40,
    0xEA, 0x00, 0x65, 0x1C, 0x93, 0x02, 0x72, 0x98, 0x67, 0x3B, 0x65, 0x5C, 0xB1, 0x1D, 0x93, 0x34,
    0x2C, 0x06, 0xD4, 0x04, 0xD4, 0xFA, 0x6D, 0x05, 0xD1, 0x82, 0x6F, 0x48, 0xF6, 0x18, 0x6E, 0x58,
    0xB0, 0x40, 0xE8, 0x18, 0xD3, 0x19, 0x92, 0x18, 0x93, 0x01, 0x72, 0xC0, 0xF0, 0xAC, 0xA3, 0xC0,
    0xF0, 0x97, 0xA3, 0x1E, 0x61, 0x53, 0xB2, 0x40, 0xEA, 0x1B, 0x96, 0x18, 0x93, 0x60, 0xF6, 0x16,
    0x6F, 0x68, 0xF6, 0x01, 0x6E, 0xC0, 0xF0, 0x4C, 0xA3, 0xFA, 0x6D, 0x06, 0x6C, 0x08, 0xD2, 0xC0,
    0xF0, 0x57, 0xA3, 0x05, 0xD1, 0x07, 0xD2, 0x23, 0x92, 0x06, 0xD2, 0x03, 0x6A, 0x40, 0xE8, 0x04,
    0xD2, 0x21, 0x97, 0x20, 0x91, 0x1F, 0x90, 0x00, 0xEF, 0x11, 0x63, 0x00, 0xF2, 0xD2, 0xC2, 0xA9,
    0x17, 0x45, 0xB2, 0x40, 0xEA, 0x00, 0x65, 0xF4, 0x17, 0x16, 0x95, 0x03, 0x72, 0xF8, 0x67, 0x59,
    0x67, 0xAF, 0xE2, 0x12, 0x2F, 0x99, 0x67, 0x00, 0x6E, 0x40, 0xB2, 0x40, 0xEA, 0x1B, 0xD7, 0x1B,
    0x97, 0x19, 0xD2, 0x05, 0xD1, 0x06, 0xD7, 0x04, 0xD7, 0x68, 0xF6, 0x0F, 0x6E, 0x83, 0x6F, 0xFA,
    0x6D, 0x37, 0xB2, 0x40, 0xEA, 0x00, 0x6C, 0x19, 0x93, 0x66, 0x33, 0x23, 0x94, 0x68, 0x32, 0x6D,
    0xE2, 0x37, 0xB2, 0x40, 0xEA, 0x19, 0xD3, 0x1A, 0x95, 0x23, 0x97, 0x27, 0xB1, 0x00, 0x6A, 0x50,
    0x4D, 0xB5, 0xE1, 0x04, 0xD2, 0x33, 0xB6, 0x34, 0xB2, 0x40, 0xEA, 0x00, 0x6C, 0x23, 0x93, 0xA0,
    0xF2, 0x1C, 0x6A, 0x58, 0xEB, 0x19, 0x93, 0x6E, 0x35, 0x12, 0xEA, 0x45, 0xE1, 0x24, 0xB2, 0x40,
    0xEA, 0x94, 0x99, 0x6B, 0xA0, 0x44, 0xA0, 0x2D, 0xB4, 0x14, 0xD3, 0x6A, 0xA0, 0x01, 0xF4, 0x15,
    0x6F, 0x88, 0xF6, 0x19, 0x6E, 0x13, 0xD3, 0x69, 0xA0, 0xFA, 0x6D, 0x12, 0xD3, 0x68, 0xA0, 0x11,
    0xD3, 0x67, 0xA0, 0x10, 0xD3, 0x66, 0xA0, 0x0F, 0xD3, 0x65, 0xA0, 0x0D, 0xD2, 0x0E, 0xD3, 0x18,
    0x93, 0x71, 0xE4, 0x84, 0xA4, 0x01, 0x6B, 0x6C, 0xEC, 0x0C, 0xD4, 0x4C, 0xEB, 0x8B, 0xA8, 0x0A,
    0xD3, 0x18, 0x93, 0x0B, 0xD4, 0x46, 0x32, 0x09, 0xD3, 0x79, 0xA0, 0x07, 0xD2, 0x16, 0x92, 0x08,
    0xD3, 0x06, 0xD2, 0x12, 0xB2, 0x05, 0xD2, 0x0F, 0x6A, 0x04, 0xD2, 0x11, 0xB2, 0x40, 0xEA, 0x04,
    0x6C, 0x8F, 0x17, 0x44, 0xA0, 0x23, 0x94, 0x01, 0x6E, 0x4C, 0xEE, 0x24, 0x6F, 0x14, 0xB2, 0x40,
    0xEA, 0x3C, 0x6D, 0xC7, 0x17, 0x50, 0x1C, 0x13, 0x80, 0x94, 0x59, 0x12, 0x80, 0x99, 0x5D, 0x03,
    0x80, 0x2C, 0x0D, 0x12, 0x80, 0x8D, 0x9E, 0x00, 0x80, 0x30, 0x0D, 0x12, 0x80, 0xF5, 0x9E, 0x00,
    0x80, 0x5D, 0xEE, 0x00, 0x80, 0x2D, 0x39, 0x04, 0x80, 0x78, 0xC6, 0x11, 0x80, 0x11, 0x46, 0x08,
    0x80, 0xB9, 0x4B, 0x01, 0x80, 0x49, 0x50, 0x01, 0x80, 0xE5, 0xDE, 0x03, 0x80, 0x3D, 0x30, 0x07,
    0x80, 0xA1, 0x30, 0x07, 0x80, 0xA5, 0x9F, 0x00, 0x80, 0xA4, 0x32, 0x12, 0x80, 0x19, 0x19, 0x08,
    0x80, 0xFC, 0x63, 0x07, 0x62, 0x06, 0xD1, 0x05, 0xD0, 0x44, 0xAC, 0x04, 0x67, 0x80, 0xF4, 0x00,
    0x72, 0x17, 0x60, 0x80, 0xF4, 0x09, 0x72, 0xA0, 0xF0, 0x0E, 0x60, 0x79, 0xB2, 0x40, 0xEA, 0x90,
    0x67, 0x78, 0xB2, 0x40, 0xA2, 0x45, 0x22, 0x44, 0xA8, 0x80, 0xF4, 0x09, 0x72, 0x03, 0x60, 0x80,
    0xF4, 0x00, 0x72, 0x3E, 0x61, 0x40, 0x98, 0x8B, 0xAA, 0x73, 0xB2, 0x40, 0xEA, 0x00, 0x65, 0x38,
    0x10, 0xE0, 0x9C, 0xA0, 0xF2, 0x1C, 0x6D, 0x71, 0xB4, 0x2B, 0xAF, 0x44, 0xA7, 0x65, 0xA7, 0xB8,
    0xE9, 0x46, 0x32, 0x2E, 0x72, 0x12, 0xEE, 0x99, 0xE6, 0x3C, 0x60, 0x2F, 0x5A, 0x19, 0x60, 0x13,
    0x72, 0x34, 0x60, 0x18, 0x72, 0x36, 0x60, 0x03, 0x72, 0xD8, 0x61, 0x13, 0x73, 0xD6, 0x61, 0x68,
    0xB2, 0x40, 0xEA, 0x86, 0x67, 0xC0, 0xF0, 0x4F, 0xA6, 0xD0, 0x22, 0xA0, 0xF0, 0x72, 0xA6, 0x05,
    0x6A, 0x4B, 0xEA, 0x6C, 0xEA, 0x0A, 0x72, 0xC9, 0x61, 0x62, 0xB2, 0x40, 0xEA, 0x00, 0x6C, 0xC5,
    0x17, 0x3E, 0x72, 0x13, 0x60, 0x7F, 0x72, 0x46, 0x60, 0x3C, 0x72, 0xBF, 0x61, 0xB1, 0x67, 0x87,
    0x67, 0x5D, 0xB2, 0x40, 0xEA, 0x07, 0x67, 0x5D, 0xB2, 0x80, 0x9A, 0x5D, 0xB2, 0x40, 0xEA, 0xB0,
    0x67, 0x07, 0x97, 0x06, 0x91, 0x05, 0x90, 0x00, 0xEF, 0x04, 0x63, 0x77, 0x9E, 0x43, 0x9B, 0x41,
    0xA2, 0x01, 0x72, 0xAB, 0x61, 0x57, 0xB2, 0x44, 0xDB, 0xA8, 0x17, 0x51, 0xB2, 0x40, 0xEA, 0x86,
    0x67, 0xA4, 0x17, 0xB8, 0xE9, 0x12, 0xEA, 0x49, 0xE4, 0xA0, 0xF0, 0x72, 0xA2, 0x0F, 0x73, 0x9D,
    0x61, 0xC0, 0xF0, 0x70, 0xA2, 0x01, 0x73, 0x99, 0x61, 0x4F, 0xB3, 0x82, 0xA3, 0x4F, 0xB3, 0x8D,
    0xE3, 0x80, 0xF1, 0x67, 0xA3, 0x02, 0x5B, 0x91, 0x61, 0x80, 0xF0, 0x74, 0xAA, 0x25, 0x5B, 0x8D,
    0x61, 0x80, 0xF0, 0x78, 0xAA, 0x08, 0x5B, 0x89, 0x60, 0xC0, 0xF0, 0xAC, 0xA2, 0xC0, 0xF0, 0x97,
    0xA2, 0x47, 0xB2, 0x40, 0xEA, 0x00, 0x65, 0x01, 0x6A, 0x46, 0xB3, 0x44, 0xE9, 0x80, 0xAB, 0x8D,
    0xEA, 0x40, 0xCB, 0x7B, 0x17, 0x1F, 0x73, 0x7F, 0xF7, 0x18, 0x61, 0xA0, 0xF0, 0x52, 0xA6, 0x0F,
    0x72, 0x7F, 0xF7, 0x13, 0x61, 0xC0, 0xF0, 0x50, 0xA6, 0x01, 0x72, 0x7F, 0xF7, 0x0E, 0x61, 0x3A,
    0xB2, 0x62, 0xA2, 0x3A, 0xB2, 0x69, 0xE2, 0x80, 0xF1, 0x47, 0xA2, 0x02, 0x5A, 0x7F, 0xF7, 0x05,
    0x61, 0xC0, 0xF0, 0x97, 0xA6, 0xC0, 0xF0, 0xAC, 0xA6, 0x35, 0xB2, 0x40, 0xEA, 0x00, 0x65, 0x01,
    0x6A, 0x44, 0xE9, 0x34, 0xB4, 0x40, 0x32, 0x60, 0xAC, 0x40, 0x32, 0x43, 0x32, 0x43, 0x32, 0x4D,
    0xEB, 0x60, 0xCC, 0x31, 0xB3, 0xD3, 0x17, 0x80, 0x9C, 0x44, 0xA4, 0x65, 0xA4, 0x8B, 0xAC, 0x46,
    0x32, 0x3C, 0x72, 0xB8, 0x67, 0x2B, 0x25, 0x7F, 0x72, 0x14, 0x60, 0x03, 0x72, 0x5F, 0xF7, 0x05,
    0x61, 0x13, 0x73, 0x5F, 0xF7, 0x02, 0x61, 0xA0, 0xF2, 0x1C, 0x6A, 0x58, 0xEC, 0x1B, 0xB2, 0x12,
    0xEE, 0x59, 0xE6, 0x1B, 0xB2, 0x40, 0xEA, 0x86, 0x67, 0xC0, 0xF0, 0x4F, 0xA6, 0x3F, 0xF7, 0x15,
    0x22, 0x6B, 0x17, 0xA0, 0xF2, 0x1C, 0x6A, 0x58, 0xEC, 0x14, 0xB2, 0x12, 0xED, 0xA9, 0xE2, 0xA0,
    0xF0, 0x52, 0xA2, 0x0F, 0x72, 0x3F, 0xF7, 0x09, 0x61, 0x20, 0x73, 0x3F, 0xF7, 0x06, 0x61, 0x1A,
    0xB3, 0x01, 0x6A, 0x44, 0xEC, 0x80, 0xAB, 0x4F, 0xEA, 0x8C, 0xEA, 0xA2, 0x17, 0x17, 0xB2, 0x40,
    0xF0, 0x62, 0xA2, 0x1F, 0xF7, 0x1A, 0x23, 0x40, 0xF0, 0xA2, 0xC2, 0x01, 0x6B, 0x14, 0xB5, 0x6B,
    0xEB, 0x6E, 0xCA, 0x14, 0xB2, 0x40, 0xEA, 0x27, 0x6C, 0x10, 0x17, 0x00, 0x65, 0xC5, 0x0A, 0x08,
    0x80, 0x88, 0xF9, 0x12, 0x80, 0xFD, 0x69, 0x11, 0x80, 0x50, 0x1C, 0x13, 0x80, 0xD9, 0x69, 0x11,
    0x80, 0x4D, 0x8E, 0x11, 0x80, 0xD9, 0x76, 0x11, 0x80, 0x98, 0x51, 0x12, 0x80, 0x15, 0xA0, 0x00,
    0x80, 0xB9, 0x7E, 0x11, 0x80, 0xA4, 0x32, 0x12, 0x80, 0xB0, 0x55, 0x12, 0x80, 0xA5, 0x82, 0x01,
    0x80, 0x8C, 0xF9, 0x12, 0x80, 0x90, 0xF9, 0x12, 0x80, 0x00, 0xDE, 0x12, 0x80, 0x00, 0x00, 0x20,
    0x00, 0x69, 0xF4, 0x00, 0x80, 0x20, 0xE8, 0x00, 0x6A, 0xFD, 0x63, 0x05, 0x62, 0x04, 0xD0, 0x06,
    0xB2, 0x40, 0xEA, 0x04, 0x67, 0x05, 0xB2, 0x40, 0xEA, 0x90, 0x67, 0x05, 0x97, 0x04, 0x90, 0x00,
    0xEF, 0x03, 0x63, 0x00, 0x65, 0x21, 0xC6, 0x11, 0x80, 0xB5, 0x59, 0x00, 0x80, 0x63, 0xA4, 0x4F,
    0x43, 0x10, 0x5A, 0x11, 0x6A, 0x03, 0x60, 0x03, 0xB2, 0x63, 0xC2, 0x00, 0x6A, 0x20, 0xE8, 0x00,
    0x65, 0x68, 0x21, 0x12, 0x80, 0xF0, 0x4C, 0x0B, 0x5C, 0x08, 0xB4, 0x06, 0x61, 0x20, 0xF1, 0x7B,
    0xA4, 0x02, 0x6A, 0x4C, 0xEB, 0x05, 0x6A, 0x06, 0x2B, 0x20, 0xF1, 0x50, 0x84, 0x00, 0x52, 0x00,
    0x6A, 0x01, 0x60, 0x04, 0x6A, 0x20, 0xE8, 0x00, 0x65, 0xB0, 0x55, 0x12, 0x80, 0xF5, 0x63, 0x15,
    0x62, 0x14, 0xD1, 0x13, 0xD0, 0x3E, 0xB0, 0x24, 0x67, 0x81, 0x98, 0x3E, 0xB2, 0x40, 0xEA, 0x0E,
    0x05, 0x10, 0xD0, 0x0E, 0x22, 0x00, 0x6A, 0x3C, 0xB3, 0x06, 0xD2, 0x05, 0xD3, 0x04, 0xD2, 0x31,
    0x6F, 0x69, 0xF5, 0x15, 0x6E, 0xFA, 0x6D, 0x00, 0x6C, 0x38, 0xB2, 0x40, 0xEA, 0x00, 0x65, 0x61,
    0x10, 0x37, 0xB7, 0xB1, 0x67, 0x04, 0x6E, 0x0C, 0x04, 0x40, 0xEF, 0x11, 0xD7, 0x5D, 0x67, 0x20,
    0xF0, 0x31, 0xA2, 0x34, 0xB2, 0x40, 0xEA, 0x91, 0x67, 0x05, 0x72, 0x02, 0x67, 0x11, 0x97, 0x4F,
    0x61, 0x08, 0x05, 0x31, 0xB2, 0x40, 0xEA, 0x91, 0x67, 0x11, 0x97, 0x13, 0x22, 0x2A, 0xB2, 0x05,
    0xD2, 0x01, 0x6A, 0x04, 0xD2, 0x06, 0xD1, 0x84, 0xF5, 0x0A, 0x6F, 0x89, 0xF5, 0x08, 0x6E, 0xFA,
    0x6D, 0x26, 0xB2, 0x40, 0xEA, 0x02, 0x6C, 0x02, 0x6A, 0x15, 0x97, 0x14, 0x91, 0x13, 0x90, 0x00,
    0xEF, 0x0B, 0x63, 0x5D, 0x67, 0x90, 0xAA, 0xA0, 0xF2, 0x1C, 0x6A, 0x7D, 0x67, 0x58, 0xEC, 0x23,
    0xB2, 0x12, 0xEC, 0x89, 0xE2, 0x56, 0x9A, 0x20, 0xF0, 0x43, 0xA2, 0x20, 0xF0, 0x54, 0xC3, 0x59,
    0x6A, 0x0E, 0x94, 0xD0, 0x67, 0x0C, 0x05, 0x40, 0xC4, 0x40, 0xEF, 0x02, 0x4C, 0x0E, 0x95, 0x40,
    0xF4, 0x12, 0x6A, 0x7D, 0x67, 0x01, 0xC5, 0x54, 0xCB, 0x0B, 0x92, 0x09, 0x96, 0x0A, 0x97, 0x04,
    0xD2, 0x17, 0xB2, 0x80, 0x9A, 0x17, 0xB2, 0x40, 0xEA, 0x08, 0xD5, 0x13, 0x22, 0x10, 0x92, 0x81,
    0x9A, 0x15, 0xB2, 0x40, 0xEA, 0x0E, 0x95, 0x00, 0x6A, 0x0B, 0xB3, 0x06, 0xD2, 0x05, 0xD3, 0x04,
    0xD2, 0x40, 0xF5, 0x03, 0x6F, 0xA9, 0xF5, 0x06, 0x6E, 0xFA, 0x6D, 0x02, 0x6C, 0x9D, 0x17, 0x04,
    0x72, 0x02, 0x60, 0x01, 0x6A, 0xC1, 0x17, 0x08, 0x6A, 0xD3, 0x17, 0x00, 0x65, 0xBC, 0x29, 0x12,
    0x80, 0x6D, 0xA0, 0x00, 0x80, 0x78, 0xC6, 0x11, 0x80, 0x11, 0x46, 0x08, 0x80, 0x5D, 0xEE, 0x00,
    0x80, 0xD5, 0x7B, 0x11, 0x80, 0xC9, 0x01, 0x07, 0x80, 0x50, 0x1C, 0x13, 0x80, 0x10, 0x20, 0x12,
    0x80, 0x61, 0x9D, 0x00, 0x80, 0x15, 0xA0, 0x00, 0x80, 0xFC, 0x63, 0x07, 0x62, 0x06, 0xD1, 0x05,
    0xD0, 0x00, 0xA4, 0x08, 0x70, 0x15, 0x60, 0x36, 0x70, 0x06, 0x61, 0x11, 0xB2, 0x40, 0xEA, 0x06,
    0x6C, 0x10, 0xB2, 0x40, 0xEA, 0x00, 0x65, 0x10, 0xB2, 0x20, 0xA2, 0x16, 0x29, 0x03, 0x70, 0x12,
    0x60, 0x07, 0x70, 0x10, 0x60, 0x01, 0x70, 0x0D, 0xB2, 0x07, 0x61, 0x40, 0xEA, 0x00, 0x65, 0x04,
    0x10, 0x0B, 0xB2, 0x40, 0xEA, 0x85, 0x67, 0x01, 0x69, 0x51, 0x67, 0x07, 0x97, 0x06, 0x91, 0x05,
    0x90, 0x00, 0xEF, 0x04, 0x63, 0x07, 0xB2, 0xF1, 0x17, 0x00, 0x69, 0xF6, 0x17, 0x59, 0x73, 0x11,
    0x80, 0x41, 0x64, 0x11, 0x80, 0x1C, 0x11, 0x12, 0x80, 0x71, 0x75, 0x11, 0x80, 0xFD, 0x7B, 0x11,
    0x80, 0xE9, 0x74, 0x11, 0x80, 0xFA, 0x63, 0x0B, 0x62, 0x0A, 0xD1, 0x09, 0xD0, 0x44, 0xAC, 0x04,
    0x67, 0x20, 0xF3, 0x0A, 0x72, 0x32, 0x60, 0x20, 0xF3, 0x0D, 0x72, 0x41, 0x60, 0x20, 0xF3, 0x09,
    0x72, 0x3B, 0x61, 0x64, 0xA4, 0x20, 0xA4, 0x04, 0x06, 0xA3, 0x67, 0x91, 0x67, 0x1F, 0xB2, 0x40,
    0xEA, 0x06, 0xD3, 0x35, 0x2A, 0x5D, 0x67, 0x88, 0xAA, 0xA0, 0xF2, 0x1C, 0x6A, 0x06, 0x93, 0x58,
    0xEC, 0x1B, 0xB2, 0x12, 0xED, 0xA9, 0xE2, 0xA0, 0xF0, 0xB2, 0xA2, 0x0F, 0x75, 0x25, 0x61, 0xC0,
    0xF0, 0x50, 0xA2, 0x01, 0x72, 0x21, 0x61, 0x17, 0xB2, 0x40, 0xAA, 0x47, 0xEC, 0x01, 0x6C, 0x8C,
    0xEA, 0x1E, 0x2A, 0xA3, 0x67, 0x14, 0xB2, 0x40, 0xEA, 0x91, 0x67, 0x14, 0xB3, 0x49, 0xE3, 0x60,
    0xA2, 0x41, 0x6C, 0x8B, 0xEC, 0x8C, 0xEB, 0x60, 0xC2, 0x0F, 0x10, 0x40, 0x9C, 0x3C, 0x6B, 0x44,
    0xA2, 0x46, 0x32, 0x6E, 0xEA, 0x09, 0x2A, 0x0E, 0xB5, 0x0E, 0xB3, 0x01, 0x6C, 0x40, 0xF0, 0x82,
    0xC3, 0x4E, 0xCB, 0x0D, 0xB2, 0x40, 0xEA, 0x27, 0x6C, 0x0C, 0xB2, 0x40, 0xEA, 0x90, 0x67, 0x0B,
    0x97, 0x0A, 0x91, 0x09, 0x90, 0x00, 0xEF, 0x06, 0x63, 0x91, 0x01, 0x07, 0x80, 0x50, 0x1C, 0x13,
    0x80, 0x8C, 0xF9, 0x12, 0x80, 0xD9, 0x3A, 0x04, 0x80, 0xE0, 0x10, 0x12, 0x80, 0x00, 0x00, 0x10,
    0x00, 0x00, 0xDE, 0x12, 0x80, 0x69, 0xF4, 0x00, 0x80, 0x01, 0x31, 0x04, 0x80, 0xFD, 0x63, 0x05,
    0x62, 0x04, 0xB2, 0x40, 0xEA, 0x00, 0x65, 0x05, 0x97, 0x00, 0x6A, 0x00, 0xEF, 0x03, 0x63, 0x00,
    0x65, 0x39, 0xB1, 0x11, 0x80, 0xFD, 0x63, 0x05, 0x62, 0x04, 0xD0, 0x0D, 0xB2, 0x06, 0x75, 0xA8,
    0x36, 0x40, 0xF0, 0x47, 0xA2, 0x0B, 0xB0, 0x0C, 0xB7, 0x0C, 0x61, 0x44, 0x33, 0x49, 0xE3, 0x50,
    0x32, 0xA4, 0x67, 0x40, 0xEF, 0x51, 0xE0, 0x05, 0x97, 0x04, 0x90, 0x01, 0x5A, 0x58, 0x67, 0x00,
    0xEF, 0x03, 0x63, 0x58, 0x32, 0x7F, 0x4A, 0x11, 0x4A, 0xF3, 0x17, 0x00, 0x65, 0x68, 0x21, 0x12,
    0x80, 0x3C, 0x24, 0x12, 0x80, 0xA0, 0x96, 0x00, 0x80, 0xF9, 0x63, 0x0D, 0x62, 0x0C, 0xD1, 0x0B,
    0xD0, 0xA0, 0xF2, 0x1C, 0x6A, 0x58, 0xEC, 0x44, 0xB2, 0x12, 0xEB, 0x69, 0xE2, 0x16, 0x9A, 0x41,
    0xA0, 0x22, 0x72, 0x07, 0x61, 0x08, 0xD4, 0x0A, 0x25, 0xFF, 0x6A, 0x4C, 0xED, 0x3F, 0xB2, 0x40,
    0xEA, 0x00, 0x65, 0x0D, 0x97, 0x0C, 0x91, 0x0B, 0x90, 0x00, 0xEF, 0x07, 0x63, 0xE0, 0xF1, 0xD1,
    0xA0, 0xE0, 0xF0, 0x84, 0x98, 0x70, 0xF1, 0x2E, 0x40, 0x39, 0xB2, 0x40, 0xEA, 0xB1, 0x67, 0xE0,
    0xF1, 0xB1, 0xA0, 0x38, 0xB2, 0x40, 0xEA, 0x91, 0x67, 0x01, 0x72, 0x27, 0x61, 0x40, 0xF0, 0x50,
    0xA0, 0x08, 0x93, 0x35, 0xB4, 0x01, 0x72, 0x05, 0xD4, 0x01, 0x6C, 0x06, 0xD3, 0x33, 0xB2, 0x34,
    0xB1, 0x04, 0xD4, 0x10, 0x61, 0x89, 0xF6, 0x08, 0x6F, 0xA5, 0xF3, 0x07, 0x6E, 0xFA, 0x6D, 0x40,
    0xEA, 0x02, 0x6C, 0x08, 0x94, 0x2F, 0xB2, 0x40, 0xEA, 0x05, 0x6D, 0xE0, 0xF1, 0x91, 0xA0, 0x40,
    0xE9, 0x00, 0x65, 0xCF, 0x17, 0x02, 0x6C, 0x89, 0xF6, 0x09, 0x6F, 0xA5, 0xF3, 0x0F, 0x6E, 0x40,
    0xEA, 0xFA, 0x6D, 0xE0, 0xF1, 0x91, 0xA0, 0x40, 0xE9, 0x00, 0x65, 0x40, 0xF0, 0x50, 0xA0, 0x01,
    0x72, 0x06, 0x61, 0xE0, 0xF0, 0xA0, 0xA0, 0x24, 0xB2, 0x40, 0xEA, 0x08, 0x94, 0xBA, 0x17, 0xE0,
    0xF1, 0x51, 0xA0, 0x06, 0x72, 0x20, 0x61, 0x21, 0xB2, 0x40, 0xF0, 0x87, 0xA2, 0xE0, 0xF0, 0xA4,
    0x98, 0x84, 0x32, 0x89, 0xE2, 0x50, 0x32, 0x1E, 0xB4, 0x51, 0xE4, 0x1E, 0xB2, 0x40, 0xEA, 0x00,
    0x65, 0x08, 0x94, 0xE0, 0xF0, 0xA0, 0x40, 0x1C, 0xB6, 0x1C, 0xB2, 0x40, 0xEA, 0xE5, 0x67, 0x00,
    0xF2, 0x94, 0xA0, 0x1B, 0xB2, 0x14, 0x24, 0x1B, 0xB5, 0x40, 0xEA, 0x08, 0x94, 0x21, 0x6D, 0x1A,
    0xB2, 0x40, 0xEA, 0x90, 0x67, 0x96, 0x17, 0x08, 0x72, 0xEB, 0x61, 0x10, 0xB2, 0x40, 0xF0, 0x47,
    0xA2, 0x16, 0xB4, 0xE0, 0xF0, 0xA4, 0x98, 0x58, 0x32, 0x51, 0xE4, 0x15, 0xB2, 0xDF, 0x17, 0x15,
    0xB5, 0xEB, 0x17, 0x00, 0x65, 0x50, 0x1C, 0x13, 0x80, 0xA5, 0x61, 0x02, 0x80, 0xC5, 0x52, 0x02,
    0x80, 0x75, 0x7E, 0x11, 0x80, 0x78, 0xC6, 0x11, 0x80, 0x11, 0x46, 0x08, 0x80, 0x59, 0x73, 0x11,
    0x80, 0x31, 0xF9, 0x07, 0x80, 0x09, 0x5F, 0x02, 0x80, 0x68, 0x21, 0x12, 0x80, 0x3C, 0x24, 0x12,
    0x80, 0x6D, 0x52, 0x02, 0x80, 0x6D, 0x63, 0x02, 0x80, 0xB5, 0x7E, 0x07, 0x80, 0x2D, 0x3D, 0x02,
    0x80, 0xF0, 0x49, 0x02, 0x00, 0xC9, 0x3A, 0x02, 0x80, 0xCC, 0x24, 0x12, 0x80, 0x99, 0x52, 0x02,
    0x80, 0xC0, 0xD4, 0x01, 0x00, 0xF8, 0x63, 0x0F, 0x62, 0x0E, 0xD1, 0x0D, 0xD0, 0x40, 0xAC, 0x24,
    0x67, 0x01, 0xF4, 0x1A, 0x72, 0x20, 0xF1, 0x1F, 0x60, 0x01, 0xF4, 0x1B, 0x5A, 0x31, 0x60, 0x00,
    0xF4, 0x05, 0x72, 0xE0, 0xF0, 0x10, 0x60, 0x00, 0xF4, 0x06, 0x5A, 0x0E, 0x60, 0x00, 0xF4, 0x01,
    0x72, 0x69, 0x60, 0x00, 0xF4, 0x03, 0x72, 0xC0, 0xF0, 0x00, 0x60, 0x00, 0x68, 0x50, 0x67, 0x0F,
    0x97, 0x0E, 0x91, 0x0D, 0x90, 0x00, 0xEF, 0x08, 0x63, 0x00, 0xF4, 0x19, 0x72, 0x00, 0xF1, 0x02,
    0x60, 0x01, 0xF0, 0x07, 0x72, 0xF2, 0x61, 0x01, 0x6A, 0x4B, 0xEA, 0x7D, 0x67, 0x4C, 0xCB, 0x44,
    0xA1, 0x83, 0xA1, 0x40, 0x32, 0x4D, 0xEC, 0x94, 0xB2, 0x40, 0xEA, 0x06, 0x05, 0x00, 0x68, 0xE6,
    0x2A, 0x5D, 0x67, 0xAC, 0xAA, 0x91, 0xB2, 0x40, 0xEA, 0x91, 0x67, 0xA2, 0x67, 0x80, 0xA9, 0x8E,
    0x10, 0x21, 0xF4, 0x1F, 0x72, 0xA0, 0xF0, 0x1B, 0x60, 0x41, 0xF4, 0x00, 0x5A, 0x29, 0x60, 0x01,
    0xF4, 0x1C, 0x72, 0x78, 0x67, 0xE0, 0xF0, 0x02, 0x23, 0x01, 0xF4, 0x1E, 0x72, 0x78, 0x67, 0xCD,
    0x2B, 0x87, 0xB5, 0x60, 0xF1, 0x0A, 0xA5, 0x01, 0x6A, 0x4C, 0xE8, 0xC8, 0x20, 0x85, 0xB6, 0x00,
    0x6C, 0x0A, 0xD3, 0x0B, 0xD5, 0x40, 0xEE, 0x09, 0xD6, 0x83, 0xB2, 0x40, 0xEA, 0x91, 0x67, 0x0B,
    0x95, 0x09, 0x96, 0x08, 0xD2, 0x60, 0xF1, 0x8A, 0xA5, 0x40, 0xEE, 0x00, 0x65, 0x08, 0x92, 0x0A,
    0x93, 0x80, 0xA9, 0xA2, 0x67, 0x04, 0xD3, 0x00, 0x6F, 0x7C, 0xB2, 0x40, 0xEA, 0x00, 0x6E, 0xAE,
    0x17, 0x81, 0xF4, 0x04, 0x72, 0xB8, 0x67, 0xC0, 0xF0, 0x1F, 0x25, 0x02, 0xF0, 0x0E, 0x72, 0xB8,
    0x67, 0xA4, 0x2D, 0x77, 0xB2, 0x40, 0xEA, 0x00, 0x6F, 0x04, 0xD5, 0x00, 0x6E, 0xA2, 0x67, 0x02,
    0xF0, 0x0E, 0x6C, 0x76, 0x10, 0x46, 0xA4, 0x05, 0x5A, 0x18, 0x61, 0x72, 0xB4, 0x05, 0x6D, 0xA0,
    0xCC, 0x71, 0xB4, 0x01, 0x6D, 0x80, 0xAC, 0xAC, 0xEC, 0x05, 0x4C, 0x58, 0xEC, 0x0A, 0x6C, 0x12,
    0xED, 0x9A, 0xED, 0x01, 0x2C, 0xE5, 0xE8, 0xFF, 0x6D, 0x12, 0xEC, 0xAC, 0xEC, 0x8B, 0xE2, 0x86,
    0xC1, 0x6A, 0xB4, 0x40, 0xC4, 0x6A, 0xB2, 0x40, 0xEA, 0x00, 0x65, 0x6A, 0xB2, 0xFF, 0xF7, 0x1F,
    0x6D, 0x69, 0xB4, 0x40, 0xAA, 0xFF, 0x6E, 0x01, 0x4E, 0xAC, 0xEA, 0xB0, 0xA4, 0x15, 0x6C, 0x8B,
    0xEC, 0xCB, 0xEE, 0x4C, 0xEC, 0x27, 0x25, 0xFF, 0x6D, 0xCC, 0xEA, 0xAC, 0xEC, 0x8D, 0xEA, 0x63,
    0xB4, 0xC0, 0x9C, 0xFF, 0xF7, 0x1F, 0x6D, 0xFF, 0x6C, 0x4C, 0xED, 0x40, 0xEE, 0x21, 0x4C, 0x60,
    0xB4, 0x40, 0xA4, 0x20, 0x22, 0x02, 0x72, 0x7F, 0xF7, 0x00, 0x61, 0x5E, 0xB2, 0x40, 0xEA, 0x91,
    0x67, 0x02, 0x67, 0x09, 0x2A, 0xFF, 0x6E, 0x03, 0x4E, 0x5B, 0xB4, 0x5C, 0xB2, 0x40, 0xEA, 0xB1,
    0x67, 0x5B, 0xB2, 0x01, 0x6B, 0x60, 0xC2, 0xB0, 0x67, 0x00, 0xF4, 0x01, 0x6C, 0x59, 0xB2, 0x40,
    0xEA, 0x01, 0x68, 0x4C, 0x17, 0xA4, 0x67, 0x14, 0x6C, 0x8D, 0xED, 0xFF, 0x6C, 0xCC, 0xEA, 0x8C,
    0xED, 0xAD, 0xEA, 0xD5, 0x17, 0x01, 0x6A, 0x40, 0xC4, 0x40, 0x17, 0x4D, 0xB2, 0x00, 0xA2, 0x1C,
    0x20, 0x02, 0x70, 0x3F, 0xF7, 0x1A, 0x61, 0x50, 0xB2, 0x40, 0xEA, 0x00, 0x65, 0x02, 0x67, 0x09,
    0x2A, 0xFF, 0x6E, 0x03, 0x4E, 0x48, 0xB4, 0x49, 0xB2, 0x40, 0xEA, 0xB1, 0x67, 0x48, 0xB2, 0x01,
    0x6B, 0x60, 0xC2, 0x00, 0x6A, 0x04, 0xD2, 0x00, 0x6F, 0x00, 0x6E, 0xB0, 0x67, 0x00, 0xF4, 0x03,
    0x6C, 0x36, 0xB2, 0x40, 0xEA, 0x01, 0x68, 0x22, 0x17, 0x01, 0x6B, 0x60, 0xC2, 0x1F, 0x17, 0x43,
    0xB2, 0x01, 0x6B, 0x60, 0xC2, 0x1A, 0x17, 0x42, 0xB2, 0x40, 0xEA, 0x00, 0x65, 0x41, 0xB2, 0x01,
    0x6B, 0x60, 0xC2, 0x41, 0xB2, 0x40, 0xEA, 0x00, 0x65, 0x35, 0xB2, 0x00, 0xA2, 0x19, 0x20, 0x01,
    0x70, 0x1F, 0xF7, 0x0B, 0x61, 0x3D, 0xB2, 0x40, 0xEA, 0x91, 0x67, 0xE2, 0x67, 0x0B, 0x2A, 0xFF,
    0x6E, 0x08, 0xD2, 0x03, 0x4E, 0x30, 0xB4, 0x31, 0xB2, 0x40, 0xEA, 0xB1, 0x67, 0x08, 0x97, 0x38,
    0xB2, 0x01, 0x6B, 0x60, 0xC2, 0x00, 0xF4, 0x05, 0x6C, 0x2E, 0xB2, 0x40, 0xEA, 0xA7, 0x67, 0xF6,
    0x16, 0x02, 0x6B, 0xD3, 0x17, 0x2E, 0xB2, 0x40, 0xEA, 0x00, 0x68, 0xF0, 0x16, 0x18, 0xB6, 0x60,
    0xF1, 0x0A, 0xA6, 0x02, 0x6A, 0x4C, 0xE8, 0xFF, 0xF6, 0x09, 0x20, 0x00, 0x6C, 0x15, 0xB0, 0x09,
    0xD3, 0x40, 0xE8, 0x0A, 0xD6, 0x2B, 0xB2, 0x40, 0xEA, 0x91, 0x67, 0x0A, 0x96, 0x08, 0xD2, 0x60,
    0xF1, 0x8A, 0xA6, 0x40, 0xE8, 0x00, 0x65, 0x09, 0x93, 0x08, 0x92, 0x00, 0x6F, 0x04, 0xD3, 0x00,
    0x6E, 0xA2, 0x67, 0x80, 0xA9, 0xAD, 0x17, 0x43, 0xA4, 0x01, 0x6C, 0x8C, 0xEA, 0xDF, 0xF6, 0x1B,
    0x22, 0x21, 0xB2, 0x40, 0xEA, 0x00, 0x68, 0xCA, 0x16, 0x20, 0xB2, 0x40, 0xEA, 0x00, 0x6F, 0x04,
    0xD5, 0x00, 0x6E, 0xEE, 0x17, 0xC9, 0x01, 0x07, 0x80, 0x99, 0xC2, 0x11, 0x80, 0xB0, 0x55, 0x12,
    0x80, 0x69, 0xDA, 0x03, 0x80, 0xAD, 0xE7, 0x01, 0x80, 0xCD, 0xD6, 0x01, 0x80, 0xA9, 0x6E, 0x11,
    0x80, 0x84, 0x10, 0x00, 0xB6, 0x86, 0x10, 0x00, 0xB6, 0x41, 0xF9, 0x12, 0x80, 0x0D, 0x73, 0x11,
    0x80, 0x20, 0x01, 0x00, 0xB6, 0x00, 0xDE, 0x12, 0x80, 0xE8, 0x04, 0x12, 0x80, 0x36, 0xF9, 0x12,
    0x80, 0xB5, 0x0F, 0x02, 0x80, 0x34, 0xF8, 0x12, 0x80, 0x5D, 0xEE, 0x00, 0x80, 0x32, 0xF8, 0x12,
    0x80, 0x55, 0xE1, 0x01, 0x80, 0x29, 0x0E, 0x02, 0x80, 0x92, 0xF9, 0x12, 0x80, 0xDD, 0x6D, 0x11,
    0x80, 0x9E, 0xF9, 0x12, 0x80, 0x19, 0x81, 0x08, 0x80, 0x4D, 0x0F, 0x02, 0x80, 0x31, 0xF8, 0x12,
    0x80, 0xFD, 0xE7, 0x01, 0x80, 0xDD, 0xA6, 0x01, 0x80, 0xBD, 0x7B, 0x11, 0x80, 0x0F, 0xB2, 0x53,
    0xA2, 0x10, 0x2A, 0x60, 0xAC, 0x0E, 0xB2, 0x80, 0xA2, 0x0E, 0xB2, 0x48, 0xA2, 0x02, 0x5A, 0xFF,
    0xF7, 0x1F, 0x6A, 0x0A, 0x60, 0x0D, 0x2C, 0x0A, 0x6C, 0x8D, 0xEB, 0x6C, 0xEA, 0x40, 0xCD, 0x20,
    0xE8, 0x00, 0x6A, 0xEF, 0xF7, 0x1A, 0x6B, 0xEE, 0x17, 0x03, 0x2C, 0xF5, 0x4C, 0x8C, 0xEB, 0xF5,
    0x17, 0x04, 0xF0, 0x0B, 0x6C, 0x8B, 0xEC, 0xFA, 0x17, 0x00, 0xDE, 0x12, 0x80, 0x97, 0xF9, 0x12,
    0x80, 0x08, 0xFA, 0x12, 0x80, 0x04, 0xB3, 0x43, 0x8B, 0x03, 0x22, 0xFF, 0x6B, 0x20, 0xE8, 0x6C,
    0xEA, 0x20, 0xE8, 0x44, 0xA3, 0xE4, 0xF9, 0x12, 0x80, 0x0A, 0xB2, 0x0B, 0xB5, 0x69, 0xA2, 0x52,
    0x9D, 0x01, 0x6C, 0x5F, 0xA2, 0x4C, 0xEC, 0x98, 0x34, 0x7C, 0x32, 0x8D, 0xEA, 0x90, 0xA5, 0x3F,
    0x6B, 0x03, 0x24, 0x71, 0xA5, 0x3F, 0x6C, 0x8C, 0xEB, 0x6D, 0xEA, 0xFF, 0x6B, 0x20, 0xE8, 0x6C,
    0xEA, 0x08, 0xFA, 0x12, 0x80, 0x00, 0xDE, 0x12, 0x80, 0xFB, 0x63, 0x09, 0x62, 0x08, 0xD1, 0x07,
    0xD0, 0x25, 0xB2, 0xFF, 0xF7, 0x1F, 0x68, 0x01, 0x6D, 0x40, 0xAA, 0x0C, 0xEA, 0x56, 0x33, 0x23,
    0xB2, 0xC0, 0xF1, 0xD0, 0xA2, 0xAC, 0xEB, 0x6C, 0x32, 0x21, 0xB3, 0xAC, 0xEE, 0x40, 0xF0, 0x85,
    0xA3, 0xCD, 0xEA, 0x40, 0xF0, 0xC1, 0xA3, 0xAC, 0xEC, 0x94, 0x34, 0xAC, 0xEE, 0xC8, 0x36, 0x8D,
    0xEA, 0xCD, 0xEA, 0x1C, 0xB4, 0x1C, 0xB6, 0x20, 0xA4, 0x80, 0xA6, 0xAC, 0xE9, 0x8B, 0xEC, 0xC0,
    0xF7, 0x82, 0x34, 0xAC, 0xEC, 0xA8, 0xA6, 0x38, 0x31, 0x2D, 0xEA, 0x90, 0x34, 0x02, 0x5D, 0x4D,
    0xEC, 0xB8, 0x67, 0x01, 0x6A, 0x4E, 0xED, 0x53, 0xA3, 0x7F, 0x69, 0xBC, 0x35, 0x8C, 0xE9, 0xAD,
    0xE9, 0x11, 0x22, 0x12, 0xB2, 0x40, 0xEA, 0x04, 0xD3, 0x11, 0xB2, 0x00, 0xF2, 0x1A, 0x6C, 0xA0,
    0xAA, 0x01, 0x6A, 0x0C, 0xED, 0x4D, 0xED, 0x0F, 0xB2, 0x40, 0x9A, 0x40, 0xEA, 0x0C, 0xED, 0x04,
    0x93, 0x00, 0x6A, 0x53, 0xC3, 0xFF, 0x6A, 0x2C, 0xEA, 0x09, 0x97, 0x08, 0x91, 0x07, 0x90, 0x00,
    0xEF, 0x05, 0x63, 0x00, 0x65, 0xA6, 0x01, 0x00, 0xB6, 0x04, 0x3C, 0x12, 0x80, 0x00, 0xDE, 0x12,
    0x80, 0x9A, 0xF9, 0x12, 0x80, 0x08, 0xFA, 0x12, 0x80, 0x19, 0x81, 0x08, 0x80, 0x1A, 0x02, 0x00,
    0xB6, 0xE8, 0x04, 0x12, 0x80, 0xFB, 0x63, 0x09, 0x62, 0x40, 0x9C, 0x68, 0xF6, 0x12, 0x6F, 0xC1,
    0xF7, 0x0C, 0x6E, 0x06, 0xD2, 0x06, 0xB2, 0x05, 0xD2, 0x01, 0x6A, 0x04, 0xD2, 0xFE, 0x6D, 0x05,
    0xB2, 0x40, 0xEA, 0x04, 0x6C, 0x09, 0x97, 0x00, 0x6A, 0x00, 0xEF, 0x05, 0x63, 0x78, 0xC6, 0x11,
    0x80, 0x11, 0x46, 0x08, 0x80, 0xFA, 0x63, 0x0B, 0x62, 0x0A, 0xD1, 0x09, 0xD0, 0x04, 0x67, 0x43,
    0xA0, 0x81, 0x9C, 0x01, 0x72, 0x06, 0x60, 0x03, 0x72, 0x14, 0x60, 0x19, 0xB2, 0x40, 0xEA, 0x90,
    0x67, 0x0E, 0x10, 0x87, 0x35, 0x7F, 0x6A, 0x4C, 0xED, 0x3F, 0x6A, 0x4C, 0xED, 0x15, 0xB2, 0x40,
    0x6B, 0x40, 0x9A, 0x82, 0x34, 0x6D, 0xED, 0x01, 0x6B, 0x01, 0x6E, 0x40, 0xEA, 0x6C, 0xEC, 0x22,
    0x67, 0x07, 0x10, 0x11, 0xB3, 0xFF, 0xF7, 0x1F, 0x6A, 0x4C, 0xEC, 0x71, 0xE4, 0x20, 0xAC, 0x4C,
    0xE9, 0x43, 0xA0, 0x07, 0xD1, 0x25, 0xF7, 0x04, 0x6F, 0x06, 0xD2, 0x0C, 0xB2, 0x05, 0xD2, 0x02,
    0x6A, 0x04, 0xD2, 0x42, 0xF6, 0x10, 0x6E, 0xFE, 0x6D, 0x09, 0xB2, 0x40, 0xEA, 0x04, 0x6C, 0x51,
    0x67, 0x0B, 0x97, 0x0A, 0x91, 0x09, 0x90, 0x00, 0xEF, 0x06, 0x63, 0x00, 0x65, 0x05, 0xF3, 0x00,
    0x80, 0x0C, 0x07, 0x12, 0x80, 0x00, 0xA0, 0x00, 0xB0, 0x78, 0xC6, 0x11, 0x80, 0x11, 0x46, 0x08,
    0x80, 0x21, 0xB2, 0x6A, 0xA2, 0x3D, 0x23, 0xFA, 0x63, 0x0B, 0x62, 0x0A, 0xD1, 0x09, 0xD0, 0x63,
    0xA4, 0x21, 0x9A, 0x04, 0x67, 0x01, 0x73, 0x41, 0x9C, 0x06, 0x60, 0x03, 0x73, 0x29, 0x60, 0x1B,
    0xB2, 0x40, 0xEA, 0x00, 0x65, 0x11, 0x10, 0x47, 0x35, 0x7F, 0x6B, 0x6C, 0xED, 0x3F, 0x6B, 0x6C,
    0xED, 0x17, 0xB3, 0x40, 0x6C, 0x60, 0x9B, 0x42, 0x32, 0xFF, 0xF7, 0x1F, 0x6F, 0x8D, 0xED, 0x01,
    0x6C, 0x2C, 0xEF, 0x01, 0x6E, 0x40, 0xEB, 0x4C, 0xEC, 0x07, 0xD1, 0x43, 0xA0, 0x25, 0xF7, 0x05,
    0x6F, 0x82, 0xF6, 0x02, 0x6E, 0x06, 0xD2, 0x0F, 0xB2, 0x05, 0xD2, 0x02, 0x6A, 0x04, 0xD2, 0xFE,
    0x6D, 0x0D, 0xB2, 0x40, 0xEA, 0x02, 0x6C, 0x0B, 0x97, 0x0A, 0x91, 0x09, 0x90, 0x00, 0xEF, 0x06,
    0x63, 0x0A, 0xB4, 0xFF, 0xF7, 0x1F, 0x6B, 0x6C, 0xEA, 0x89, 0xE2, 0x2C, 0xEB, 0x60, 0xCA, 0xE4,
    0x17, 0x20, 0xE8, 0x00, 0x65, 0x50, 0x1D, 0x12, 0x80, 0x61, 0xF2, 0x00, 0x80, 0x10, 0x07, 0x12,
    0x80, 0x78, 0xC6, 0x11, 0x80, 0x11, 0x46, 0x08, 0x80, 0x00, 0xA0, 0x00, 0xB0, 0xFC, 0x63, 0x07,
    0x62, 0x06, 0xD1, 0x05, 0xD0, 0x08, 0xB0, 0x24, 0x67, 0x40, 0xE8, 0x02, 0x6C, 0x06, 0x22, 0x40,
    0xE8, 0x01, 0x6C, 0x03, 0x22, 0x05, 0xB2, 0x40, 0xEA, 0x91, 0x67, 0x07, 0x97, 0x06, 0x91, 0x05,
    0x90, 0x00, 0xEF, 0x04, 0x63, 0x99, 0x32, 0x01, 0x80, 0x09, 0xFB, 0x00, 0x80, 0xFB, 0x63, 0x09,
    0x62, 0x08, 0xD1, 0x07, 0xD0, 0x31, 0xB2, 0x40, 0xEA, 0x01, 0x68, 0x31, 0xB5, 0x20, 0xF0, 0x7C,
    0xA5, 0x01, 0x2B, 0x00, 0x68, 0x2F, 0xB3, 0x60, 0xF1, 0x8F, 0xA3, 0x60, 0xF1, 0xD1, 0xA3, 0xCD,
    0xEC, 0x02, 0x24, 0x03, 0x6C, 0x8D, 0xE8, 0x64, 0x9B, 0x02, 0x23, 0x04, 0x6B, 0x6D, 0xE8, 0x8E,
    0xA5, 0x70, 0xA5, 0xFF, 0x69, 0x09, 0x6F, 0x8D, 0xEB, 0x8F, 0xA5, 0xEB, 0xEF, 0xEC, 0xE8, 0x8D,
    0xEB, 0x2C, 0xEB, 0x6B, 0xEB, 0xC0, 0xF7, 0x62, 0x33, 0x2C, 0xEB, 0x6C, 0x34, 0x8D, 0xE8, 0x01,
    0x6E, 0x90, 0x67, 0xCC, 0xEC, 0x8D, 0xEB, 0x02, 0x6C, 0x8B, 0xEC, 0xCC, 0xEB, 0x8C, 0xE8, 0x82,
    0x67, 0x1D, 0xB2, 0x6D, 0xE8, 0x40, 0xEA, 0x04, 0xD5, 0x1C, 0xB2, 0x43, 0xA2, 0x01, 0x6E, 0x04,
    0x95, 0x4B, 0xEA, 0xC0, 0xF7, 0x42, 0x32, 0xCC, 0xEA, 0x50, 0x33, 0x11, 0x6A, 0x4B, 0xEA, 0x0C,
    0xEA, 0x6D, 0xEA, 0x6F, 0xA5, 0x21, 0x6C, 0x8B, 0xEC, 0x6B, 0xEB, 0xC0, 0xF7, 0x62, 0x33, 0xCC,
    0xEB, 0x74, 0x33, 0x8C, 0xEA, 0x6D, 0xEA, 0x70, 0xA5, 0x7F, 0x6C, 0x09, 0x97, 0x6B, 0xEB, 0xC0,
    0xF7, 0x62, 0x33, 0x6C, 0xEE, 0x41, 0x6B, 0x6B, 0xEB, 0x6C, 0xEA, 0x6E, 0xA5, 0xD8, 0x36, 0xCD,
    0xEA, 0x6B, 0xEB, 0xC0, 0xF7, 0x62, 0x33, 0x7C, 0x33, 0x8C, 0xEA, 0x6D, 0xEA, 0x2C, 0xEA, 0x07,
    0x90, 0x08, 0x91, 0x00, 0xEF, 0x05, 0x63, 0x00, 0x65, 0xE4, 0x94, 0x00, 0x80, 0x00, 0xDE, 0x12,
    0x80, 0xB0, 0x55, 0x12, 0x80, 0x00, 0x95, 0x00, 0x80, 0x08, 0xFA, 0x12, 0x80, 0xFD, 0x63, 0x05,
    0x62, 0x04, 0xD0, 0x19, 0xB2, 0x40, 0xEA, 0x00, 0x65, 0x18, 0xB5, 0x63, 0xAD, 0x82, 0x67, 0x10,
    0x5B, 0x01, 0x61, 0x0F, 0x6B, 0x20, 0xF0, 0xDF, 0xA5, 0x0F, 0x6A, 0x4C, 0xEB, 0x14, 0xB2, 0x01,
    0x6D, 0x44, 0x9A, 0xCC, 0xED, 0xB4, 0x35, 0xAD, 0xEB, 0x02, 0x72, 0x03, 0x67, 0x04, 0x61, 0x03,
    0x2E, 0x80, 0x68, 0x0B, 0xE8, 0x6D, 0xE8, 0x0F, 0xB2, 0x40, 0xEA, 0x00, 0x65, 0x0E, 0xB2, 0x60,
    0xAA, 0x05, 0x97, 0x6B, 0xEB, 0xC0, 0xF7, 0x62, 0x33, 0x70, 0x32, 0x0C, 0xB3, 0x60, 0xA3, 0x0D,
    0xEA, 0x04, 0x90, 0x6B, 0xEB, 0xC0, 0xF7, 0x62, 0x33, 0x78, 0x33, 0x6D, 0xEA, 0xFF, 0x6B, 0x6C,
    0xEA, 0x00, 0xEF, 0x03, 0x63, 0xE4, 0x94, 0x00, 0x80, 0x00, 0xDE, 0x12, 0x80, 0xB0, 0x55, 0x12,
    0x80, 0x00, 0x95, 0x00, 0x80, 0x98, 0xF9, 0x12, 0x80, 0x20, 0xF8, 0x12, 0x80, 0xFD, 0x63, 0x05,
    0x62, 0x03, 0xB2, 0x40, 0xEA, 0x00, 0x65, 0x05, 0x97, 0x00, 0xEF, 0x03, 0x63, 0x71, 0x34, 0x01,
    0x80, 0xFB, 0x63, 0x09, 0x62, 0x11, 0xB2, 0x40, 0x9A, 0xA0, 0xF2, 0x00, 0x6D, 0xA0, 0xF1, 0x06,
    0x6C, 0x40, 0xEA, 0x00, 0x65, 0x0E, 0xB2, 0x00, 0xF1, 0x4B, 0xA2, 0x12, 0x2A, 0x0D, 0xB2, 0xFF,
    0xF7, 0x1F, 0x6B, 0xA4, 0xF3, 0x0C, 0x6F, 0x40, 0xAA, 0x01, 0xF0, 0x06, 0x6E, 0xFE, 0x6D, 0x6C,
    0xEA, 0x06, 0xD2, 0x09, 0xB2, 0x05, 0xD2, 0x01, 0x6A, 0x04, 0xD2, 0x08, 0xB2, 0x40, 0xEA, 0x05,
    0x6C, 0x09, 0x97, 0x00, 0xEF, 0x05, 0x63, 0x00, 0x65, 0xE8, 0x04, 0x12, 0x80, 0x80, 0x34, 0x12,
    0x80, 0xFA, 0x00, 0x00, 0xB6, 0x78, 0xC6, 0x11, 0x80, 0x11, 0x46, 0x08, 0x80, 0xFA, 0x63, 0x0B,
    0x62, 0x0A, 0xD1, 0x09, 0xD0, 0x28, 0xB2, 0x29, 0xB1, 0x40, 0xEA, 0x00, 0x65, 0x28, 0xB0, 0x20,
    0x6E, 0x00, 0x6D, 0x40, 0xE8, 0x91, 0x67, 0xFF, 0x6D, 0x26, 0xB4, 0x40, 0xE8, 0x16, 0x6E, 0x26,
    0xB0, 0x32, 0xD8, 0x26, 0xB5, 0xC0, 0xF0, 0x99, 0xA5, 0xC0, 0xF0, 0x58, 0xA5, 0xC0, 0xF0, 0x7A,
    0xA5, 0x80, 0x34, 0x4D, 0xEC, 0x60, 0x33, 0xC0, 0xF0, 0x5B, 0xA5, 0x60, 0x33, 0x6D, 0xEC, 0x20,
    0xB3, 0x00, 0xF6, 0x40, 0x32, 0x8D, 0xEA, 0x6C, 0xEA, 0x28, 0x22, 0x1E, 0xB1, 0x40, 0x99, 0x01,
    0x4A, 0x03, 0x22, 0x1D, 0xB2, 0x40, 0xEA, 0x91, 0x67, 0x00, 0x6A, 0x04, 0xD2, 0x00, 0x6F, 0x1B,
    0xB6, 0x18, 0xB5, 0x1B, 0xB2, 0x40, 0xEA, 0x01, 0x6C, 0xA0, 0x98, 0x1A, 0xB2, 0x40, 0xEA, 0x80,
    0x99, 0x19, 0xB2, 0x00, 0xF1, 0x4B, 0xA2, 0x0E, 0x2A, 0x40, 0x99, 0xE5, 0xF6, 0x05, 0x6F, 0x20,
    0xF5, 0x1A, 0x6E, 0x06, 0xD2, 0x15, 0xB2, 0x05, 0xD2, 0x01, 0x6A, 0x04, 0xD2, 0xFE, 0x6D, 0x14,
    0xB2, 0x40, 0xEA, 0x02, 0x6C, 0x13, 0xB2, 0x40, 0xEA, 0x00, 0x65, 0x0B, 0x97, 0x0A, 0x91, 0x09,
    0x90, 0x00, 0xEF, 0x06, 0x63, 0xF9, 0x83, 0x08, 0x80, 0xE4, 0xF9, 0x12, 0x80, 0x8D, 0xEF, 0x00,
    0x80, 0xEC, 0xF9, 0x12, 0x80, 0x00, 0xDE, 0x12, 0x80, 0xA8, 0x00, 0x12, 0x80, 0x00, 0x00, 0x00,
    0x40, 0x68, 0x0E, 0x12, 0x80, 0x51, 0x9F, 0x00, 0x80, 0x4D, 0x9B, 0x11, 0x80, 0xA5, 0x9F, 0x00,
    0x80, 0xF5, 0x9E, 0x00, 0x80, 0x80, 0x34, 0x12, 0x80, 0x78, 0xC6, 0x11, 0x80, 0x11, 0x46, 0x08,
    0x80, 0x55, 0x82, 0x08, 0x80, 0xFC, 0x63, 0x07, 0x62, 0x06, 0xD1, 0x05, 0xD0, 0x13, 0xB0, 0x60,
    0x98, 0x01, 0x6A, 0x6C, 0xEA, 0x1B, 0x22, 0x42, 0xA8, 0x20, 0xF0, 0x6C, 0xA4, 0x6E, 0xEA, 0x16,
    0x2A, 0x45, 0xA8, 0x02, 0x6C, 0x01, 0x4A, 0x45, 0xC8, 0x0D, 0xB2, 0x40, 0x9A, 0x40, 0xEA, 0x30,
    0x67, 0x88, 0xA0, 0xFF, 0x6B, 0x42, 0x32, 0x6C, 0xEA, 0x8C, 0xEB, 0x43, 0xEB, 0x01, 0x60, 0x82,
    0x67, 0x88, 0xC0, 0x89, 0xA1, 0x83, 0xEA, 0x01, 0x60, 0x82, 0x67, 0x89, 0xC1, 0x07, 0x97, 0x06,
    0x91, 0x05, 0x90, 0x00, 0xEF, 0x04, 0x63, 0x00, 0x65, 0xA0, 0xF9, 0x12, 0x80, 0x04, 0x07, 0x12,
    0x80, 0xFD, 0x63, 0x05, 0x62, 0x5D, 0x67, 0xD0, 0xCA, 0x20, 0xF0, 0x4E, 0xA4, 0x02, 0x72, 0x1C,
    0x61, 0x20, 0xF0, 0x4C, 0xA4, 0xFF, 0x72, 0x18, 0x60, 0xA0, 0xF2, 0x1C, 0x6A, 0x58, 0xED, 0x0D,
    0xB3, 0x12, 0xEA, 0x4D, 0xE3, 0xC0, 0xF0, 0x77, 0xA3, 0x20, 0xF0, 0x50, 0xA4, 0x6E, 0xEA, 0x0C,
    0x2A, 0x5D, 0x67, 0x20, 0xF0, 0x40, 0xA2, 0x74, 0xAC, 0x52, 0x32, 0x40, 0x32, 0x50, 0x32, 0x6E,
    0xEA, 0x03, 0x2A, 0x05, 0xB2, 0x40, 0xEA, 0x00, 0x65, 0x05, 0x97, 0x00, 0x6A, 0x00, 0xEF, 0x03,
    0x63, 0x50, 0x1C, 0x13, 0x80, 0xD5, 0x88, 0x11, 0x80, 0x14, 0xB2, 0x60, 0x9A, 0x01, 0x6E, 0x6C,
    0xEE, 0x62, 0x67, 0x1F, 0x26, 0xC2, 0xAA, 0x20, 0xF0, 0xEC, 0xA4, 0xEE, 0xEE, 0x1A, 0x2E, 0x01,
    0x75, 0x0F, 0x61, 0x46, 0xAA, 0x01, 0x4A, 0x46, 0xCB, 0x20, 0xF0, 0x4F, 0xA4, 0x02, 0x72, 0x05,
    0x61, 0x4F, 0x9C, 0x84, 0x9B, 0x41, 0xAA, 0x89, 0xE2, 0x44, 0xDB, 0x00, 0x6A, 0x20, 0xE8, 0x46,
    0xC3, 0x20, 0xF0, 0x92, 0xA4, 0x66, 0xA2, 0x83, 0xEB, 0x04, 0x60, 0x67, 0xAA, 0x86, 0xC2, 0x01,
    0x4B, 0x67, 0xCA, 0x20, 0xE8, 0x00, 0x65, 0x00, 0x65, 0xA0, 0xF9, 0x12, 0x80, 0xFC, 0x63, 0x07,
    0x62, 0x06, 0xD1, 0x05, 0xD0, 0x01, 0x75, 0x04, 0x67, 0x25, 0x67, 0x08, 0x61, 0x0A, 0xD6, 0x85,
    0x9C, 0xA6, 0x67, 0x08, 0xB2, 0x40, 0xEA, 0x0B, 0xD7, 0x0B, 0x97, 0x0A, 0x96, 0xB1, 0x67, 0x06,
    0xB2, 0x40, 0xEA, 0x90, 0x67, 0x07, 0x97, 0x06, 0x91, 0x05, 0x90, 0x00, 0xEF, 0x04, 0x63, 0x00,
    0x65, 0x89, 0x89, 0x11, 0x80, 0x8D, 0x34, 0x00, 0x80, 0xFD, 0x63, 0x05, 0x62, 0x04, 0xD0, 0x0A,
    0xB2, 0x40, 0xA2, 0x0A, 0xB0, 0x07, 0x22, 0x01, 0x6A, 0x40, 0xC0, 0x40, 0xA0, 0x05, 0x97, 0x04,
    0x90, 0x00, 0xEF, 0x03, 0x63, 0x06, 0xB2, 0x40, 0xEA, 0x02, 0x6C, 0x01, 0x5A, 0x58, 0x67, 0x01,
    0x6B, 0x6E, 0xEA, 0xF2, 0x17, 0xE3, 0x0F, 0x12, 0x80, 0x88, 0x00, 0x12, 0x80, 0x99, 0x32, 0x01,
    0x80, 0xFD, 0x63, 0x05, 0x62, 0x04, 0xD0, 0x2F, 0xB2, 0x2F, 0xB3, 0x30, 0xB0, 0x7B, 0xDA, 0xE0,
    0xF0, 0x85, 0xA0, 0xE0, 0xF0, 0x44, 0xA0, 0xE0, 0xF0, 0x66, 0xA0, 0x80, 0x34, 0x4D, 0xEC, 0x60,
    0x33, 0xE0, 0xF0, 0x47, 0xA0, 0x60, 0x33, 0x6D, 0xEC, 0x29, 0xB3, 0x00, 0xF6, 0x40, 0x32, 0x8D,
    0xEA, 0x6D, 0xEA, 0x42, 0x33, 0xE0, 0xF0, 0x65, 0xC0, 0x62, 0x33, 0xE0, 0xF0, 0x66, 0xC0, 0x25,
    0xB3, 0xE0, 0xF0, 0x44, 0xC0, 0x00, 0xF6, 0x42, 0x32, 0xE0, 0xF0, 0x47, 0xC0, 0x40, 0x9B, 0x08,
    0xF0, 0x00, 0x6C, 0x8D, 0xEA, 0x40, 0xDB, 0x20, 0xB2, 0x40, 0xEA, 0x00, 0x65, 0x1F, 0xB2, 0xFF,
    0xF7, 0x1F, 0x6B, 0x01, 0x6D, 0x40, 0xAA, 0x00, 0xF2, 0x1A, 0x6C, 0x6C, 0xEA, 0x4D, 0xED, 0x1C,
    0xB2, 0x40, 0x9A, 0x40, 0xEA, 0x6C, 0xED, 0xC0, 0xF1, 0x4F, 0xA0, 0x01, 0x6B, 0x6C, 0xEA, 0x03,
    0x22, 0x18, 0xB2, 0x40, 0xEA, 0x08, 0x6C, 0x10, 0xF0, 0x00, 0x6C, 0x17, 0xB2, 0x40, 0xEA, 0x00,
    0x65, 0x13, 0x2A, 0x10, 0xF0, 0x00, 0x6C, 0x13, 0xB2, 0x40, 0xEA, 0x00, 0x65, 0x62, 0xF0, 0x04,
    0x6C, 0x12, 0xB2, 0x40, 0xEA, 0x02, 0x6D, 0x12, 0xB5, 0x62, 0xF0, 0x04, 0x6C, 0xAC, 0xEA, 0x11,
    0xB5, 0x4D, 0xED, 0x11, 0xB2, 0x40, 0xEA, 0x02, 0x6E, 0x05, 0x97, 0x04, 0x90, 0x00, 0xEF, 0x03,
    0x63, 0x1C, 0xD5, 0x12, 0x80, 0xED, 0x85, 0x11, 0x80, 0xA8, 0x00, 0x12, 0x80, 0x00, 0x00, 0x00,
    0x80, 0xBC, 0xAD, 0x00, 0xB0, 0x19, 0x81, 0x08, 0x80, 0x1A, 0x02, 0x00, 0xB6, 0xE8, 0x04, 0x12,
    0x80, 0x15, 0x34, 0x01, 0x80, 0x99, 0x32, 0x01, 0x80, 0x45, 0x1C, 0x01, 0x80, 0x3F, 0xFE, 0x1F,
    0xFF, 0x80, 0x00, 0x20, 0x00, 0x3D, 0x1D, 0x01, 0x80, 0xFD, 0x63, 0x05, 0x62, 0x0B, 0xB2, 0x40,
    0xEA, 0x00, 0x65, 0x0B, 0xB2, 0x0A, 0x6B, 0x60, 0xCA, 0x28, 0x6B, 0x61, 0xCA, 0x05, 0x97, 0x50,
    0x6B, 0x62, 0xCA, 0x63, 0xCA, 0x00, 0x6B, 0x64, 0xCA, 0x65, 0xCA, 0x66, 0xCA, 0x67, 0xCA, 0x05,
    0xB2, 0x6B, 0xCA, 0x00, 0xEF, 0x03, 0x63, 0x00, 0x65, 0xAD, 0x82, 0x08, 0x80, 0xF0, 0xDD, 0x12,
    0x80, 0x00, 0xDE, 0x12, 0x80, 0xFD, 0x63, 0x05, 0x62, 0x09, 0xB2, 0x60, 0x9A, 0x41, 0x43, 0x07,
    0x22, 0x6C, 0x32, 0x6B, 0xE2, 0x48, 0x32, 0x07, 0xB3, 0x49, 0xE3, 0x07, 0xB3, 0x63, 0xDA, 0x07,
    0xB2, 0x40, 0xEA, 0x00, 0x65, 0x05, 0x97, 0x00, 0xEF, 0x03, 0x63, 0x00, 0x65, 0x68, 0x0E, 0x12,
    0x80, 0xB0, 0xD6, 0x12, 0x80, 0x4D, 0x9B, 0x11, 0x80, 0x49, 0x8B, 0x11, 0x80, 0xFD, 0x63, 0x05,
    0x62, 0x10, 0xB2, 0x40, 0xEA, 0x00, 0x65, 0x10, 0xB3, 0x10, 0xB4, 0x60, 0xF1, 0x8E, 0xA4, 0xC0,
    0xF1, 0x7C, 0xA3, 0xFF, 0x6D, 0x42, 0x32, 0x8D, 0xEB, 0xAC, 0xEB, 0x01, 0x6C, 0x42, 0x32, 0x8C,
    0xEA, 0x6B, 0xEC, 0xC0, 0xF7, 0x82, 0x34, 0x8E, 0xEA, 0xAC, 0xEA, 0x06, 0x22, 0x08, 0xB4, 0x09,
    0xB2, 0x01, 0x2B, 0x09, 0xB2, 0x40, 0xEA, 0x00, 0x65, 0x05, 0x97, 0x00, 0xEF, 0x03, 0x63, 0x00,
    0x65, 0xBD, 0x33, 0x01, 0x80, 0x04, 0x3C, 0x12, 0x80, 0xB0, 0x55, 0x12, 0x80, 0x00, 0x00, 0x01,
    0x00, 0x15, 0x34, 0x01, 0x80, 0xE1, 0x33, 0x01, 0x80, 0x07, 0xB2, 0x08, 0xB3, 0x60, 0xDA, 0x08,
    0xB3, 0x61, 0xDA, 0x08, 0xB3, 0x62, 0xDA, 0x08, 0xB3, 0x63, 0xDA, 0x08, 0xB3, 0x64, 0xDA, 0x08,
    0xB3, 0x20, 0xE8, 0x65, 0xDA, 0xF0, 0x0F, 0x12, 0x80, 0x1D, 0x86, 0x11, 0x80, 0xFD, 0x86, 0x11,
    0x80, 0x95, 0x83, 0x11, 0x80, 0xD9, 0x83, 0x11, 0x80, 0x1D, 0x9F, 0x11, 0x80, 0xA9, 0x83, 0x11,
    0x80, 0xFC, 0x63, 0x07, 0x62, 0x06, 0xD1, 0x05, 0xD0, 0x25, 0xB2, 0x26, 0xB3, 0x60, 0xDA, 0x26,
    0xB2, 0x26, 0xB3, 0x60, 0xDA, 0x26, 0xB2, 0x27, 0xB3, 0x60, 0xDA, 0x27, 0xB2, 0x27, 0xB3, 0x60,
    0xDA, 0x27, 0xB3, 0x28, 0xB2, 0x60, 0xDA, 0x28, 0xB2, 0x40, 0xEA, 0x00, 0x68, 0x27, 0xB2, 0x28,
    0xB3, 0x60, 0xDA, 0x28, 0xB2, 0x28, 0xB3, 0x60, 0xDA, 0x28, 0xB2, 0x29, 0xB3, 0x60, 0xDA, 0x29,
    0xB2, 0x00, 0xCA, 0x29, 0xB2, 0x00, 0xC2, 0x29, 0xB3, 0x29, 0xB2, 0x60, 0xDA, 0x29, 0xB1, 0x2A,
    0xB2, 0x2A, 0xB3, 0x40, 0xE9, 0x60, 0xDA, 0x2A, 0xB2, 0x2A, 0xB3, 0x40, 0xE9, 0x60, 0xDA, 0x2A,
    0xB2, 0x01, 0x6B, 0x00, 0xC2, 0x6B, 0xEB, 0x29, 0xB2, 0x60, 0xCA, 0x29, 0xB2, 0x40, 0xF0, 0x02,
    0xC2, 0x07, 0x6B, 0x28, 0xB2, 0x73, 0xCA, 0x74, 0xCA, 0x27, 0xB2, 0x28, 0xB3, 0x60, 0xDA, 0x07,
    0x97, 0x27, 0xB2, 0x28, 0xB3, 0x06, 0x91, 0x05, 0x90, 0x60, 0xDA, 0x27, 0xB2, 0x27, 0xB3, 0x60,
    0xDA, 0x27, 0xB2, 0x28, 0xB3, 0x60, 0xDA, 0x00, 0xEF, 0x04, 0x63, 0x00, 0x65, 0x54, 0x1A, 0x12,
    0x80, 0xED, 0x87, 0x11, 0x80, 0x7C, 0x00, 0x12, 0x80, 0xC5, 0x84, 0x11, 0x80, 0x80, 0x00, 0x12,
    0x80, 0x51, 0x85, 0x11, 0x80, 0xE8, 0x0F, 0x12, 0x80, 0x31, 0xA7, 0x11, 0x80, 0xD1, 0xA0, 0x11,
    0x80, 0xEC, 0x0F, 0x12, 0x80, 0x19, 0x8C, 0x11, 0x80, 0xA0, 0x10, 0x12, 0x80, 0xD9, 0x94, 0x11,
    0x80, 0xA4, 0x10, 0x12, 0x80, 0x95, 0x84, 0x11, 0x80, 0xDC, 0x04, 0x12, 0x80, 0x7D, 0x87, 0x11,
    0x80, 0x98, 0xF9, 0x12, 0x80, 0x97, 0xF9, 0x12, 0x80, 0x4D, 0x83, 0x11, 0x80, 0x58, 0x1A, 0x12,
    0x80, 0x49, 0x8B, 0x11, 0x80, 0x50, 0x1A, 0x12, 0x80, 0x91, 0x87, 0x11, 0x80, 0x70, 0x13, 0x12,
    0x80, 0x11, 0x9A, 0x11, 0x80, 0x9E, 0xF9, 0x12, 0x80, 0x9C, 0xF9, 0x12, 0x80, 0x00, 0xDE, 0x12,
    0x80, 0xB8, 0xF9, 0x12, 0x80, 0x08, 0x10, 0x12, 0x80, 0x5D, 0xBC, 0x11, 0x80, 0x0C, 0x10, 0x12,
    0x80, 0x75, 0xBC, 0x11, 0x80, 0x48, 0x06, 0x12, 0x80, 0xDD, 0x89, 0x11, 0x80, 0x8C, 0x13, 0x12,
    0x80, 0x31, 0x89, 0x11, 0x80, 0xFA, 0x63, 0x0B, 0x62, 0x0A, 0xD1, 0x09, 0xD0, 0x62, 0xA4, 0x00,
    0x6E, 0x24, 0x67, 0x05, 0xD6, 0x1F, 0x23, 0xA8, 0x43, 0xEA, 0x4D, 0xFF, 0x6C, 0x8C, 0xED, 0x03,
    0x5D, 0x00, 0x6A, 0x40, 0x60, 0x44, 0xA1, 0x01, 0x72, 0x46, 0x67, 0x3C, 0x61, 0xA8, 0x35, 0x21,
    0xB2, 0x55, 0xE5, 0x00, 0x68, 0x24, 0x25, 0x1E, 0x73, 0x04, 0x68, 0x05, 0x60, 0x1F, 0x73, 0x18,
    0x67, 0x01, 0x58, 0x18, 0x67, 0x8C, 0xE8, 0xD0, 0x67, 0x05, 0x04, 0x1B, 0xB2, 0x40, 0xEA, 0x06,
    0xD3, 0x06, 0x93, 0x15, 0x10, 0x19, 0xB2, 0x40, 0xAA, 0x9D, 0x67, 0x01, 0x6D, 0x4A, 0xCC, 0x18,
    0xB2, 0x40, 0xAA, 0x04, 0x68, 0x56, 0xC4, 0x17, 0xB4, 0x17, 0xB2, 0xC0, 0xF1, 0x8F, 0xA4, 0x42,
    0xA2, 0xAC, 0xEC, 0x0F, 0x6D, 0x90, 0x34, 0xAC, 0xEA, 0x8D, 0xEA, 0x9D, 0x67, 0x57, 0xC4, 0x30,
    0x6A, 0x9D, 0x67, 0x50, 0xC4, 0x41, 0xA1, 0x10, 0x6C, 0x8B, 0xEC, 0x8C, 0xEA, 0x10, 0x30, 0x9D,
    0x67, 0x51, 0xC4, 0x72, 0xC4, 0x13, 0xC4, 0x0D, 0xB2, 0x40, 0x9A, 0x05, 0x96, 0x04, 0x95, 0x40,
    0xEA, 0x02, 0x6C, 0x01, 0x6A, 0x0B, 0x97, 0x0A, 0x91, 0x09, 0x90, 0x00, 0xEF, 0x06, 0x63, 0x00,
    0x65, 0x2C, 0xF8, 0x12, 0x80, 0x5D, 0xEE, 0x00, 0x80, 0x98, 0x00, 0x12, 0x80, 0x9A, 0x00, 0x12,
    0x80, 0xA8, 0x00, 0x12, 0x80, 0x2C, 0xFA, 0x12, 0x80, 0x78, 0x00, 0x12, 0x80, 0xFD, 0x63, 0x05,
    0x62, 0x06, 0xB3, 0x40, 0xA3, 0x8E, 0xEA, 0x05, 0x22, 0x05, 0xB5, 0x80, 0xC3, 0x05, 0xB2, 0x40,
    0xEA, 0x27, 0x6C, 0x05, 0x97, 0x00, 0xEF, 0x03, 0x63, 0x9A, 0xF9, 0x12, 0x80, 0x00, 0x00, 0x08,
    0x00, 0x69, 0xF4, 0x00, 0x80, 0x4C, 0x44, 0x04, 0x5A, 0x01, 0x61, 0x07, 0x6C, 0x02, 0xB2, 0x20,
    0xE8, 0x94, 0xCA, 0x00, 0x65, 0xB8, 0xF9, 0x12, 0x80, 0xFA, 0x63, 0x0B, 0x62, 0x0A, 0xD1, 0x09,
    0xD0, 0x18, 0xB1, 0x53, 0xA9, 0x8E, 0xEA, 0x26, 0x22, 0x17, 0xB2, 0x40, 0x9A, 0x04, 0x67, 0x01,
    0x6E, 0x45, 0x6D, 0x40, 0xEA, 0x00, 0x6C, 0xC0, 0xF1, 0x00, 0x6B, 0x18, 0x37, 0x6C, 0xEF, 0x7F,
    0xF4, 0x1F, 0x4B, 0x6C, 0xEA, 0x4D, 0xEF, 0x11, 0xB2, 0x40, 0x9A, 0xFF, 0xF7, 0x1F, 0x6B, 0x6C,
    0xEF, 0x01, 0x6E, 0x45, 0x6D, 0x40, 0xEA, 0x00, 0x6C, 0x0D, 0xB2, 0x05, 0xD2, 0x01, 0x6A, 0x04,
    0xD2, 0x06, 0xD0, 0x68, 0xF6, 0x19, 0x6F, 0x61, 0xF5, 0x18, 0x6E, 0xFE, 0x6D, 0x04, 0x6C, 0x09,
    0xB2, 0x40, 0xEA, 0x13, 0xC9, 0x0B, 0x97, 0x0A, 0x91, 0x09, 0x90, 0x00, 0xEF, 0x06, 0x63, 0x00,
    0x65, 0xB8, 0xF9, 0x12, 0x80, 0x0C, 0x07, 0x12, 0x80, 0x10, 0x07, 0x12, 0x80, 0x78, 0xC6, 0x11,
    0x80, 0x11, 0x46, 0x08, 0x80, 0x02, 0xB2, 0x20, 0xE8, 0x54, 0xAA, 0x00, 0x65, 0xB8, 0xF9, 0x12,
    0x80, 0x84, 0x32, 0x89, 0xE2, 0x44, 0x32, 0x06, 0xB4, 0x51, 0xE4, 0xFF, 0x6A, 0x47, 0xCC, 0x01,
    0x6A, 0x4B, 0xEA, 0x48, 0xCC, 0x00, 0x6A, 0x20, 0xE8, 0x52, 0xC4, 0x00, 0x65, 0xB8, 0xF9, 0x12,
    0x80, 0xFD, 0x63, 0x05, 0x62, 0x0A, 0xB2, 0x40, 0xEA, 0x00, 0x65, 0x0A, 0xB3, 0x40, 0xEB, 0x00,
    0x6C, 0x40, 0xEB, 0x01, 0x6C, 0x40, 0xEB, 0x02, 0x6C, 0x40, 0xEB, 0x03, 0x6C, 0x01, 0x6B, 0x06,
    0xB2, 0x6B, 0xEB, 0x60, 0xC2, 0x05, 0x97, 0x00, 0xEF, 0x03, 0x63, 0x00, 0x65, 0x85, 0x8B, 0x11,
    0x80, 0x11, 0x8F, 0x11, 0x80, 0xB4, 0xF9, 0x12, 0x80, 0xFA, 0x63, 0x0B, 0x62, 0x0A, 0xD1, 0x09,
    0xD0, 0x00, 0x68, 0x24, 0x67, 0x65, 0x67, 0x04, 0x32, 0x09, 0xE2, 0x44, 0x32, 0x11, 0xB6, 0x59,
    0xE6, 0x88, 0xAE, 0x04, 0x05, 0x10, 0xB2, 0x0D, 0xD3, 0x40, 0xEA, 0x06, 0xD6, 0xFF, 0x72, 0x0D,
    0x93, 0x0F, 0x60, 0x5D, 0x67, 0x48, 0xAA, 0x06, 0x96, 0x2E, 0xEA, 0x0A, 0x2A, 0x52, 0x86, 0x40,
    0xC3, 0x00, 0x6A, 0x0B, 0x97, 0x0A, 0x91, 0x09, 0x90, 0xFF, 0x6B, 0x6C, 0xEA, 0x00, 0xEF, 0x06,
    0x63, 0x01, 0x48, 0xFF, 0x6A, 0x4C, 0xE8, 0x04, 0x58, 0xDE, 0x61, 0x01, 0x6A, 0x4B, 0xEA, 0xF1,
    0x17, 0xB8, 0xF9, 0x12, 0x80, 0xC9, 0x01, 0x07, 0x80, 0xFA, 0x63, 0x0B, 0x62, 0x0A, 0xD1, 0x09,
    0xD0, 0x16, 0xB2, 0x43, 0xAA, 0x16, 0xB1, 0x48, 0xC9, 0x16, 0xB2, 0x64, 0xAA, 0x6B, 0xC9, 0x65,
    0xAA, 0x46, 0xAA, 0x6E, 0xC9, 0x51, 0xC9, 0x00, 0x6B, 0x64, 0x30, 0x61, 0xE0, 0x04, 0x30, 0x01,
    0xE1, 0x88, 0xA8, 0xFF, 0xF7, 0x1F, 0x74, 0x58, 0x67, 0x0D, 0x2A, 0x52, 0xC0, 0xFF, 0x6A, 0x47,
    0xC8, 0x01, 0x4B, 0xFF, 0x6A, 0x4C, 0xEB, 0x04, 0x5B, 0xEF, 0x61, 0x0B, 0x97, 0x0A, 0x91, 0x09,
    0x90, 0x00, 0xEF, 0x06, 0x63, 0x04, 0x05, 0x08, 0xB2, 0x40, 0xEA, 0x06, 0xD3, 0xFF, 0x72, 0x06,
    0x93, 0xEF, 0x60, 0x5D, 0x67, 0x48, 0xAA, 0xEB, 0x17, 0x08, 0xFA, 0x12, 0x80, 0xB8, 0xF9, 0x12,
    0x80, 0x00, 0xDE, 0x12, 0x80, 0xC9, 0x01, 0x07, 0x80, 0xF7, 0x63, 0x11, 0x62, 0x10, 0xD1, 0x0F,
    0xD0, 0x2D, 0xB2, 0x0A, 0x05, 0x40, 0xEA, 0x12, 0xD4, 0xFF, 0x72, 0x4F, 0x60, 0x5D, 0x67, 0x74,
    0xAA, 0xA0, 0xF2, 0x1C, 0x6A, 0x58, 0xEB, 0x29, 0xB3, 0x12, 0xE8, 0x01, 0xE3, 0x60, 0xF0, 0x5C,
    0xA8, 0x44, 0x2A, 0xCD, 0x98, 0x00, 0x6D, 0x26, 0x6C, 0x25, 0xB1, 0x40, 0xE9, 0x0C, 0xD6, 0x0C,
    0x96, 0xCC, 0xEA, 0x3B, 0x2A, 0x7D, 0x67, 0x25, 0x6C, 0x20, 0xF0, 0x80, 0xC3, 0x21, 0xB4, 0x40,
    0xF1, 0x85, 0xA4, 0x21, 0xB5, 0x03, 0x6F, 0x20, 0xF0, 0x82, 0xC3, 0xA0, 0xF0, 0x85, 0xA5, 0xA0,
    0xF0, 0xC4, 0xA5, 0x08, 0x05, 0x80, 0x34, 0xCD, 0xEC, 0x20, 0xF0, 0x83, 0xC3, 0x82, 0x34, 0x20,
    0xF0, 0x84, 0xC3, 0x1A, 0xB4, 0x80, 0xAC, 0x07, 0x6E, 0x20, 0xF0, 0x85, 0xC3, 0x82, 0x34, 0x20,
    0xF0, 0x86, 0xC3, 0x05, 0xD2, 0x64, 0x6A, 0x04, 0xD2, 0x15, 0xB2, 0x40, 0xEA, 0x94, 0xAB, 0x00,
    0x6D, 0x40, 0xE9, 0x26, 0x6C, 0x6C, 0x98, 0x25, 0xF7, 0x02, 0x6F, 0x81, 0xF6, 0x17, 0x6E, 0x6D,
    0xEA, 0x4C, 0xD8, 0x12, 0x92, 0xFE, 0x6D, 0x07, 0xD2, 0x25, 0x6A, 0x06, 0xD2, 0x0D, 0xB2, 0x05,
    0xD2, 0x02, 0x6A, 0x04, 0xD2, 0x0C, 0xB2, 0x40, 0xEA, 0x04, 0x6C, 0x11, 0x97, 0x10, 0x91, 0x0F,
    0x90, 0x00, 0xEF, 0x09, 0x63, 0xC9, 0x01, 0x07, 0x80, 0x50, 0x1C, 0x13, 0x80, 0x31, 0x00, 0x07,
    0x80, 0xB0, 0x55, 0x12, 0x80, 0xA8, 0x00, 0x12, 0x80, 0x98, 0x00, 0x12, 0x80, 0xB5, 0x0C, 0x07,
    0x80, 0x78, 0xC6, 0x11, 0x80, 0x11, 0x46, 0x08, 0x80, 0xFC, 0x63, 0x07, 0x62, 0x06, 0xD0, 0x09,
    0xB2, 0x05, 0x67, 0x40, 0xEA, 0x04, 0x05, 0x00, 0x6D, 0x05, 0x2A, 0x5D, 0x67, 0xA8, 0xAA, 0x0E,
    0xED, 0x01, 0x5D, 0xB8, 0x67, 0x07, 0x97, 0x06, 0x90, 0x45, 0x67, 0x00, 0xEF, 0x04, 0x63, 0x00,
    0x65, 0xC9, 0x01, 0x07, 0x80, 0xA0, 0xF2, 0x1C, 0x6A, 0x58, 0xED, 0x0B, 0xB2, 0x12, 0xEB, 0x69,
    0xE2, 0xA0, 0xF0, 0x57, 0xA2, 0x02, 0x72, 0x00, 0x6A, 0x0A, 0x61, 0x40, 0xAC, 0x04, 0xF2, 0x05,
    0x6B, 0x6B, 0xEB, 0x6C, 0xEA, 0x02, 0xF1, 0x02, 0x6B, 0x6D, 0xEA, 0x40, 0xCC, 0x01, 0x6A, 0x20,
    0xE8, 0x00, 0x65, 0x00, 0x65, 0x50, 0x1C, 0x13, 0x80, 0xFD, 0x63, 0x05, 0x62, 0x03, 0xB2, 0x40,
    0xEA, 0x00, 0x6C, 0x05, 0x97, 0x00, 0xEF, 0x03, 0x63, 0x45, 0x34, 0x01, 0x80, 0x09, 0xB2, 0x50,
    0xA2, 0x0D, 0x22, 0x09, 0xB2, 0x09, 0xB3, 0xC0, 0xF1, 0x5C, 0xA2, 0x60, 0xF1, 0x8E, 0xA3, 0x89,
    0xE2, 0x01, 0x72, 0x00, 0x6A, 0x03, 0x61, 0x44, 0x9B, 0x01, 0x5A, 0x58, 0x67, 0x20, 0xE8, 0x00,
    0x65, 0x00, 0xDE, 0x12, 0x80, 0x04, 0x3C, 0x12, 0x80, 0xB0, 0x55, 0x12, 0x80, 0xFA, 0x63, 0x0B,
    0x62, 0x0A, 0xD1, 0x09, 0xD0, 0x25, 0xB2, 0x40, 0xEA, 0x00, 0x65, 0x02, 0x67, 0x24, 0xB1, 0x4C,
    0xA1, 0x27, 0x20, 0x01, 0x68, 0x1F, 0x2A, 0x23, 0xB2, 0xFF, 0xF7, 0x1F, 0x6B, 0x00, 0xF4, 0x00,
    0x6D, 0x40, 0xAA, 0xFF, 0x6C, 0x1D, 0x4C, 0x6C, 0xEA, 0x4D, 0xED, 0x1F, 0xB2, 0x40, 0x9A, 0x40,
    0xEA, 0x6C, 0xED, 0x1E, 0xB2, 0x1E, 0xB4, 0x40, 0xEA, 0x02, 0x6D, 0x1E, 0xB2, 0x0C, 0xC1, 0x06,
    0xD0, 0x05, 0xD2, 0x04, 0xD0, 0x88, 0xF6, 0x05, 0x6F, 0xA2, 0xF0, 0x09, 0x6E, 0xFE, 0x6D, 0x1A,
    0xB2, 0x40, 0xEA, 0x05, 0x6C, 0x50, 0x67, 0x0B, 0x97, 0x0A, 0x91, 0x09, 0x90, 0x00, 0xEF, 0x06,
    0x63, 0x01, 0x72, 0xF8, 0x61, 0x0F, 0xB2, 0xFF, 0xF3, 0x1F, 0x6D, 0xFF, 0x6C, 0x60, 0xAA, 0x0E,
    0xB2, 0x40, 0x9A, 0x6C, 0xED, 0x40, 0xEA, 0x1D, 0x4C, 0x10, 0xB2, 0x0D, 0xB4, 0x40, 0xEA, 0x02,
    0x6D, 0x0C, 0xB2, 0x05, 0xD2, 0x01, 0x6A, 0x0C, 0xC1, 0x06, 0xD0, 0x04, 0xD2, 0x88, 0xF6, 0x05,
    0x6F, 0xA2, 0xF0, 0x13, 0x6E, 0xDB, 0x17, 0x00, 0x65, 0x8D, 0x91, 0x11, 0x80, 0xB8, 0xF9, 0x12,
    0x80, 0x1C, 0x01, 0x00, 0xB6, 0xE8, 0x04, 0x12, 0x80, 0xE9, 0x66, 0x11, 0x80, 0x50, 0xF9, 0x12,
    0x80, 0x78, 0xC6, 0x11, 0x80, 0x11, 0x46, 0x08, 0x80, 0x5D, 0x67, 0x11, 0x80, 0xF9, 0x63, 0x0D,
    0x62, 0x0C, 0xD1, 0x0B, 0xD0, 0x40, 0x9C, 0x00, 0xF2, 0x02, 0x6B, 0x24, 0xB0, 0x6C, 0xEA, 0x6A,
    0xEA, 0x15, 0x61, 0xFF, 0x6A, 0x44, 0xC8, 0x22, 0xB2, 0x40, 0xEA, 0x00, 0x65, 0x01, 0x72, 0x07,
    0x61, 0x01, 0x6B, 0x64, 0xC8, 0x0D, 0x97, 0x0C, 0x91, 0x0B, 0x90, 0x00, 0xEF, 0x07, 0x63, 0x1D,
    0xB2, 0x4E, 0xA2, 0xF8, 0x22, 0x02, 0x6A, 0x44, 0xC8, 0x01, 0x6A, 0xF4, 0x17, 0x1A, 0xB2, 0x00,
    0x69, 0x22, 0xD8, 0x60, 0xAA, 0x19, 0xB2, 0x40, 0x9A, 0xFF, 0xF3, 0x1F, 0x6D, 0xFF, 0x6C, 0x6C,
    0xED, 0x40, 0xEA, 0x1D, 0x4C, 0x16, 0xB4, 0x17, 0xB2, 0x40, 0xEA, 0x02, 0x6D, 0x16, 0xB3, 0x2C,
    0xC0, 0x06, 0xD1, 0x01, 0x69, 0x05, 0xD3, 0x88, 0xF6, 0x05, 0x6F, 0x62, 0xF0, 0x0F, 0x6E, 0xFE,
    0x6D, 0x05, 0x6C, 0x04, 0xD1, 0x11, 0xB2, 0x40, 0xEA, 0x08, 0xD3, 0x44, 0xA8, 0x08, 0x93, 0x04,
    0xD1, 0x06, 0xD2, 0x05, 0xD3, 0x05, 0xF7, 0x1C, 0x6F, 0x62, 0xF0, 0x15, 0x6E, 0xFE, 0x6D, 0x0B,
    0xB2, 0x40, 0xEA, 0x05, 0x6C, 0x00, 0x6A, 0xC6, 0x17, 0xB8, 0xF9, 0x12, 0x80, 0xBD, 0x91, 0x11,
    0x80, 0x00, 0xDE, 0x12, 0x80, 0x1C, 0x01, 0x00, 0xB6, 0xE8, 0x04, 0x12, 0x80, 0x50, 0xF9, 0x12,
    0x80, 0x5D, 0x67, 0x11, 0x80, 0x78, 0xC6, 0x11, 0x80, 0x11, 0x46, 0x08, 0x80, 0x20, 0xE8, 0x00,
    0x65, 0xFD, 0x63, 0x05, 0x62, 0x40, 0x9C, 0x10, 0x6B, 0x07, 0x6C, 0x6C, 0xEA, 0x02, 0x22, 0x05,
    0xB2, 0x94, 0xAA, 0x05, 0xB2, 0x40, 0xEA, 0x00, 0x65, 0x05, 0x97, 0x00, 0xEF, 0x03, 0x63, 0x00,
    0x65, 0xB8, 0xF9, 0x12, 0x80, 0x89, 0x8E, 0x11, 0x80, 0x1D, 0xB2, 0xC0, 0xF1, 0x4F, 0xA2, 0x01,
    0x6B, 0x6C, 0xEA, 0x32, 0x22, 0xF9, 0x63, 0x0D, 0x62, 0x0C, 0xD1, 0x0B, 0xD0, 0x19, 0xB2, 0x04,
    0xF0, 0x00, 0x68, 0x40, 0xEA, 0x08, 0xD4, 0x22, 0x67, 0x17, 0xB2, 0x40, 0xEA, 0x90, 0x67, 0x0C,
    0xE9, 0x4E, 0xE9, 0x18, 0x21, 0x08, 0x93, 0x90, 0x67, 0x40, 0x9B, 0x0C, 0xEA, 0x18, 0x22, 0x13,
    0xB2, 0x40, 0xEA, 0x00, 0x65, 0x01, 0x6A, 0x12, 0xB3, 0x06, 0xD2, 0x04, 0xD2, 0x05, 0xD3, 0x25,
    0xF7, 0x09, 0x6F, 0x02, 0xF1, 0x12, 0x6E, 0xFE, 0x6D, 0x0E, 0xB2, 0x40, 0xEA, 0x04, 0x6C, 0x0E,
    0xB2, 0x40, 0xEA, 0x00, 0x65, 0x0D, 0x97, 0x0C, 0x91, 0x0B, 0x90, 0x00, 0xEF, 0x07, 0x63, 0x0B,
    0xB2, 0x40, 0xEA, 0x00, 0x65, 0x0A, 0xB2, 0xF4, 0x17, 0x20, 0xE8, 0x00, 0x65, 0xA8, 0x00, 0x12,
    0x80, 0xBD, 0x33, 0x01, 0x80, 0x99, 0x32, 0x01, 0x80, 0x15, 0x34, 0x01, 0x80, 0x78, 0xC6, 0x11,
    0x80, 0x11, 0x46, 0x08, 0x80, 0x21, 0xBC, 0x11, 0x80, 0xE1, 0x33, 0x01, 0x80, 0x3D, 0xBC, 0x11,
    0x80, 0xFB, 0x63, 0x09, 0x62, 0x40, 0x9C, 0x01, 0x6B, 0x88, 0xF6, 0x04, 0x6F, 0x42, 0x32, 0x52,
    0x32, 0x6C, 0xEA, 0x09, 0xB3, 0x40, 0xC3, 0x06, 0xD2, 0x08, 0xB2, 0x05, 0xD2, 0x01, 0x6A, 0x04,
    0xD2, 0x42, 0xF1, 0x08, 0x6E, 0xFE, 0x6D, 0x06, 0xB2, 0x40, 0xEA, 0x04, 0x6C, 0x09, 0x97, 0x00,
    0xEF, 0x05, 0x63, 0x00, 0x65, 0x97, 0xF9, 0x12, 0x80, 0x78, 0xC6, 0x11, 0x80, 0x11, 0x46, 0x08,
    0x80, 0x40, 0x9C, 0x08, 0xB5, 0x01, 0x6B, 0x44, 0x32, 0x42, 0x32, 0x5E, 0x32, 0x6C, 0xEA, 0x61,
    0xA5, 0x03, 0x6C, 0x8B, 0xEC, 0x44, 0x32, 0x8C, 0xEB, 0x6D, 0xEA, 0x20, 0xE8, 0x41, 0xC5, 0x00,
    0x65, 0xB8, 0x32, 0x12, 0x80, 0xFA, 0x63, 0x0B, 0x62, 0x0A, 0xD1, 0x09, 0xD0, 0x15, 0xB2, 0x01,
    0xF0, 0x00, 0x68, 0x40, 0xEA, 0x0C, 0xD4, 0x22, 0x67, 0x13, 0xB2, 0x40, 0xEA, 0x90, 0x67, 0x0C,
    0xE9, 0x4E, 0xE9, 0x15, 0x21, 0x0C, 0x93, 0x90, 0x67, 0x40, 0x9B, 0x0C, 0xEA, 0x15, 0x22, 0x0F,
    0xB2, 0x40, 0xEA, 0x00, 0x65, 0x01, 0x6A, 0x0E, 0xB3, 0x06, 0xD2, 0x04, 0xD2, 0x05, 0xD3, 0x25,
    0xF7, 0x03, 0x6F, 0x22, 0xF1, 0x0C, 0x6E, 0xFE, 0x6D, 0x0A, 0xB2, 0x40, 0xEA, 0x04, 0x6C, 0x0B,
    0x97, 0x0A, 0x91, 0x09, 0x90, 0x00, 0xEF, 0x06, 0x63, 0x07, 0xB2, 0x40, 0xEA, 0x00, 0x65, 0xF7,
    0x17, 0xBD, 0x33, 0x01, 0x80, 0x99, 0x32, 0x01, 0x80, 0x15, 0x34, 0x01, 0x80, 0x78, 0xC6, 0x11,
    0x80, 0x11, 0x46, 0x08, 0x80, 0xE1, 0x33, 0x01, 0x80, 0x43, 0x85, 0x00, 0x52, 0x73, 0x60, 0xF9,
    0x63, 0x0D, 0x62, 0x0C, 0xD1, 0x0B, 0xD0, 0x39, 0xB3, 0x05, 0x67, 0xFF, 0x6C, 0x40, 0xA3, 0x80,
    0x6D, 0xAB, 0xED, 0x8C, 0xEA, 0xAD, 0xEA, 0x8C, 0xEA, 0x40, 0xC3, 0x40, 0x98, 0x34, 0xB3, 0x35,
    0xB1, 0x68, 0xF6, 0x14, 0x6F, 0x6C, 0xEA, 0x06, 0xD2, 0x01, 0x6A, 0x41, 0xF7, 0x0C, 0x6E, 0xFE,
    0x6D, 0x04, 0x6C, 0x04, 0xD2, 0x05, 0xD1, 0x30, 0xB2, 0x40, 0xEA, 0x08, 0xD3, 0x2F, 0xB2, 0x40,
    0xEA, 0x00, 0x65, 0x2F, 0xB2, 0x40, 0xEA, 0x90, 0x67, 0x2E, 0xB2, 0x40, 0xEA, 0x90, 0x67, 0x2E,
    0xB2, 0x40, 0xEA, 0x90, 0x67, 0x2D, 0xB2, 0x40, 0xEA, 0x90, 0x67, 0x2D, 0xB2, 0x40, 0xEA, 0x90,
    0x67, 0x2C, 0xB2, 0x40, 0xEA, 0x90, 0x67, 0x40, 0x98, 0x08, 0x93, 0x23, 0xB0, 0x4C, 0xEB, 0x03,
    0x6A, 0x4C, 0xEB, 0x32, 0x2B, 0x28, 0xB2, 0x40, 0xA2, 0x04, 0x22, 0x28, 0xB2, 0x40, 0x9A, 0x40,
    0xEA, 0x00, 0x65, 0x27, 0xB3, 0x41, 0xA3, 0x01, 0x6C, 0x8E, 0xEA, 0x1D, 0x2A, 0x41, 0xC3, 0x25,
    0xB2, 0x40, 0xEA, 0x00, 0x65, 0x24, 0xB3, 0x25, 0xB2, 0xA0, 0x9A, 0x40, 0x9B, 0x08, 0xD3, 0x40,
    0xEA, 0x09, 0xD5, 0x09, 0x95, 0x40, 0xED, 0x82, 0x67, 0x08, 0x93, 0x40, 0x9B, 0x40, 0xEA, 0x00,
    0x65, 0x06, 0xD2, 0x01, 0x6A, 0x05, 0xD1, 0x04, 0xD2, 0x05, 0xF7, 0x19, 0x6F, 0xA1, 0xF7, 0x16,
    0x6E, 0xFE, 0x6D, 0x40, 0xE8, 0x01, 0x6C, 0x1A, 0xB3, 0x40, 0xEB, 0x00, 0x6C, 0x40, 0xEB, 0x01,
    0x6C, 0x40, 0xEB, 0x02, 0x6C, 0x40, 0xEB, 0x03, 0x6C, 0x0D, 0x97, 0x0C, 0x91, 0x0B, 0x90, 0x01,
    0x6A, 0x00, 0xEF, 0x07, 0x63, 0x20, 0xE8, 0x01, 0x6A, 0xBD, 0xAD, 0x00, 0xB0, 0xFF, 0xFF, 0xFF,
    0x7F, 0x78, 0xC6, 0x11, 0x80, 0x11, 0x46, 0x08, 0x80, 0x19, 0x81, 0x08, 0x80, 0x41, 0x93, 0x11,
    0x80, 0x7D, 0x92, 0x11, 0x80, 0x65, 0x94, 0x11, 0x80, 0x01, 0x94, 0x11, 0x80, 0x69, 0x93, 0x11,
    0x80, 0x41, 0x94, 0x11, 0x80, 0x8C, 0x1C, 0x12, 0x80, 0x68, 0x00, 0x12, 0x80, 0x88, 0x1C, 0x12,
    0x80, 0x5D, 0xBC, 0x11, 0x80, 0xC0, 0x06, 0x12, 0x80, 0xC4, 0x06, 0x12, 0x80, 0x11, 0x8F, 0x11,
    0x80, 0xFF, 0x63, 0x01, 0xD0, 0x2F, 0xB2, 0xC6, 0xAA, 0x00, 0x6B, 0xEF, 0xF7, 0x1F, 0x6A, 0xA0,
    0xF2, 0x1C, 0x6C, 0x98, 0xEB, 0x2C, 0xB4, 0x12, 0xED, 0xB1, 0xE4, 0xC0, 0xF0, 0xAF, 0xA4, 0x01,
    0x75, 0x0F, 0x61, 0x80, 0xF0, 0x88, 0x8C, 0x82, 0xEA, 0x01, 0x60, 0x82, 0x67, 0x10, 0x6A, 0x5A,
    0xEC, 0x01, 0x2A, 0xE5, 0xE8, 0x12, 0xEA, 0x49, 0xE6, 0x40, 0x32, 0x40, 0x32, 0x43, 0x32, 0x43,
    0x32, 0x01, 0x4B, 0xFF, 0x6C, 0x8C, 0xEB, 0x0A, 0x5B, 0xE2, 0x61, 0x20, 0xB5, 0xC0, 0xF1, 0xF2,
    0xAD, 0x00, 0x6B, 0x87, 0x67, 0x87, 0xEB, 0x01, 0x68, 0x0C, 0xEC, 0x14, 0x24, 0x87, 0x43, 0x79,
    0x4C, 0x88, 0x34, 0x91, 0xE5, 0x80, 0x9C, 0x60, 0xF0, 0x90, 0x8C, 0x82, 0xEA, 0x01, 0x60, 0x82,
    0x67, 0x10, 0x6A, 0x5A, 0xEC, 0x01, 0x2A, 0xE5, 0xE8, 0x12, 0xEA, 0x49, 0xE6, 0x40, 0x32, 0x40,
    0x32, 0x43, 0x32, 0x43, 0x32, 0x01, 0x4B, 0xFF, 0x6C, 0x8C, 0xEB, 0x0B, 0x5B, 0xE2, 0x61, 0x10,
    0xB4, 0x62, 0x8C, 0xFF, 0x72, 0xA3, 0x67, 0x06, 0x60, 0xFF, 0x6D, 0x4C, 0xED, 0xA0, 0x35, 0xA0,
    0x35, 0xA3, 0x35, 0xA3, 0x35, 0x6F, 0xE5, 0xC0, 0xF7, 0x63, 0x32, 0x4E, 0xEB, 0x4F, 0xE3, 0x06,
    0x53, 0xA3, 0xCC, 0x00, 0x6A, 0x02, 0x61, 0xA2, 0xCC, 0x01, 0x6A, 0x01, 0x90, 0x20, 0xE8, 0x01,
    0x63, 0xAC, 0x51, 0x12, 0x80, 0x50, 0x1C, 0x13, 0x80, 0x04, 0x3C, 0x12, 0x80, 0xE4, 0xF9, 0x12,
    0x80, 0xFC, 0x63, 0x07, 0x62, 0x06, 0xD0, 0x25, 0xB2, 0x40, 0xEA, 0x04, 0x67, 0x24, 0xB3, 0x84,
    0x9B, 0x03, 0x6A, 0x24, 0xB6, 0x8C, 0xEA, 0x01, 0x5A, 0x58, 0x67, 0x01, 0x72, 0x58, 0x67, 0x42,
    0xC0, 0x60, 0xF1, 0x51, 0xA3, 0x60, 0xF1, 0x6F, 0xA3, 0x69, 0xE2, 0x01, 0x52, 0x01, 0x6B, 0x58,
    0x67, 0x6E, 0xEA, 0x43, 0xC0, 0x00, 0xF6, 0x40, 0x34, 0x4F, 0xA6, 0x00, 0xF6, 0x83, 0x34, 0x00,
    0x6B, 0x01, 0x22, 0x02, 0x6B, 0xB0, 0xA6, 0x04, 0x6A, 0x01, 0x2D, 0x00, 0x6A, 0xEE, 0xA6, 0x08,
    0x6D, 0x01, 0x2F, 0x00, 0x6D, 0x14, 0xB7, 0xEA, 0xA7, 0xF0, 0x37, 0xED, 0xEC, 0x8D, 0xEB, 0x6D,
    0xEA, 0xAD, 0xEA, 0x40, 0xC0, 0x01, 0x6A, 0x49, 0xC0, 0x85, 0xAE, 0x10, 0xB2, 0x40, 0xEA, 0x04,
    0x05, 0xFF, 0x72, 0x0C, 0x60, 0x5D, 0x67, 0x68, 0xAA, 0xA0, 0xF2, 0x1C, 0x6A, 0x58, 0xEB, 0x0C,
    0xB2, 0x12, 0xEB, 0x69, 0xE2, 0x00, 0xF2, 0x46, 0xA2, 0x01, 0x72, 0x02, 0x61, 0x00, 0x6A, 0x49,
    0xC0, 0x07, 0x97, 0x06, 0x90, 0x00, 0xEF, 0x04, 0x63, 0x2D, 0x83, 0x08, 0x80, 0xB0, 0x55, 0x12,
    0x80, 0x00, 0xDE, 0x12, 0x80, 0x08, 0xFA, 0x12, 0x80, 0xC9, 0x01, 0x07, 0x80, 0x50, 0x1C, 0x13,
    0x80, 0xFF, 0x63, 0x01, 0xD1, 0x00, 0xD0, 0x43, 0x9C, 0x3A, 0xB1, 0xA1, 0xA4, 0x3A, 0x65, 0x20,
    0xF0, 0x5C, 0xA1, 0x62, 0xA4, 0x20, 0xF0, 0xDE, 0xA1, 0x4E, 0xED, 0x20, 0xF0, 0x5D, 0xA1, 0xFF,
    0x68, 0x0C, 0xED, 0x4E, 0xEB, 0x40, 0xA4, 0x0C, 0xEB, 0x6B, 0xEB, 0xCE, 0xEA, 0x0C, 0xEA, 0xAB,
    0xED, 0xC0, 0xF7, 0x62, 0x33, 0x4B, 0xEA, 0x0C, 0xEB, 0xC0, 0xF7, 0xA2, 0x35, 0xC0, 0xF7, 0x42,
    0x32, 0x40, 0xF0, 0xE5, 0xA1, 0x64, 0x33, 0x0C, 0xED, 0x0C, 0xEA, 0x4C, 0x32, 0x6D, 0xED, 0x4D,
    0xED, 0x4A, 0xA4, 0x1F, 0x65, 0xF8, 0x67, 0x64, 0xA4, 0xEE, 0xEA, 0x0C, 0xEA, 0x01, 0x6E, 0x4B,
    0xEA, 0xCC, 0xEB, 0xC0, 0xF7, 0x42, 0x32, 0x0C, 0xEA, 0x70, 0x33, 0xCC, 0xEA, 0xAD, 0xEB, 0xA8,
    0xA4, 0x54, 0x32, 0x4D, 0xEB, 0x45, 0xA4, 0xCC, 0xED, 0x01, 0x6F, 0xA0, 0x35, 0xEE, 0xEA, 0xA4,
    0x35, 0x01, 0x5A, 0xAD, 0xEB, 0xA6, 0xA4, 0x58, 0x67, 0x0C, 0xEA, 0xEE, 0xED, 0xCC, 0xEA, 0x40,
    0xF0, 0xE3, 0xA1, 0x58, 0x32, 0x01, 0x5D, 0x4D, 0xEB, 0x47, 0xA4, 0xB8, 0x67, 0x1F, 0x65, 0x0C,
    0xED, 0xF8, 0x67, 0xCC, 0xED, 0xEE, 0xEA, 0xBC, 0x35, 0x0C, 0xEA, 0xAD, 0xEB, 0x89, 0xA4, 0x40,
    0xF0, 0xA4, 0xA1, 0x4B, 0xEA, 0xC0, 0xF7, 0x42, 0x32, 0x0C, 0xEA, 0xCC, 0xEA, 0xAE, 0xEC, 0x0C,
    0xEC, 0x40, 0x32, 0x6D, 0xEA, 0x8B, 0xEC, 0x79, 0x67, 0x64, 0xA3, 0xC0, 0xF7, 0x82, 0x34, 0x0C,
    0xEC, 0xCC, 0xEC, 0x80, 0x34, 0x6C, 0xEE, 0x88, 0x34, 0xC0, 0x36, 0xD0, 0x36, 0x4D, 0xEC, 0x01,
    0x91, 0x00, 0x90, 0xCD, 0xEC, 0xFF, 0xF7, 0x1F, 0x6A, 0x8C, 0xEA, 0x20, 0xE8, 0x01, 0x63, 0x00,
    0x65, 0x00, 0xDE, 0x12, 0x80, 0xFD, 0x63, 0x05, 0x62, 0x04, 0xD0, 0x08, 0xB2, 0x40, 0xEA, 0x04,
    0x67, 0x60, 0xA0, 0x07, 0xB2, 0x20, 0xF0, 0x7E, 0xC2, 0x69, 0xA0, 0x40, 0xF0, 0x64, 0xC2, 0x05,
    0x97, 0x04, 0x90, 0x00, 0xEF, 0x03, 0x63, 0x00, 0x65, 0xC9, 0x83, 0x08, 0x80, 0x00, 0xDE, 0x12,
    0x80, 0xFD, 0x63, 0x05, 0x62, 0x03, 0xB2, 0x40, 0xEA, 0x00, 0x65, 0x05, 0x97, 0x00, 0xEF, 0x03,
    0x63, 0xD5, 0x88, 0x11, 0x80, 0xFD, 0x63, 0x05, 0x62, 0x03, 0xB2, 0x40, 0xEA, 0x00, 0x65, 0x05,
    0x97, 0x00, 0xEF, 0x03, 0x63, 0x89, 0x89, 0x11, 0x80, 0xFB, 0x63, 0x09, 0x62, 0x08, 0xD1, 0x07,
    0xD0, 0x60, 0xA4, 0x2B, 0x2B, 0x17, 0xB7, 0x40, 0x9F, 0x01, 0x68, 0x0C, 0xEA, 0x20, 0x22, 0x45,
    0x67, 0x24, 0x67, 0x0C, 0x6E, 0x82, 0x67, 0x14, 0xB5, 0x14, 0xB2, 0x05, 0xD7, 0x40, 0xEA, 0x04,
    0xD3, 0x40, 0xA1, 0x05, 0x97, 0x04, 0x93, 0x50, 0x32, 0x04, 0x4A, 0xE9, 0xE2, 0x60, 0xDA, 0x62,
    0xDA, 0x61, 0xDA, 0x63, 0xDA, 0x40, 0xA1, 0x01, 0x6B, 0x6B, 0xEB, 0x50, 0x32, 0x49, 0xE7, 0x69,
    0xC2, 0x40, 0xA1, 0x01, 0x6B, 0x04, 0xEA, 0x40, 0x9F, 0x0F, 0xE8, 0x4C, 0xE8, 0x00, 0xDF, 0x09,
    0x97, 0x08, 0x91, 0x07, 0x90, 0x43, 0x67, 0x00, 0xEF, 0x05, 0x63, 0x00, 0x6B, 0xF8, 0x17, 0x00,
    0x65, 0xA0, 0xF9, 0x12, 0x80, 0xA8, 0xF9, 0x12, 0x80, 0x5D, 0xEE, 0x00, 0x80, 0x09, 0xB5, 0x60,
    0x9D, 0xFF, 0x6A, 0x01, 0x73, 0x07, 0x61, 0x20, 0xE8, 0x00, 0x65, 0x4D, 0xEB, 0x60, 0xDD, 0x82,
    0xCD, 0x20, 0xE8, 0x00, 0x6A, 0x01, 0x6A, 0xC3, 0x67, 0x4C, 0xEE, 0xF7, 0x26, 0x20, 0xE8, 0xFF,
    0x6A, 0xA0, 0xF9, 0x12, 0x80, 0xFC, 0x63, 0x07, 0x62, 0x0C, 0xB2, 0xA4, 0x67, 0x0C, 0xB4, 0x40,
    0xEA, 0x00, 0x65, 0x0E, 0x22, 0x0B, 0xB2, 0x85, 0xAA, 0x0B, 0xB2, 0x40, 0xEA, 0x04, 0x05, 0xFF,
    0x72, 0x07, 0x60, 0x5D, 0x67, 0x88, 0xAA, 0x09, 0xB2, 0x40, 0xEA, 0x00, 0x65, 0x04, 0xB3, 0x40,
    0xC3, 0x07, 0x97, 0x00, 0xEF, 0x04, 0x63, 0x00, 0x65, 0xD9, 0x98, 0x11, 0x80, 0xB4, 0xF9, 0x12,
    0x80, 0x00, 0xDE, 0x12, 0x80, 0xC9, 0x01, 0x07, 0x80, 0x4D, 0x99, 0x11, 0x80, 0xFA, 0x63, 0x0B,
    0x62, 0x0A, 0xD0, 0x00, 0x6A, 0x04, 0x67, 0x04, 0xD2, 0x05, 0xD2, 0x06, 0xD2, 0x0F, 0xB2, 0x40,
    0xEA, 0x04, 0x04, 0x7D, 0x67, 0x20, 0xF6, 0x19, 0x6A, 0x4E, 0xCB, 0x49, 0xAB, 0x1E, 0xC3, 0x02,
    0x6C, 0x5F, 0xC3, 0x4A, 0xAB, 0x20, 0xF0, 0x40, 0xC3, 0x4B, 0xAB, 0x20, 0xF0, 0x41, 0xC3, 0x68,
    0xAB, 0x5D, 0x67, 0x71, 0xCA, 0x06, 0xB2, 0x08, 0x96, 0x40, 0x9A, 0x40, 0xEA, 0x07, 0x95, 0x0B,
    0x97, 0x0A, 0x90, 0x00, 0xEF, 0x06, 0x63, 0x00, 0x65, 0x75, 0x99, 0x11, 0x80, 0x78, 0x00, 0x12,
    0x80, 0x68, 0xAC, 0xFF, 0x73, 0x2E, 0x60, 0x19, 0xB2, 0xB0, 0xA2, 0x2B, 0x25, 0xA0, 0xF2, 0x1C,
    0x6D, 0xB8, 0xEB, 0x17, 0xB3, 0x45, 0xAA, 0x12, 0xED, 0xAD, 0xE3, 0x40, 0xF2, 0x74, 0xAB, 0x6E,
    0xEA, 0x20, 0x2A, 0x6A, 0xA4, 0x13, 0xB2, 0x6C, 0x33, 0x69, 0xE2, 0x40, 0xA2, 0x04, 0x22, 0x43,
    0xA4, 0x04, 0x6B, 0x6C, 0xEA, 0x16, 0x2A, 0x10, 0xB2, 0x40, 0xA2, 0x0A, 0x5A, 0x12, 0x61, 0xFD,
    0x63, 0x05, 0x62, 0x0E, 0xB2, 0x40, 0xEA, 0x02, 0x6C, 0x00, 0xF2, 0x00, 0x6C, 0x0C, 0xB2, 0x40,
    0xEA, 0x00, 0x65, 0x03, 0x22, 0x0B, 0xB2, 0x40, 0xEA, 0x00, 0x65, 0x05, 0x97, 0x00, 0x6A, 0x00,
    0xEF, 0x03, 0x63, 0x20, 0xE8, 0x00, 0x6A, 0x00, 0x65, 0x00, 0xDE, 0x12, 0x80, 0x50, 0x1C, 0x13,
    0x80, 0xE4, 0x32, 0x12, 0x80, 0xB5, 0xF9, 0x12, 0x80, 0xBD, 0x99, 0x11, 0x80, 0x99, 0x32, 0x01,
    0x80, 0xBD, 0x91, 0x11, 0x80, 0xF8, 0x63, 0x0F, 0x62, 0x0E, 0xD1, 0x0D, 0xD0, 0x24, 0xB2, 0x85,
    0xAA, 0x24, 0xB2, 0x40, 0xEA, 0x0B, 0x05, 0xFF, 0x72, 0x23, 0xB0, 0x38, 0x67, 0x40, 0xA0, 0x2A,
    0x21, 0x17, 0x2A, 0x5D, 0x67, 0x96, 0xAA, 0x21, 0xB2, 0x40, 0xEA, 0x00, 0x65, 0x20, 0xB3, 0x40,
    0xC3, 0xFF, 0x6B, 0x6E, 0xEA, 0x1F, 0xB4, 0x20, 0xB3, 0x10, 0x2A, 0x05, 0xD4, 0x06, 0xD2, 0x04,
    0xD2, 0x88, 0xF6, 0x07, 0x6F, 0x82, 0xF6, 0x19, 0x6E, 0xFE, 0x6D, 0x02, 0x6C, 0x40, 0xEB, 0x00,
    0x65, 0x0F, 0x97, 0x0E, 0x91, 0x0D, 0x90, 0x00, 0xEF, 0x08, 0x63, 0x01, 0x6A, 0x40, 0xC0, 0x01,
    0x6A, 0x05, 0xD4, 0x06, 0xD2, 0x04, 0xD2, 0x88, 0xF6, 0x06, 0x6F, 0x82, 0xF6, 0x1E, 0x6E, 0xFE,
    0x6D, 0x01, 0x6C, 0xEC, 0x17, 0xED, 0x22, 0x0E, 0xB4, 0x10, 0xB2, 0x40, 0xEA, 0x08, 0x05, 0x0D,
    0xB2, 0x05, 0xD2, 0x01, 0x6A, 0x04, 0xD2, 0x06, 0xD1, 0x88, 0xF6, 0x06, 0x6F, 0xA2, 0xF6, 0x09,
    0x6E, 0xFE, 0x6D, 0x05, 0x6C, 0x08, 0xB2, 0x40, 0xEA, 0x20, 0xC0, 0xDA, 0x17, 0x00, 0xDE, 0x12,
    0x80, 0xC9, 0x01, 0x07, 0x80, 0x00, 0xF8, 0x12, 0x80, 0x4D, 0x99, 0x11, 0x80, 0xB4, 0xF9, 0x12,
    0x80, 0x78, 0xC6, 0x11, 0x80, 0x11, 0x46, 0x08, 0x80, 0xD9, 0x98, 0x11, 0x80, 0xF7, 0x63, 0x11,
    0x62, 0x10, 0xD1, 0x0F, 0xD0, 0x00, 0x69, 0x0C, 0x02, 0x0B, 0xD2, 0x08, 0xD1, 0x09, 0xD1, 0x0A,
    0xD1, 0x0C, 0xD1, 0x3B, 0xB2, 0x40, 0xEA, 0x0D, 0xD1, 0x02, 0x67, 0x5D, 0x67, 0x20, 0xF0, 0x24,
    0xC2, 0x0B, 0x94, 0x01, 0x6B, 0x50, 0x67, 0x6C, 0xEA, 0xFF, 0xF7, 0x1F, 0x6D, 0xAC, 0xEA, 0x24,
    0xC4, 0x21, 0x22, 0x34, 0xB2, 0xA1, 0x9A, 0x05, 0x25, 0xBD, 0x67, 0x20, 0xF0, 0x64, 0xC5, 0x62,
    0xAA, 0x63, 0xCA, 0x32, 0x9A, 0x00, 0x6B, 0x62, 0xCA, 0x5E, 0xA1, 0x7F, 0xA1, 0x4E, 0xEB, 0x10,
    0x23, 0x01, 0x6B, 0x64, 0xC4, 0x5F, 0xC1, 0x06, 0xD2, 0x2B, 0xB2, 0x05, 0xD2, 0x01, 0x6A, 0x04,
    0xD2, 0x29, 0xF4, 0x12, 0x6F, 0x00, 0xF6, 0x1A, 0x6E, 0xFE, 0x6D, 0x28, 0xB2, 0x40, 0xEA, 0x04,
    0x6C, 0x00, 0x6A, 0x5E, 0xC1, 0x26, 0xB2, 0x40, 0xEA, 0x90, 0x67, 0x7D, 0x67, 0x20, 0xF0, 0x48,
    0xC3, 0x04, 0x6A, 0x0C, 0xEA, 0x22, 0x2A, 0x20, 0xF0, 0x45, 0xC3, 0x08, 0x6A, 0x4C, 0xE8, 0x29,
    0x28, 0x5D, 0x67, 0x20, 0xF0, 0x06, 0xC2, 0x1F, 0xB2, 0x40, 0xEA, 0x08, 0x04, 0x1E, 0xB2, 0x40,
    0xEA, 0x08, 0x04, 0x02, 0x67, 0x1D, 0xB2, 0x40, 0xEA, 0x08, 0x04, 0x04, 0x20, 0xB0, 0x67, 0x1C,
    0xB2, 0x40, 0xEA, 0x27, 0x6C, 0x1B, 0xB2, 0x40, 0xEA, 0x00, 0x65, 0x1B, 0xB2, 0x40, 0xEA, 0x00,
    0x65, 0x11, 0x97, 0x10, 0x91, 0x0F, 0x90, 0x00, 0xEF, 0x09, 0x63, 0x01, 0x6A, 0x7D, 0x67, 0x20,
    0xF0, 0x45, 0xC3, 0x0C, 0xB2, 0x00, 0x6B, 0x40, 0xF0, 0x61, 0xC2, 0x01, 0x6B, 0x6B, 0xEB, 0x6D,
    0xCA, 0xD4, 0x17, 0x01, 0x6A, 0x7D, 0x67, 0x20, 0xF0, 0x46, 0xC3, 0x06, 0xB2, 0x00, 0x6B, 0x40,
    0xF0, 0x62, 0xC2, 0x01, 0x6B, 0x6B, 0xEB, 0x6E, 0xCA, 0xCE, 0x17, 0x00, 0x65, 0xD1, 0x82, 0x08,
    0x80, 0x00, 0xDE, 0x12, 0x80, 0x78, 0xC6, 0x11, 0x80, 0x11, 0x46, 0x08, 0x80, 0x11, 0x96, 0x11,
    0x80, 0xE1, 0x96, 0x11, 0x80, 0x91, 0x97, 0x11, 0x80, 0x85, 0x98, 0x11, 0x80, 0x69, 0xF4, 0x00,
    0x80, 0xBD, 0x8B, 0x11, 0x80, 0x95, 0x9A, 0x11, 0x80, 0xFC, 0x63, 0x07, 0x62, 0x01, 0x6A, 0x4B,
    0xEA, 0x05, 0xD2, 0x14, 0xB2, 0xA2, 0xA2, 0x00, 0x6A, 0xA3, 0xEA, 0x02, 0x60, 0x04, 0x5A, 0x10,
    0x61, 0x7D, 0x67, 0x40, 0xF6, 0x05, 0x6A, 0x48, 0xCB, 0x00, 0x6A, 0x52, 0xC3, 0xB3, 0xC3, 0x0E,
    0xB2, 0x05, 0x96, 0x04, 0x95, 0x40, 0x9A, 0x40, 0xEA, 0x02, 0x6C, 0x07, 0x97, 0x00, 0xEF, 0x04,
    0x63, 0x84, 0x42, 0x84, 0x34, 0x09, 0xB3, 0x8D, 0xE3, 0x60, 0xAB, 0xFF, 0xF7, 0x1F, 0x73, 0xE8,
    0x60, 0x9D, 0x67, 0x51, 0xE4, 0x74, 0xC4, 0x01, 0x4A, 0xFF, 0x6B, 0x6C, 0xEA, 0xDD, 0x17, 0x00,
    0x65, 0x08, 0xFA, 0x12, 0x80, 0x78, 0x00, 0x12, 0x80, 0xE4, 0xF9, 0x12, 0x80, 0xFA, 0x63, 0x0B,
    0x62, 0x0A, 0xD1, 0x09, 0xD0, 0x00, 0x6A, 0x25, 0x67, 0x04, 0x67, 0x04, 0xD2, 0x05, 0xD2, 0x06,
    0x05, 0x28, 0xB2, 0x40, 0xEA, 0x91, 0x67, 0x44, 0x2A, 0x01, 0x70, 0x14, 0x60, 0x02, 0x70, 0x2A,
    0x60, 0x07, 0x6A, 0x7D, 0x67, 0x51, 0xC3, 0x7D, 0x67, 0x45, 0x6A, 0x50, 0xC3, 0x12, 0xC3, 0x22,
    0xB2, 0x05, 0x96, 0x04, 0x95, 0x40, 0x9A, 0x40, 0xEA, 0x02, 0x6C, 0x0B, 0x97, 0x0A, 0x91, 0x09,
    0x90, 0x00, 0xEF, 0x06, 0x63, 0x5D, 0x67, 0x6C, 0xAA, 0x33, 0xC2, 0xA0, 0xF2, 0x1C, 0x6A, 0x58,
    0xEB, 0x1A, 0xB2, 0x9D, 0x67, 0x12, 0xEB, 0x69, 0xE2, 0x60, 0xF0, 0x7C, 0xAA, 0x74, 0xC4, 0x00,
    0xF1, 0x81, 0xA2, 0x7D, 0x67, 0x95, 0xC3, 0x00, 0xF1, 0x82, 0xA2, 0x00, 0xF1, 0x43, 0xA2, 0x96,
    0xC3, 0x57, 0xC3, 0xD6, 0x17, 0x5D, 0x67, 0x6C, 0xAA, 0x33, 0xC2, 0xA0, 0xF2, 0x1C, 0x6A, 0x58,
    0xEB, 0x0E, 0xB2, 0x12, 0xEB, 0x69, 0xE2, 0x00, 0xF1, 0x84, 0xA2, 0x7D, 0x67, 0x94, 0xC3, 0x00,
    0xF1, 0x85, 0xA2, 0x95, 0xC3, 0x00, 0xF1, 0x86, 0xA2, 0x00, 0xF1, 0x47, 0xA2, 0x96, 0xC3, 0xE8,
    0x17, 0x02, 0x6A, 0x7D, 0x67, 0x51, 0xC3, 0x01, 0x6A, 0x4B, 0xEA, 0x33, 0xC3, 0x05, 0xD2, 0xBB,
    0x17, 0xC9, 0x01, 0x07, 0x80, 0x78, 0x00, 0x12, 0x80, 0x50, 0x1C, 0x13, 0x80, 0xFD, 0x63, 0x05,
    0x62, 0x04, 0xD0, 0x00, 0x68, 0x64, 0x40, 0x64, 0x33, 0x0D, 0xB2, 0x69, 0xE2, 0x80, 0xAA, 0xFF,
    0xF7, 0x1F, 0x74, 0x07, 0x60, 0x0B, 0xB2, 0x40, 0xEA, 0x01, 0x48, 0xFF, 0x6A, 0x4C, 0xE8, 0x0B,
    0x58, 0xF1, 0x61, 0x09, 0xB2, 0x09, 0xB3, 0x82, 0xA2, 0x40, 0xA3, 0x8E, 0xEA, 0x03, 0x22, 0x08,
    0xB2, 0x40, 0xEA, 0x80, 0xC3, 0x05, 0x97, 0x04, 0x90, 0x00, 0xEF, 0x03, 0x63, 0xE4, 0xF9, 0x12,
    0x80, 0x39, 0x90, 0x11, 0x80, 0x08, 0xFA, 0x12, 0x80, 0x96, 0xF9, 0x12, 0x80, 0x79, 0x9C, 0x11,
    0x80, 0xFC, 0x63, 0x07, 0x62, 0x06, 0xD1, 0x05, 0xD0, 0x1A, 0xB1, 0x50, 0xA1, 0x10, 0x6C, 0x22,
    0x22, 0x19, 0xB2, 0x40, 0xEA, 0x00, 0x68, 0x19, 0xB2, 0x40, 0x9A, 0x80, 0xF1, 0x10, 0x6C, 0x40,
    0xEA, 0x00, 0x6D, 0x17, 0xB2, 0x42, 0xA2, 0x43, 0xE8, 0x17, 0x61, 0x16, 0xB2, 0x40, 0xEA, 0x00,
    0x65, 0x15, 0xB2, 0x40, 0xEA, 0x00, 0x65, 0x15, 0xB5, 0x15, 0xB2, 0x40, 0xEA, 0x27, 0x6C, 0x15,
    0xB2, 0x40, 0xEA, 0x85, 0xA9, 0x14, 0xB2, 0x40, 0xEA, 0x00, 0x65, 0x07, 0x97, 0x06, 0x91, 0x05,
    0x90, 0x00, 0xEF, 0x04, 0x63, 0x11, 0xB2, 0xDD, 0x17, 0x64, 0x40, 0x64, 0x33, 0x10, 0xB2, 0x69,
    0xE2, 0x80, 0xAA, 0x10, 0xB2, 0x40, 0xEA, 0x01, 0x48, 0xFF, 0x6A, 0x4C, 0xE8, 0xDA, 0x17, 0x00,
    0x65, 0x00, 0xDE, 0x12, 0x80, 0x15, 0x34, 0x01, 0x80, 0xE8, 0x04, 0x12, 0x80, 0x08, 0xFA, 0x12,
    0x80, 0x19, 0x81, 0x08, 0x80, 0xC9, 0x8F, 0x11, 0x80, 0x00, 0x00, 0x01, 0x00, 0x69, 0xF4, 0x00,
    0x80, 0x39, 0x90, 0x11, 0x80, 0x9D, 0x9D, 0x11, 0x80, 0xE1, 0x33, 0x01, 0x80, 0xE4, 0xF9, 0x12,
    0x80, 0xF9, 0x7F, 0x08, 0x80, 0xFC, 0x63, 0x07, 0x62, 0x01, 0x6A, 0x4B, 0xEA, 0x7D, 0x67, 0x05,
    0xD2, 0x40, 0xF6, 0x05, 0x6A, 0x48, 0xCB, 0x10, 0x6A, 0x52, 0xC3, 0x0A, 0xB3, 0x90, 0xA3, 0xBD,
    0x67, 0x8B, 0xEA, 0xC0, 0xF7, 0x42, 0x32, 0x53, 0xC5, 0x02, 0x24, 0x45, 0xAB, 0x54, 0xC5, 0x06,
    0xB2, 0x05, 0x96, 0x04, 0x95, 0x40, 0x9A, 0x40, 0xEA, 0x02, 0x6C, 0x07, 0x97, 0x00, 0xEF, 0x04,
    0x63, 0x00, 0xDE, 0x12, 0x80, 0x78, 0x00, 0x12, 0x80, 0xFC, 0x63, 0x07, 0x62, 0x01, 0x6A, 0x4B,
    0xEA, 0x7D, 0x67, 0x05, 0xD2, 0x40, 0xF6, 0x05, 0x6A, 0x48, 0xCB, 0x20, 0x6A, 0x52, 0xC3, 0x0A,
    0xB3, 0x8E, 0xA3, 0xBD, 0x67, 0x8B, 0xEA, 0xC0, 0xF7, 0x42, 0x32, 0x53, 0xC5, 0x02, 0x24, 0x46,
    0xAB, 0x54, 0xC5, 0x06, 0xB2, 0x05, 0x96, 0x04, 0x95, 0x40, 0x9A, 0x40, 0xEA, 0x02, 0x6C, 0x07,
    0x97, 0x00, 0xEF, 0x04, 0x63, 0x00, 0xDE, 0x12, 0x80, 0x78, 0x00, 0x12, 0x80, 0xFA, 0x63, 0x0B,
    0x62, 0x0A, 0xD1, 0x09, 0xD0, 0x36, 0xB7, 0x6F, 0xA7, 0x00, 0x6A, 0x48, 0x23, 0x00, 0x6B, 0x00,
    0x69, 0x00, 0x68, 0x84, 0x41, 0x84, 0x34, 0x33, 0xB2, 0x89, 0xE2, 0x80, 0xAA, 0xFF, 0x74, 0x31,
    0x60, 0x06, 0xD3, 0xFF, 0x6A, 0x7D, 0x67, 0x48, 0xCB, 0x2F, 0xB2, 0x40, 0xEA, 0x04, 0x05, 0x5D,
    0x67, 0x48, 0xAA, 0x06, 0x93, 0x00, 0x6D, 0x3A, 0x65, 0x2C, 0xB2, 0xB9, 0xE2, 0x80, 0xF1, 0x91,
    0xA6, 0xFF, 0x74, 0x12, 0x60, 0x59, 0x67, 0x4E, 0xEC, 0x0F, 0x2C, 0xA0, 0xF1, 0x89, 0xA6, 0x27,
    0xB6, 0x88, 0x32, 0x91, 0xE2, 0xD0, 0xF0, 0x48, 0x45, 0x44, 0x32, 0x49, 0xE6, 0x40, 0xAA, 0x42,
    0xEC, 0x02, 0x6A, 0x01, 0x60, 0x01, 0x6A, 0x4D, 0xE8, 0x01, 0x4D, 0xFF, 0x6A, 0x4C, 0xED, 0x06,
    0x5D, 0xE3, 0x61, 0x01, 0x4B, 0x4C, 0xEB, 0x03, 0x70, 0x1D, 0xB2, 0x42, 0xA2, 0x08, 0x60, 0x43,
    0xEB, 0x05, 0x60, 0x01, 0x49, 0xFF, 0x6A, 0x4C, 0xE9, 0x0B, 0x59, 0xC3, 0x61, 0x02, 0x20, 0x40,
    0xF0, 0x00, 0xC7, 0x40, 0xF0, 0x40, 0xA7, 0x03, 0x6B, 0x6C, 0xEA, 0x50, 0x32, 0x14, 0xB4, 0x62,
    0xA4, 0x04, 0x5B, 0x01, 0x61, 0x03, 0x6B, 0x40, 0xF0, 0xA2, 0xA7, 0x3F, 0x6C, 0x78, 0x33, 0x8C,
    0xEA, 0x40, 0xF0, 0x84, 0xA7, 0x01, 0x6E, 0x6D, 0xEA, 0x40, 0xF0, 0x63, 0xA7, 0xCC, 0xED, 0xA4,
    0x35, 0xCC, 0xEC, 0x88, 0x34, 0xAD, 0xEA, 0xCC, 0xEB, 0x6C, 0x33, 0x8D, 0xEA, 0x0B, 0x97, 0x0A,
    0x91, 0x09, 0x90, 0x6D, 0xEA, 0xFF, 0x6B, 0x6C, 0xEA, 0x00, 0xEF, 0x06, 0x63, 0x00, 0xDE, 0x12,
    0x80, 0xE4, 0xF9, 0x12, 0x80, 0x09, 0xC5, 0x11, 0x80, 0xB0, 0x55, 0x12, 0x80, 0x08, 0xFA, 0x12,
    0x80, 0xFA, 0x63, 0x0B, 0x62, 0x0A, 0xD1, 0x09, 0xD0, 0x84, 0x31, 0x89, 0xE1, 0x22, 0xB0, 0x44,
    0x32, 0x49, 0xE0, 0x48, 0xAA, 0xFF, 0xF7, 0x1F, 0x72, 0x3A, 0x60, 0x64, 0x67, 0x1F, 0xB4, 0x00,
    0xF1, 0x43, 0xA4, 0x00, 0xF1, 0xE2, 0xA4, 0x40, 0x32, 0xED, 0xEA, 0x40, 0x32, 0x40, 0x32, 0x43,
    0x32, 0x43, 0x32, 0xA9, 0xE2, 0xBF, 0xF7, 0x06, 0x52, 0x0D, 0x61, 0x00, 0xF1, 0x45, 0xA4, 0x00,
    0xF1, 0xC4, 0xA4, 0x40, 0x32, 0xCD, 0xEA, 0x40, 0x32, 0x40, 0x32, 0x43, 0x32, 0x43, 0x32, 0xA9,
    0xE2, 0x0B, 0x52, 0x11, 0x61, 0x00, 0x6A, 0x06, 0xD2, 0x11, 0xB2, 0x05, 0xD2, 0x01, 0x6A, 0x04,
    0xD2, 0xFE, 0x6D, 0x68, 0xF6, 0x1C, 0x6F, 0xC1, 0xF5, 0x0B, 0x6E, 0x02, 0x6C, 0x0D, 0xB2, 0x40,
    0xEA, 0x0C, 0xD3, 0x0C, 0x93, 0x00, 0x6D, 0x65, 0xE1, 0x24, 0x31, 0x25, 0xE0, 0xB2, 0xC1, 0x00,
    0x6A, 0x0B, 0x97, 0x0A, 0x91, 0x09, 0x90, 0xFF, 0x6B, 0x6C, 0xEA, 0x00, 0xEF, 0x06, 0x63, 0x01,
    0x6A, 0x4B, 0xEA, 0xF6, 0x17, 0xB8, 0xF9, 0x12, 0x80, 0xA8, 0x00, 0x12, 0x80, 0x78, 0xC6, 0x11,
    0x80, 0x11, 0x46, 0x08, 0x80, 0x04, 0x5C, 0x08, 0x60, 0xFD, 0x63, 0x05, 0x62, 0x04, 0xB2, 0x40,
    0xEA, 0x00, 0x65, 0x05, 0x97, 0x00, 0xEF, 0x03, 0x63, 0x20, 0xE8, 0x00, 0x65, 0x11, 0xA0, 0x11,
    0x80, 0xF5, 0x63, 0x15, 0x62, 0x14, 0xD1, 0x13, 0xD0, 0x00, 0x6A, 0x0B, 0xD2, 0x42, 0xA4, 0x04,
    0x67, 0x2E, 0x72, 0xC0, 0xF0, 0x0B, 0x60, 0x2F, 0x5A, 0x0F, 0x60, 0x2B, 0x72, 0xC0, 0xF0, 0x03,
    0x60, 0x2D, 0x72, 0xE0, 0xF0, 0x03, 0x60, 0x2A, 0x72, 0xA0, 0xF0, 0x19, 0x60, 0x00, 0x6A, 0x15,
    0x97, 0x14, 0x91, 0x13, 0x90, 0x00, 0xEF, 0x0B, 0x63, 0x31, 0x72, 0x4E, 0x60, 0x32, 0x5A, 0x25,
    0x60, 0x30, 0x72, 0xF4, 0x61, 0x7B, 0xB2, 0x85, 0xAA, 0x7B, 0xB2, 0x40, 0xEA, 0x0C, 0x05, 0x00,
    0x6B, 0x77, 0x2A, 0x5D, 0x67, 0x78, 0xAA, 0xA0, 0xF2, 0x1C, 0x6A, 0x9D, 0x67, 0x58, 0xEB, 0x77,
    0xB2, 0x12, 0xEB, 0x69, 0xE2, 0x60, 0xF0, 0x7C, 0xAA, 0x20, 0xF0, 0x6C, 0xC4, 0x00, 0xF1, 0x81,
    0xA2, 0x7D, 0x67, 0x20, 0xF0, 0x8D, 0xC3, 0x00, 0xF1, 0x82, 0xA2, 0x00, 0xF1, 0x43, 0xA2, 0x20,
    0xF0, 0x8E, 0xC3, 0x20, 0xF0, 0x4F, 0xC3, 0x04, 0x6B, 0x5B, 0x10, 0x32, 0x72, 0x3C, 0x60, 0x33,
    0x72, 0xCD, 0x61, 0x64, 0xA4, 0x43, 0x84, 0x6A, 0xB4, 0x0E, 0xD2, 0x64, 0x32, 0x69, 0xE2, 0x44,
    0x32, 0x49, 0xE4, 0x28, 0xAA, 0xFF, 0xF7, 0x1F, 0x71, 0x61, 0x61, 0xFF, 0x6B, 0x0E, 0x92, 0x08,
    0xD3, 0x06, 0xD1, 0x07, 0xD2, 0x63, 0xB2, 0x05, 0xD2, 0x03, 0x6A, 0x04, 0xD2, 0x68, 0xF6, 0x1B,
    0x6F, 0xC1, 0xF4, 0x1A, 0x6E, 0xFE, 0x6D, 0x01, 0x6C, 0x5F, 0xB2, 0x40, 0xEA, 0x0F, 0xD3, 0x0F,
    0x93, 0x5D, 0x67, 0x20, 0xF0, 0x6C, 0xC2, 0xD7, 0x17, 0xFF, 0x6A, 0x7D, 0x67, 0x58, 0xCB, 0x55,
    0xB2, 0x85, 0xAA, 0x55, 0xB2, 0x40, 0xEA, 0x0C, 0x05, 0x0C, 0x2A, 0x5D, 0x67, 0x78, 0xAA, 0xA0,
    0xF2, 0x1C, 0x6A, 0x58, 0xEB, 0x51, 0xB2, 0x12, 0xEB, 0x69, 0xE2, 0x60, 0xF0, 0x4E, 0xAA, 0x7D,
    0x67, 0x56, 0xCB, 0x02, 0x6B, 0x1D, 0x10, 0x51, 0xB2, 0x40, 0xEA, 0x83, 0xA4, 0x50, 0xB2, 0x40,
    0xEA, 0x00, 0x65, 0x00, 0xF5, 0x01, 0x6C, 0x8B, 0xEC, 0x4C, 0xEC, 0x49, 0xB2, 0x74, 0xAA, 0x05,
    0x5B, 0x0B, 0x61, 0xFC, 0x4B, 0xFF, 0x6A, 0x60, 0x33, 0x01, 0x4A, 0x6C, 0xEA, 0x00, 0xF4, 0x00,
    0x6D, 0x64, 0x33, 0xAC, 0xEB, 0x4D, 0xEB, 0x6D, 0xEC, 0x46, 0xB2, 0x40, 0xEA, 0x00, 0x65, 0x00,
    0x6B, 0x30, 0x6A, 0x9D, 0x67, 0x20, 0xF0, 0x48, 0xC4, 0x81, 0xA0, 0x5D, 0x67, 0x70, 0x33, 0x20,
    0xF0, 0x89, 0xC2, 0x82, 0xA0, 0x20, 0xF0, 0x6B, 0xC2, 0x0B, 0x96, 0x20, 0xF0, 0x8A, 0xC2, 0x3E,
    0xB2, 0x40, 0x9A, 0x0A, 0x95, 0x40, 0xEA, 0x02, 0x6C, 0x01, 0x6A, 0x61, 0x17, 0x0C, 0x05, 0x91,
    0x67, 0x31, 0xB2, 0x40, 0xEA, 0x10, 0xD3, 0xFF, 0x72, 0x98, 0x60, 0x10, 0x93, 0x5D, 0x67, 0xF8,
    0xAA, 0x0E, 0x95, 0x83, 0x67, 0x35, 0xB2, 0x40, 0xEA, 0x0F, 0xD7, 0x0F, 0x97, 0xA0, 0xF2, 0x1C,
    0x6A, 0x58, 0xEF, 0x2A, 0xB2, 0x12, 0xEB, 0x69, 0xE2, 0xC0, 0xF0, 0x7C, 0xA2, 0x87, 0x17, 0x46,
    0xF6, 0x15, 0x6A, 0x0B, 0xD2, 0xAE, 0x17, 0x2E, 0xB2, 0x40, 0xAA, 0xFB, 0x17, 0x63, 0xA4, 0x02,
    0x73, 0x0C, 0x60, 0x04, 0x73, 0x13, 0x60, 0x01, 0x73, 0x04, 0x6B, 0xC2, 0x61, 0x29, 0xB2, 0xBC,
    0xAA, 0x5B, 0xAA, 0x9D, 0x67, 0xB6, 0xCC, 0x57, 0xCC, 0xBB, 0x17, 0x27, 0xB2, 0xA0, 0xF1, 0x8A,
    0xAA, 0xA0, 0xF1, 0x48, 0xAA, 0x7D, 0x67, 0x96, 0xCB, 0x57, 0xCB, 0x55, 0x17, 0x22, 0xB2, 0x40,
    0xF0, 0xA8, 0xAA, 0x9D, 0x67, 0x40, 0xF0, 0x46, 0xAA, 0xB6, 0xCC, 0xED, 0x17, 0x1D, 0xB2, 0x20,
    0xF0, 0x74, 0xA2, 0x5D, 0x67, 0x20, 0xF0, 0x4C, 0xA2, 0x02, 0x6C, 0x01, 0x6D, 0x8B, 0xEC, 0xAC,
    0xEB, 0x8C, 0xEA, 0x6D, 0xEA, 0x18, 0xB3, 0xA0, 0xF1, 0x84, 0xA3, 0x03, 0x6E, 0xCB, 0xEE, 0xAC,
    0xEC, 0x40, 0xF0, 0x64, 0xA3, 0x84, 0x34, 0xCC, 0xEA, 0x8D, 0xEA, 0x05, 0x6C, 0xAC, 0xEB, 0x8B,
    0xEC, 0x68, 0x33, 0x8C, 0xEA, 0x6D, 0xEA, 0x7D, 0x67, 0x20, 0xF0, 0x4C, 0xC3, 0x01, 0x6B, 0x88,
    0x17, 0x00, 0xDE, 0x12, 0x80, 0xC9, 0x01, 0x07, 0x80, 0x50, 0x1C, 0x13, 0x80, 0xB8, 0xF9, 0x12,
    0x80, 0x78, 0xC6, 0x11, 0x80, 0x11, 0x46, 0x08, 0x80, 0x75, 0x8E, 0x11, 0x80, 0xBD, 0x33, 0x01,
    0x80, 0x45, 0x34, 0x01, 0x80, 0x78, 0x00, 0x12, 0x80, 0xB5, 0xA0, 0x11, 0x80, 0x60, 0xCF, 0x11,
    0x80, 0x50, 0xDE, 0x12, 0x80, 0x04, 0x3C, 0x12, 0x80, 0xFD, 0x63, 0x05, 0x62, 0x04, 0xD0, 0x09,
    0xB2, 0x40, 0xEA, 0xF0, 0x6C, 0x02, 0x67, 0x08, 0xB2, 0x40, 0xEA, 0x02, 0x6C, 0x0C, 0xEA, 0x01,
    0x5A, 0x05, 0x97, 0x04, 0x90, 0x58, 0x67, 0x01, 0x6B, 0x6E, 0xEA, 0x00, 0xEF, 0x03, 0x63, 0x00,
    0x65, 0xFD, 0x1C, 0x01, 0x80, 0x99, 0x32, 0x01, 0x80, 0xF6, 0x63, 0x13, 0x62, 0x12, 0xD1, 0x11,
    0xD0, 0x34, 0xB2, 0xE0, 0x9A, 0x01, 0x6A, 0x4B, 0xEA, 0x7D, 0x67, 0x50, 0xCB, 0x32, 0xB2, 0x85,
    0xAA, 0x08, 0x05, 0x32, 0xB2, 0x40, 0xEA, 0x07, 0x67, 0x07, 0x22, 0x00, 0x68, 0x50, 0x67, 0x13,
    0x97, 0x12, 0x91, 0x11, 0x90, 0x00, 0xEF, 0x0A, 0x63, 0x5D, 0x67, 0x50, 0xAA, 0xF0, 0x67, 0x0B,
    0xD2, 0x0B, 0x93, 0xA0, 0xF2, 0x1C, 0x6A, 0x58, 0xEB, 0x29, 0xB2, 0x0D, 0xD2, 0x12, 0xEB, 0x4D,
    0xE3, 0x0C, 0xD3, 0x60, 0xF0, 0x6E, 0xAB, 0x68, 0x32, 0x02, 0x2B, 0x40, 0xF6, 0x00, 0x6A, 0x0A,
    0xD2, 0x00, 0x69, 0x00, 0x68, 0x24, 0x2F, 0xE1, 0x20, 0x2E, 0xE8, 0xDF, 0x28, 0x0B, 0x93, 0xA0,
    0xF2, 0x1C, 0x6A, 0x58, 0xEB, 0x0D, 0x93, 0x12, 0xEA, 0x49, 0xE3, 0xC0, 0xF0, 0xCC, 0xA2, 0xC0,
    0xF0, 0x97, 0xA2, 0x1C, 0xB2, 0x40, 0xEA, 0x01, 0x6D, 0x01, 0x72, 0x02, 0x67, 0xCE, 0x61, 0x0A,
    0x92, 0x06, 0xD1, 0x88, 0xF6, 0x08, 0x6F, 0x07, 0xD2, 0x17, 0xB2, 0x05, 0xD2, 0x02, 0x6A, 0x04,
    0xD2, 0x02, 0xF3, 0x12, 0x6E, 0xFE, 0x6D, 0x15, 0xB2, 0x40, 0xEA, 0x02, 0x6C, 0xBF, 0x17, 0x80,
    0xAF, 0xE1, 0xF7, 0x1F, 0x6A, 0x8C, 0xEA, 0x0C, 0xB4, 0x85, 0xAC, 0x8E, 0xEA, 0x0E, 0x2A, 0x0A,
    0x96, 0x0C, 0x95, 0xFF, 0x6B, 0x87, 0x67, 0x01, 0x48, 0x0D, 0xB2, 0x0E, 0xD7, 0x40, 0xEA, 0x6C,
    0xE8, 0x0E, 0x97, 0x03, 0x22, 0x01, 0x49, 0xFF, 0x6B, 0x6C, 0xE9, 0x00, 0xF4, 0xE8, 0x9F, 0xC2,
    0x17, 0xC4, 0x10, 0x12, 0x80, 0x00, 0xDE, 0x12, 0x80, 0xC9, 0x01, 0x07, 0x80, 0x50, 0x1C, 0x13,
    0x80, 0x6D, 0x80, 0x01, 0x80, 0x78, 0xC6, 0x11, 0x80, 0x11, 0x46, 0x08, 0x80, 0x49, 0xC5, 0x11,
    0x80, 0xFD, 0x63, 0x05, 0x62, 0x04, 0xD0, 0x10, 0xB2, 0x00, 0x9A, 0x10, 0xB2, 0x40, 0xEA, 0x00,
    0x65, 0x0F, 0xB2, 0x85, 0xAA, 0x00, 0x6B, 0x0A, 0x28, 0x00, 0x6A, 0x04, 0x2B, 0x0D, 0xB2, 0x40,
    0xEA, 0x01, 0x6C, 0x01, 0x6A, 0x05, 0x97, 0x04, 0x90, 0x00, 0xEF, 0x03, 0x63, 0xA0, 0xA8, 0xE1,
    0xF7, 0x1F, 0x6A, 0xAC, 0xEA, 0x8E, 0xEA, 0x03, 0x2A, 0x01, 0x4B, 0xFF, 0x6A, 0x4C, 0xEB, 0x00,
    0xF4, 0x08, 0x98, 0xE9, 0x17, 0xC4, 0x10, 0x12, 0x80, 0x69, 0xA3, 0x11, 0x80, 0x00, 0xDE, 0x12,
    0x80, 0xBD, 0x99, 0x11, 0x80, 0xFD, 0x63, 0x05, 0x62, 0x0F, 0xB2, 0x40, 0x9A, 0x40, 0xEA, 0x00,
    0x65, 0x0E, 0xB3, 0x15, 0x22, 0x40, 0xA3, 0x0A, 0x5A, 0x01, 0x4A, 0x11, 0x61, 0x0C, 0xB2, 0x40,
    0xEA, 0x00, 0x65, 0x01, 0x72, 0x09, 0x61, 0x00, 0xF2, 0x00, 0x6C, 0x0A, 0xB2, 0x40, 0xEA, 0x00,
    0x65, 0x03, 0x22, 0x09, 0xB2, 0x40, 0xEA, 0x00, 0x65, 0x05, 0x97, 0x00, 0xEF, 0x03, 0x63, 0x40,
    0xC3, 0xFB, 0x17, 0x00, 0x65, 0xD4, 0x04, 0x12, 0x80, 0xB5, 0xF9, 0x12, 0x80, 0x61, 0xA4, 0x11,
    0x80, 0x99, 0x32, 0x01, 0x80, 0xBD, 0x91, 0x11, 0x80, 0xF8, 0x63, 0x0F, 0x62, 0x0E, 0xD1, 0x0D,
    0xD0, 0x68, 0x44, 0xF8, 0x4B, 0xFF, 0xF7, 0x1F, 0x6E, 0x6C, 0xEE, 0x44, 0xA5, 0x0A, 0x5E, 0x03,
    0x68, 0xD8, 0x67, 0x0B, 0xE8, 0xC4, 0x37, 0x0C, 0xEA, 0xED, 0xEA, 0x01, 0x69, 0x44, 0xC5, 0x15,
    0x26, 0xFF, 0x6C, 0x8C, 0xEB, 0x7F, 0x4B, 0x01, 0x4B, 0x68, 0x33, 0x21, 0xB4, 0x6D, 0xE4, 0x60,
    0x9B, 0x63, 0xA3, 0x6A, 0x33, 0x6C, 0xE9, 0x02, 0x6B, 0x6B, 0xEB, 0x6C, 0xEA, 0x2D, 0xEA, 0x44,
    0xC5, 0x0F, 0x97, 0x0E, 0x91, 0x0D, 0x90, 0x00, 0xEF, 0x08, 0x63, 0x05, 0x67, 0x19, 0xB2, 0x08,
    0x05, 0x40, 0xEA, 0x0A, 0xD4, 0xFF, 0x72, 0x0A, 0x93, 0x1A, 0x60, 0x5D, 0x67, 0x70, 0xAA, 0xA0,
    0xF2, 0x1C, 0x6A, 0x02, 0x6D, 0x58, 0xEB, 0x14, 0xB3, 0xAB, 0xED, 0x12, 0xEA, 0x4D, 0xE3, 0xC0,
    0xF0, 0x90, 0xA3, 0x44, 0xA0, 0x00, 0xF2, 0x66, 0xA3, 0x2C, 0xEC, 0xAC, 0xEA, 0x6C, 0xE9, 0x05,
    0x6B, 0x8D, 0xEA, 0x6B, 0xEB, 0x28, 0x31, 0x6C, 0xEA, 0x2D, 0xEA, 0x44, 0xC0, 0xD9, 0x17, 0x0B,
    0xB2, 0x05, 0xD2, 0x01, 0x6A, 0x04, 0xD2, 0x06, 0xD3, 0x88, 0xF6, 0x0A, 0x6F, 0xE2, 0xF4, 0x05,
    0x6E, 0xFE, 0x6D, 0x07, 0xB2, 0x40, 0xEA, 0x02, 0x6C, 0xCB, 0x17, 0x00, 0x65, 0x04, 0x3C, 0x12,
    0x80, 0xC9, 0x01, 0x07, 0x80, 0x50, 0x1C, 0x13, 0x80, 0x78, 0xC6, 0x11, 0x80, 0x11, 0x46, 0x08,
    0x80, 0xFA, 0x63, 0x0B, 0x62, 0x0A, 0xD1, 0x09, 0xD0, 0x00, 0x6A, 0x04, 0xD2, 0x05, 0xD2, 0x04,
    0x05, 0x2A, 0xB2, 0x40, 0xEA, 0x24, 0x67, 0x5D, 0x67, 0x74, 0xA2, 0x02, 0x6A, 0xFF, 0x6C, 0x4C,
    0xEB, 0x11, 0x67, 0x8C, 0xEB, 0x8C, 0xE8, 0x25, 0x23, 0x48, 0x40, 0xF8, 0x4A, 0x8C, 0xEA, 0x7F,
    0x4A, 0x01, 0x4A, 0x48, 0x32, 0x22, 0xB3, 0x49, 0xE3, 0x40, 0x9A, 0x55, 0xAA, 0x44, 0x32, 0x00,
    0xF1, 0x00, 0x52, 0x01, 0x61, 0xFF, 0x6A, 0x7D, 0x67, 0x55, 0xC3, 0x02, 0x6A, 0x56, 0xC3, 0x7D,
    0x67, 0x40, 0xF6, 0x05, 0x6A, 0x48, 0xCB, 0x03, 0x6A, 0x52, 0xC3, 0x13, 0xC3, 0x19, 0xB2, 0x05,
    0x96, 0x04, 0x95, 0x40, 0x9A, 0x40, 0xEA, 0x02, 0x6C, 0x0B, 0x97, 0x0A, 0x91, 0x09, 0x90, 0x00,
    0xEF, 0x06, 0x63, 0x06, 0x05, 0x14, 0xB2, 0x40, 0xEA, 0x91, 0x67, 0xFF, 0x72, 0xE8, 0x60, 0x5D,
    0x67, 0xAC, 0xAA, 0xA0, 0xF2, 0x1C, 0x6B, 0x11, 0xB2, 0x78, 0xED, 0x12, 0xEC, 0x91, 0xE2, 0x80,
    0xF0, 0xD4, 0xAC, 0x00, 0xF1, 0x00, 0x5E, 0x01, 0x61, 0xFF, 0x6E, 0x78, 0xED, 0x9D, 0x67, 0xD5,
    0xC4, 0x12, 0xEB, 0x69, 0xE2, 0x80, 0xF0, 0x58, 0xAA, 0x44, 0x32, 0x00, 0xF1, 0x00, 0x52, 0x01,
    0x61, 0xFF, 0x6A, 0x7D, 0x67, 0xCB, 0x17, 0x00, 0x65, 0x09, 0xA5, 0x11, 0x80, 0x04, 0x3C, 0x12,
    0x80, 0x78, 0x00, 0x12, 0x80, 0xC9, 0x01, 0x07, 0x80, 0x50, 0x1C, 0x13, 0x80, 0xFC, 0x63, 0x07,
    0x62, 0x06, 0xD0, 0x00, 0x6A, 0x04, 0xD2, 0x05, 0xD2, 0x04, 0x05, 0x0B, 0xB2, 0x40, 0xEA, 0x04,
    0x67, 0x7D, 0x67, 0x40, 0xF6, 0x05, 0x6A, 0x48, 0xCB, 0x11, 0x6A, 0x52, 0xC3, 0x13, 0xC3, 0x07,
    0xB2, 0x05, 0x96, 0x04, 0x95, 0x40, 0x9A, 0x40, 0xEA, 0x02, 0x6C, 0x07, 0x97, 0x06, 0x90, 0x00,
    0xEF, 0x04, 0x63, 0x00, 0x65, 0x09, 0xA5, 0x11, 0x80, 0x78, 0x00, 0x12, 0x80, 0xFC, 0x63, 0x07,
    0x62, 0x06, 0xD0, 0x00, 0x6A, 0x04, 0xD2, 0x05, 0xD2, 0x04, 0x05, 0x0F, 0xB2, 0x40, 0xEA, 0x04,
    0x67, 0x0E, 0xB2, 0x4F, 0xA2, 0x7D, 0x67, 0x75, 0xA3, 0x4B, 0xEA, 0xC0, 0xF7, 0x42, 0x32, 0x6D,
    0xEA, 0x7D, 0x67, 0x55, 0xC3, 0x40, 0xF6, 0x05, 0x6A, 0x48, 0xCB, 0x21, 0x6A, 0x52, 0xC3, 0x13,
    0xC3, 0x07, 0xB2, 0x05, 0x96, 0x04, 0x95, 0x40, 0x9A, 0x40, 0xEA, 0x02, 0x6C, 0x07, 0x97, 0x06,
    0x90, 0x00, 0xEF, 0x04, 0x63, 0x09, 0xA5, 0x11, 0x80, 0x08, 0xFA, 0x12, 0x80, 0x78, 0x00, 0x12,
    0x80, 0xFA, 0x63, 0x0B, 0x62, 0x0A, 0xD0, 0x40, 0xA4, 0x04, 0x67, 0x30, 0x72, 0x0B, 0x61, 0x54,
    0xB2, 0x40, 0xEA, 0x00, 0x65, 0x01, 0x6B, 0x6E, 0xEA, 0x01, 0x5A, 0x58, 0x67, 0x0B, 0x97, 0x0A,
    0x90, 0x00, 0xEF, 0x06, 0x63, 0x23, 0x72, 0x06, 0x61, 0x4E, 0xB5, 0x4F, 0xB2, 0x40, 0xEA, 0x23,
    0x6C, 0x01, 0x6A, 0xF4, 0x17, 0x42, 0x72, 0x47, 0x61, 0x4C, 0xB2, 0x4D, 0xB0, 0x08, 0x04, 0x40,
    0x9A, 0x08, 0xD2, 0x4C, 0xB2, 0x40, 0xEA, 0x00, 0x65, 0x45, 0xA8, 0x01, 0x4A, 0x45, 0xC8, 0x44,
    0xA8, 0x01, 0x72, 0x19, 0x60, 0x02, 0x72, 0x33, 0x60, 0x45, 0xA8, 0x64, 0x6B, 0x7B, 0xEA, 0x01,
    0x2B, 0xE5, 0xE8, 0x10, 0xEB, 0xE5, 0x2B, 0x64, 0xA8, 0x06, 0xD2, 0x43, 0xB2, 0x05, 0xD2, 0x02,
    0x6A, 0x07, 0xD3, 0x04, 0xD2, 0x05, 0xF7, 0x1B, 0x6F, 0x81, 0xF0, 0x1D, 0x6E, 0xFE, 0x6D, 0x3F,
    0xB2, 0x40, 0xEA, 0x04, 0x6C, 0xD5, 0x17, 0x00, 0xF2, 0x00, 0x6C, 0x3D, 0xB2, 0x40, 0xEA, 0x00,
    0x65, 0xE3, 0x22, 0x3C, 0xB2, 0x85, 0xAA, 0x09, 0x05, 0x3B, 0xB2, 0x40, 0xEA, 0x00, 0x65, 0xFF,
    0x72, 0xDB, 0x60, 0x5D, 0x67, 0x72, 0xAA, 0xA0, 0xF2, 0x1C, 0x6A, 0x58, 0xEB, 0x37, 0xB2, 0x12,
    0xEB, 0x69, 0xE2, 0xC0, 0xF0, 0x8C, 0xA2, 0x36, 0xB2, 0x40, 0xEA, 0x00, 0x65, 0xCD, 0x17, 0x31,
    0xB2, 0x09, 0x05, 0x86, 0xAA, 0xE9, 0x17, 0x43, 0x72, 0x0D, 0x61, 0x41, 0x9C, 0x25, 0xF7, 0x01,
    0x6F, 0xA1, 0xF0, 0x06, 0x6E, 0x07, 0xD2, 0x40, 0x9C, 0x06, 0xD2, 0x27, 0xB2, 0x05, 0xD2, 0x02,
    0x6A, 0x04, 0xD2, 0xCC, 0x17, 0x45, 0x72, 0x00, 0x6A, 0x99, 0x61, 0x41, 0x9C, 0x88, 0xF6, 0x0B,
    0x6F, 0xA1, 0xF0, 0x0E, 0x6E, 0x07, 0xD2, 0x40, 0x9C, 0xFE, 0x6D, 0x06, 0xD2, 0x1E, 0xB2, 0x05,
    0xD2, 0x02, 0x6A, 0x04, 0xD2, 0x1D, 0xB2, 0x40, 0xEA, 0x04, 0x6C, 0x82, 0xA0, 0x03, 0x74, 0x1B,
    0x60, 0x04, 0x5C, 0x03, 0x60, 0x14, 0x2C, 0x1F, 0xB2, 0x07, 0x10, 0x11, 0x74, 0x19, 0x60, 0x12,
    0x5C, 0x06, 0x60, 0x10, 0x74, 0x1C, 0xB2, 0x84, 0x61, 0x40, 0xEA, 0x00, 0x65, 0x81, 0x17, 0x20,
    0x74, 0x12, 0x60, 0x21, 0x74, 0x7F, 0xF7, 0x1C, 0x61, 0x83, 0xA0, 0x18, 0xB2, 0x06, 0x10, 0x18,
    0xB2, 0x40, 0xEA, 0xA3, 0xA0, 0x75, 0x17, 0x83, 0xA0, 0x16, 0xB2, 0x40, 0xEA, 0x00, 0x65, 0x70,
    0x17, 0x83, 0xA0, 0x15, 0xB2, 0xFA, 0x17, 0x15, 0xB2, 0xE7, 0x17, 0x00, 0x65, 0x85, 0x8D, 0x11,
    0x80, 0x00, 0x00, 0x04, 0x00, 0x69, 0xF4, 0x00, 0x80, 0xCC, 0xAD, 0x00, 0xB0, 0xB8, 0xF9, 0x12,
    0x80, 0x7D, 0x92, 0x11, 0x80, 0x78, 0xC6, 0x11, 0x80, 0x11, 0x46, 0x08, 0x80, 0x99, 0x32, 0x01,
    0x80, 0x00, 0xDE, 0x12, 0x80, 0xC9, 0x01, 0x07, 0x80, 0x50, 0x1C, 0x13, 0x80, 0xFD, 0x1F, 0x00,
    0x80, 0x79, 0x9C, 0x11, 0x80, 0x95, 0x9E, 0x11, 0x80, 0xDD, 0xA6, 0x11, 0x80, 0xDD, 0x9C, 0x11,
    0x80, 0xD1, 0xA5, 0x11, 0x80, 0x9D, 0xA6, 0x11, 0x80, 0xD9, 0x9E, 0x11, 0x80, 0xF8, 0x63, 0x0F,
    0x62, 0x0E, 0xD1, 0x0D, 0xD0, 0x2E, 0xB2, 0x09, 0x05, 0x40, 0xEA, 0x04, 0x67, 0xFF, 0x72, 0x42,
    0x60, 0x5D, 0x67, 0x72, 0xAA, 0xA0, 0xF2, 0x1C, 0x6A, 0x58, 0xEB, 0x2A, 0xB3, 0x12, 0xE9, 0x25,
    0xE3, 0x00, 0xF1, 0x41, 0xA1, 0x37, 0x2A, 0xCD, 0x99, 0x00, 0x6D, 0x02, 0x6C, 0x26, 0xB2, 0x40,
    0xEA, 0x0A, 0xD6, 0x0A, 0x96, 0xCC, 0xEA, 0x2E, 0x2A, 0x7D, 0x67, 0x01, 0x6C, 0x20, 0xF0, 0x80,
    0xC3, 0x20, 0xF0, 0x42, 0xC3, 0xE0, 0xF1, 0x59, 0xC1, 0xE0, 0xF1, 0x5A, 0xC1, 0x05, 0xD2, 0x64,
    0x6A, 0x04, 0xD2, 0x92, 0xAB, 0x03, 0x6F, 0x03, 0x6E, 0x1C, 0xB2, 0x40, 0xEA, 0x08, 0x05, 0x00,
    0x6D, 0x19, 0xB2, 0x40, 0xEA, 0x02, 0x6C, 0x6C, 0x99, 0x01, 0x6C, 0x88, 0xF6, 0x09, 0x6F, 0x6D,
    0xEA, 0x4C, 0xD9, 0xA0, 0xF0, 0x44, 0xA9, 0x62, 0xF5, 0x1D, 0x6E, 0xFE, 0x6D, 0x8D, 0xEA, 0xA0,
    0xF0, 0x44, 0xC9, 0x13, 0xB2, 0x05, 0xD2, 0x02, 0x6A, 0x06, 0xD4, 0x04, 0xD2, 0x07, 0xD0, 0x11,
    0xB2, 0x40, 0xEA, 0x04, 0x6C, 0x01, 0x6A, 0x06, 0xD2, 0x0D, 0xB2, 0x05, 0xD2, 0x02, 0x6A, 0x07,
    0xD0, 0x04, 0xD2, 0x88, 0xF6, 0x09, 0x6F, 0x82, 0xF5, 0x00, 0x6E, 0xFE, 0x6D, 0x09, 0xB2, 0x40,
    0xEA, 0x02, 0x6C, 0x0F, 0x97, 0x0E, 0x91, 0x0D, 0x90, 0x00, 0xEF, 0x08, 0x63, 0xC9, 0x01, 0x07,
    0x80, 0x50, 0x1C, 0x13, 0x80, 0x31, 0x00, 0x07, 0x80, 0xB5, 0x0C, 0x07, 0x80, 0x78, 0xC6, 0x11,
    0x80, 0x11, 0x46, 0x08, 0x80, 0x0A, 0xB2, 0x50, 0xA2, 0x0A, 0xB4, 0x60, 0xA4, 0x4B, 0xEA, 0xC0,
    0xF7, 0x42, 0x32, 0x4E, 0xEB, 0x09, 0x23, 0xFD, 0x63, 0x05, 0x62, 0x40, 0xC4, 0x06, 0xB2, 0x40,
    0xEA, 0x00, 0x65, 0x05, 0x97, 0x00, 0xEF, 0x03, 0x63, 0x20, 0xE8, 0x00, 0x65, 0x00, 0xDE, 0x12,
    0x80, 0x95, 0xF9, 0x12, 0x80, 0x95, 0x9E, 0x11, 0x80, 0x0A, 0xB2, 0x4E, 0xA2, 0x0A, 0xB4, 0x60,
    0xA4, 0x4B, 0xEA, 0xC0, 0xF7, 0x42, 0x32, 0x4E, 0xEB, 0x09, 0x23, 0xFD, 0x63, 0x05, 0x62, 0x40,
    0xC4, 0x06, 0xB2, 0x40, 0xEA, 0x00, 0x65, 0x05, 0x97, 0x00, 0xEF, 0x03, 0x63, 0x20, 0xE8, 0x00,
    0x65, 0x00, 0xDE, 0x12, 0x80, 0x94, 0xF9, 0x12, 0x80, 0xD9, 0x9E, 0x11, 0x80, 0x05, 0xB2, 0x81,
    0x9A, 0x00, 0x6B, 0x2E, 0xF5, 0x10, 0x5C, 0x01, 0x60, 0x61, 0x44, 0x20, 0xE8, 0x61, 0xDA, 0x00,
    0x65, 0xB8, 0xF9, 0x12, 0x80, 0x20, 0xE8, 0x00, 0x65, 0xFF, 0x63, 0x01, 0xD1, 0x00, 0xD0, 0x01,
    0x6D, 0x44, 0x67, 0x15, 0xB7, 0xAC, 0xEA, 0xFF, 0x69, 0x96, 0x36, 0x43, 0xC7, 0x8E, 0x32, 0x13,
    0xB0, 0x2C, 0xEE, 0xAC, 0xEA, 0x4E, 0xC0, 0x46, 0x67, 0xAC, 0xEA, 0x8A, 0x33, 0x44, 0xC7, 0x9A,
    0x32, 0x2C, 0xEA, 0xAC, 0xEB, 0x2C, 0xEB, 0x22, 0x67, 0xAC, 0xE9, 0x20, 0xC7, 0x9E, 0x31, 0x86,
    0x34, 0xCD, 0xEC, 0x8D, 0xEA, 0xAC, 0xEA, 0x4F, 0xC0, 0x42, 0xA7, 0xAC, 0xE9, 0x70, 0xC0, 0x2F,
    0xC7, 0x02, 0x2A, 0x40, 0xF0, 0x40, 0xC0, 0x02, 0x2B, 0x05, 0xB2, 0x60, 0xC2, 0x01, 0x91, 0x00,
    0x90, 0x20, 0xE8, 0x01, 0x63, 0x08, 0xFA, 0x12, 0x80, 0x00, 0xDE, 0x12, 0x80, 0xB5, 0xF9, 0x12,
    0x80, 0xF7, 0x63, 0x11, 0x62, 0x10, 0xD1, 0x0F, 0xD0, 0x42, 0xA4, 0x04, 0x67, 0x01, 0x6C, 0x00,
    0x6B, 0x8B, 0xEC, 0x0B, 0xD2, 0x5A, 0xB2, 0x69, 0xC2, 0x6A, 0xC2, 0x86, 0xCA, 0xA3, 0xA0, 0x61,
    0xC2, 0x62, 0xC2, 0x01, 0x6B, 0xA8, 0xC2, 0x83, 0xCA, 0x6B, 0xEB, 0x56, 0xB2, 0x62, 0xDA, 0x66,
    0xCA, 0x16, 0x6E, 0x55, 0xB4, 0x55, 0xB2, 0x40, 0xEA, 0xFF, 0x6D, 0x0B, 0x92, 0xFF, 0xF7, 0x1F,
    0x6D, 0x00, 0x69, 0x49, 0xE0, 0x42, 0xA2, 0x0A, 0xD5, 0x09, 0xD5, 0x0C, 0xD2, 0x00, 0x6A, 0xFA,
    0x65, 0x08, 0xD5, 0x07, 0xD5, 0x06, 0xD2, 0x00, 0x6C, 0x00, 0x6E, 0x04, 0xD2, 0x0B, 0x92, 0x04,
    0x93, 0xFE, 0x4A, 0x42, 0xEB, 0x1F, 0x61, 0x80, 0xF0, 0x05, 0x24, 0x06, 0x93, 0x44, 0xB2, 0xC2,
    0xC2, 0x61, 0xC2, 0x07, 0x93, 0x63, 0xCA, 0x08, 0x93, 0x42, 0xB2, 0x64, 0xCA, 0x09, 0x93, 0x66,
    0xCA, 0x0A, 0x93, 0x65, 0xCA, 0x5F, 0x67, 0x03, 0x22, 0x3D, 0xB2, 0x29, 0xC2, 0x02, 0x24, 0x3C,
    0xB2, 0xA6, 0xCA, 0x3F, 0xB2, 0x40, 0xEA, 0x0C, 0x94, 0x11, 0x97, 0x10, 0x91, 0x0F, 0x90, 0x00,
    0x6A, 0x00, 0xEF, 0x09, 0x63, 0x04, 0x92, 0x01, 0x6F, 0x1F, 0x65, 0x4D, 0xE0, 0x85, 0xA3, 0x01,
    0xF7, 0x00, 0x6A, 0xF8, 0x67, 0x80, 0x34, 0x8C, 0xEA, 0x84, 0xA3, 0x8D, 0xEA, 0x86, 0xA3, 0x86,
    0x33, 0xEC, 0xEB, 0xD9, 0xE3, 0xFF, 0x6F, 0x05, 0xD3, 0xEC, 0xEE, 0x78, 0x67, 0x92, 0x37, 0x6C,
    0xEF, 0x06, 0x93, 0xED, 0xE3, 0x06, 0xD3, 0x06, 0x03, 0xF8, 0x67, 0x60, 0xA3, 0x8C, 0xEF, 0x1F,
    0x65, 0x06, 0xD3, 0x01, 0x60, 0x07, 0xD2, 0x05, 0x93, 0x01, 0x23, 0x08, 0xD2, 0x6F, 0x46, 0x3B,
    0x65, 0xFF, 0x6B, 0xE3, 0x67, 0x79, 0x67, 0x6C, 0xEF, 0x0A, 0x5F, 0x12, 0x60, 0x05, 0x93, 0x1A,
    0x65, 0x08, 0x2B, 0x63, 0x46, 0x64, 0x33, 0x1B, 0x65, 0xF8, 0x67, 0x22, 0xB3, 0xED, 0xE3, 0x60,
    0xAB, 0x1B, 0x65, 0x79, 0x67, 0x04, 0x4B, 0x1F, 0xB7, 0x64, 0x33, 0x6D, 0xE7, 0xF8, 0x67, 0xE0,
    0xCB, 0x08, 0x6B, 0x8C, 0xEB, 0x01, 0x23, 0x09, 0xD2, 0x01, 0x6F, 0x1F, 0x65, 0x8A, 0x33, 0xF8,
    0x67, 0xEC, 0xEB, 0x04, 0x23, 0x9E, 0x37, 0x1F, 0x65, 0x01, 0x61, 0x0A, 0xD2, 0x7C, 0x6F, 0xEB,
    0xEF, 0x8C, 0xEF, 0x84, 0x77, 0x0C, 0x61, 0x12, 0x23, 0x01, 0x6C, 0xFC, 0x65, 0x04, 0x97, 0xFF,
    0x6C, 0xA2, 0x67, 0x03, 0x4F, 0x8C, 0xEF, 0x04, 0xD7, 0x01, 0x6C, 0x23, 0x67, 0x7F, 0x17, 0x03,
    0x23, 0x9E, 0x34, 0x71, 0x67, 0xF3, 0x2C, 0x71, 0x67, 0x45, 0x67, 0xF0, 0x17, 0x01, 0x6A, 0xFA,
    0x65, 0x01, 0x69, 0xF9, 0x17, 0x5F, 0x67, 0x88, 0x2A, 0x8C, 0x17, 0x00, 0x65, 0x08, 0xFA, 0x12,
    0x80, 0x00, 0xDE, 0x12, 0x80, 0xEC, 0xF9, 0x12, 0x80, 0x8D, 0xEF, 0x00, 0x80, 0x39, 0xAA, 0x11,
    0x80, 0xE4, 0xF9, 0x12, 0x80, 0xFB, 0x63, 0x09, 0x62, 0x63, 0xA4, 0x0B, 0xB2, 0x29, 0xF2, 0x1A,
    0x6F, 0x6E, 0xC2, 0x0A, 0xB2, 0x51, 0xA2, 0x40, 0xF2, 0x1E, 0x6E, 0xF9, 0x6D, 0x06, 0xD2, 0x08,
    0xB2, 0x05, 0xD2, 0x01, 0x6A, 0x04, 0xD2, 0x07, 0xB2, 0x40, 0xEA, 0x01, 0x6C, 0x09, 0x97, 0x00,
    0x6A, 0x00, 0xEF, 0x05, 0x63, 0x08, 0xFA, 0x12, 0x80, 0x00, 0xDE, 0x12, 0x80, 0x78, 0xC6, 0x11,
    0x80, 0x11, 0x46, 0x08, 0x80, 0x00, 0x6A, 0x07, 0xB3, 0x40, 0xC3, 0x07, 0xB3, 0x40, 0xC3, 0x80,
    0x6C, 0x06, 0xB3, 0x83, 0xCB, 0x20, 0x6C, 0x84, 0xCB, 0x05, 0xB3, 0x20, 0xE8, 0x40, 0xC3, 0x00,
    0x65, 0x1A, 0xFA, 0x12, 0x80, 0x19, 0xFA, 0x12, 0x80, 0x20, 0xF8, 0x12, 0x80, 0x1B, 0xFA, 0x12,
    0x80, 0xFA, 0x63, 0x0B, 0x62, 0x0A, 0xD1, 0x09, 0xD0, 0x01, 0x6E, 0xC0, 0xC5, 0x04, 0x67, 0x1B,
    0xB2, 0x1B, 0xB4, 0x20, 0xF0, 0x68, 0xA4, 0x40, 0xA2, 0x1A, 0xB7, 0x20, 0xA7, 0x6D, 0xEA, 0xCC,
    0xEA, 0x2D, 0xEA, 0xFF, 0x69, 0x2C, 0xEA, 0x22, 0x2A, 0x23, 0xA0, 0x01, 0x6A, 0x4E, 0xE9, 0x1E,
    0x29, 0x15, 0xB2, 0xC0, 0xC2, 0x15, 0xB2, 0x05, 0x67, 0x40, 0x9A, 0x01, 0x6D, 0xAD, 0xEB, 0x20,
    0xF0, 0x68, 0xC4, 0xA0, 0xC7, 0x40, 0xEA, 0x00, 0x6C, 0x11, 0xB2, 0x40, 0x9A, 0x40, 0xEA, 0x00,
    0x65, 0x06, 0xD2, 0x01, 0x6D, 0x0F, 0xB2, 0x05, 0xD2, 0x04, 0xD5, 0xC1, 0xF6, 0x1F, 0x6F, 0xC0,
    0xF1, 0x02, 0x6E, 0xFD, 0x6D, 0x0C, 0xB2, 0x40, 0xEA, 0x04, 0x6C, 0x20, 0xC0, 0x0B, 0x97, 0x0A,
    0x91, 0x09, 0x90, 0x0C, 0x6A, 0x00, 0xEF, 0x06, 0x63, 0x44, 0x4C, 0x12, 0x80, 0x04, 0x3C, 0x12,
    0x80, 0x19, 0xFA, 0x12, 0x80, 0x1A, 0xFA, 0x12, 0x80, 0x3C, 0x0A, 0x12, 0x80, 0xF0, 0x04, 0x12,
    0x80, 0x78, 0xC6, 0x11, 0x80, 0x11, 0x46, 0x08, 0x80, 0x05, 0x74, 0x0C, 0x61, 0x07, 0xB2, 0x40,
    0xA2, 0x09, 0x22, 0x07, 0xB3, 0xFF, 0xF7, 0x1F, 0x6C, 0x10, 0x6D, 0x40, 0xAB, 0x8C, 0xEA, 0xAD,
    0xEA, 0x8C, 0xEA, 0x40, 0xCB, 0x20, 0xE8, 0x00, 0x65, 0x1A, 0xFA, 0x12, 0x80, 0x8E, 0x12, 0x00,
    0xB6, 0xF9, 0x63, 0x0D, 0x62, 0x0C, 0xD1, 0x0B, 0xD0, 0x20, 0xB0, 0x40, 0xA0, 0x35, 0x22, 0x20,
    0xB3, 0x20, 0xF0, 0x48, 0xA3, 0x24, 0x67, 0x02, 0x6C, 0x8B, 0xEC, 0x8C, 0xEA, 0x20, 0xF0, 0x48,
    0xC3, 0x1C, 0xB2, 0x60, 0xA2, 0x2E, 0x23, 0x00, 0x6B, 0x60, 0xC2, 0x1B, 0xB2, 0x40, 0x9A, 0x40,
    0xEA, 0x00, 0x65, 0x06, 0xD2, 0x19, 0xB2, 0x05, 0xD2, 0x01, 0x6A, 0x04, 0xD2, 0x03, 0x6C, 0xC1,
    0xF6, 0x1F, 0x6F, 0x80, 0xF1, 0x00, 0x6E, 0x16, 0xB2, 0x40, 0xEA, 0xFD, 0x6D, 0x40, 0xA1, 0x0F,
    0x6B, 0x6B, 0xEB, 0x6C, 0xEA, 0x02, 0x6B, 0x6D, 0xEA, 0x40, 0xC1, 0x9F, 0xF4, 0x07, 0x6C, 0x11,
    0xB2, 0x40, 0xEA, 0x08, 0x05, 0x00, 0x69, 0x5D, 0x67, 0x20, 0xF0, 0x23, 0xC2, 0x04, 0x6E, 0x08,
    0x05, 0x0D, 0xB2, 0x40, 0xEA, 0x0E, 0x6C, 0x20, 0xC0, 0x0D, 0x97, 0x0C, 0x91, 0x0B, 0x90, 0x00,
    0xEF, 0x07, 0x63, 0x04, 0xF0, 0x0A, 0x6C, 0xEB, 0x17, 0x19, 0xFA, 0x12, 0x80, 0x04, 0x3C, 0x12,
    0x80, 0x1A, 0xFA, 0x12, 0x80, 0xF0, 0x04, 0x12, 0x80, 0x78, 0xC6, 0x11, 0x80, 0x11, 0x46, 0x08,
    0x80, 0x1D, 0x52, 0x04, 0x80, 0x19, 0xCB, 0x01, 0x80, 0x01, 0x75, 0x19, 0x60, 0xC3, 0xEF, 0x17,
    0x61, 0x20, 0x5E, 0x15, 0x60, 0xFF, 0x63, 0x01, 0xD0, 0x0B, 0xB3, 0x40, 0xA3, 0x01, 0x6D, 0x00,
    0x68, 0x20, 0x6E, 0x4D, 0xED, 0x20, 0x5F, 0x04, 0xC4, 0xC3, 0xC4, 0xA0, 0xC3, 0x05, 0x60, 0x06,
    0xC4, 0xC5, 0xC4, 0x03, 0x6C, 0x8D, 0xEA, 0x40, 0xC3, 0x01, 0x90, 0x20, 0xE8, 0x01, 0x63, 0x20,
    0xE8, 0x00, 0x65, 0x00, 0x65, 0x18, 0xFA, 0x12, 0x80, 0xFF, 0x63, 0x01, 0xD0, 0x0A, 0xB0, 0x0D,
    0x2C, 0x01, 0x75, 0x0B, 0x60, 0x40, 0xA0, 0x01, 0x6B, 0x4C, 0xEB, 0x02, 0x23, 0x07, 0xB3, 0xD6,
    0xCB, 0x02, 0x6B, 0x6C, 0xEA, 0x02, 0x22, 0x05, 0xB2, 0xF7, 0xCA, 0x00, 0x6A, 0x40, 0xC0, 0x01,
    0x90, 0x20, 0xE8, 0x01, 0x63, 0x18, 0xFA, 0x12, 0x80, 0x04, 0x3C, 0x12, 0x80, 0xFB, 0x63, 0x09,
    0x62, 0x01, 0x6E, 0xC0, 0xC5, 0x63, 0xA4, 0x11, 0xB2, 0x61, 0xC2, 0x13, 0x2B, 0x60, 0xC2, 0x40,
    0xA2, 0x29, 0xF4, 0x11, 0x6F, 0x40, 0xF2, 0x17, 0x6E, 0x06, 0xD2, 0x0D, 0xB2, 0x05, 0xD2, 0x01,
    0x6A, 0x04, 0xD2, 0xFD, 0x6D, 0x0B, 0xB2, 0x40, 0xEA, 0x04, 0x6C, 0x09, 0x97, 0x00, 0x6A, 0x00,
    0xEF, 0x05, 0x63, 0x01, 0x73, 0x02, 0x61, 0xC0, 0xC2, 0xEA, 0x17, 0x02, 0x73, 0xE8, 0x61, 0x62,
    0xAC, 0x63, 0xCA, 0x63, 0xAC, 0x64, 0xCA, 0xE3, 0x17, 0x20, 0xF8, 0x12, 0x80, 0x78, 0xC6, 0x11,
    0x80, 0x11, 0x46, 0x08, 0x80, 0x43, 0xA4, 0x01, 0x72, 0x05, 0x61, 0x06, 0xB2, 0x01, 0x6B, 0x6A,
    0xC2, 0x20, 0xE8, 0x00, 0x6A, 0x03, 0x2A, 0x03, 0xB3, 0x20, 0xE8, 0x4A, 0xC3, 0x20, 0xE8, 0x12,
    0x6A, 0x20, 0xF8, 0x12, 0x80, 0xFA, 0x63, 0x0B, 0x62, 0x80, 0x6A, 0x42, 0xCC, 0x20, 0x6A, 0x43,
    0xCC, 0x20, 0x6A, 0x08, 0xD2, 0x80, 0x6A, 0x07, 0xD2, 0x09, 0xB2, 0xA4, 0xF3, 0x0E, 0x6F, 0x80,
    0xF2, 0x0E, 0x6E, 0x06, 0xD2, 0x07, 0xB2, 0x05, 0xD2, 0x03, 0x6A, 0x04, 0xD2, 0xFD, 0x6D, 0x06,
    0xB2, 0x40, 0xEA, 0x05, 0x6C, 0x0B, 0x97, 0x00, 0xEF, 0x06, 0x63, 0x00, 0x65, 0x82, 0x71, 0x02,
    0x00, 0x78, 0xC6, 0x11, 0x80, 0x11, 0x46, 0x08, 0x80, 0x16, 0xB2, 0x50, 0xA2, 0x16, 0xB3, 0x01,
    0x72, 0x16, 0xB2, 0x20, 0x61, 0x83, 0xAB, 0x64, 0xAB, 0x40, 0xF0, 0x86, 0xCA, 0x40, 0xF0, 0xA6,
    0xAA, 0x40, 0xF0, 0x68, 0xCA, 0x6C, 0x45, 0x1B, 0x65, 0x98, 0x67, 0xFF, 0xF7, 0x1F, 0x6B, 0x6C,
    0xEC, 0xE7, 0xF7, 0x1D, 0x5C, 0x0D, 0x60, 0x40, 0xF0, 0x88, 0xAA, 0xFC, 0x4C, 0x8C, 0xEB, 0xE7,
    0xF7, 0x1D, 0x5B, 0x06, 0x60, 0x0A, 0xB3, 0xA0, 0xCB, 0x40, 0xF0, 0x68, 0xAA, 0x09, 0xB2, 0x60,
    0xCA, 0x20, 0xE8, 0x00, 0x65, 0x81, 0xAB, 0x62, 0xAB, 0x40, 0xF0, 0x86, 0xCA, 0xDF, 0x17, 0x00,
    0x65, 0x00, 0xDE, 0x12, 0x80, 0x20, 0xF8, 0x12, 0x80, 0x04, 0x3C, 0x12, 0x80, 0x3A, 0x10, 0x00,
    0xB6, 0x3C, 0x10, 0x00, 0xB6, 0xFD, 0x63, 0x05, 0x62, 0x04, 0xD0, 0x05, 0xB2, 0x40, 0xEA, 0x05,
    0x67, 0x00, 0x6B, 0x60, 0xC0, 0x05, 0x97, 0x04, 0x90, 0x00, 0xEF, 0x03, 0x63, 0xAD, 0x3D, 0x11,
    0x80, 0xFD, 0x63, 0x05, 0x62, 0x04, 0xD0, 0x01, 0x6B, 0x06, 0xB2, 0x60, 0xC2, 0x06, 0xB2, 0x40,
    0xEA, 0x05, 0x67, 0x00, 0x6B, 0x60, 0xC0, 0x05, 0x97, 0x04, 0x90, 0x00, 0xEF, 0x03, 0x63, 0x00,
    0x65, 0x1B, 0xFA, 0x12, 0x80, 0xF1, 0x9B, 0x04, 0x80, 0xFD, 0x63, 0x05, 0x62, 0x04, 0xD0, 0x0D,
    0xB7, 0xFF, 0xF7, 0x1F, 0x6A, 0x3F, 0x68, 0xA0, 0xAF, 0x4C, 0xED, 0x65, 0x67, 0x4C, 0xEB, 0x62,
    0x33, 0x0C, 0xEB, 0x8E, 0xEB, 0xC5, 0x67, 0x03, 0x2B, 0x07, 0xF7, 0x00, 0x6E, 0xAD, 0xEE, 0xCC,
    0xEA, 0x40, 0xCF, 0x05, 0xB2, 0x40, 0xEA, 0x00, 0x65, 0x05, 0x97, 0x04, 0x90, 0x00, 0xEF, 0x03,
    0x63, 0x46, 0x10, 0x00, 0xB6, 0xFD, 0xA6, 0x05, 0x80, 0xFA, 0x63, 0x0B, 0x62, 0x0A, 0xD1, 0x09,
    0xD0, 0x0E, 0x5C, 0x04, 0x67, 0x12, 0x61, 0x37, 0xB2, 0x05, 0xD2, 0x01, 0x6A, 0x06, 0xD4, 0x04,
    0xD2, 0x81, 0xF4, 0x06, 0x6F, 0xC5, 0x6E, 0xF7, 0x6D, 0x33, 0xB2, 0x40, 0xEA, 0x02, 0x6C, 0x05,
    0x6A, 0x0B, 0x97, 0x0A, 0x91, 0x09, 0x90, 0x00, 0xEF, 0x06, 0x63, 0x05, 0x74, 0x38, 0x67, 0x01,
    0x21, 0x25, 0x2C, 0x2E, 0xB2, 0x40, 0xEA, 0x00, 0x65, 0x2D, 0xB6, 0xFF, 0xF7, 0x1F, 0x6D, 0xE0,
    0xAE, 0xAC, 0xEF, 0x87, 0x67, 0x41, 0x29, 0x2B, 0xB3, 0x60, 0xAB, 0xAC, 0xEB, 0x62, 0x33, 0x72,
    0x33, 0xE2, 0x35, 0x3F, 0x69, 0x2C, 0xED, 0x6E, 0xED, 0x03, 0x2D, 0x07, 0xF7, 0x00, 0x6C, 0xED,
    0xEC, 0x3F, 0x6D, 0x8C, 0xED, 0x6E, 0xED, 0x02, 0x2D, 0x3F, 0x6B, 0x6D, 0xEC, 0xFF, 0xF7, 0x1F,
    0x6B, 0x8C, 0xEB, 0x60, 0xCE, 0x82, 0x67, 0x20, 0xB2, 0x40, 0xEA, 0x00, 0x65, 0x1F, 0xB2, 0x60,
    0xA2, 0x1F, 0xB1, 0x01, 0x6A, 0x4C, 0xEB, 0xFF, 0x6C, 0x8C, 0xEB, 0x00, 0xC9, 0x10, 0x23, 0x4B,
    0x40, 0x8C, 0xEA, 0x02, 0x5A, 0x0C, 0x61, 0x13, 0xB2, 0x05, 0xD2, 0x01, 0x6A, 0x04, 0xD2, 0x06,
    0xD0, 0x82, 0xF2, 0x00, 0x6F, 0xFD, 0x6E, 0xF7, 0x6D, 0x0F, 0xB2, 0x40, 0xEA, 0x05, 0x6C, 0x01,
    0x70, 0x00, 0x6A, 0xB6, 0x61, 0x40, 0xA9, 0xFF, 0xF7, 0x1F, 0x6B, 0x6C, 0xEA, 0x42, 0x32, 0x01,
    0x6B, 0x6C, 0xEA, 0xAE, 0x22, 0x04, 0x6A, 0xAC, 0x17, 0x00, 0x6B, 0xC2, 0x28, 0x0D, 0xB3, 0xA4,
    0xA3, 0x02, 0x25, 0x71, 0xA3, 0xBD, 0x17, 0x0C, 0xB3, 0xC0, 0xF1, 0x65, 0xA3, 0xB9, 0x17, 0x00,
    0x65, 0x78, 0xC6, 0x11, 0x80, 0x11, 0x46, 0x08, 0x80, 0xE4, 0x94, 0x00, 0x80, 0x46, 0x10, 0x00,
    0xB6, 0x54, 0x10, 0x00, 0xB6, 0x00, 0x95, 0x00, 0x80, 0xB8, 0x32, 0x12, 0x80, 0x00, 0x10, 0x00,
    0xB6, 0xC8, 0x49, 0x12, 0x80, 0x04, 0x3C, 0x12, 0x80, 0xFF, 0x63, 0x01, 0xD0, 0x0F, 0xB4, 0x31,
    0x68, 0x0B, 0xE8, 0x40, 0x9C, 0x20, 0x6F, 0xFF, 0x6E, 0x62, 0x67, 0x0C, 0xEB, 0xED, 0xEB, 0xCC,
    0xEB, 0xA3, 0x67, 0xFF, 0x6B, 0x01, 0x4B, 0x6B, 0xEB, 0x4C, 0xEB, 0x42, 0x32, 0x0C, 0xEA, 0xAD,
    0xEB, 0xED, 0xEA, 0x1F, 0xF7, 0x01, 0x6D, 0xCC, 0xEA, 0xAB, 0xED, 0x01, 0x90, 0xAC, 0xEB, 0x40,
    0x32, 0x6D, 0xEA, 0x40, 0xDC, 0x20, 0xE8, 0x01, 0x63, 0xC0, 0xAD, 0x00, 0xB0, 0xFD, 0x63, 0x05,
    0x62, 0x05, 0xB3, 0x06, 0xB2, 0x60, 0xDA, 0x06, 0xB2, 0x40, 0xEA, 0x00, 0x65, 0x05, 0x97, 0x00,
    0xEF, 0x03, 0x63, 0x00, 0x65, 0xE9, 0xAF, 0x11, 0x80, 0x60, 0x0A, 0x12, 0x80, 0x39, 0xB1, 0x11,
    0x80, 0xFD, 0x63, 0x05, 0x62, 0x05, 0xB2, 0x40, 0xEA, 0x00, 0x65, 0x05, 0xB2, 0x40, 0xEA, 0x00,
    0x65, 0x05, 0x97, 0x00, 0xEF, 0x03, 0x63, 0x00, 0x65, 0x49, 0xC1, 0x11, 0x80, 0x7D, 0xB1, 0x11,
    0x80, 0xFB, 0x63, 0x09, 0x62, 0x08, 0xD1, 0x07, 0xD0, 0x0B, 0xD5, 0x13, 0xB5, 0x40, 0x9D, 0x0A,
    0xD4, 0x22, 0x6C, 0x26, 0x67, 0x40, 0xEA, 0x04, 0xD5, 0x04, 0x95, 0x02, 0x67, 0x21, 0x6C, 0x40,
    0x9D, 0x00, 0x30, 0x40, 0xEA, 0x00, 0x30, 0x0A, 0x97, 0x4D, 0xE8, 0x01, 0x6E, 0x00, 0xDF, 0x0B,
    0xB0, 0x40, 0x98, 0x43, 0x6D, 0x40, 0xEA, 0x01, 0x6C, 0x0B, 0x93, 0x01, 0x6E, 0x44, 0x6D, 0x40,
    0xCB, 0x40, 0x98, 0x40, 0xEA, 0x01, 0x6C, 0x40, 0xC9, 0x09, 0x97, 0x08, 0x91, 0x07, 0x90, 0x00,
    0xEF, 0x05, 0x63, 0x00, 0x65, 0x04, 0x07, 0x12, 0x80, 0x0C, 0x07, 0x12, 0x80, 0xFC, 0x63, 0x07,
    0x62, 0x06, 0xD1, 0x05, 0xD0, 0x0C, 0xB0, 0x0D, 0xB1, 0xBE, 0xA8, 0x40, 0x99, 0x40, 0xEA, 0x8E,
    0x98, 0x40, 0x99, 0x40, 0xF0, 0xA4, 0xA8, 0x40, 0xEA, 0x90, 0x98, 0x09, 0xB2, 0x04, 0x6B, 0x60,
    0xC2, 0x6C, 0x6B, 0x08, 0xB2, 0x6B, 0xEB, 0xC0, 0xF1, 0x71, 0xC2, 0x07, 0x97, 0x06, 0x91, 0x05,
    0x90, 0x00, 0xEF, 0x04, 0x63, 0xB8, 0x1C, 0x12, 0x80, 0x50, 0x06, 0x12, 0x80, 0xBC, 0x06, 0x12,
    0x80, 0xA8, 0x00, 0x12, 0x80, 0xFD, 0x63, 0x05, 0x62, 0x08, 0xB3, 0x40, 0xA3, 0x20, 0x6C, 0x8C,
    0xEA, 0x04, 0x22, 0x6F, 0xA3, 0x06, 0xB2, 0x00, 0xF4, 0x68, 0xC2, 0x06, 0xB2, 0x40, 0x9A, 0x40,
    0xEA, 0x00, 0x65, 0x05, 0x97, 0x00, 0xEF, 0x03, 0x63, 0x2C, 0xFA, 0x12, 0x80, 0xA8, 0x00, 0x12,
    0x80, 0xAC, 0x06, 0x12, 0x80, 0xFA, 0x63, 0x0B, 0x62, 0x0A, 0xD1, 0x09, 0xD0, 0x1A, 0xB2, 0x60,
    0xA2, 0x01, 0x6C, 0x8C, 0xEB, 0x1F, 0x23, 0x86, 0xA2, 0x65, 0xA2, 0xCC, 0xA2, 0x80, 0x34, 0x6D,
    0xEC, 0x67, 0xA2, 0xAA, 0xA2, 0x2B, 0xA2, 0x60, 0x33, 0x60, 0x33, 0x8D, 0xEB, 0x88, 0xA2, 0x09,
    0xA2, 0xC0, 0x36, 0xA0, 0x35, 0x00, 0xF6, 0x80, 0x34, 0x2D, 0xEE, 0x0D, 0xED, 0x0F, 0xB2, 0x40,
    0xEA, 0x6D, 0xEC, 0x0F, 0xB2, 0x40, 0x9A, 0x40, 0xEA, 0x00, 0x65, 0x0B, 0x97, 0x0A, 0x91, 0x09,
    0x90, 0x00, 0xEF, 0x06, 0x63, 0x0B, 0xB2, 0x49, 0xF6, 0x1A, 0x6F, 0x00, 0xF3, 0x1C, 0x6E, 0x06,
    0xD2, 0x09, 0xB2, 0x05, 0xD2, 0x01, 0x6A, 0x04, 0xD2, 0xFD, 0x6D, 0x08, 0xB2, 0x40, 0xEA, 0x02,
    0x6C, 0xE8, 0x17, 0x00, 0x65, 0x2C, 0xFA, 0x12, 0x80, 0xC9, 0xA6, 0x03, 0x80, 0x1C, 0xFA, 0x12,
    0x80, 0xEF, 0xBE, 0xAD, 0xDE, 0x78, 0xC6, 0x11, 0x80, 0x11, 0x46, 0x08, 0x80, 0xFA, 0x63, 0x0B,
    0x62, 0x11, 0xB2, 0x40, 0x9A, 0x40, 0xEA, 0x04, 0x6C, 0x3F, 0x6B, 0x6C, 0xEA, 0xFF, 0x6C, 0x0F,
    0xB3, 0x8C, 0xEA, 0x48, 0xC3, 0x0E, 0xB3, 0x20, 0xF0, 0x75, 0xA3, 0x02, 0x6D, 0xAC, 0xEB, 0x8C,
    0xEB, 0x0D, 0x23, 0x06, 0xD2, 0x0B, 0xB2, 0x05, 0xD2, 0x01, 0x6A, 0x04, 0xD2, 0x49, 0xF6, 0x15,
    0x6F, 0x80, 0xF4, 0x1B, 0x6E, 0xFD, 0x6D, 0x08, 0xB2, 0x40, 0xEA, 0x05, 0x6C, 0x0B, 0x97, 0x00,
    0xEF, 0x06, 0x63, 0x00, 0x65, 0x04, 0x07, 0x12, 0x80, 0xA4, 0x38, 0x12, 0x80, 0x60, 0x38, 0x12,
    0x80, 0x78, 0xC6, 0x11, 0x80, 0x11, 0x46, 0x08, 0x80, 0xF8, 0x63, 0x0F, 0x62, 0x0E, 0xD1, 0x0D,
    0xD0, 0x49, 0xB0, 0x20, 0xF0, 0x55, 0xA0, 0x02, 0x6B, 0x24, 0x67, 0x6C, 0xEA, 0x1B, 0x22, 0x47,
    0xB2, 0x68, 0xA2, 0x47, 0xB2, 0xA1, 0x80, 0x40, 0x9A, 0x02, 0x6C, 0x0B, 0xD3, 0x40, 0xEA, 0x0A,
    0xD5, 0x0A, 0x95, 0x0B, 0x93, 0x09, 0xD2, 0x43, 0xB2, 0x05, 0xD2, 0x04, 0x6A, 0x08, 0xD5, 0x04,
    0xD2, 0x07, 0xD1, 0x06, 0xD3, 0x29, 0xF6, 0x11, 0x6F, 0xA0, 0xF4, 0x0C, 0x6E, 0xFD, 0x6D, 0x3E,
    0xB2, 0x40, 0xEA, 0x01, 0x6C, 0x54, 0x80, 0x2E, 0xEA, 0x68, 0x22, 0x3C, 0xB2, 0x40, 0x9A, 0x40,
    0xEA, 0x34, 0xC0, 0x3B, 0xB2, 0x40, 0x9A, 0x40, 0xEA, 0x91, 0x67, 0x3A, 0xB2, 0x40, 0x9A, 0x40,
    0xEA, 0x00, 0x65, 0x39, 0xB2, 0x40, 0x9A, 0x02, 0x22, 0x40, 0xEA, 0x00, 0x65, 0x37, 0xB2, 0x60,
    0x9A, 0xFF, 0x6D, 0x37, 0x4D, 0x36, 0xB4, 0x40, 0xEB, 0x0A, 0xD2, 0x0A, 0x92, 0xA0, 0xF1, 0x1C,
    0x6D, 0x34, 0xB4, 0x60, 0x9A, 0x40, 0xEB, 0x00, 0x65, 0x0A, 0x92, 0xC0, 0xF1, 0x04, 0x6D, 0x32,
    0xB4, 0x40, 0x9A, 0x40, 0xEA, 0x00, 0x65, 0x31, 0xB3, 0x85, 0xA0, 0x40, 0x9B, 0xF1, 0x67, 0x00,
    0x6E, 0x00, 0x6D, 0x40, 0xEA, 0x0B, 0xD3, 0x0B, 0x93, 0x86, 0xA0, 0x0A, 0xD2, 0x40, 0x9B, 0xF1,
    0x67, 0x00, 0x6E, 0x40, 0xEA, 0x00, 0x6D, 0x40, 0x33, 0x0A, 0x92, 0xFF, 0xF7, 0x1F, 0x6C, 0x4D,
    0xEB, 0x27, 0xB2, 0x8C, 0xEB, 0x60, 0xCA, 0x20, 0xF0, 0x71, 0xA0, 0x20, 0xF0, 0x50, 0xA0, 0x60,
    0x33, 0x4D, 0xEB, 0x24, 0xB2, 0x8C, 0xEB, 0x60, 0xCA, 0x20, 0xF0, 0x4F, 0xA0, 0x20, 0xF0, 0x6E,
    0xA0, 0x00, 0x68, 0x40, 0x32, 0x6D, 0xEA, 0x20, 0xB3, 0x8C, 0xEA, 0x40, 0xCB, 0x08, 0x32, 0x1F,
    0xB3, 0x69, 0xE2, 0x40, 0x9A, 0x0D, 0x22, 0x43, 0xA2, 0x01, 0x6B, 0x6C, 0xEA, 0x09, 0x22, 0x1C,
    0xB2, 0x40, 0x9A, 0x40, 0xEA, 0x90, 0x67, 0x1B, 0xB3, 0x60, 0x9B, 0xA2, 0x67, 0x40, 0xEB, 0x90,
    0x67, 0x01, 0x48, 0xFF, 0x6A, 0x4C, 0xE8, 0x0B, 0x58, 0xE9, 0x61, 0x0F, 0x97, 0x0E, 0x91, 0x0D,
    0x90, 0x00, 0xEF, 0x08, 0x63, 0x60, 0x38, 0x12, 0x80, 0xA4, 0x38, 0x12, 0x80, 0x04, 0x07, 0x12,
    0x80, 0x78, 0xC6, 0x11, 0x80, 0x11, 0x46, 0x08, 0x80, 0xC8, 0x06, 0x12, 0x80, 0xCC, 0x06, 0x12,
    0x80, 0xE0, 0x06, 0x12, 0x80, 0x64, 0x14, 0x12, 0x80, 0xE8, 0x06, 0x12, 0x80, 0x75, 0x38, 0x12,
    0x80, 0x7D, 0x38, 0x12, 0x80, 0x85, 0x38, 0x12, 0x80, 0xD0, 0x06, 0x12, 0x80, 0xE8, 0x10, 0x00,
    0xB6, 0xEA, 0x10, 0x00, 0xB6, 0xF0, 0x10, 0x00, 0xB6, 0x04, 0x3E, 0x12, 0x80, 0xEC, 0x06, 0x12,
    0x80, 0x00, 0x07, 0x12, 0x80, 0xFB, 0x63, 0x09, 0x62, 0x08, 0xD1, 0x07, 0xD0, 0x13, 0xB1, 0x00,
    0x6D, 0x40, 0xE9, 0x0E, 0x6C, 0x08, 0xF0, 0x00, 0x6E, 0xCD, 0xEA, 0xFF, 0xF7, 0x1F, 0x6E, 0x10,
    0xB3, 0x4C, 0xEE, 0x00, 0x6D, 0x0E, 0x6C, 0x40, 0xEB, 0x04, 0xD3, 0x00, 0x6D, 0x40, 0xE9, 0x2E,
    0x6C, 0x00, 0x6D, 0x0E, 0x6C, 0x40, 0xE9, 0x02, 0x67, 0x04, 0x93, 0xF7, 0xF7, 0x1F, 0x6E, 0x4C,
    0xEE, 0x00, 0x6D, 0x40, 0xEB, 0x0E, 0x6C, 0x12, 0x30, 0x07, 0x6A, 0x0C, 0xEA, 0x09, 0x97, 0x08,
    0x91, 0x07, 0x90, 0x00, 0xEF, 0x05, 0x63, 0x00, 0x65, 0x89, 0xCA, 0x03, 0x80, 0x2D, 0xCC, 0x03,
    0x80, 0xFD, 0x63, 0x05, 0x62, 0x09, 0xB3, 0x40, 0xA3, 0x10, 0x6C, 0x8C, 0xEA, 0x08, 0x22, 0x4E,
    0xA3, 0x82, 0x67, 0x07, 0xB2, 0x40, 0xEA, 0x00, 0x65, 0x05, 0x97, 0x00, 0xEF, 0x03, 0x63, 0x05,
    0xB2, 0x40, 0xEA, 0x00, 0x6C, 0xF5, 0x17, 0x00, 0x65, 0x2C, 0xFA, 0x12, 0x80, 0x3D, 0xA0, 0x03,
    0x80, 0x0D, 0xA0, 0x03, 0x80, 0xFB, 0x63, 0x09, 0x62, 0x08, 0xD1, 0x07, 0xD0, 0x20, 0xB0, 0x21,
    0xB1, 0x80, 0xF0, 0xA4, 0xA8, 0x80, 0xF0, 0x80, 0x98, 0x40, 0x99, 0x40, 0xEA, 0x00, 0x65, 0x1E,
    0xB2, 0x40, 0x9A, 0x40, 0xEA, 0x00, 0x65, 0xA2, 0xA8, 0x40, 0x99, 0x40, 0xEA, 0x80, 0x98, 0xA6,
    0xA8, 0x40, 0x99, 0x40, 0xEA, 0x82, 0x98, 0x19, 0xB2, 0x63, 0x9A, 0x40, 0xEB, 0x04, 0xD2, 0x04,
    0x92, 0x45, 0x9A, 0x40, 0xEA, 0x00, 0x65, 0x16, 0xB2, 0x40, 0x9A, 0x40, 0xEA, 0x00, 0x65, 0x40,
    0xF0, 0xAC, 0xA8, 0x40, 0x99, 0x92, 0x98, 0x13, 0xB0, 0x40, 0xEA, 0x00, 0x65, 0x12, 0xB2, 0x80,
    0xA2, 0x12, 0xB2, 0x40, 0xEA, 0x00, 0x65, 0x12, 0xB2, 0xA0, 0xA2, 0x40, 0x98, 0x40, 0xEA, 0x21,
    0x6C, 0x40, 0x98, 0x00, 0x6D, 0x40, 0xEA, 0x22, 0x6C, 0x0E, 0xB2, 0x40, 0x9A, 0x40, 0xEA, 0x00,
    0x65, 0x09, 0x97, 0x08, 0x91, 0x07, 0x90, 0x00, 0xEF, 0x05, 0x63, 0x00, 0x65, 0xB8, 0x1C, 0x12,
    0x80, 0x50, 0x06, 0x12, 0x80, 0x68, 0x06, 0x12, 0x80, 0x78, 0x06, 0x12, 0x80, 0x1C, 0xFA, 0x12,
    0x80, 0x08, 0x07, 0x12, 0x80, 0x9E, 0x38, 0x12, 0x80, 0x3D, 0xA0, 0x03, 0x80, 0xA0, 0x38, 0x12,
    0x80, 0x74, 0x06, 0x12, 0x80, 0xFB, 0x63, 0x09, 0x62, 0x08, 0xD1, 0x07, 0xD0, 0x1B, 0xB1, 0x1C,
    0xB3, 0x01, 0x6E, 0x40, 0x99, 0x75, 0x6D, 0x06, 0x6C, 0x04, 0xD2, 0x40, 0x99, 0x01, 0x68, 0x6C,
    0xEA, 0x18, 0xB3, 0x6D, 0xEA, 0x40, 0xD9, 0x18, 0xB2, 0x40, 0x9A, 0x40, 0xEA, 0x00, 0x65, 0x4D,
    0xE8, 0xFF, 0xF7, 0x1F, 0x6B, 0x15, 0xB2, 0xF0, 0x67, 0x6C, 0xEF, 0x60, 0x9A, 0x01, 0x6E, 0x75,
    0x6D, 0x06, 0x6C, 0x40, 0xEB, 0x05, 0xD2, 0x12, 0xB2, 0x40, 0xEA, 0x01, 0x6C, 0x05, 0x92, 0x02,
    0x6F, 0xEB, 0xEF, 0x40, 0x9A, 0xFF, 0xF7, 0x1F, 0x6B, 0x0C, 0xEF, 0x6C, 0xEF, 0x01, 0x6E, 0x75,
    0x6D, 0x40, 0xEA, 0x06, 0x6C, 0x0A, 0xB2, 0x40, 0xEA, 0x01, 0x6C, 0x04, 0x92, 0x09, 0x97, 0x07,
    0x90, 0x40, 0xD9, 0x08, 0x91, 0x00, 0xEF, 0x05, 0x63, 0x00, 0xA0, 0x00, 0xB0, 0xFF, 0xFF, 0xFF,
    0xF7, 0x00, 0x00, 0x00, 0x08, 0x0C, 0x07, 0x12, 0x80, 0x10, 0x07, 0x12, 0x80, 0xF5, 0x9A, 0x00,
    0x80, 0xFD, 0x63, 0x05, 0x62, 0x06, 0xB2, 0x40, 0x9A, 0x40, 0xEA, 0x00, 0x65, 0x82, 0x67, 0x05,
    0xB2, 0x40, 0xEA, 0x00, 0x65, 0x05, 0x97, 0x00, 0xEF, 0x03, 0x63, 0x00, 0x65, 0x28, 0xFA, 0x12,
    0x80, 0xC1, 0xBD, 0x03, 0x80, 0xFB, 0x63, 0x09, 0x62, 0x1C, 0xB4, 0xC0, 0xF1, 0x6F, 0xA4, 0x01,
    0x6A, 0x49, 0xF6, 0x12, 0x6F, 0x4D, 0xEB, 0xC0, 0xF1, 0x6F, 0xC4, 0x19, 0xB3, 0x05, 0xD3, 0x06,
    0xD2, 0x04, 0xD2, 0x20, 0xF5, 0x18, 0x6E, 0xFD, 0x6D, 0x16, 0xB2, 0x40, 0xEA, 0x01, 0x6C, 0x16,
    0xB2, 0x40, 0xEA, 0x00, 0x65, 0x15, 0xB2, 0x16, 0xB3, 0x60, 0xDA, 0x00, 0xF2, 0x0A, 0x6B, 0x62,
    0xCA, 0x14, 0xB3, 0x70, 0xDA, 0x18, 0x6B, 0x40, 0xF0, 0x64, 0xCA, 0x13, 0xB3, 0x62, 0xDA, 0x12,
    0x6B, 0x66, 0xCA, 0x12, 0xB3, 0x6E, 0xDA, 0x54, 0x6B, 0x7E, 0xCA, 0x11, 0xB3, 0x72, 0xDA, 0x09,
    0x97, 0x0C, 0x6B, 0x40, 0xF0, 0x6C, 0xCA, 0x0F, 0xB3, 0x80, 0xF0, 0x68, 0xDA, 0x6A, 0x6B, 0x80,
    0xF0, 0x6C, 0xCA, 0x00, 0xEF, 0x05, 0x63, 0x00, 0x65, 0xA8, 0x00, 0x12, 0x80, 0x78, 0xC6, 0x11,
    0x80, 0x11, 0x46, 0x08, 0x80, 0x79, 0xA4, 0x03, 0x80, 0xB8, 0x1C, 0x12, 0x80, 0x94, 0xC8, 0x11,
    0x80, 0x80, 0xC7, 0x11, 0x80, 0x70, 0xC8, 0x11, 0x80, 0xC8, 0xC7, 0x11, 0x80, 0xB0, 0xC7, 0x11,
    0x80, 0xAC, 0xC6, 0x11, 0x80, 0xFA, 0x63, 0x0B, 0x62, 0x0A, 0xD1, 0x09, 0xD0, 0x15, 0xB5, 0x60,
    0xF2, 0x58, 0xA5, 0x20, 0x6B, 0xFF, 0x69, 0x6C, 0xEA, 0x2C, 0xEA, 0x06, 0xD5, 0x1B, 0x22, 0x12,
    0xB2, 0x4F, 0xA2, 0x7D, 0x67, 0x04, 0x67, 0x50, 0xC3, 0x10, 0xB2, 0x40, 0x9A, 0x40, 0xEA, 0x04,
    0x04, 0x06, 0x95, 0x5D, 0x67, 0x70, 0xA2, 0xC0, 0xF0, 0x9C, 0xA5, 0x08, 0x6A, 0x60, 0xF2, 0xDF,
    0x85, 0x4C, 0xEC, 0x00, 0x6A, 0x07, 0x24, 0xCF, 0xE3, 0x2C, 0xEB, 0x63, 0xE8, 0x58, 0x67, 0x01,
    0x6B, 0x6E, 0xEA, 0x2C, 0xEA, 0x0B, 0x97, 0x0A, 0x91, 0x09, 0x90, 0x00, 0xEF, 0x06, 0x63, 0x00,
    0x65, 0xA8, 0x00, 0x12, 0x80, 0x60, 0x38, 0x12, 0x80, 0xE4, 0x06, 0x12, 0x80, 0x14, 0xB5, 0x60,
    0xF2, 0x58, 0xA5, 0x04, 0x6B, 0xFF, 0x6E, 0x6C, 0xEA, 0xCC, 0xEA, 0x11, 0x22, 0x60, 0xF2, 0x9B,
    0xA5, 0x60, 0xF2, 0x5A, 0xA5, 0x60, 0xF2, 0x7C, 0xA5, 0x80, 0x34, 0x4D, 0xEC, 0x60, 0xF2, 0x5D,
    0xA5, 0x60, 0x33, 0x60, 0x33, 0x6D, 0xEC, 0x00, 0xF6, 0x40, 0x32, 0x20, 0xE8, 0x8D, 0xEA, 0x09,
    0xB4, 0x61, 0xA4, 0x01, 0x6A, 0x4C, 0xEB, 0xCC, 0xEB, 0x00, 0x6A, 0x05, 0x23, 0x4C, 0xAC, 0x6B,
    0xAC, 0x40, 0x32, 0x40, 0x32, 0x6D, 0xEA, 0x20, 0xE8, 0x00, 0x65, 0x00, 0x65, 0xA8, 0x00, 0x12,
    0x80, 0x2C, 0xFA, 0x12, 0x80, 0x0B, 0xB3, 0x60, 0xF2, 0x58, 0xA3, 0x02, 0x6C, 0xFF, 0x6D, 0x8C,
    0xEA, 0xAC, 0xEA, 0x04, 0x22, 0x60, 0xF2, 0x59, 0x83, 0x20, 0xE8, 0x00, 0x65, 0x06, 0xB4, 0x60,
    0xA4, 0x40, 0x6A, 0x4C, 0xEB, 0xAC, 0xEB, 0x00, 0x6A, 0x01, 0x23, 0x51, 0x84, 0x20, 0xE8, 0x00,
    0x65, 0xA8, 0x00, 0x12, 0x80, 0x2C, 0xFA, 0x12, 0x80, 0xFB, 0x63, 0x09, 0x62, 0x08, 0xD1, 0x07,
    0xD0, 0x1C, 0xB3, 0x41, 0x83, 0x00, 0x52, 0x2E, 0x60, 0x20, 0xF0, 0x06, 0xA3, 0x07, 0x6E, 0x1A,
    0xB7, 0x13, 0x30, 0x70, 0x67, 0xCC, 0xEB, 0x00, 0x6D, 0x0E, 0x6C, 0x05, 0xD3, 0x40, 0xEF, 0x04,
    0xD7, 0x08, 0xF0, 0x00, 0x6E, 0x4D, 0xEE, 0xFF, 0xF7, 0x1F, 0x69, 0x2C, 0xEE, 0x00, 0x6D, 0x13,
    0xB0, 0x40, 0xE8, 0x0E, 0x6C, 0x04, 0x97, 0x00, 0x6D, 0x40, 0xEF, 0x2E, 0x6C, 0x05, 0x93, 0x2C,
    0xEA, 0x71, 0x69, 0x2B, 0xE9, 0x2C, 0xEA, 0x70, 0x36, 0x4D, 0xEE, 0x00, 0x6D, 0x40, 0xE8, 0x2E,
    0x6C, 0x04, 0x97, 0x00, 0x6D, 0x40, 0xEF, 0x0E, 0x6C, 0xF7, 0xF7, 0x1F, 0x6E, 0x4C, 0xEE, 0x00,
    0x6D, 0x40, 0xE8, 0x0E, 0x6C, 0x09, 0x97, 0x08, 0x91, 0x07, 0x90, 0x00, 0xEF, 0x05, 0x63, 0x00,
    0x65, 0x2C, 0xFA, 0x12, 0x80, 0x89, 0xCA, 0x03, 0x80, 0x2D, 0xCC, 0x03, 0x80, 0xFD, 0x63, 0x05,
    0x62, 0x08, 0xB3, 0x40, 0xA3, 0x08, 0x6C, 0x8C, 0xEA, 0x06, 0x22, 0x07, 0xB2, 0x40, 0xEA, 0x8D,
    0xA3, 0x05, 0x97, 0x00, 0xEF, 0x03, 0x63, 0x05, 0xB2, 0x40, 0xEA, 0x00, 0x65, 0xF9, 0x17, 0x00,
    0x65, 0x2C, 0xFA, 0x12, 0x80, 0xC1, 0xA0, 0x03, 0x80, 0x85, 0xB4, 0x03, 0x80, 0xFD, 0x63, 0x05,
    0x62, 0x2E, 0xB2, 0x2F, 0xB3, 0x60, 0xDA, 0x2F, 0xB2, 0x2F, 0xB3, 0x60, 0xDA, 0x2F, 0xB2, 0x30,
    0xB3, 0x64, 0xDA, 0x30, 0xB3, 0x65, 0xDA, 0x30, 0xB3, 0x60, 0xDA, 0x30, 0xB3, 0x61, 0xDA, 0x30,
    0xB3, 0x62, 0xDA, 0x30, 0xB3, 0x63, 0xDA, 0x30, 0xB2, 0x30, 0xB3, 0x61, 0xDA, 0x30, 0xB2, 0x31,
    0xB3, 0x60, 0xDA, 0x31, 0xB2, 0x31, 0xB3, 0x60, 0xDA, 0x31, 0xB2, 0x32, 0xB3, 0x60, 0xDA, 0x32,
    0xB2, 0x32, 0xB3, 0x60, 0xDA, 0x32, 0xB2, 0x33, 0xB3, 0x60, 0xDA, 0x33, 0xB2, 0x33, 0xB3, 0x60,
    0xDA, 0x33, 0xB2, 0x34, 0xB3, 0x60, 0xDA, 0x34, 0xB2, 0x34, 0xB3, 0x60, 0xDA, 0x34, 0xB2, 0x35,
    0xB3, 0x60, 0xDA, 0x35, 0xB2, 0x35, 0xB3, 0x60, 0xDA, 0x35, 0xB2, 0x36, 0xB3, 0x60, 0xDA, 0x36,
    0xB2, 0x58, 0x6B, 0x80, 0xF2, 0x62, 0xC2, 0x80, 0xF2, 0x65, 0xC2, 0x80, 0xF2, 0x66, 0xC2, 0x80,
    0xF2, 0x67, 0xC2, 0x80, 0xF2, 0x68, 0xC2, 0x80, 0xF2, 0x69, 0xC2, 0x70, 0x6B, 0x5C, 0x6C, 0x80,
    0xF2, 0x6A, 0xC2, 0x80, 0xF2, 0x6B, 0xC2, 0x80, 0xF2, 0x6C, 0xC2, 0x80, 0xF2, 0x6D, 0xC2, 0x48,
    0x6B, 0x80, 0xF2, 0x83, 0xC2, 0x80, 0xF2, 0x84, 0xC2, 0x20, 0xF4, 0x60, 0xC2, 0x27, 0xB2, 0x40,
    0xEA, 0x00, 0x65, 0x05, 0x97, 0x00, 0xEF, 0x03, 0x63, 0x58, 0x06, 0x12, 0x80, 0xE5, 0xB6, 0x11,
    0x80, 0x6C, 0x06, 0x12, 0x80, 0x1D, 0xB2, 0x11, 0x80, 0x78, 0x06, 0x12, 0x80, 0x01, 0xBF, 0x11,
    0x80, 0xD5, 0xC0, 0x11, 0x80, 0x51, 0xB5, 0x11, 0x80, 0xFD, 0xB8, 0x11, 0x80, 0x65, 0xB2, 0x11,
    0x80, 0xC1, 0xB6, 0x11, 0x80, 0x94, 0x06, 0x12, 0x80, 0x95, 0xB2, 0x11, 0x80, 0xAC, 0x06, 0x12,
    0x80, 0x35, 0xB6, 0x11, 0x80, 0x28, 0xFA, 0x12, 0x80, 0xED, 0xB7, 0x11, 0x80, 0xDC, 0x06, 0x12,
    0x80, 0x45, 0xB8, 0x11, 0x80, 0xA8, 0x06, 0x12, 0x80, 0x1D, 0xB3, 0x11, 0x80, 0xC4, 0x06, 0x12,
    0x80, 0x79, 0xB3, 0x11, 0x80, 0xA0, 0x06, 0x12, 0x80, 0x85, 0xB5, 0x11, 0x80, 0x24, 0xFA, 0x12,
    0x80, 0xC1, 0xB1, 0x11, 0x80, 0x20, 0xFA, 0x12, 0x80, 0xF5, 0xB4, 0x11, 0x80, 0x1C, 0xFA, 0x12,
    0x80, 0x79, 0xB8, 0x11, 0x80, 0x54, 0x06, 0x12, 0x80, 0x75, 0xBD, 0x11, 0x80, 0xFC, 0x06, 0x12,
    0x80, 0x85, 0xB7, 0x11, 0x80, 0xA8, 0x00, 0x12, 0x80, 0x0D, 0xC3, 0x00, 0x80, 0xF7, 0x63, 0x11,
    0x62, 0x10, 0xD1, 0x0F, 0xD0, 0x31, 0xB0, 0x40, 0x98, 0x01, 0x6E, 0x5A, 0x6D, 0x40, 0xEA, 0x00,
    0x6C, 0x0D, 0xD2, 0x40, 0x98, 0x01, 0x6E, 0x5C, 0x6D, 0x40, 0xEA, 0x00, 0x6C, 0x2C, 0xB0, 0x2D,
    0xB1, 0x0C, 0xD2, 0x80, 0xF0, 0xAC, 0xA8, 0x80, 0xF0, 0x88, 0x98, 0x40, 0x99, 0x40, 0xEA, 0x00,
    0x65, 0x0D, 0x97, 0x29, 0xB3, 0xFF, 0xF7, 0x1F, 0x6A, 0x4C, 0xEF, 0x40, 0x9B, 0x01, 0x6E, 0x5A,
    0x6D, 0x00, 0x6C, 0x40, 0xEA, 0x0D, 0xD3, 0x0D, 0x93, 0x0C, 0x97, 0xFF, 0xF7, 0x1F, 0x6A, 0x60,
    0x9B, 0x4C, 0xEF, 0x01, 0x6E, 0x5C, 0x6D, 0x40, 0xEB, 0x00, 0x6C, 0x0B, 0x06, 0x20, 0xF0, 0x0E,
    0x05, 0x1E, 0xB2, 0x40, 0xEA, 0x0A, 0x04, 0x1E, 0xB2, 0x40, 0x9A, 0x00, 0x6D, 0x40, 0xEA, 0x00,
    0x6C, 0x40, 0x99, 0x80, 0xF0, 0xB4, 0xA8, 0x80, 0xF0, 0x90, 0x98, 0x40, 0xEA, 0x00, 0x65, 0x5D,
    0x67, 0xD6, 0xAA, 0xB7, 0xAA, 0x17, 0xB2, 0x40, 0xEA, 0x0A, 0x94, 0x17, 0xB2, 0x40, 0xA2, 0x08,
    0x6B, 0x6C, 0xEA, 0x14, 0x22, 0x5D, 0x67, 0x56, 0xAA, 0x68, 0xF6, 0x0E, 0x6F, 0x00, 0xF3, 0x01,
    0x6E, 0x08, 0xD2, 0x5D, 0x67, 0x57, 0xAA, 0xFD, 0x6D, 0x07, 0xD2, 0x0A, 0x92, 0x06, 0xD2, 0x0F,
    0xB2, 0x05, 0xD2, 0x03, 0x6A, 0x04, 0xD2, 0x0E, 0xB2, 0x40, 0xEA, 0x05, 0x6C, 0x11, 0x97, 0x10,
    0x91, 0x0F, 0x90, 0x00, 0xEF, 0x09, 0x63, 0x00, 0x65, 0x0C, 0x07, 0x12, 0x80, 0xB8, 0x1C, 0x12,
    0x80, 0x50, 0x06, 0x12, 0x80, 0x10, 0x07, 0x12, 0x80, 0x45, 0xA6, 0x03, 0x80, 0x08, 0x07, 0x12,
    0x80, 0xC9, 0xA6, 0x03, 0x80, 0x98, 0x38, 0x12, 0x80, 0x78, 0xC6, 0x11, 0x80, 0x11, 0x46, 0x08,
    0x80, 0xFA, 0x63, 0x0B, 0x62, 0x0A, 0xD1, 0x09, 0xD0, 0x1E, 0xB2, 0x40, 0x9A, 0x40, 0xEA, 0x00,
    0x65, 0x1D, 0xB2, 0x60, 0xA2, 0x01, 0x6C, 0x8C, 0xEB, 0x23, 0x23, 0x86, 0xA2, 0x65, 0xA2, 0xCC,
    0xA2, 0x80, 0x34, 0x6D, 0xEC, 0x67, 0xA2, 0xAA, 0xA2, 0x2B, 0xA2, 0x60, 0x33, 0x60, 0x33, 0x8D,
    0xEB, 0x88, 0xA2, 0x09, 0xA2, 0xC0, 0x36, 0xA0, 0x35, 0x00, 0xF6, 0x80, 0x34, 0x2D, 0xEE, 0x0D,
    0xED, 0x12, 0xB2, 0x40, 0xEA, 0x6D, 0xEC, 0x12, 0xB2, 0x40, 0x9A, 0x40, 0xEA, 0x00, 0x65, 0x11,
    0xB2, 0x40, 0x9A, 0x40, 0xEA, 0x00, 0x65, 0x0B, 0x97, 0x0A, 0x91, 0x09, 0x90, 0x00, 0xEF, 0x06,
    0x63, 0x0D, 0xB2, 0x88, 0xF6, 0x00, 0x6F, 0x20, 0xF3, 0x16, 0x6E, 0x06, 0xD2, 0x0B, 0xB2, 0x05,
    0xD2, 0x01, 0x6A, 0x04, 0xD2, 0xFD, 0x6D, 0x0A, 0xB2, 0x40, 0xEA, 0x02, 0x6C, 0xE4, 0x17, 0x00,
    0x65, 0x68, 0x06, 0x12, 0x80, 0x2C, 0xFA, 0x12, 0x80, 0xC9, 0xA6, 0x03, 0x80, 0x1C, 0xFA, 0x12,
    0x80, 0x74, 0x06, 0x12, 0x80, 0xEF, 0xBE, 0xAD, 0xDE, 0x78, 0xC6, 0x11, 0x80, 0x11, 0x46, 0x08,
    0x80, 0x03, 0xB2, 0x40, 0xA2, 0x01, 0x6B, 0x20, 0xE8, 0x6C, 0xEA, 0x00, 0x65, 0x2C, 0xFA, 0x12,
    0x80, 0xFD, 0x63, 0x05, 0x62, 0x04, 0xB2, 0x40, 0x9A, 0x04, 0xB4, 0x40, 0xEA, 0x18, 0x6D, 0x05,
    0x97, 0x00, 0xEF, 0x03, 0x63, 0x50, 0x06, 0x12, 0x80, 0x7C, 0xC6, 0x11, 0x80, 0xFD, 0x63, 0x05,
    0x62, 0x05, 0xB2, 0x06, 0xB3, 0x60, 0x9B, 0x40, 0xF0, 0xA4, 0xAA, 0x40, 0xEB, 0x90, 0x9A, 0x05,
    0x97, 0x00, 0xEF, 0x03, 0x63, 0xB8, 0x1C, 0x12, 0x80, 0x50, 0x06, 0x12, 0x80, 0x04, 0xB2, 0x01,
    0x6B, 0x00, 0xF4, 0x66, 0xC2, 0x03, 0xB2, 0x00, 0x6B, 0x20, 0xE8, 0x74, 0xC2, 0xA8, 0x00, 0x12,
    0x80, 0x60, 0x38, 0x12, 0x80, 0x05, 0xB2, 0x00, 0x6B, 0x00, 0xF4, 0x66, 0xC2, 0x80, 0x6B, 0x04,
    0xB2, 0x6B, 0xEB, 0x20, 0xE8, 0x74, 0xC2, 0x00, 0x65, 0xA8, 0x00, 0x12, 0x80, 0x60, 0x38, 0x12,
    0x80, 0xF5, 0x63, 0x15, 0x62, 0x14, 0xD1, 0x13, 0xD0, 0x34, 0xB0, 0x4A, 0xA8, 0x69, 0xA8, 0x86,
    0xA0, 0x40, 0x32, 0x40, 0x32, 0x6D, 0xEA, 0x0F, 0xD2, 0x20, 0xF0, 0x44, 0xA0, 0x6B, 0xA8, 0x80,
    0x34, 0x0E, 0xD2, 0x20, 0xF0, 0x43, 0xA0, 0x2E, 0xB1, 0x49, 0xF6, 0x13, 0x6F, 0x0D, 0xD2, 0x20,
    0xF0, 0x42, 0xA0, 0x60, 0xF3, 0x0F, 0x6E, 0xFD, 0x6D, 0x0C, 0xD2, 0x4C, 0xA8, 0x40, 0x32, 0x40,
    0x32, 0x6D, 0xEA, 0x0B, 0xD2, 0x51, 0x80, 0x6B, 0xA0, 0x0A, 0xD2, 0x4C, 0xA0, 0x40, 0x32, 0x6D,
    0xEA, 0x09, 0xD2, 0x4A, 0xA0, 0x69, 0xA0, 0x40, 0x32, 0x6D, 0xEA, 0x08, 0xD2, 0x45, 0xA0, 0x67,
    0xA0, 0x4D, 0xEC, 0x48, 0xA0, 0x60, 0x33, 0x60, 0x33, 0x6D, 0xEC, 0x00, 0xF6, 0x40, 0x32, 0x8D,
    0xEA, 0x07, 0xD2, 0x01, 0x6A, 0x1B, 0xB3, 0x06, 0xD2, 0x0A, 0x6A, 0x05, 0xD3, 0x04, 0xD2, 0x03,
    0x6C, 0x40, 0xE9, 0x10, 0xD3, 0x20, 0xF0, 0x4A, 0xA0, 0x20, 0xF0, 0x89, 0xA0, 0x10, 0x93, 0x40,
    0x32, 0x8D, 0xEA, 0x0E, 0xD2, 0x20, 0xF0, 0x46, 0xA0, 0x05, 0xD3, 0x49, 0xF6, 0x14, 0x6F, 0x0D,
    0xD2, 0x20, 0xF0, 0x45, 0xA0, 0x60, 0xF3, 0x1A, 0x6E, 0xFD, 0x6D, 0x0C, 0xD2, 0x50, 0x80, 0x03,
    0x6C, 0x0B, 0xD2, 0x4F, 0xA0, 0x0A, 0xD2, 0x4E, 0xA0, 0x09, 0xD2, 0x4D, 0xA0, 0x08, 0xD2, 0x40,
    0xA8, 0x07, 0xD2, 0x42, 0xA0, 0x06, 0xD2, 0x09, 0x6A, 0x40, 0xE9, 0x04, 0xD2, 0x15, 0x97, 0x14,
    0x91, 0x13, 0x90, 0x00, 0xEF, 0x0B, 0x63, 0x00, 0x65, 0x2C, 0xFA, 0x12, 0x80, 0x11, 0x46, 0x08,
    0x80, 0x78, 0xC6, 0x11, 0x80, 0xFB, 0x63, 0x09, 0x62, 0x08, 0xD1, 0x07, 0xD0, 0x00, 0x69, 0xC0,
    0xF1, 0x17, 0x68, 0x11, 0xB2, 0x40, 0x6B, 0x90, 0x67, 0x60, 0xC2, 0x10, 0xB2, 0x40, 0xEA, 0x04,
    0x05, 0x7D, 0x67, 0x70, 0xA3, 0x0E, 0xB4, 0x29, 0xE4, 0x01, 0x49, 0x62, 0xC2, 0x01, 0x48, 0xFF,
    0xF7, 0x1F, 0x6A, 0x29, 0x59, 0x4C, 0xE8, 0xED, 0x61, 0x44, 0xA4, 0xA3, 0xA4, 0x40, 0x32, 0xAD,
    0xEA, 0x4F, 0xEA, 0x40, 0xCC, 0x07, 0xB2, 0x40, 0xEA, 0x00, 0x65, 0x09, 0x97, 0x08, 0x91, 0x07,
    0x90, 0x00, 0xEF, 0x05, 0x63, 0x13, 0xA0, 0x00, 0xB0, 0xDD, 0xBF, 0x00, 0x80, 0x2C, 0xFA, 0x12,
    0x80, 0x91, 0xBC, 0x11, 0x80, 0xF9, 0x63, 0x0D, 0x62, 0x0C, 0xD1, 0x0B, 0xD0, 0x5D, 0x67, 0x58,
    0xA2, 0x20, 0x6D, 0xAB, 0xED, 0xAC, 0xEA, 0x7D, 0x67, 0x58, 0xC3, 0x01, 0xA4, 0x5D, 0x67, 0x59,
    0xA2, 0x1F, 0x6F, 0xC2, 0xA4, 0x70, 0x67, 0xEC, 0xEB, 0xAC, 0xEA, 0x6D, 0xEA, 0x7D, 0x67, 0x59,
    0xC3, 0xCC, 0x33, 0x18, 0x6A, 0x4C, 0xEB, 0x5D, 0x67, 0x5A, 0xA2, 0x16, 0x30, 0x0D, 0xEB, 0xAC,
    0xEA, 0xEC, 0xEB, 0x4D, 0xEB, 0x5D, 0x67, 0x7A, 0xC2, 0x5B, 0xA2, 0xCB, 0x33, 0xEC, 0xEB, 0xAC,
    0xEA, 0x6D, 0xEA, 0x7D, 0x67, 0x5B, 0xC3, 0x43, 0xA4, 0x1E, 0x6B, 0xDE, 0x36, 0x44, 0x32, 0x6C,
    0xEA, 0x7D, 0x67, 0x7C, 0xA3, 0xCD, 0xEA, 0xEC, 0xEA, 0xAC, 0xEB, 0x6D, 0xEA, 0x7D, 0x67, 0x5C,
    0xC3, 0x00, 0x6A, 0x04, 0x03, 0x51, 0xE3, 0x68, 0xA4, 0xC0, 0xF6, 0x60, 0x33, 0xC0, 0xF6, 0x63,
    0x33, 0x68, 0x35, 0x6D, 0xE5, 0x64, 0x33, 0x04, 0x6D, 0xBA, 0xEB, 0x01, 0x2D, 0xE5, 0xE8, 0x0A,
    0x6D, 0x12, 0xEB, 0x05, 0x4B, 0xBA, 0xEB, 0x01, 0x2D, 0xE5, 0xE8, 0x10, 0xED, 0x00, 0x55, 0x12,
    0xEB, 0x40, 0x61, 0x60, 0xC4, 0x01, 0x4A, 0xFF, 0x6B, 0x6C, 0xEA, 0x05, 0x5A, 0xE2, 0x61, 0x5D,
    0x67, 0xF0, 0xA2, 0x53, 0xA2, 0x0F, 0x6C, 0xE0, 0x37, 0x8C, 0xEA, 0x6C, 0xEA, 0xF0, 0x37, 0x4D,
    0xEF, 0x5D, 0x67, 0x51, 0xA2, 0x01, 0xF7, 0x00, 0x6B, 0x18, 0xB1, 0x40, 0x32, 0x6C, 0xEA, 0x4D,
    0xEF, 0x5D, 0x67, 0x52, 0xA2, 0xFF, 0x6B, 0xFF, 0xF7, 0x1F, 0x68, 0x50, 0x32, 0x6C, 0xEA, 0x4D,
    0xEF, 0x40, 0x99, 0x0C, 0xEF, 0x01, 0x6E, 0x63, 0x6D, 0x40, 0xEA, 0x03, 0x6C, 0x5D, 0x67, 0xF4,
    0xA2, 0x0F, 0xB2, 0x40, 0x9A, 0xE0, 0x37, 0xF0, 0x37, 0x01, 0x6E, 0x62, 0x6D, 0x03, 0x6C, 0x40,
    0xEA, 0x08, 0xD7, 0x08, 0x97, 0xE1, 0xF7, 0x1F, 0x6B, 0x6C, 0xEA, 0x4D, 0xEF, 0x40, 0x99, 0x0C,
    0xEF, 0x01, 0x6E, 0x62, 0x6D, 0x40, 0xEA, 0x03, 0x6C, 0x0D, 0x97, 0x0C, 0x91, 0x0B, 0x90, 0x00,
    0xEF, 0x07, 0x63, 0xFF, 0x4B, 0xBE, 0x17, 0x00, 0x65, 0x10, 0x07, 0x12, 0x80, 0x0C, 0x07, 0x12,
    0x80, 0x0D, 0xB2, 0x60, 0xA2, 0x0D, 0xB2, 0x60, 0xF2, 0x58, 0xA2, 0x40, 0x6C, 0x7E, 0x33, 0x8C,
    0xEA, 0x04, 0x2A, 0x0B, 0xB4, 0x03, 0x2B, 0x20, 0xE8, 0x00, 0x65, 0x0A, 0xB4, 0xA0, 0xA4, 0x01,
    0x25, 0x01, 0x2B, 0xF9, 0x22, 0xFD, 0x63, 0x05, 0x62, 0x07, 0xB2, 0x40, 0xEA, 0x00, 0x65, 0x05,
    0x97, 0x00, 0xEF, 0x03, 0x63, 0x2C, 0xFA, 0x12, 0x80, 0xA8, 0x00, 0x12, 0x80, 0x3E, 0xFA, 0x12,
    0x80, 0x37, 0x03, 0x12, 0x80, 0xD5, 0xBD, 0x11, 0x80, 0xFD, 0x63, 0x05, 0x62, 0x04, 0xD0, 0x0C,
    0xB2, 0x40, 0x9A, 0x04, 0x67, 0x40, 0xEA, 0x29, 0x6C, 0x00, 0x30, 0xE1, 0xF7, 0x1F, 0x6D, 0x09,
    0xB3, 0xAC, 0xEA, 0x10, 0x30, 0x60, 0x9B, 0x0D, 0xEA, 0xFF, 0xF7, 0x1F, 0x6D, 0x4C, 0xED, 0x40,
    0xEB, 0x29, 0x6C, 0x05, 0x97, 0x04, 0x90, 0x00, 0xEF, 0x03, 0x63, 0x00, 0x65, 0x04, 0x07, 0x12,
    0x80, 0x08, 0x07, 0x12, 0x80, 0xFB, 0x63, 0x09, 0x62, 0x08, 0xD1, 0x07, 0xD0, 0x17, 0xB3, 0x0A,
    0xD4, 0x00, 0x6D, 0x0E, 0x6C, 0x40, 0xEB, 0x04, 0xD3, 0x08, 0xF0, 0x00, 0x6E, 0x4D, 0xEE, 0xFF,
    0xF7, 0x1F, 0x68, 0x0C, 0xEE, 0x12, 0xB1, 0x00, 0x6D, 0x40, 0xE9, 0x0E, 0x6C, 0x04, 0x93, 0x00,
    0x6D, 0x40, 0xEB, 0x2A, 0x6C, 0x0A, 0x97, 0x0C, 0xEA, 0x10, 0x68, 0x0B, 0xE8, 0x0F, 0x6E, 0xEC,
    0xEE, 0x0C, 0xEA, 0x4D, 0xEE, 0x00, 0x6D, 0x40, 0xE9, 0x2A, 0x6C, 0x04, 0x93, 0x00, 0x6D, 0x40,
    0xEB, 0x0E, 0x6C, 0xF7, 0xF7, 0x1F, 0x6E, 0x4C, 0xEE, 0x00, 0x6D, 0x40, 0xE9, 0x0E, 0x6C, 0x09,
    0x97, 0x08, 0x91, 0x07, 0x90, 0x00, 0xEF, 0x05, 0x63, 0x89, 0xCA, 0x03, 0x80, 0x2D, 0xCC, 0x03,
    0x80, 0xFB, 0x63, 0x09, 0x62, 0x08, 0xD1, 0x07, 0xD0, 0x17, 0xB3, 0x0A, 0xD4, 0x00, 0x6D, 0x0E,
    0x6C, 0x40, 0xEB, 0x04, 0xD3, 0x08, 0xF0, 0x00, 0x6E, 0x4D, 0xEE, 0xFF, 0xF7, 0x1F, 0x68, 0x0C,
    0xEE, 0x12, 0xB1, 0x00, 0x6D, 0x40, 0xE9, 0x0E, 0x6C, 0x04, 0x93, 0x00, 0x6D, 0x40, 0xEB, 0x28,
    0x6C, 0x0A, 0x97, 0x0C, 0xEA, 0x10, 0x68, 0x0B, 0xE8, 0x0F, 0x6E, 0xEC, 0xEE, 0x0C, 0xEA, 0x4D,
    0xEE, 0x00, 0x6D, 0x40, 0xE9, 0x28, 0x6C, 0x04, 0x93, 0x00, 0x6D, 0x40, 0xEB, 0x0E, 0x6C, 0xF7,
    0xF7, 0x1F, 0x6E, 0x4C, 0xEE, 0x00, 0x6D, 0x40, 0xE9, 0x0E, 0x6C, 0x09, 0x97, 0x08, 0x91, 0x07,
    0x90, 0x00, 0xEF, 0x05, 0x63, 0x89, 0xCA, 0x03, 0x80, 0x2D, 0xCC, 0x03, 0x80, 0xFB, 0x63, 0x09,
    0x62, 0x08, 0xD1, 0x07, 0xD0, 0x1A, 0xB7, 0x24, 0x67, 0x00, 0x6D, 0x0E, 0x6C, 0x40, 0xEF, 0x04,
    0xD7, 0x08, 0xF0, 0x00, 0x6E, 0x4D, 0xEE, 0xFF, 0xF7, 0x1F, 0x68, 0x0C, 0xEE, 0x15, 0xB3, 0x00,
    0x6D, 0x0E, 0x6C, 0x40, 0xEB, 0x05, 0xD3, 0x04, 0x97, 0x00, 0x6D, 0x40, 0xEF, 0x36, 0x6C, 0x0C,
    0xEA, 0x83, 0xF7, 0x01, 0x68, 0x05, 0x93, 0x0B, 0xE8, 0x3C, 0x36, 0x83, 0xF7, 0x00, 0x69, 0x0C,
    0xEA, 0x2C, 0xEE, 0x4D, 0xEE, 0x00, 0x6D, 0x36, 0x6C, 0x40, 0xEB, 0x03, 0x67, 0x04, 0x97, 0x00,
    0x6D, 0x40, 0xEF, 0x0E, 0x6C, 0xF7, 0xF7, 0x1F, 0x6E, 0x4C, 0xEE, 0x00, 0x6D, 0x40, 0xE8, 0x0E,
    0x6C, 0x09, 0x97, 0x08, 0x91, 0x07, 0x90, 0x00, 0xEF, 0x05, 0x63, 0x00, 0x65, 0x89, 0xCA, 0x03,
    0x80, 0x2D, 0xCC, 0x03, 0x80, 0xFD, 0x63, 0x05, 0x62, 0x04, 0xD0, 0x15, 0xB0, 0x41, 0xA0, 0x08,
    0x6B, 0x6C, 0xEA, 0x05, 0x22, 0x20, 0xF0, 0x85, 0xA0, 0x12, 0xB2, 0x40, 0xEA, 0x00, 0x65, 0x41,
    0xA0, 0x04, 0x6B, 0x6C, 0xEA, 0x05, 0x22, 0x20, 0xF0, 0x84, 0xA0, 0x0F, 0xB2, 0x40, 0xEA, 0x00,
    0x65, 0x41, 0xA0, 0x40, 0x6B, 0x6C, 0xEA, 0x05, 0x22, 0x20, 0xF0, 0x82, 0xA0, 0x0B, 0xB2, 0x40,
    0xEA, 0x00, 0x65, 0x40, 0xA0, 0x02, 0x6B, 0x6C, 0xEA, 0x05, 0x22, 0x20, 0xF0, 0x83, 0xA0, 0x08,
    0xB2, 0x40, 0xEA, 0x00, 0x65, 0x05, 0x97, 0x04, 0x90, 0x00, 0xEF, 0x03, 0x63, 0x2C, 0xFA, 0x12,
    0x80, 0x49, 0xBF, 0x11, 0x80, 0x85, 0xBF, 0x11, 0x80, 0xF1, 0xBF, 0x11, 0x80, 0x5D, 0xC0, 0x11,
    0x80, 0x20, 0xE8, 0x00, 0x65, 0x20, 0xE8, 0x00, 0x65, 0x20, 0xE8, 0x00, 0x65, 0x0C, 0xB3, 0x86,
    0x32, 0x6C, 0xEA, 0x0C, 0xB3, 0x53, 0xE4, 0x44, 0x67, 0x8A, 0x34, 0x6C, 0xEA, 0x6C, 0xEC, 0x91,
    0xE2, 0x92, 0x32, 0x89, 0xE2, 0x08, 0xB4, 0x4C, 0xEC, 0x80, 0x32, 0x89, 0xE2, 0x40, 0x33, 0x60,
    0x33, 0x69, 0xE2, 0x00, 0xF6, 0x42, 0x32, 0x20, 0xE8, 0x00, 0x65, 0x00, 0x65, 0x55, 0x55, 0x55,
    0x55, 0x33, 0x33, 0x33, 0x33, 0x0F, 0x0F, 0x0F, 0x0F, 0xFC, 0x63, 0x07, 0x62, 0x06, 0xD1, 0x05,
    0xD0, 0x00, 0x6E, 0x04, 0x67, 0xAA, 0x31, 0x00, 0x6F, 0xE8, 0x32, 0x49, 0xE0, 0x81, 0xA2, 0x60,
    0xA2, 0x80, 0x34, 0x6D, 0xEC, 0x62, 0xA2, 0x60, 0x33, 0x60, 0x33, 0x8D, 0xEB, 0x83, 0xA2, 0x17,
    0xB2, 0x3A, 0x65, 0x00, 0xF6, 0x80, 0x34, 0x40, 0xEA, 0x6D, 0xEC, 0x01, 0x4F, 0xFF, 0x6C, 0x8C,
    0xEF, 0x59, 0xE6, 0x23, 0xEF, 0x59, 0x67, 0x8C, 0xEE, 0x3A, 0x65, 0xE6, 0x61, 0x04, 0x6B, 0x6B,
    0xEB, 0xAC, 0xEB, 0x8C, 0xEB, 0x00, 0x69, 0x00, 0x6C, 0xA3, 0xEB, 0x0B, 0x61, 0x59, 0x67, 0x40,
    0xEA, 0x00, 0x65, 0x07, 0x97, 0x06, 0x91, 0x05, 0x90, 0x49, 0xE6, 0xFF, 0x6B, 0x6C, 0xEA, 0x00,
    0xEF, 0x04, 0x63, 0x7D, 0xE0, 0xE0, 0xA7, 0x01, 0x4B, 0xE4, 0xE9, 0xED, 0xEC, 0x08, 0x49, 0xFF,
    0x6F, 0xEC, 0xE9, 0xEC, 0xEB, 0xE9, 0x17, 0x00, 0x65, 0x4D, 0xC1, 0x11, 0x80, 0xFF, 0x63, 0x01,
    0xD0, 0x00, 0x6A, 0x5D, 0xE4, 0x4D, 0xE5, 0x60, 0xA3, 0x00, 0xA7, 0x01, 0x4A, 0x0C, 0xEB, 0x60,
    0xC7, 0xFF, 0x6B, 0x6C, 0xEA, 0xC3, 0xEA, 0xF5, 0x61, 0x01, 0x90, 0x20, 0xE8, 0x01, 0x63, 0x00,
    0x65, 0xFA, 0x63, 0x0B, 0x62, 0x0A, 0xD1, 0x09, 0xD0, 0x05, 0x6E, 0x12, 0xB1, 0x40, 0xE9, 0x04,
    0x67, 0x11, 0xB2, 0x05, 0x6E, 0x11, 0xB5, 0x90, 0x67, 0x40, 0xEA, 0x06, 0xD2, 0x10, 0xB3, 0x11,
    0xB4, 0x40, 0xEB, 0x04, 0x05, 0x06, 0x92, 0x05, 0x6E, 0x04, 0x05, 0x40, 0xEA, 0x90, 0x67, 0x0E,
    0xB2, 0x40, 0xEA, 0x05, 0x6D, 0xFF, 0x6B, 0x6C, 0xEA, 0x02, 0x5A, 0x04, 0x60, 0x05, 0x6E, 0x07,
    0xB5, 0x40, 0xE9, 0x90, 0x67, 0x0B, 0x97, 0x0A, 0x91, 0x09, 0x90, 0x00, 0xEF, 0x06, 0x63, 0x00,
    0x65, 0x5D, 0xEE, 0x00, 0x80, 0x0D, 0xC2, 0x11, 0x80, 0x14, 0x3C, 0x12, 0x80, 0x55, 0x24, 0x07,
    0x80, 0xA0, 0x51, 0x12, 0x80, 0x89, 0xC1, 0x11, 0x80, 0xF5, 0x63, 0x15, 0x62, 0x14, 0xD1, 0x13,
    0xD0, 0x6A, 0xA4, 0xC9, 0xA4, 0x48, 0xA4, 0x60, 0x33, 0xCD, 0xEB, 0x60, 0x33, 0x4D, 0xEB, 0xEE,
    0xA4, 0x47, 0xA4, 0xCD, 0xA4, 0x60, 0x33, 0x4D, 0xEB, 0xE0, 0x37, 0x4C, 0xA4, 0xCD, 0xEF, 0xE0,
    0x37, 0x4D, 0xEF, 0xD2, 0xA4, 0x4B, 0xA4, 0x31, 0xA4, 0xE0, 0x37, 0x4D, 0xEF, 0xC0, 0x36, 0x50,
    0xA4, 0x2D, 0xEE, 0xC0, 0x36, 0x4D, 0xEE, 0x4F, 0xA4, 0xC0, 0x36, 0x06, 0xA4, 0x4D, 0xEE, 0x55,
    0xA4, 0x1A, 0x65, 0x56, 0xA4, 0x38, 0x67, 0x03, 0x58, 0x40, 0x32, 0x2D, 0xEA, 0x34, 0xA4, 0x40,
    0x32, 0x93, 0xA4, 0x2D, 0xEA, 0x40, 0x32, 0x4D, 0xEC, 0xE0, 0xF0, 0x0A, 0x60, 0xA0, 0xF2, 0x1C,
    0x6A, 0x58, 0xED, 0x25, 0x67, 0x74, 0xB2, 0x12, 0xED, 0xA9, 0xE2, 0xA0, 0xF0, 0x1E, 0xC2, 0x61,
    0xDA, 0xE3, 0xDA, 0xC4, 0xDA, 0x85, 0xDA, 0x0A, 0x28, 0x00, 0x6D, 0x70, 0xB2, 0x40, 0xEA, 0x91,
    0x67, 0x50, 0x67, 0x15, 0x97, 0x14, 0x91, 0x13, 0x90, 0x00, 0xEF, 0x0B, 0x63, 0x04, 0x23, 0x6C,
    0xB2, 0x40, 0xA2, 0x01, 0x72, 0x06, 0x61, 0x27, 0x6D, 0x68, 0xB2, 0x40, 0xEA, 0x91, 0x67, 0x00,
    0x68, 0xEF, 0x17, 0x02, 0x6D, 0x67, 0xB2, 0x40, 0xEA, 0x91, 0x67, 0xFF, 0x72, 0x00, 0x68, 0xE8,
    0x60, 0x65, 0xB2, 0x41, 0xA2, 0x02, 0x5A, 0x0C, 0xD2, 0x80, 0xF0, 0x19, 0x61, 0x04, 0x34, 0x63,
    0xB2, 0x89, 0xE2, 0x63, 0xB4, 0xC0, 0x9C, 0x80, 0xAA, 0x0A, 0x6D, 0x40, 0xEE, 0x01, 0x48, 0xFF,
    0x6A, 0x4C, 0xE8, 0x04, 0x58, 0xF3, 0x61, 0x0E, 0xD2, 0x00, 0x6A, 0x0D, 0xD2, 0xFF, 0x6A, 0x00,
    0x68, 0x0F, 0xD2, 0xA0, 0xF2, 0x1C, 0x6A, 0x58, 0xE8, 0x53, 0xB4, 0x12, 0xEB, 0x6D, 0xE4, 0xC0,
    0xF0, 0x4F, 0xA3, 0x01, 0x72, 0x53, 0x61, 0xC0, 0xF0, 0x50, 0xA3, 0x50, 0x2A, 0x0C, 0x92, 0xA4,
    0xF3, 0x0F, 0x6F, 0x08, 0xF7, 0x04, 0x6E, 0x09, 0xD2, 0x0D, 0x92, 0xFA, 0x6D, 0x08, 0xD2, 0x60,
    0xF0, 0x40, 0xAB, 0x06, 0xD0, 0x10, 0xD3, 0x07, 0xD2, 0x4E, 0xB2, 0x05, 0xD2, 0x04, 0x6A, 0x04,
    0xD2, 0x4D, 0xB2, 0x40, 0xEA, 0x01, 0x6C, 0x10, 0x93, 0x48, 0xB2, 0xC0, 0xF0, 0x8C, 0xA3, 0x60,
    0xF0, 0xE0, 0xAB, 0x0D, 0x93, 0x84, 0x35, 0xA9, 0xE2, 0xC0, 0xAA, 0x48, 0xB2, 0xE3, 0xEB, 0x49,
    0xE6, 0xA0, 0xAA, 0xFF, 0xF7, 0x1F, 0x6A, 0x4C, 0xED, 0x05, 0x60, 0xFF, 0x6B, 0x6C, 0xEF, 0x0D,
    0xD7, 0x0E, 0xD4, 0x0F, 0xD0, 0x02, 0xF0, 0x01, 0x6C, 0x8B, 0xEC, 0x3D, 0xB7, 0x8C, 0xED, 0x4C,
    0xED, 0x40, 0x9F, 0x86, 0x67, 0x11, 0xD6, 0x40, 0xEA, 0x10, 0xD7, 0xA0, 0xF2, 0x1C, 0x6C, 0x98,
    0xE8, 0x31, 0xB4, 0x10, 0x97, 0x11, 0x96, 0xFF, 0xF7, 0x1F, 0x6A, 0xE0, 0x9F, 0x12, 0xED, 0xB1,
    0xE4, 0x60, 0xF0, 0xA0, 0xAC, 0x06, 0xF0, 0x00, 0x6C, 0xA6, 0x35, 0x8D, 0xED, 0x4C, 0xED, 0x40,
    0xEF, 0x86, 0x67, 0x0C, 0x93, 0xFF, 0x6A, 0xFF, 0x4B, 0x4C, 0xEB, 0x0C, 0xD3, 0x0C, 0x92, 0x05,
    0x22, 0x01, 0x48, 0xFF, 0x6A, 0x4C, 0xE8, 0x0A, 0x58, 0x9C, 0x61, 0x0E, 0x92, 0xFF, 0x72, 0x0D,
    0x60, 0x0D, 0x92, 0x26, 0xB3, 0x02, 0xF0, 0x00, 0x6C, 0x46, 0x35, 0x0E, 0x92, 0x8D, 0xED, 0x44,
    0x32, 0x49, 0xE3, 0x23, 0xB3, 0x60, 0x9B, 0x40, 0xEB, 0x80, 0xAA, 0x0D, 0x92, 0xA4, 0xF3, 0x0E,
    0x6F, 0x28, 0xF7, 0x09, 0x6E, 0x08, 0xD2, 0x0F, 0x92, 0xFA, 0x6D, 0x07, 0xD2, 0x20, 0xB2, 0x06,
    0xD2, 0x1C, 0xB2, 0x05, 0xD2, 0x03, 0x6A, 0x04, 0xD2, 0x1B, 0xB2, 0x40, 0xEA, 0x01, 0x6C, 0x2A,
    0x6A, 0x7D, 0x67, 0x20, 0xF0, 0x48, 0xC3, 0xA0, 0xF2, 0x1C, 0x6A, 0x58, 0xE9, 0x19, 0xB2, 0x0E,
    0xB0, 0x9D, 0x67, 0x03, 0x6F, 0x05, 0x6E, 0x0A, 0x05, 0x12, 0xEB, 0x49, 0xE3, 0x40, 0xAA, 0x61,
    0xE0, 0xC0, 0xF0, 0x78, 0xA0, 0x55, 0xCC, 0x00, 0x6A, 0x20, 0xF0, 0x6C, 0xC4, 0x05, 0xD2, 0x64,
    0x6A, 0x04, 0xD2, 0x11, 0xB2, 0x40, 0xEA, 0x91, 0x67, 0x02, 0x6A, 0xA0, 0xF0, 0x5F, 0xC0, 0x37,
    0x17, 0x12, 0x68, 0x26, 0x17, 0x50, 0x1C, 0x13, 0x80, 0x39, 0x10, 0x02, 0x80, 0x88, 0x32, 0x12,
    0x80, 0x6D, 0x10, 0x02, 0x80, 0xA4, 0x32, 0x12, 0x80, 0x04, 0xBC, 0x08, 0x80, 0xE8, 0x04, 0x12,
    0x80, 0x78, 0xC6, 0x11, 0x80, 0x11, 0x46, 0x08, 0x80, 0x00, 0x00, 0x00, 0xB6, 0x00, 0xEF, 0xBE,
    0x00, 0xB0, 0x1C, 0x13, 0x80, 0xB5, 0x0C, 0x07, 0x80, 0xFF, 0x6A, 0x6F, 0x44, 0x40, 0xCD, 0xFF,
    0xF7, 0x1F, 0x6E, 0x43, 0x67, 0xCC, 0xEA, 0x0C, 0x5A, 0x0E, 0x60, 0x64, 0x34, 0x0A, 0xB3, 0x8D,
    0xE3, 0x40, 0xA3, 0x02, 0x2A, 0x20, 0xE8, 0xFF, 0x6A, 0x41, 0xA3, 0xCC, 0xEA, 0xFF, 0x72, 0x40,
    0xCD, 0xF9, 0x60, 0x20, 0xE8, 0x00, 0x6A, 0x48, 0x44, 0xF8, 0x4A, 0x4C, 0xEE, 0x0A, 0x5E, 0xF2,
    0x60, 0x80, 0xCD, 0xF7, 0x17, 0x58, 0x59, 0x12, 0x80, 0xFB, 0x63, 0x09, 0x62, 0x08, 0xD1, 0x07,
    0xD0, 0x2C, 0xB2, 0x40, 0xA2, 0x00, 0xF4, 0x6C, 0x9C, 0x0C, 0x22, 0x01, 0x6A, 0x4B, 0xEA, 0x40,
    0xDB, 0x41, 0xA4, 0x31, 0x6F, 0xEB, 0xEF, 0xEC, 0xEA, 0x20, 0x6F, 0xED, 0xEA, 0x41, 0xC4, 0x00,
    0x6A, 0x15, 0x10, 0x41, 0xA4, 0x03, 0x6C, 0x52, 0x32, 0x8C, 0xEA, 0x0F, 0x22, 0x02, 0x72, 0xF7,
    0x60, 0xE0, 0x9B, 0x41, 0x47, 0x0E, 0x2A, 0x01, 0x6A, 0x40, 0xF2, 0x47, 0xC5, 0x01, 0x69, 0x51,
    0x67, 0x09, 0x97, 0x08, 0x91, 0x07, 0x90, 0x00, 0xEF, 0x05, 0x63, 0x02, 0x6A, 0x40, 0xF2, 0x47,
    0xC5, 0xEF, 0x17, 0x40, 0xF2, 0x27, 0xA5, 0x04, 0xD7, 0x01, 0x71, 0xF1, 0x60, 0x02, 0x71, 0x00,
    0x69, 0xEE, 0x60, 0xED, 0x26, 0x14, 0xB2, 0x05, 0x67, 0x40, 0xEA, 0x26, 0x67, 0x13, 0xB2, 0x40,
    0xEA, 0x00, 0x65, 0x13, 0xB3, 0xFF, 0xF7, 0x1F, 0x6D, 0x04, 0x97, 0x80, 0xAB, 0x11, 0xB3, 0x80,
    0x34, 0x60, 0xAB, 0x80, 0x34, 0xAC, 0xEB, 0x8D, 0xEB, 0x0F, 0xB4, 0x8C, 0xEB, 0xE2, 0xEB, 0x02,
    0x60, 0x0E, 0xB4, 0x8D, 0xEB, 0xEF, 0xE3, 0x62, 0xE9, 0x00, 0x69, 0x04, 0x60, 0x01, 0x6B, 0x40,
    0xF2, 0x67, 0xC0, 0x01, 0x69, 0x82, 0x67, 0x0A, 0xB2, 0x40, 0xEA, 0x00, 0x65, 0xC8, 0x17, 0x00,
    0x65, 0x47, 0x12, 0x12, 0x80, 0x9D, 0x63, 0x03, 0x80, 0xE4, 0x94, 0x00, 0x80, 0x66, 0x00, 0x00,
    0xB6, 0x64, 0x00, 0x00, 0xB6, 0xFF, 0xFF, 0xFF, 0x0F, 0x00, 0x00, 0x00, 0x10, 0x00, 0x95, 0x00,
    0x80, 0x02, 0x74, 0x1C, 0x61, 0x0F, 0xB2, 0x40, 0xA2, 0x01, 0x72, 0x15, 0x61, 0x0E, 0xB2, 0xE0,
    0xF1, 0x46, 0xA2, 0x0B, 0x72, 0x13, 0x60, 0xFD, 0x63, 0x05, 0x62, 0x7F, 0x4A, 0x01, 0x4A, 0x0A,
    0xB3, 0x48, 0x32, 0x49, 0xE3, 0xA0, 0x9A, 0x05, 0x6E, 0x08, 0xB4, 0x09, 0xB2, 0x40, 0xEA, 0x4A,
    0x4D, 0x05, 0x97, 0x00, 0xEF, 0x03, 0x63, 0x07, 0xB2, 0x40, 0xA2, 0xEB, 0x17, 0x20, 0xE8, 0x00,
    0x65, 0x1C, 0x0B, 0x12, 0x80, 0x04, 0x3C, 0x12, 0x80, 0x2C, 0xF8, 0x12, 0x80, 0x5D, 0xEE, 0x00,
    0x80, 0x1D, 0x0B, 0x12, 0x80, 0x20, 0xE8, 0x00, 0x65, 0x41, 0x00, 0x00, 0x00, 0x42, 0x02, 0xBF,
    0x04, 0x44, 0x02, 0x75, 0x63, 0x16, 0x03, 0x72, 0xFB, 0x14, 0x03, 0x00, 0x00, 0x74, 0x03, 0x8A,
    0x04, 0x72, 0x03, 0xD9, 0x02, 0x70, 0x03, 0x63, 0x01, 0x6E, 0x03, 0x29, 0x03, 0x6C, 0x03, 0x3F,
    0x00, 0x6A, 0x03, 0x3F, 0x00, 0x68, 0x03, 0x3F, 0x00, 0x66, 0x03, 0x3F, 0x00, 0x34, 0x00, 0x00,
    0xE3, 0x38, 0x00, 0x7B, 0xE8, 0x02, 0x01, 0x20, 0x00, 0x0E, 0x20, 0xC3, 0x00, 0x00, 0x20, 0x11,
    0x50, 0x3F, 0x20, 0x03, 0x04, 0x0F, 0x20, 0x00, 0x30, 0x08, 0x20, 0x7E, 0x56, 0x0E, 0x20, 0xC3,
    0x40, 0x30, 0x20, 0x04, 0x04, 0x36, 0x20, 0x06, 0x00, 0x2D, 0x20, 0xA0, 0x3F, 0x39, 0x20, 0x30,
    0x0A, 0x2B, 0x20, 0x04, 0x89, 0x0E, 0x20, 0xC3, 0x00, 0x21, 0x20, 0x80, 0x80, 0x22, 0x20, 0x80,
    0x80, 0x02, 0x01, 0x20, 0x00, 0x7C, 0xE1, 0x01, 0x00, 0x40, 0x00, 0x00, 0x38, 0x42, 0x00, 0x00,
    0x01, 0x46, 0x00, 0x84, 0x00, 0x48, 0x00, 0xC0, 0x00, 0x4A, 0x00, 0x00, 0x00, 0x4C, 0x00, 0x20,
    0x68, 0x4E, 0x00, 0x2F, 0x00, 0x50, 0x00, 0x10, 0xCC, 0x52, 0x00, 0x00, 0x34, 0x54, 0x00, 0x00,
    0x00, 0x56, 0x00, 0x00, 0x20, 0x58, 0x00, 0x11, 0x55, 0x5A, 0x00, 0x00, 0x80, 0x5C, 0x00, 0x00,
    0x00, 0x5E, 0x00, 0x05, 0x28, 0x5A, 0x00, 0x00, 0x00, 0x0C, 0x01, 0x00, 0x00, 0x0E, 0x01, 0x01,
    0x00, 0x02, 0x01, 0x60, 0xC0, 0x02, 0x01, 0x22, 0xC0, 0x7C, 0xE1, 0x96, 0x00, 0x5A, 0x00, 0x00,
    0x20, 0x08, 0x0E, 0x00, 0x02, 0x0E, 0x01, 0x01, 0x00, 0x02, 0x01, 0x20, 0xE0, 0x02, 0x01, 0x22,
    0xC0, 0x7C, 0xE1, 0x96, 0x00, 0x02, 0x01, 0x20, 0x00, 0x0E, 0x20, 0xC3, 0x40, 0x30, 0x20, 0x04,
    0x00, 0x0E, 0x20, 0xC3, 0x00, 0x0F, 0x20, 0x00, 0x20, 0x34, 0x00, 0x00, 0xE0, 0x38, 0x00, 0x78,
    0xE8, 0x42, 0x02, 0xBF, 0x04, 0x44, 0x02, 0x75, 0x63, 0x16, 0x03, 0x73, 0xFB, 0x14, 0x03, 0x00,
    0x20, 0x74, 0x03, 0x89, 0x04, 0x72, 0x03, 0xD4, 0x03, 0x70, 0x03, 0xDA, 0x03, 0x6E, 0x03, 0xA3,
    0x02, 0x6C, 0x03, 0xAB, 0x02, 0x6A, 0x03, 0x3F, 0x00, 0x68, 0x03, 0x3F, 0x00, 0x66, 0x03, 0x3F,
    0x00, 0x30, 0x06, 0x26, 0x67, 0x32, 0x06, 0x12, 0x5D, 0x34, 0x06, 0x7F, 0xE8, 0x36, 0x06, 0xC8,
    0x36, 0x38, 0x06, 0x51, 0x32, 0x3A, 0x06, 0xD3, 0x00, 0x16, 0x00, 0xB2, 0xA2, 0x5A, 0x01, 0xD6,
    0x26, 0x0E, 0x03, 0x9E, 0x46, 0x3E, 0x03, 0x06, 0x03, 0x40, 0x03, 0x8B, 0x03, 0x2E, 0x02, 0x42,
    0x00, 0x3A, 0x02, 0xA6, 0x04, 0x3C, 0x02, 0x7E, 0xC0, 0x4E, 0x02, 0x9A, 0x46, 0x60, 0x02, 0x36,
    0x21, 0x08, 0x03, 0x29, 0x29, 0x34, 0x03, 0xCA, 0x00, 0x42, 0x03, 0x01, 0x29, 0x48, 0x03, 0x29,
    0x25, 0x1A, 0x06, 0x8B, 0xD3, 0x30, 0x06, 0x26, 0x67, 0x32, 0x06, 0x12, 0x5D, 0x34, 0x06, 0x7F,
    0xE8, 0x36, 0x06, 0xC8, 0x36, 0x38, 0x06, 0x51, 0x32, 0x3A, 0x06, 0xD3, 0x00, 0x2A, 0x06, 0x64,
    0x09, 0x42, 0x06, 0x4D, 0x43, 0x44, 0x06, 0x90, 0x46, 0x46, 0x06, 0x36, 0x2D, 0x56, 0x06, 0x27,
    0x04, 0x6E, 0x06, 0x8A, 0x53, 0x34, 0x01, 0x00, 0x00, 0x38, 0x01, 0x00, 0x00, 0x60, 0x01, 0x4A,
    0x26, 0x62, 0x01, 0x59, 0x26, 0x64, 0x01, 0x44, 0x3B, 0x68, 0x01, 0x44, 0x51, 0x06, 0x00, 0x64,
    0x30, 0x08, 0x00, 0x94, 0x00, 0x10, 0x00, 0x9E, 0x56, 0x18, 0x00, 0x21, 0x69, 0x66, 0x00, 0x59,
    0x40, 0x38, 0x0D, 0x14, 0x20, 0x0E, 0x06, 0x6A, 0x00, 0x10, 0x06, 0x8C, 0x55, 0x12, 0x06, 0x0A,
    0x28, 0x0E, 0x20, 0xC3, 0x80, 0x3E, 0x20, 0x02, 0x02, 0x0E, 0x20, 0xC3, 0x00, 0x0E, 0x20, 0xC3,
    0x20, 0x2A, 0x20, 0x70, 0x04, 0x2B, 0x20, 0x62, 0x00, 0x2D, 0x20, 0x92, 0x80, 0x2E, 0x20, 0x80,
    0x44, 0x0E, 0x20, 0xC3, 0x00, 0x0E, 0x20, 0xC3, 0x20, 0x2A, 0x20, 0x70, 0x04, 0x0E, 0x20, 0xC3,
    0x00, 0x0E, 0x20, 0xC3, 0x40, 0x36, 0x20, 0x06, 0x00, 0x0E, 0x20, 0xC3, 0x00, 0x0E, 0x20, 0xC3,
    0x20, 0x36, 0x20, 0x0D, 0x00, 0x37, 0x20, 0x0D, 0x00, 0x38, 0x20, 0x2C, 0x00, 0x0E, 0x20, 0xC3,
    0x00, 0x14, 0x20, 0x00, 0x00, 0x00, 0x20, 0x00, 0x10, 0x00, 0xA0, 0x0A, 0x00, 0x1C, 0x20, 0x21,
    0x00, 0x00, 0xA0, 0x32, 0x00, 0x00, 0x20, 0x00, 0x00, 0x29, 0x20, 0x90, 0x71, 0x0F, 0x20, 0x00,
    0x00, 0x10, 0x20, 0x00, 0x20, 0x0E, 0x20, 0xC3, 0x40, 0x32, 0x20, 0x07, 0x00, 0x33, 0x20, 0x20,
    0x50, 0x34, 0x20, 0x27, 0x87, 0x32, 0x20, 0x06, 0x00, 0x33, 0x20, 0x20, 0x50, 0x34, 0x20, 0x27,
    0x87, 0x32, 0x20, 0x05, 0x00, 0x33, 0x20, 0x20, 0x50, 0x34, 0x20, 0x27, 0x87, 0x32, 0x20, 0x04,
    0x00, 0x33, 0x20, 0x20, 0x50, 0x34, 0x20, 0x27, 0x87, 0x32, 0x20, 0x03, 0x00, 0x33, 0x20, 0x20,
    0x50, 0x34, 0x20, 0x27, 0x87, 0x32, 0x20, 0x02, 0x00, 0x33, 0x20, 0x20, 0x50, 0x34, 0x20, 0x27,
    0x87, 0x32, 0x20, 0x01, 0x00, 0x33, 0x20, 0x20, 0x50, 0x34, 0x20, 0x27, 0x87, 0x32, 0x20, 0x00,
    0x00, 0x33, 0x20, 0x20, 0x50, 0x34, 0x20, 0x27, 0x87, 0x0E, 0x20, 0xC3, 0x00, 0x10, 0x20, 0x00,
    0x00, 0x0E, 0x20, 0xC3, 0x40, 0x31, 0x20, 0x00, 0x12, 0x32, 0x20, 0x1F, 0x00, 0x33, 0x20, 0x70,
    0x00, 0x34, 0x20, 0x1B, 0x00, 0x32, 0x20, 0x1E, 0x00, 0x33, 0x20, 0x40, 0x00, 0x34, 0x20, 0x1B,
    0x00, 0x32, 0x20, 0x1B, 0x00, 0x33, 0x20, 0x40, 0x00, 0x34, 0x20, 0x1B, 0x00, 0x32, 0x20, 0x1A,
    0x00, 0x33, 0x20, 0xB0, 0x08, 0x34, 0x20, 0x1B, 0x00, 0x32, 0x20, 0x17, 0x00, 0x33, 0x20, 0x00,
    0x00, 0x34, 0x20, 0x1F, 0x10, 0x32, 0x20, 0x16, 0x00, 0x33, 0x20, 0x00, 0x00, 0x34, 0x20, 0x1B,
    0x10, 0x32, 0x20, 0x13, 0x00, 0x33, 0x20, 0x00, 0x07, 0x34, 0x20, 0x1B, 0x10, 0x32, 0x20, 0x12,
    0x00, 0x33, 0x20, 0x00, 0x07, 0x34, 0x20, 0x12, 0x1F, 0x32, 0x20, 0x0F, 0x00, 0x33, 0x20, 0x70,
    0x00, 0x34, 0x20, 0x1B, 0x00, 0x32, 0x20, 0x0E, 0x00, 0x33, 0x20, 0x40, 0x00, 0x34, 0x20, 0x1B,
    0x00, 0x32, 0x20, 0x0B, 0x00, 0x33, 0x20, 0x40, 0x00, 0x34, 0x20, 0x1B, 0x00, 0x32, 0x20, 0x0A,
    0x00, 0x33, 0x20, 0xB0, 0x08, 0x34, 0x20, 0x1B, 0x00, 0x32, 0x20, 0x07, 0x00, 0x33, 0x20, 0xB0,
    0x08, 0x34, 0x20, 0x1B, 0x00, 0x32, 0x20, 0x06, 0x00, 0x33, 0x20, 0xB0, 0x02, 0x34, 0x20, 0x1B,
    0x00, 0x32, 0x20, 0x03, 0x00, 0x33, 0x20, 0xB0, 0x02, 0x34, 0x20, 0x1B, 0x00, 0x32, 0x20, 0x02,
    0x00, 0x33, 0x20, 0x90, 0x07, 0x34, 0x20, 0x1B, 0x00, 0x32, 0x20, 0x2F, 0x00, 0x33, 0x20, 0x70,
    0x00, 0x34, 0x20, 0x1C, 0x00, 0x32, 0x20, 0x2E, 0x00, 0x33, 0x20, 0x40, 0x00, 0x34, 0x20, 0x1C,
    0x00, 0x32, 0x20, 0x2B, 0x00, 0x33, 0x20, 0x70, 0x00, 0x34, 0x20, 0x04, 0x00, 0x32, 0x20, 0x2A,
    0x00, 0x33, 0x20, 0xB0, 0x08, 0x34, 0x20, 0x1C, 0x00, 0x32, 0x20, 0x27, 0x00, 0x33, 0x20, 0x70,
    0x00, 0x34, 0x20, 0x01, 0x00, 0x32, 0x20, 0x26, 0x00, 0x33, 0x20, 0x00, 0x00, 0x34, 0x20, 0x1C,
    0x00, 0x32, 0x20, 0x23, 0x00, 0x33, 0x20, 0xB0, 0x02, 0x34, 0x20, 0x1C, 0x00, 0x32, 0x20, 0x22,
    0x00, 0x33, 0x20, 0x90, 0x07, 0x34, 0x20, 0x1C, 0x00, 0x31, 0x20, 0x00, 0x02, 0x0E, 0x20, 0xC3,
    0x00, 0x0E, 0x20, 0xC3, 0x20, 0x25, 0x20, 0xA8, 0xB2, 0x0E, 0x20, 0xC3, 0x00, 0x02, 0x20, 0x02,
    0x00, 0x0E, 0x20, 0xC3, 0x40, 0x28, 0x20, 0x37, 0xE2, 0x29, 0x20, 0x00, 0x20, 0x2A, 0x20, 0x16,
    0x02, 0x2B, 0x20, 0x0C, 0x88, 0x2C, 0x20, 0x82, 0x02, 0x2E, 0x20, 0x04, 0xA4, 0x31, 0x20, 0x00,
    0x0A, 0x32, 0x20, 0x07, 0x00, 0x33, 0x20, 0x40, 0x22, 0x34, 0x20, 0x6E, 0x04, 0x32, 0x20, 0x06,
    0x00, 0x33, 0x20, 0x40, 0x22, 0x34, 0x20, 0x6E, 0x04, 0x32, 0x20, 0x05, 0x00, 0x33, 0x20, 0x40,
    0x22, 0x34, 0x20, 0x6E, 0x04, 0x32, 0x20, 0x04, 0x00, 0x33, 0x20, 0x40, 0x22, 0x34, 0x20, 0x6E,
    0x04, 0x32, 0x20, 0x03, 0x00, 0x33, 0x20, 0x40, 0x22, 0x34, 0x20, 0x6E, 0x04, 0x32, 0x20, 0x02,
    0x00, 0x33, 0x20, 0x40, 0x22, 0x34, 0x20, 0x6E, 0x04, 0x32, 0x20, 0x01, 0x00, 0x33, 0x20, 0x40,
    0x22, 0x34, 0x20, 0x6E, 0x04, 0x32, 0x20, 0x00, 0x00, 0x33, 0x20, 0x40, 0x22, 0x34, 0x20, 0x6E,
    0x04, 0x31, 0x20, 0x00, 0x02, 0x0E, 0x20, 0xC3, 0x00, 0x0E, 0x20, 0xC1, 0x40, 0x31, 0x20, 0x20,
    0x06, 0x32, 0x20, 0x79, 0x00, 0x33, 0x20, 0xFD, 0x2F, 0x32, 0x20, 0x78, 0x00, 0x33, 0x20, 0xF5,
    0x2F, 0x32, 0x20, 0x77, 0x00, 0x33, 0x20, 0xED, 0x2F, 0x32, 0x20, 0x76, 0x00, 0x33, 0x20, 0xFC,
    0x2F, 0x32, 0x20, 0x75, 0x00, 0x33, 0x20, 0xF4, 0x2F, 0x32, 0x20, 0x74, 0x00, 0x33, 0x20, 0xF4,
    0x2A, 0x32, 0x20, 0x73, 0x00, 0x33, 0x20, 0xEC, 0x2A, 0x32, 0x20, 0x72, 0x00, 0x33, 0x20, 0xFB,
    0x2A, 0x32, 0x20, 0x71, 0x00, 0x33, 0x20, 0xF3, 0x2A, 0x32, 0x20, 0x70, 0x00, 0x33, 0x20, 0xEB,
    0x2A, 0x32, 0x20, 0x6F, 0x00, 0x33, 0x20, 0xFA, 0x2A, 0x32, 0x20, 0x6E, 0x00, 0x33, 0x20, 0xF2,
    0x2A, 0x32, 0x20, 0x6D, 0x00, 0x33, 0x20, 0xEA, 0x2A, 0x32, 0x20, 0x6C, 0x00, 0x33, 0x20, 0xF9,
    0x2A, 0x32, 0x20, 0x6B, 0x00, 0x33, 0x20, 0xF3, 0x23, 0x32, 0x20, 0x6A, 0x00, 0x33, 0x20, 0xEB,
    0x23, 0x32, 0x20, 0x69, 0x00, 0x33, 0x20, 0xFA, 0x23, 0x32, 0x20, 0x68, 0x00, 0x33, 0x20, 0xF2,
    0x23, 0x32, 0x20, 0x67, 0x00, 0x33, 0x20, 0xEA, 0x23, 0x32, 0x20, 0x66, 0x00, 0x33, 0x20, 0xF9,
    0x23, 0x32, 0x20, 0x65, 0x00, 0x33, 0x20, 0xF1, 0x23, 0x32, 0x20, 0x64, 0x00, 0x33, 0x20, 0xCC,
    0x21, 0x32, 0x20, 0x63, 0x00, 0x33, 0x20, 0xDB, 0x21, 0x32, 0x20, 0x62, 0x00, 0x33, 0x20, 0xD3,
    0x21, 0x32, 0x20, 0x61, 0x00, 0x33, 0x20, 0xCB, 0x21, 0x32, 0x20, 0x60, 0x00, 0x33, 0x20, 0xDA,
    0x21, 0x32, 0x20, 0x5F, 0x00, 0x33, 0x20, 0xD2, 0x21, 0x32, 0x20, 0x5E, 0x00, 0x33, 0x20, 0xCA,
    0x21, 0x32, 0x20, 0x5D, 0x00, 0x33, 0x20, 0xD9, 0x21, 0x32, 0x20, 0x5C, 0x00, 0x33, 0x20, 0xD1,
    0x21, 0x32, 0x20, 0x5B, 0x00, 0x33, 0x20, 0xC9, 0x21, 0x32, 0x20, 0x5A, 0x00, 0x33, 0x20, 0xD8,
    0x21, 0x32, 0x20, 0x59, 0x00, 0x33, 0x20, 0x3B, 0x21, 0x32, 0x20, 0x58, 0x00, 0x33, 0x20, 0x33,
    0x21, 0x32, 0x20, 0x57, 0x00, 0x33, 0x20, 0x2B, 0x21, 0x32, 0x20, 0x56, 0x00, 0x33, 0x20, 0x3A,
    0x21, 0x32, 0x20, 0x55, 0x00, 0x33, 0x20, 0x32, 0x21, 0x32, 0x20, 0x54, 0x00, 0x33, 0x20, 0x2A,
    0x21, 0x32, 0x20, 0x53, 0x00, 0x33, 0x20, 0x39, 0x21, 0x32, 0x20, 0x52, 0x00, 0x33, 0x20, 0x31,
    0x21, 0x32, 0x20, 0x51, 0x00, 0x33, 0x20, 0x29, 0x21, 0x32, 0x20, 0x50, 0x00, 0x33, 0x20, 0x38,
    0x21, 0x32, 0x20, 0x4F, 0x00, 0x33, 0x20, 0x30, 0x21, 0x32, 0x20, 0x4E, 0x00, 0x33, 0x20, 0x28,
    0x21, 0x32, 0x20, 0x4D, 0x00, 0x33, 0x20, 0x28, 0x21, 0x32, 0x20, 0x4C, 0x00, 0x33, 0x20, 0x28,
    0x21, 0x32, 0x20, 0x4B, 0x00, 0x33, 0x20, 0x28, 0x21, 0x32, 0x20, 0x4A, 0x00, 0x33, 0x20, 0x28,
    0x21, 0x31, 0x20, 0x20, 0x02, 0x0E, 0x20, 0xC1, 0x00, 0x00, 0x00, 0x01, 0x00, 0x01, 0x00, 0x00,
    0x03, 0x00, 0x00, 0x00, 0x00, 0x00, 0x04, 0x00, 0x00, 0x00, 0x00, 0x00, 0x00, 0x00, 0x00, 0x00,
    0x00, 0x00, 0x73, 0x56, 0x44, 0x36, 0xAB, 0xBC, 0x8A, 0xBC, 0xAE, 0x86, 0x69, 0xEE, 0xCD, 0x00,
    0x12, 0xE3, 0xBB, 0x31, 0xAB, 0x38, 0x5E, 0x87, 0xBA, 0xC3, 0x95, 0x25, 0xED, 0x58, 0x13, 0xEE,
    0xCA, 0x0A, 0x3E, 0xAA, 0x6C, 0x6C, 0xF3, 0x9A, 0x18, 0xA0, 0x8B, 0xA4, 0x52, 0xE6, 0xE3, 0xDC,
    0x86, 0xC3, 0x89, 0x29, 0x9A, 0x97, 0x5B, 0x1B, 0xA9, 0xFC, 0x40, 0xD1, 0xB7, 0x41, 0x8D, 0xF1,
    0x33, 0x54, 0x02, 0x33, 0x8C, 0xB5, 0x72, 0xE3, 0xA1, 0x58, 0xA3, 0x92, 0x98, 0xE6, 0x81, 0x95,
    0xFE, 0x77, 0xFE, 0x31, 0x88, 0x00, 0x01, 0xF2, 0xB5, 0x13, 0x95, 0x8E, 0xA4, 0x71, 0x1C, 0xC9,
    0xF7, 0x00, 0x98, 0xE6, 0xAC, 0x8C, 0xA6, 0x58, 0xB3, 0x96, 0x28, 0xAC, 0x53, 0xBB, 0x25, 0xA3,
    0xBD, 0x59, 0xC3, 0xDA, 0xBD, 0x1A, 0x2E, 0x5A, 0x96, 0x51, 0x2B, 0xCD, 0xAE, 0x73, 0x68, 0x12,
    0xAD, 0x12, 0x4C, 0xDA, 0xB0, 0xAF, 0xF4, 0x0E, 0x32, 0x54, 0x17, 0xD0, 0xA5, 0xFB, 0xF0, 0xB9,
    0x58, 0x43, 0x55, 0xB3, 0xCE, 0x51, 0x17, 0x3F, 0x31, 0xEA, 0xE6, 0xBD, 0xA2, 0x12, 0x21, 0x8D,
    0x97, 0x39, 0x8B, 0x7D, 0x07, 0x7C, 0xE2, 0x02, 0x05, 0x50, 0x9B, 0x74, 0xE6, 0x36, 0xD3, 0xC6,
    0xA3, 0x58, 0x4D, 0xE3, 0xBB, 0xE6, 0x62, 0x5D, 0x06, 0x13, 0x12, 0xFF, 0x04, 0x45, 0xA5, 0x0F,
    0xC5, 0x00, 0x5D, 0x89, 0xA4, 0xEF, 0x23, 0x45, 0xAB, 0x45, 0x1A, 0xD2, 0x45, 0x1C, 0x3A, 0x9E,
    0x74, 0x4D, 0xF6, 0xAB, 0x45, 0xA6, 0x35, 0x12, 0xAB, 0x1B, 0x32, 0xE5, 0xA4, 0x67, 0xF5, 0xAE,
    0x12, 0x01, 0xE8, 0x77, 0x1A, 0x3D, 0x36, 0xFC, 0x0B, 0xC4, 0x26, 0x03, 0x75, 0x0F, 0x93, 0x7A,
    0x00, 0xE7, 0x5F, 0x86, 0x94, 0xDC, 0x30, 0x15, 0xC6, 0x69, 0x91, 0x9C, 0xBF, 0x77, 0xFD, 0xA6,
    0x9B, 0x86, 0x98, 0x62, 0x2F, 0xD2, 0x56, 0xB9, 0x13, 0x36, 0x31, 0x7E, 0xEE, 0xB9, 0x25, 0x0C,
    0x6A, 0x1C, 0x7D, 0xEF, 0xB2, 0x39, 0xB1, 0x67, 0x01, 0x7C, 0xC3, 0xF7, 0x42, 0x4F, 0x3F, 0xF4,
    0x88, 0xFA, 0xBC, 0xA5, 0x23, 0xEF, 0xAB, 0x4A, 0x12, 0xEB, 0xAB, 0x54, 0x36, 0x10, 0x82, 0xA7,
    0x45, 0xCF, 0xAC, 0x03, 0x42, 0xFF, 0x13, 0xA1, 0x45, 0x23, 0xA1, 0x45, 0xEE, 0x12, 0x3A, 0x66,
    0x78, 0x94, 0x5D, 0x19, 0xD6, 0xEA, 0x8D, 0xCA, 0x0A, 0x94, 0x7B, 0xBE, 0x14, 0xBF, 0xC9, 0x27,
    0xF5, 0x87, 0xEC, 0x26, 0x29, 0xC4, 0xF8, 0x59, 0x92, 0xF2, 0x91, 0x41, 0x09, 0xAC, 0x9A, 0x4D,
    0x3F, 0xB1, 0x58, 0xAA, 0x3A, 0xFD, 0x7E, 0xA8, 0x23, 0x47, 0x77, 0xB5, 0x6F, 0x3A, 0x74, 0x06,
    0xAE, 0x31, 0x28, 0xEE, 0x8D, 0xB1, 0x10, 0xEE, 0x41, 0x1E, 0xA3, 0x99, 0x66, 0x4E, 0xD2, 0xBC,
    0x93, 0x00, 0x73, 0xE9, 0xF3, 0x63, 0x89, 0x66, 0x72, 0xBF, 0x87, 0x96, 0x15, 0x4E, 0xCC, 0x0A,
    0xE7, 0xF5, 0x1C, 0xA4, 0x85, 0x89, 0x45, 0x95, 0x0C, 0x15, 0xBF, 0xF8, 0xD8, 0xED, 0x30, 0xEA,
    0x4B, 0x24, 0x7B, 0xC7, 0x2C, 0x69, 0x26, 0x5F, 0x46, 0x24, 0x0D, 0x3B, 0x2D, 0x06, 0xFD, 0xBE,
    0x96, 0xB1, 0xD1, 0xA4, 0x77, 0x78, 0x54, 0x01, 0x56, 0x3E, 0x0F, 0xDF, 0x81, 0x8D, 0xAF, 0x68,
    0x61, 0x8B, 0x50, 0x9D, 0x0B, 0x70, 0x79, 0x83, 0xFD, 0x00, 0x95, 0xAD, 0x98, 0xCD, 0x36, 0xAB,
    0x89, 0xC7, 0x36, 0xBB, 0x89, 0x78, 0xA5, 0x69, 0x00, 0xF9, 0xEE, 0xCB, 0x32, 0x30, 0xA1, 0xEF,
    0x99, 0x29, 0x76, 0x07, 0x90, 0x7B, 0x7A, 0xCB, 0xEF, 0xB0, 0x7E, 0x1D, 0x30, 0x59, 0x63, 0x36,
    0x6D, 0xD3, 0xC8, 0xDB, 0x19, 0x70, 0x4A, 0x74, 0x8B, 0xE9, 0x76, 0x45, 0x06, 0xB3, 0x4D, 0xCC,
    0xCA, 0x67, 0x93, 0x65, 0xBF, 0x6D, 0x6B, 0xCC, 0x44, 0x50, 0x34, 0xF4, 0xFD, 0xBE, 0xB4, 0x7B,
    0xFB, 0x00, 0xF8, 0xA3, 0x12, 0xE3, 0xBB, 0xCB, 0x96, 0x9F, 0x87, 0x48, 0x32, 0x69, 0x32, 0xEE,
    0xAB, 0xBB, 0xAC, 0x24, 0x53, 0x71, 0x89, 0xCA, 0xAB, 0x01, 0xC6, 0x5B, 0x8E, 0xB2, 0xF7, 0xF7,
    0xCA, 0x71, 0x53, 0x6A, 0x6E, 0x23, 0xAA, 0x58, 0xFE, 0xED, 0x49, 0x74, 0xF4, 0x99, 0x65, 0xD0,
    0xA6, 0xBF, 0x7A, 0x38, 0x9F, 0xF9, 0x73, 0x44, 0xA9, 0x47, 0xF3, 0x97, 0xDB, 0x4D, 0x1B, 0xEB,
    0x48, 0x79, 0x08, 0xE8, 0xB7, 0xA8, 0x76, 0x77, 0x72, 0x00, 0x98, 0x56, 0xAB, 0x96, 0xCD, 0xCD,
    0xAB, 0xEB, 0x86, 0xA4, 0x32, 0x98, 0x36, 0xCC, 0xAB, 0xBE, 0xAA, 0x85, 0x39, 0x36, 0x98, 0xCE,
    0x32, 0x6D, 0x53, 0x8C, 0x1F, 0x34, 0x37, 0xB7, 0xDD, 0xC3, 0x6C, 0x2E, 0xB6, 0xF3, 0x13, 0xFA,
    0x97, 0x97, 0x5F, 0xF2, 0x94, 0xEC, 0x9D, 0xBE, 0x00, 0xCD, 0xD9, 0xCE, 0x23, 0x54, 0x90, 0xE4,
    0x1F, 0x38, 0xC1, 0xA8, 0x5C, 0x66, 0xA8, 0x45, 0x89, 0xB7, 0x46, 0x4F, 0x00, 0x6F, 0xB1, 0xBA,
    0x10, 0x07, 0x07, 0x91, 0xB1, 0xE2, 0xBA, 0x8D, 0x83, 0xA7, 0x0D, 0xB8, 0xD7,
};

#else

static unsigned char fw_rtl8733bs_d7b8_0da7[] =
{
  0x52, 0x65, 0x61, 0x6c, 0x74, 0x65, 0x63, 0x68, 0x43, 0x11, 0xc8, 0xd5, 0x02, 0x00, 0x01, 0x00,
  0x03, 0x00, 0x31, 0x30, 0xb5, 0xad, 0x30, 0x00, 0x00, 0x00, 0xc0, 0x30, 0x00, 0x00, 0x00, 0x00,
  0x00, 0x00, 0x00, 0x00, 0x00, 0x00, 0x00, 0x00, 0x00, 0x00, 0x00, 0x00, 0x00, 0x00, 0x00, 0x00,
  0xb2, 0xc7, 0x41, 0x91, 0x89, 0x74, 0x0e, 0xeb, 0x96, 0x74, 0x7c, 0x03, 0xa5, 0xeb, 0x65, 0x94,
  0x6d, 0xf5, 0x8e, 0xa8, 0xd0, 0x3b, 0xe6, 0x8b, 0xcb, 0xac, 0x4d, 0x8b, 0x57, 0xa5, 0x7b, 0x0d,
  0xf4, 0x13, 0xfc, 0x9f, 0x32, 0xff, 0x7d, 0x7e, 0xe7, 0x73, 0x30, 0xbf, 0xbe, 0x25, 0x23, 0x93,
  0x59, 0xb5, 0xca, 0xfd, 0x69, 0xc1, 0x1a, 0x2c, 0x1a, 0x16, 0x1f, 0x64, 0xea, 0xb8, 0x43, 0xbf,
  0xcf, 0x1a, 0x2e, 0xe6, 0xcc, 0xd3, 0x62, 0x00, 0x34, 0xfc, 0xdf, 0x57, 0x78, 0x7e, 0x79, 0x58,
  0x6d, 0x31, 0x47, 0xaa, 0xb5, 0xee, 0xad, 0xdd, 0xea, 0x08, 0x97, 0xcb, 0xc0, 0x6a, 0x78, 0xa9,
  0x5c, 0x26, 0xbd, 0xa4, 0x19, 0x7a, 0x13, 0xde, 0x1d, 0x3d, 0x05, 0x86, 0x87, 0x25, 0xb1, 0x04,
  0xec, 0x29, 0x95, 0xba, 0x21, 0x2e, 0xcb, 0x0c, 0x35, 0xe6, 0x03, 0x35, 0xae, 0xa0, 0xf6, 0xf0,
  0x44, 0x81, 0x7f, 0x7c, 0x5a, 0x8c, 0xe6, 0xa2, 0x7e, 0x08, 0xc1, 0x8a, 0xbc, 0x97, 0x2f, 0xd1,
  0x73, 0xf4, 0xc1, 0xf9, 0x83, 0x09, 0xa9, 0xb9, 0x6c, 0xf7, 0x2d, 0x9d, 0x26, 0xfb, 0xe6, 0xb4,
  0x5a, 0xdc, 0xe4, 0x9b, 0x58, 0xda, 0x37, 0xd3, 0x8b, 0x8f, 0xb2, 0xbe, 0xfa, 0x78, 0xac, 0xe0,
  0x64, 0x0e, 0x3c, 0xd9, 0xc2, 0x88, 0x57, 0x24, 0x18, 0x7b, 0x19, 0x73, 0x8b, 0xe0, 0x3a, 0x2e,
  0xf9, 0xc1, 0xa4, 0xaf, 0x60, 0x6e, 0xd9, 0x9f, 0xa4, 0x10, 0x94, 0xb9, 0xbc, 0xeb, 0xa1, 0x61,
  0xaf, 0x9d, 0x42, 0x4c, 0xc9, 0x36, 0xc9, 0xa9, 0x7f, 0x07, 0x81, 0x43, 0x36, 0xed, 0xfb, 0xb6,
  0xc7, 0xd1, 0x06, 0xa4, 0x48, 0x81, 0xcf, 0xbd, 0xa8, 0xbe, 0xb9, 0xda, 0x72, 0x81, 0x03, 0xb0,
  0x6f, 0x54, 0x38, 0x86, 0x16, 0x0c, 0xb3, 0xf3, 0x86, 0xe2, 0x3d, 0xa5, 0x04, 0x92, 0x86, 0x15,
  0x3d, 0x0f, 0x14, 0xbb, 0x77, 0x20, 0x76, 0x2e, 0x95, 0x1e, 0x20, 0x32, 0xf1, 0xa0, 0xea, 0x08,
  0xfc, 0x27, 0x9e, 0xa9, 0x8b, 0x36, 0xea, 0xd0, 0xc7, 0x28, 0x73, 0x8c, 0x72, 0xa5, 0x5d, 0x8f,
  0x2a, 0xfd, 0x95, 0x25, 0x34, 0x1e, 0x05, 0x91, 0x44, 0x21, 0x85, 0x93, 0x7a, 0x09, 0x4d, 0x52,
  0x21, 0x6b, 0xa2, 0xb7, 0x6b, 0xfc, 0x64, 0xa8, 0x73, 0x04, 0x0e, 0xf4, 0x3a, 0x84, 0xcc, 0x5b,
  0x27, 0x7c, 0x55, 0xc0, 0x85, 0x06, 0xfd, 0x91, 0x05, 0x6c, 0x84, 0x70, 0xcd, 0x33, 0x26, 0x59,
  0xab, 0x18, 0x78, 0x97, 0x79, 0x3c, 0xcc, 0xd5, 0x21, 0x18, 0xcd, 0x16, 0x3c, 0x43, 0x17, 0x18,
  0xfb, 0x95, 0xcc, 0x20, 0x95, 0x90, 0xc8, 0xba, 0x52, 0xb0, 0x19, 0xc6, 0x84, 0xcd, 0xa0, 0x7a,
  0x07, 0xbc, 0x77, 0x6f, 0x3d, 0xbd, 0x88, 0xc6, 0x6d, 0xd1, 0x4a, 0xa5, 0x4f, 0x82, 0x58, 0xb8,
  0x54, 0x92, 0x54, 0xbe, 0x3b, 0x11, 0x4b, 0x00, 0x28, 0xa8, 0xab, 0xd7, 0x36, 0x06, 0x64, 0xa6,
  0x3f, 0x51, 0x99, 0xce, 0x8a, 0x9d, 0xc2, 0x4b, 0x13, 0x65, 0x9f, 0xe5, 0x7e, 0x60, 0xf3, 0x0d,
  0x72, 0x52, 0x4e, 0xba, 0x40, 0x61, 0x15, 0xb6, 0x89, 0xd7, 0xe5, 0x92, 0xbc, 0x77, 0xeb, 0x4b,
  0xca, 0x0f, 0x3a, 0x14, 0x74, 0x89, 0x5a, 0x43, 0x56, 0xa1, 0x77, 0x1d, 0x5d, 0x84, 0x25, 0x7d,
  0xe6, 0x2a, 0xd7, 0xa9, 0x73, 0x12, 0xe0, 0x5e, 0x8a, 0xae, 0xea, 0xfa, 0xc8, 0xfd, 0x2c, 0xeb,
  0x25, 0x92, 0x05, 0xc5, 0x5c, 0xfe, 0xba, 0x7b, 0xd7, 0xfd, 0x5d, 0xa4, 0x02, 0x53, 0x3c, 0x4f,
  0x51, 0xb0, 0x4c, 0x30, 0xe9, 0x5d, 0x17, 0xd8, 0xbe, 0xdf, 0x77, 0x01, 0xb6, 0x33, 0xcb, 0xfc,
  0xd7, 0x15, 0xae, 0xd3, 0x48, 0x7a, 0xe5, 0x2a, 0xfb, 0xbb, 0xcd, 0x97, 0x65, 0x3a, 0x9b, 0x4e,
  0xfc, 0x25, 0x71, 0x39, 0xfe, 0x80, 0x0a, 0x34, 0x0e, 0x26, 0x19, 0xa9, 0x7d, 0xc3, 0x63, 0x4d,
  0x53, 0xfd, 0x63, 0x05, 0x62, 0x33, 0xb2, 0x40, 0x9a, 0x33, 0xb3, 0x42, 0x34, 0x82, 0x34, 0x80,
  0xcb, 0x32, 0xb3, 0x40, 0xcb, 0x32, 0xb2, 0x40, 0xea, 0x00, 0x65, 0x32, 0xb3, 0x32, 0xb2, 0x60,
  0xda, 0x32, 0xb3, 0x33, 0xb2, 0x60, 0xda, 0x33, 0xb3, 0x33, 0xb2, 0x60, 0xda, 0x33, 0xb3, 0x34,
  0xb2, 0x60, 0xda, 0x34, 0xb3, 0x34, 0xb2, 0x60, 0xda, 0x34, 0xb3, 0x35, 0xb2, 0x60, 0xda, 0x35,
  0xb3, 0x35, 0xb2, 0x60, 0xda, 0x35, 0xb3, 0x36, 0xb2, 0x60, 0xda, 0x36, 0xb3, 0x36, 0xb2, 0x60,
  0xda, 0x36, 0xb3, 0x37, 0xb2, 0x60, 0xda, 0x37, 0xb3, 0x37, 0xb2, 0x60, 0xda, 0x37, 0xb2, 0x40,
  0xea, 0x00, 0x65, 0x37, 0xb3, 0x37, 0xb2, 0x60, 0xda, 0x37, 0xb2, 0x40, 0xea, 0x00, 0x65, 0x37,
  0xb2, 0x40, 0xea, 0x00, 0x65, 0x36, 0xb3, 0x37, 0xb2, 0x60, 0xda, 0x37, 0xb3, 0x37, 0xb2, 0x60,
  0xda, 0x37, 0xb2, 0xe0, 0xf0, 0x8d, 0xa2, 0x01, 0x6b, 0x8d, 0xeb, 0xe0, 0xf0, 0x6d, 0xc2, 0xc0,
  0xf0, 0x79, 0xa2, 0xc0, 0xf0, 0x98, 0xa2, 0x60, 0x33, 0x8d, 0xeb, 0xc0, 0xf0, 0x9a, 0xa2, 0x80,
  0x34, 0x80, 0x34, 0x6d, 0xec, 0xc0, 0xf0, 0x7b, 0xa2, 0x00, 0xf6, 0x60, 0x33, 0x8d, 0xeb, 0x2d,
  0xb4, 0x8d, 0xeb, 0x62, 0x34, 0xc0, 0xf0, 0x78, 0xc2, 0xc0, 0xf0, 0x99, 0xc2, 0x00, 0xf6, 0x62,
  0x33, 0x82, 0x34, 0xc0, 0xf0, 0x9a, 0xc2, 0xc0, 0xf0, 0x7b, 0xc2, 0x05, 0x97, 0x00, 0xef, 0x03,
  0x63, 0x7c, 0x49, 0x11, 0x80, 0x9a, 0x00, 0x12, 0x80, 0x98, 0x00, 0x12, 0x80, 0x39, 0x40, 0x11,
  0x80, 0x4d, 0x40, 0x11, 0x80, 0x34, 0x0a, 0x12, 0x80, 0x29, 0x1e, 0x11, 0x80, 0xac, 0x16, 0x12,
  0x80, 0x15, 0x22, 0x11, 0x80, 0xe8, 0x0e, 0x12, 0x80, 0xe9, 0x27, 0x11, 0x80, 0x70, 0x0f, 0x12,
  0x80, 0x7d, 0x22, 0x11, 0x80, 0xd0, 0x10, 0x12, 0x80, 0x29, 0x23, 0x11, 0x80, 0x00, 0x12, 0x12,
  0x80, 0x05, 0x21, 0x11, 0x80, 0xa0, 0x10, 0x12, 0x80, 0x5d, 0x1d, 0x11, 0x80, 0x88, 0x17, 0x12,
  0x80, 0x4d, 0x1d, 0x11, 0x80, 0x4c, 0x17, 0x12, 0x80, 0x25, 0x20, 0x11, 0x80, 0xd0, 0x13, 0x12,
  0x80, 0xd1, 0x1f, 0x11, 0x80, 0xcc, 0x13, 0x12, 0x80, 0x05, 0x3d, 0x11, 0x80, 0x19, 0x1f, 0x11,
  0x80, 0xc0, 0x0f, 0x12, 0x80, 0x61, 0x27, 0x11, 0x80, 0x99, 0x05, 0x01, 0x80, 0xb9, 0x1d, 0x11,
  0x80, 0xd4, 0x0e, 0x12, 0x80, 0xc5, 0x1d, 0x11, 0x80, 0x9c, 0x0f, 0x12, 0x80, 0xa8, 0x00, 0x12,
  0x80, 0x00, 0x00, 0x00, 0x08, 0xfc, 0x63, 0x07, 0x62, 0x14, 0xb2, 0x60, 0xf1, 0x4e, 0xa2, 0x21,
  0x22, 0x13, 0xb2, 0x60, 0xaa, 0xff, 0xf7, 0x1f, 0x6a, 0x6c, 0xea, 0x12, 0xb3, 0x70, 0xa3, 0x82,
  0x67, 0x42, 0x32, 0x09, 0x23, 0x41, 0x6b, 0x6b, 0xeb, 0x8c, 0xeb, 0x9d, 0x67, 0x70, 0xc4, 0x03,
  0x6b, 0x6b, 0xeb, 0x4c, 0xeb, 0x06, 0x10, 0x40, 0x6b, 0x8d, 0xeb, 0x9d, 0x67, 0x70, 0xc4, 0x02,
  0x6b, 0x4d, 0xeb, 0x71, 0xc4, 0x08, 0xb2, 0x7d, 0x67, 0x40, 0x9a, 0xa8, 0xab, 0xff, 0x6c, 0x40,
  0xea, 0x1d, 0x4c, 0x07, 0x97, 0x00, 0xef, 0x04, 0x63, 0xcc, 0x69, 0x12, 0x80, 0x1c, 0x01, 0x00,
  0xb6, 0xa4, 0xd7, 0x12, 0x80, 0xe4, 0x04, 0x12, 0x80, 0x54, 0x9c, 0x01, 0x4a, 0x09, 0x22, 0x01,
  0x6b, 0x05, 0xb2, 0x60, 0xc2, 0x74, 0x9c, 0x05, 0xb2, 0x60, 0xda, 0x01, 0x6a, 0x4b, 0xea, 0x54,
  0xdc, 0x20, 0xe8, 0x00, 0x65, 0x01, 0xf8, 0x12, 0x80, 0x04, 0xf8, 0x12, 0x80, 0x00, 0x6b, 0x03,
  0xb2, 0x60, 0xc2, 0x20, 0xe8, 0x00, 0x6a, 0x00, 0x65, 0x00, 0xf8, 0x12, 0x80, 0x60, 0xa4, 0xa0,
  0xf2, 0x1c, 0x6a, 0x58, 0xeb, 0x0f, 0xb3, 0x12, 0xea, 0x69, 0xe2, 0xa0, 0xf0, 0x72, 0xa2, 0x0f,
  0x73, 0x14, 0x61, 0xc0, 0xf0, 0x41, 0xa2, 0x11, 0x2a, 0x0b, 0xb2, 0x60, 0xf1, 0x71, 0xa2, 0x0d,
  0x2b, 0x60, 0xf1, 0x4e, 0xa2, 0x02, 0x5a, 0x09, 0x61, 0x08, 0xb2, 0x50, 0xa2, 0x06, 0x22, 0x08,
  0xb2, 0x40, 0xa2, 0x03, 0x2a, 0x40, 0xc6, 0x20, 0xe8, 0x01, 0x6a, 0x20, 0xe8, 0x00, 0x6a, 0x00,
  0x65, 0x50, 0x1c, 0x13, 0x80, 0xcc, 0x69, 0x12, 0x80, 0xa4, 0xd7, 0x12, 0x80, 0x00, 0xf8, 0x12,
  0x80, 0x20, 0xe8, 0x00, 0x6a, 0x20, 0xe8, 0x00, 0x65, 0x67, 0xa4, 0x08, 0x6a, 0x6d, 0xea, 0x47,
  0xc4, 0x20, 0xe8, 0x00, 0x6a, 0xfb, 0x63, 0x09, 0x62, 0x14, 0xb2, 0x61, 0xa2, 0x1c, 0x6a, 0x6c,
  0xea, 0x04, 0x72, 0x1e, 0x61, 0x12, 0xb2, 0x40, 0xea, 0xff, 0x6c, 0x20, 0x72, 0x11, 0xb4, 0x12,
  0xb3, 0x0a, 0x61, 0x01, 0x6a, 0x04, 0xd2, 0x03, 0x6a, 0x05, 0xd4, 0x06, 0xd2, 0x01, 0x6c, 0xfa,
  0x6d, 0x41, 0xf4, 0x04, 0x6e, 0x09, 0x10, 0x01, 0x6a, 0x04, 0xd2, 0x02, 0x6a, 0x05, 0xd4, 0x06,
  0xd2, 0x01, 0x6c, 0xfa, 0x6d, 0x41, 0xf4, 0x08, 0x6e, 0x2e, 0xf5, 0x10, 0x6f, 0x40, 0xeb, 0x00,
  0x65, 0x09, 0x97, 0x00, 0x6a, 0x00, 0xef, 0x05, 0x63, 0xf0, 0x1b, 0x12, 0x80, 0xf9, 0x1f, 0x01,
  0x80, 0x6c, 0x49, 0x11, 0x80, 0x31, 0x70, 0x08, 0x80, 0xf4, 0x63, 0x17, 0x62, 0x16, 0xd1, 0x15,
  0xd0, 0x0b, 0x6a, 0x64, 0x67, 0x00, 0x68, 0x12, 0xd2, 0x5e, 0x10, 0x01, 0x71, 0x09, 0x60, 0x03,
  0x21, 0x02, 0x71, 0x0b, 0x60, 0x15, 0x10, 0x31, 0xb2, 0x09, 0xe2, 0xe0, 0xf1, 0x42, 0xa2, 0x0f,
  0x10, 0x2e, 0xb2, 0x09, 0xe2, 0xe0, 0xf1, 0x46, 0xa2, 0x0a, 0x10, 0x2d, 0xb2, 0x60, 0xf0, 0x5a,
  0xa2, 0x10, 0x6c, 0x8c, 0xea, 0x05, 0x22, 0x29, 0xb2, 0x09, 0xe2, 0x62, 0xf6, 0x41, 0xa2, 0x12,
  0xd2, 0x12, 0x94, 0x0b, 0x74, 0x37, 0x60, 0x00, 0xf2, 0x04, 0x4c, 0x24, 0xb2, 0x90, 0x34, 0x91,
  0xe2, 0x64, 0x6d, 0xa0, 0xcc, 0x12, 0x95, 0x0c, 0x6c, 0x04, 0xd4, 0x22, 0xb4, 0x05, 0xd4, 0xc0,
  0xf1, 0x18, 0x6c, 0x98, 0xed, 0x07, 0xd5, 0x06, 0xd0, 0xfa, 0x6d, 0xc1, 0xf0, 0x06, 0x6e, 0x61,
  0xf5, 0x0a, 0x6f, 0x12, 0xec, 0x91, 0xe2, 0x20, 0xf2, 0x88, 0xac, 0x09, 0xe2, 0x08, 0xd4, 0xe0,
  0xf1, 0x82, 0xa2, 0x09, 0xd4, 0xe0, 0xf1, 0x86, 0xa2, 0x0a, 0xd4, 0x62, 0xf6, 0x41, 0xa2, 0x0b,
  0xd2, 0x20, 0xf0, 0x48, 0xa3, 0x0c, 0xd2, 0x43, 0x9b, 0x0d, 0xd2, 0x54, 0xa3, 0x0e, 0xd2, 0x55,
  0xa3, 0x0f, 0xd2, 0x56, 0xa3, 0x10, 0xd2, 0x57, 0xa3, 0x13, 0xd3, 0x11, 0xd2, 0x0e, 0xb2, 0x40,
  0xea, 0x01, 0x6c, 0x13, 0x93, 0x01, 0x49, 0xff, 0x6a, 0x4c, 0xe9, 0x03, 0x59, 0xa6, 0x61, 0x01,
  0x48, 0x4c, 0xe8, 0x04, 0x58, 0x02, 0x60, 0x00, 0x69, 0xa0, 0x17, 0x17, 0x97, 0x16, 0x91, 0x15,
  0x90, 0x00, 0x6a, 0x00, 0xef, 0x0c, 0x63, 0x00, 0x65, 0x48, 0x3c, 0x12, 0x80, 0xa8, 0x00, 0x12,
  0x80, 0x6c, 0x49, 0x11, 0x80, 0x31, 0x70, 0x08, 0x80, 0xfd, 0x63, 0x05, 0x62, 0x63, 0xa4, 0x09,
  0x6a, 0x6c, 0xea, 0x03, 0x22, 0x04, 0xb2, 0x40, 0xea, 0x00, 0x65, 0x05, 0x97, 0x00, 0x6a, 0x00,
  0xef, 0x03, 0x63, 0x00, 0x65, 0x2d, 0x34, 0x11, 0x80, 0xfa, 0x63, 0x0b, 0x62, 0x0a, 0xd1, 0x09,
  0xd0, 0x19, 0xb2, 0x40, 0x9a, 0xff, 0xf7, 0x1f, 0x69, 0xa0, 0xf2, 0x1c, 0x68, 0x40, 0xea, 0x8c,
  0xe9, 0x18, 0xe9, 0x16, 0xb3, 0xa2, 0x67, 0x00, 0x6e, 0x15, 0xb2, 0x12, 0xe8, 0x61, 0xe0, 0x40,
  0xea, 0x90, 0x98, 0x62, 0x67, 0x51, 0x98, 0x01, 0x4a, 0x0b, 0x2a, 0xa7, 0x40, 0x04, 0xd2, 0x06,
  0xd3, 0x00, 0x6c, 0x3d, 0x4d, 0x0f, 0xb6, 0x10, 0xb2, 0x40, 0xea, 0xf1, 0x67, 0x06, 0x93, 0x0b,
  0x2a, 0x66, 0x35, 0x05, 0x6a, 0x58, 0xed, 0x91, 0x98, 0x0c, 0xb2, 0x12, 0xed, 0x88, 0x4d, 0x40,
  0xea, 0xae, 0x35, 0x00, 0x6b, 0x01, 0x22, 0xff, 0x6b, 0x0b, 0x97, 0x0a, 0x91, 0x09, 0x90, 0x43,
  0x67, 0x00, 0xef, 0x06, 0x63, 0xec, 0x04, 0x12, 0x80, 0x50, 0x1c, 0x13, 0x80, 0x91, 0x0c, 0x04,
  0x80, 0x99, 0x37, 0x04, 0x80, 0x81, 0xa2, 0x00, 0x80, 0xd1, 0xa1, 0x00, 0x80, 0xfd, 0x63, 0x05,
  0x62, 0x03, 0xb2, 0x40, 0xea, 0x00, 0x65, 0x05, 0x97, 0x00, 0xef, 0x03, 0x63, 0xc5, 0x3e, 0x01,
  0x80, 0xfd, 0x63, 0x05, 0x62, 0x40, 0xa4, 0x52, 0x32, 0x02, 0x72, 0x16, 0x61, 0x0d, 0xb2, 0x44,
  0x9a, 0x02, 0x72, 0x12, 0x61, 0x0c, 0xb2, 0x40, 0xa2, 0x01, 0x72, 0x0e, 0x61, 0x0b, 0xb2, 0x6d,
  0xaa, 0xff, 0xf7, 0x1f, 0x6c, 0x8e, 0xeb, 0x08, 0x2b, 0x09, 0xb5, 0x01, 0x6c, 0x40, 0xf0, 0x81,
  0xc2, 0x6d, 0xca, 0x08, 0xb2, 0x40, 0xea, 0x27, 0x6c, 0x05, 0x97, 0x00, 0x6a, 0x00, 0xef, 0x03,
  0x63, 0xcc, 0x69, 0x12, 0x80, 0x11, 0xf8, 0x12, 0x80, 0xa4, 0xd7, 0x12, 0x80, 0x00, 0x00, 0x40,
  0x00, 0x61, 0xf7, 0x00, 0x80, 0xfd, 0x63, 0x05, 0x62, 0x62, 0xa4, 0x10, 0x6a, 0x4b, 0xea, 0x6c,
  0xea, 0xff, 0x6b, 0x6c, 0xea, 0x20, 0x72, 0x12, 0x61, 0x0b, 0xb2, 0x44, 0x9a, 0x01, 0x72, 0x0e,
  0x60, 0x0a, 0xb2, 0x6d, 0xaa, 0xff, 0xf7, 0x1f, 0x6c, 0x8e, 0xeb, 0x08, 0x2b, 0x08, 0xb5, 0x01,
  0x6c, 0x40, 0xf0, 0x81, 0xc2, 0x6d, 0xca, 0x07, 0xb2, 0x40, 0xea, 0x27, 0x6c, 0x05, 0x97, 0x00,
  0x6a, 0x00, 0xef, 0x03, 0x63, 0xcc, 0x69, 0x12, 0x80, 0xa4, 0xd7, 0x12, 0x80, 0x00, 0x00, 0x80,
  0x00, 0x61, 0xf7, 0x00, 0x80, 0xfc, 0x63, 0x07, 0x62, 0x06, 0xd1, 0x05, 0xd0, 0xff, 0xf7, 0x1f,
  0x68, 0x24, 0x67, 0x0b, 0xb2, 0x00, 0xf4, 0x00, 0x6c, 0x40, 0xea, 0xcc, 0xe8, 0x00, 0x6b, 0x05,
  0x22, 0x91, 0x67, 0x08, 0xb2, 0x40, 0xea, 0xb0, 0x67, 0x01, 0x6b, 0x07, 0xb2, 0x60, 0xca, 0x07,
  0x97, 0x06, 0x91, 0x05, 0x90, 0x00, 0x6a, 0x00, 0xef, 0x04, 0x63, 0x00, 0x65, 0x65, 0x35, 0x01,
  0x80, 0x85, 0x2a, 0x11, 0x80, 0x16, 0xf8, 0x12, 0x80, 0xfd, 0x63, 0x05, 0x62, 0x00, 0x6a, 0x0c,
  0xb3, 0x01, 0x6c, 0x40, 0xc3, 0x8b, 0xec, 0x0b, 0xb3, 0x80, 0xdb, 0x0b, 0xb3, 0x40, 0xc3, 0x0b,
  0xb3, 0x91, 0xa3, 0x02, 0x6a, 0x4b, 0xea, 0x8c, 0xea, 0x51, 0xc3, 0x09, 0xb2, 0x40, 0xea, 0x00,
  0x65, 0x08, 0xb2, 0x40, 0xea, 0x00, 0x65, 0x05, 0x97, 0x00, 0xef, 0x03, 0x63, 0x01, 0xf8, 0x12,
  0x80, 0x04, 0xf8, 0x12, 0x80, 0x00, 0xf8, 0x12, 0x80, 0xb0, 0x6d, 0x12, 0x80, 0xc9, 0x3c, 0x11,
  0x80, 0xb5, 0x3e, 0x11, 0x80, 0xfd, 0x63, 0x05, 0x62, 0x04, 0xd0, 0x40, 0xac, 0x0a, 0x90, 0x01,
  0xf4, 0x03, 0x72, 0x05, 0x60, 0x02, 0xf0, 0x02, 0x72, 0x00, 0x6a, 0x16, 0x61, 0x05, 0x10, 0x0d,
  0xb2, 0x40, 0xea, 0x00, 0x65, 0x00, 0x6a, 0x10, 0x10, 0x0b, 0xb2, 0x40, 0xea, 0x84, 0x40, 0x20,
  0xf0, 0x64, 0xa0, 0x09, 0x6a, 0x4b, 0xea, 0x6c, 0xea, 0x20, 0xf0, 0x44, 0xc0, 0x0e, 0x6c, 0xb0,
  0x67, 0x06, 0xb2, 0x40, 0xea, 0x44, 0x6e, 0x01, 0x6a, 0x05, 0x97, 0x04, 0x90, 0x00, 0xef, 0x03,
  0x63, 0xb9, 0x20, 0x11, 0x80, 0xd1, 0xfa, 0x01, 0x80, 0x79, 0x00, 0x02, 0x80, 0xfb, 0x63, 0x09,
  0x62, 0x08, 0xd1, 0x07, 0xd0, 0x00, 0x6b, 0x24, 0xb2, 0x60, 0xc2, 0xff, 0xf7, 0x1f, 0x69, 0x23,
  0xb2, 0x40, 0xea, 0x8c, 0xe9, 0xa0, 0xf2, 0x1c, 0x6b, 0x78, 0xe9, 0xa2, 0x67, 0x20, 0xb2, 0x00,
  0x68, 0x12, 0xeb, 0x4d, 0xe3, 0x1f, 0xb2, 0x5a, 0x9a, 0x22, 0x10, 0xd9, 0x9c, 0x50, 0x34, 0x91,
  0xe6, 0x84, 0xac, 0x20, 0xf3, 0x0c, 0x74, 0x0f, 0x61, 0x1b, 0xb4, 0x86, 0xac, 0x2e, 0xec, 0x0b,
  0x2c, 0x04, 0xd3, 0x1a, 0xb4, 0x1a, 0xb2, 0x40, 0xea, 0x05, 0xd5, 0x04, 0x93, 0x01, 0x6a, 0x4b,
  0xea, 0x54, 0xdb, 0x05, 0x95, 0x10, 0x10, 0x13, 0xb4, 0xdc, 0x9c, 0x01, 0x4a, 0x01, 0x48, 0x4e,
  0xee, 0xcb, 0xec, 0xcd, 0xec, 0xc0, 0xf7, 0x83, 0x34, 0x8c, 0xea, 0xff, 0x6c, 0x8c, 0xe8, 0x0d,
  0xb4, 0xdd, 0x9c, 0xc2, 0xe8, 0xda, 0x61, 0x0b, 0xb2, 0x5d, 0x9a, 0x4e, 0xe8, 0x03, 0x28, 0x0b,
  0xb2, 0x40, 0x9a, 0x54, 0xdb, 0x0b, 0xb2, 0x40, 0xea, 0x85, 0x67, 0x09, 0x97, 0x08, 0x91, 0x07,
  0x90, 0x00, 0xef, 0x05, 0x63, 0x01, 0xf8, 0x12, 0x80, 0xd0, 0x97, 0x00, 0x80, 0x50, 0x1c, 0x13,
  0x80, 0xe0, 0xcd, 0x12, 0x80, 0x98, 0x6d, 0x12, 0x80, 0x04, 0xf8, 0x12, 0x80, 0x2d, 0xa2, 0x00,
  0x80, 0xec, 0x97, 0x00, 0x80, 0xfd, 0x63, 0x05, 0x62, 0x04, 0xd0, 0x13, 0xb2, 0x40, 0xea, 0x00,
  0x65, 0x02, 0x67, 0x12, 0xb2, 0x04, 0x6b, 0x00, 0x6c, 0x40, 0x9a, 0x6c, 0xea, 0x02, 0x22, 0x10,
  0xb2, 0x80, 0x9a, 0x00, 0x6b, 0x0e, 0xb2, 0x60, 0xda, 0x0e, 0xb3, 0x82, 0x34, 0x82, 0x34, 0x40,
  0x9b, 0xff, 0xf7, 0x1f, 0x6d, 0x80, 0x34, 0xac, 0xea, 0x80, 0x34, 0x8d, 0xea, 0x40, 0xdb, 0x0a,
  0xb2, 0x40, 0xea, 0x00, 0x6c, 0x09, 0xb2, 0x40, 0xea, 0x90, 0x67, 0x05, 0x97, 0x04, 0x90, 0x00,
  0xef, 0x03, 0x63, 0x00, 0x65, 0xd0, 0x97, 0x00, 0x80, 0xa0, 0xad, 0x00, 0xb0, 0x10, 0x12, 0x11,
  0x80, 0x30, 0x00, 0x00, 0xb5, 0x21, 0xd0, 0x00, 0x80, 0xec, 0x97, 0x00, 0x80, 0xfc, 0x63, 0x07,
  0x62, 0x40, 0xac, 0x00, 0xf4, 0x05, 0x72, 0x32, 0x60, 0x00, 0xf4, 0x06, 0x5a, 0x04, 0x60, 0x00,
  0xf4, 0x01, 0x72, 0x08, 0x60, 0x36, 0x10, 0x00, 0xf4, 0x19, 0x72, 0x30, 0x60, 0x21, 0xf4, 0x1f,
  0x72, 0x21, 0x60, 0x2f, 0x10, 0x1a, 0xb2, 0x60, 0xaa, 0xff, 0xf7, 0x1f, 0x6a, 0x6c, 0xea, 0x7d,
  0x67, 0x48, 0xcb, 0x18, 0xb3, 0x90, 0xa3, 0x62, 0x67, 0x07, 0x24, 0x05, 0x6a, 0x4b, 0xea, 0x6c,
  0xea, 0x11, 0x6b, 0x6b, 0xeb, 0x6c, 0xea, 0x04, 0x10, 0x04, 0x6a, 0x6d, 0xea, 0x10, 0x6b, 0x6d,
  0xea, 0x7d, 0x67, 0x50, 0xc3, 0x7d, 0x67, 0x10, 0xb2, 0x40, 0x9a, 0xa8, 0xab, 0xff, 0x6c, 0x40,
  0xea, 0x21, 0x4c, 0x0f, 0x10, 0x01, 0x6b, 0x0d, 0xb2, 0x60, 0xc2, 0x0b, 0x10, 0x0c, 0xb2, 0x40,
  0xea, 0x00, 0x65, 0x0c, 0xb2, 0x01, 0x6b, 0x60, 0xc2, 0x0b, 0xb2, 0x01, 0x10, 0x08, 0xb2, 0x40,
  0xea, 0x00, 0x65, 0x07, 0x97, 0x00, 0x6a, 0x00, 0xef, 0x04, 0x63, 0x00, 0x65, 0x20, 0x01, 0x00,
  0xb6, 0xa4, 0xd7, 0x12, 0x80, 0xe4, 0x04, 0x12, 0x80, 0x00, 0xf8, 0x12, 0x80, 0xc5, 0x1c, 0x11,
  0x80, 0x11, 0xf8, 0x12, 0x80, 0x11, 0xaa, 0x08, 0x80, 0xf8, 0x63, 0x0f, 0x62, 0x0e, 0xd1, 0x0d,
  0xd0, 0x40, 0xac, 0x04, 0x67, 0x1f, 0xf4, 0x19, 0x72, 0x04, 0x60, 0x5f, 0xf4, 0x11, 0x72, 0x25,
  0x60, 0x29, 0x10, 0x1e, 0xb2, 0x40, 0xea, 0x00, 0x65, 0x22, 0x67, 0x05, 0x6a, 0x04, 0xd2, 0x1c,
  0xb3, 0x1c, 0xb2, 0x05, 0xd2, 0x43, 0xa3, 0xfa, 0x6d, 0x20, 0xf6, 0x09, 0x6e, 0x06, 0xd2, 0x1a,
  0xb2, 0x8f, 0xa2, 0x29, 0xf2, 0x19, 0x6f, 0x07, 0xd4, 0x90, 0xa2, 0x08, 0xd4, 0x4e, 0xa2, 0x09,
  0xd2, 0x42, 0xa3, 0x0a, 0xd2, 0x15, 0xb2, 0x40, 0xea, 0x01, 0x6c, 0x15, 0xb2, 0x40, 0xea, 0x00,
  0x65, 0x14, 0xb5, 0x15, 0xb2, 0x40, 0xea, 0x27, 0x6c, 0x0f, 0x10, 0x14, 0xb2, 0x40, 0xea, 0x00,
  0x65, 0x22, 0x67, 0x0a, 0x10, 0x01, 0x6a, 0x40, 0xc5, 0x00, 0x6a, 0x40, 0xc6, 0x00, 0x6a, 0x0f,
  0x97, 0x0e, 0x91, 0x0d, 0x90, 0x00, 0xef, 0x08, 0x63, 0x80, 0xa8, 0xb1, 0x67, 0x0c, 0xb2, 0x40,
  0xea, 0x00, 0x6e, 0x01, 0x6a, 0xf4, 0x17, 0x00, 0x65, 0xb9, 0x3e, 0x11, 0x80, 0x40, 0xf8, 0x12,
  0x80, 0x6c, 0x49, 0x11, 0x80, 0xa4, 0xd7, 0x12, 0x80, 0x31, 0x70, 0x08, 0x80, 0x11, 0xaa, 0x08,
  0x80, 0x00, 0x00, 0x01, 0x00, 0x61, 0xf7, 0x00, 0x80, 0xf9, 0x3f, 0x11, 0x80, 0xc1, 0x41, 0x03,
  0x80, 0xfc, 0x63, 0x07, 0x62, 0x06, 0xd1, 0x05, 0xd0, 0x44, 0xac, 0x04, 0x67, 0xff, 0x69, 0xc0,
  0xf2, 0x0d, 0x72, 0x13, 0x61, 0x13, 0xb2, 0x26, 0xaa, 0xa0, 0xf2, 0x1c, 0x6a, 0x12, 0xb3, 0x58,
  0xe9, 0x12, 0xea, 0x69, 0xe2, 0x74, 0x9a, 0x81, 0x43, 0x08, 0x24, 0x10, 0xb4, 0x01, 0x6d, 0xa0,
  0xc4, 0x0f, 0xb4, 0x60, 0xdc, 0x01, 0x6b, 0x6b, 0xeb, 0x74, 0xda, 0x0e, 0xb2, 0x40, 0xea, 0x90,
  0x67, 0x0a, 0xb2, 0x40, 0xa2, 0x07, 0x22, 0x44, 0xa8, 0xc0, 0xf2, 0x0d, 0x72, 0x03, 0x61, 0x0a,
  0xb2, 0x40, 0xea, 0x91, 0x67, 0x07, 0x97, 0x06, 0x91, 0x05, 0x90, 0x00, 0xef, 0x04, 0x63, 0x00,
  0x65, 0x98, 0x6d, 0x12, 0x80, 0x50, 0x1c, 0x13, 0x80, 0x01, 0xf8, 0x12, 0x80, 0x04, 0xf8, 0x12,
  0x80, 0xa5, 0x5d, 0x04, 0x80, 0x5d, 0x21, 0x11, 0x80, 0xfc, 0x63, 0x07, 0x62, 0x06, 0xd0, 0x44,
  0xac, 0x04, 0x67, 0x20, 0xf3, 0x0a, 0x72, 0x07, 0x60, 0x20, 0xf3, 0x0d, 0x72, 0x1d, 0x60, 0x20,
  0xf3, 0x09, 0x72, 0x11, 0x60, 0x2a, 0x10, 0x40, 0x9c, 0x64, 0xa2, 0x3c, 0x6a, 0x66, 0x33, 0x4e,
  0xeb, 0x24, 0x2b, 0x16, 0xb5, 0x16, 0xb2, 0x01, 0x6c, 0x40, 0xf0, 0x82, 0xc2, 0x6e, 0xca, 0x15,
  0xb2, 0x40, 0xea, 0x27, 0x6c, 0x1a, 0x10, 0x80, 0xa4, 0xa4, 0xa0, 0x13, 0xb2, 0x40, 0xea, 0x04,
  0x06, 0x17, 0x2a, 0x5d, 0x67, 0x68, 0xaa, 0x01, 0x10, 0x60, 0xa4, 0xa0, 0xf2, 0x1c, 0x6a, 0x58,
  0xeb, 0x0e, 0xb3, 0x12, 0xea, 0x69, 0xe2, 0xa0, 0xf0, 0x72, 0xa2, 0x0f, 0x73, 0x06, 0x61, 0x91,
  0x9a, 0x0b, 0xb2, 0x40, 0xea, 0x00, 0x65, 0x01, 0x72, 0x03, 0x60, 0x0a, 0xb2, 0x40, 0xea, 0x90,
  0x67, 0x07, 0x97, 0x06, 0x90, 0x00, 0xef, 0x04, 0x63, 0x00, 0x00, 0x10, 0x00, 0xa4, 0xd7, 0x12,
  0x80, 0x61, 0xf7, 0x00, 0x80, 0xa9, 0x21, 0x07, 0x80, 0x50, 0x1c, 0x13, 0x80, 0x69, 0xa1, 0x00,
  0x80, 0x4d, 0x60, 0x04, 0x80, 0xfc, 0x63, 0x07, 0x62, 0x06, 0xd1, 0x05, 0xd0, 0x44, 0xac, 0x04,
  0x67, 0x40, 0xf4, 0x12, 0x72, 0x49, 0x61, 0x60, 0x9c, 0x40, 0xa3, 0x11, 0x72, 0x3d, 0x60, 0x12,
  0x5a, 0x04, 0x60, 0x03, 0x6b, 0x6e, 0xea, 0x1f, 0x22, 0x3f, 0x10, 0x13, 0x72, 0x20, 0x60, 0x13,
  0x5a, 0x03, 0x61, 0x3e, 0x72, 0x08, 0x60, 0x38, 0x10, 0x20, 0xb2, 0x40, 0xa2, 0x35, 0x2a, 0x20,
  0xb2, 0x40, 0xea, 0x01, 0x6c, 0x31, 0x10, 0x42, 0xa3, 0x02, 0x72, 0x2e, 0x61, 0x1d, 0xb1, 0x1e,
  0xb2, 0x40, 0xea, 0x81, 0x99, 0xff, 0x6b, 0x4c, 0xeb, 0x03, 0x5b, 0x26, 0x60, 0x81, 0x99, 0x1b,
  0xb2, 0x40, 0xea, 0xa0, 0x98, 0x24, 0x10, 0x1a, 0xb3, 0x40, 0xc3, 0x1a, 0xb2, 0x1b, 0x10, 0x82,
  0xa3, 0x00, 0x6a, 0x0f, 0x10, 0x84, 0x36, 0xd9, 0xe3, 0xa2, 0xa6, 0x0f, 0x6f, 0xec, 0xed, 0xe1,
  0xa6, 0x15, 0xb6, 0xc5, 0xae, 0xa0, 0x35, 0xed, 0xed, 0xce, 0xed, 0x0b, 0x25, 0x01, 0x4a, 0xff,
  0x6d, 0xac, 0xea, 0x83, 0xea, 0xef, 0x61, 0x08, 0x10, 0x0f, 0xb2, 0x85, 0xaa, 0x42, 0xa3, 0x8e,
  0xea, 0x03, 0x2a, 0x0e, 0xb2, 0x40, 0xea, 0x00, 0x65, 0x0d, 0xb2, 0x40, 0xea, 0x90, 0x67, 0x07,
  0x97, 0x06, 0x91, 0x05, 0x90, 0x00, 0xef, 0x04, 0x63, 0x14, 0xf8, 0x12, 0x80, 0xb1, 0x37, 0x11,
  0x80, 0x1c, 0x2a, 0x12, 0x80, 0xe1, 0xa2, 0x00, 0x80, 0xf1, 0xa2, 0x00, 0x80, 0x11, 0xf8, 0x12,
  0x80, 0x11, 0xaa, 0x08, 0x80, 0xa4, 0xd7, 0x12, 0x80, 0xe9, 0x2c, 0x11, 0x80, 0x4d, 0x3c, 0x02,
  0x80, 0xfc, 0x63, 0x07, 0x62, 0x06, 0xd1, 0x05, 0xd0, 0x44, 0xac, 0x24, 0x67, 0x80, 0xf4, 0x00,
  0x72, 0x04, 0x60, 0x80, 0xf4, 0x09, 0x72, 0x55, 0x60, 0x8d, 0x10, 0x60, 0x9c, 0xa0, 0xf2, 0x1c,
  0x68, 0x8b, 0xab, 0x44, 0xa3, 0xa5, 0xa3, 0x18, 0xec, 0x4f, 0xb3, 0x46, 0x32, 0x13, 0x72, 0x12,
  0xe8, 0x61, 0xe0, 0x05, 0x60, 0x18, 0x72, 0x0f, 0x60, 0x03, 0x72, 0x26, 0x60, 0x7b, 0x10, 0x54,
  0x98, 0x61, 0x42, 0x78, 0x23, 0x49, 0xb3, 0x01, 0x6c, 0x80, 0xc3, 0x49, 0xb3, 0x40, 0xdb, 0x01,
  0x6a, 0x4b, 0xea, 0x54, 0xd8, 0x6f, 0x10, 0x47, 0xb2, 0x50, 0xa2, 0x6c, 0x22, 0xa0, 0xf0, 0x52,
  0xa0, 0x0f, 0x72, 0x68, 0x61, 0xc0, 0xf0, 0x50, 0xa0, 0x01, 0x72, 0x64, 0x61, 0x80, 0xf0, 0x54,
  0xa8, 0x6d, 0x5a, 0x60, 0x61, 0x40, 0xb2, 0x40, 0xea, 0x00, 0x65, 0x5c, 0x2a, 0xc0, 0xf0, 0x97,
  0xa0, 0xc0, 0xf0, 0xac, 0xa0, 0x3d, 0xb2, 0x54, 0x10, 0x13, 0x75, 0x54, 0x61, 0x54, 0x98, 0x61,
  0x42, 0x08, 0x23, 0x36, 0xb3, 0x01, 0x6d, 0xa0, 0xc3, 0x35, 0xb3, 0x40, 0xdb, 0x01, 0x6a, 0x4b,
  0xea, 0x54, 0xd8, 0xa0, 0xf2, 0x1c, 0x6a, 0x58, 0xec, 0x2f, 0xb2, 0x12, 0xec, 0x91, 0xe2, 0xc0,
  0xf0, 0x4f, 0xa4, 0x40, 0x22, 0xa0, 0xf0, 0x52, 0xa0, 0x0e, 0x72, 0x2a, 0x60, 0x0a, 0x72, 0x3a,
  0x61, 0x27, 0x10, 0x40, 0x9c, 0x64, 0xa2, 0x85, 0xa2, 0x4b, 0xaa, 0x66, 0x33, 0x03, 0x73, 0x04,
  0x60, 0x3c, 0x6a, 0x4e, 0xeb, 0x21, 0x23, 0x2e, 0x10, 0x13, 0x74, 0x2c, 0x61, 0xa0, 0xf2, 0x1c,
  0x6b, 0x78, 0xea, 0x21, 0xb4, 0x12, 0xeb, 0x8d, 0xe3, 0x94, 0x9b, 0xa1, 0x44, 0x08, 0x25, 0x1f,
  0xb5, 0x01, 0x6e, 0xc0, 0xc5, 0x1e, 0xb5, 0x80, 0xdd, 0x01, 0x6c, 0x8b, 0xec, 0x94, 0xdb, 0xa0,
  0xf2, 0x1c, 0x6b, 0x78, 0xea, 0x18, 0xb3, 0x12, 0xea, 0x49, 0xe3, 0xc0, 0xf0, 0x4f, 0xa2, 0x12,
  0x22, 0x1b, 0xb2, 0x40, 0xea, 0x00, 0x6c, 0x0e, 0x10, 0x16, 0xb2, 0x40, 0xf0, 0x82, 0xa2, 0x0a,
  0x24, 0x40, 0xf0, 0x62, 0xc2, 0x17, 0xb5, 0x01, 0x6b, 0x6b, 0xeb, 0x6e, 0xca, 0x27, 0x6c, 0x16,
  0xb2, 0x40, 0xea, 0x00, 0x65, 0x15, 0xb2, 0x40, 0xea, 0x91, 0x67, 0x0c, 0xb2, 0x40, 0xa2, 0x0c,
  0x22, 0x44, 0xa9, 0x80, 0xf4, 0x09, 0x72, 0x03, 0x60, 0x80, 0xf4, 0x00, 0x72, 0x05, 0x61, 0x40,
  0x99, 0x8b, 0xaa, 0x0f, 0xb2, 0x40, 0xea, 0x00, 0x65, 0x07, 0x97, 0x06, 0x91, 0x05, 0x90, 0x00,
  0xef, 0x04, 0x63, 0x00, 0x65, 0x50, 0x1c, 0x13, 0x80, 0x01, 0xf8, 0x12, 0x80, 0x04, 0xf8, 0x12,
  0x80, 0xa4, 0xd7, 0x12, 0x80, 0x39, 0x1f, 0x11, 0x80, 0x69, 0xa9, 0x01, 0x80, 0xb1, 0x37, 0x11,
  0x80, 0x00, 0x00, 0x20, 0x00, 0x61, 0xf7, 0x00, 0x80, 0xd5, 0x34, 0x08, 0x80, 0x5d, 0x21, 0x11,
  0x80, 0xfb, 0x63, 0x09, 0x62, 0x08, 0xd1, 0x07, 0xd0, 0x18, 0xb3, 0x19, 0xb2, 0x43, 0xeb, 0x26,
  0x61, 0x18, 0xb2, 0x80, 0x9a, 0x18, 0xb3, 0x8e, 0xeb, 0x21, 0x2b, 0x02, 0xaa, 0x17, 0xb5, 0x1d,
  0x10, 0x42, 0x45, 0x17, 0xb4, 0x43, 0xec, 0x1a, 0x61, 0xc0, 0xa2, 0xff, 0xf7, 0x1f, 0x6f, 0x43,
  0x46, 0x43, 0xe8, 0x14, 0x61, 0x45, 0xe5, 0x23, 0xec, 0x11, 0x61, 0x81, 0xa5, 0x60, 0xa5, 0x80,
  0x34, 0x6d, 0xec, 0xec, 0xec, 0x20, 0xf4, 0x01, 0x5c, 0x09, 0x60, 0x43, 0xe0, 0x0d, 0xb2, 0x91,
  0xe2, 0x03, 0x4d, 0x0d, 0xb2, 0x40, 0xea, 0xec, 0xe8, 0xb1, 0x67, 0xe2, 0x28, 0x09, 0x97, 0x08,
  0x91, 0x07, 0x90, 0x00, 0xef, 0x05, 0x63, 0x00, 0x65, 0x50, 0xbb, 0x11, 0x80, 0x7c, 0x49, 0x11,
  0x80, 0x80, 0x49, 0x11, 0x80, 0x55, 0xab, 0x23, 0x87, 0x86, 0x49, 0x11, 0x80, 0x5f, 0xbb, 0x11,
  0x80, 0xa8, 0x00, 0x12, 0x80, 0x55, 0xf1, 0x00, 0x80, 0xfd, 0x63, 0x05, 0x62, 0x09, 0xb2, 0x0a,
  0xb3, 0x72, 0xda, 0x0a, 0xb3, 0x60, 0xda, 0x0a, 0xb3, 0x6f, 0xda, 0x0a, 0xb3, 0x66, 0xda, 0x0a,
  0xb3, 0x6c, 0xda, 0x0a, 0xb2, 0x40, 0xea, 0x00, 0x65, 0x05, 0x97, 0x00, 0xef, 0x03, 0x63, 0x00,
  0x65, 0xc0, 0xce, 0x12, 0x80, 0xd1, 0x25, 0x11, 0x80, 0xbd, 0x1f, 0x11, 0x80, 0x59, 0x24, 0x11,
  0x80, 0xe1, 0x23, 0x11, 0x80, 0xf5, 0x24, 0x11, 0x80, 0x21, 0x36, 0x11, 0x80, 0x30, 0xb3, 0xa1,
  0xa4, 0x20, 0xf0, 0x7c, 0xa3, 0x00, 0x6a, 0xae, 0xeb, 0x01, 0x23, 0x01, 0x6a, 0x01, 0x6b, 0x4c,
  0xeb, 0x2b, 0xb2, 0xc2, 0xa4, 0x20, 0xf0, 0x5d, 0xa2, 0x00, 0x6d, 0xce, 0xea, 0x01, 0x22, 0x01,
  0x6d, 0x01, 0x6a, 0xac, 0xea, 0x44, 0x32, 0x6d, 0xea, 0x25, 0xb3, 0xc0, 0xa4, 0x20, 0xf0, 0x7e,
  0xa3, 0x00, 0x6d, 0xce, 0xeb, 0x01, 0x23, 0x01, 0x6d, 0x01, 0x6b, 0x6c, 0xed, 0xc4, 0xa4, 0xac,
  0x35, 0x4d, 0xed, 0x1f, 0xb2, 0xcc, 0xeb, 0x40, 0xf0, 0x45, 0xa2, 0xca, 0xa4, 0x70, 0x33, 0x6d,
  0xed, 0xce, 0xea, 0x00, 0x6b, 0x01, 0x22, 0x01, 0x6b, 0x01, 0x6a, 0x4c, 0xeb, 0xc8, 0xa4, 0x74,
  0x33, 0xad, 0xeb, 0xa5, 0xa4, 0x4c, 0xee, 0xc0, 0x36, 0x4e, 0xed, 0xc4, 0x36, 0x01, 0x5d, 0xcd,
  0xeb, 0xc6, 0xa4, 0xb8, 0x67, 0x4c, 0xed, 0xb8, 0x35, 0x01, 0x76, 0xd8, 0x67, 0xad, 0xeb, 0x10,
  0xb5, 0x01, 0x5e, 0x40, 0xf0, 0xa3, 0xa5, 0xc7, 0xa4, 0xf8, 0x67, 0xec, 0xea, 0x5c, 0x32, 0xce,
  0xed, 0x4d, 0xeb, 0x00, 0x6a, 0x01, 0x25, 0x01, 0x6a, 0x01, 0x6d, 0x4c, 0xed, 0x08, 0xb2, 0x89,
  0xa4, 0x40, 0xf0, 0x44, 0xa2, 0xa0, 0x35, 0x6d, 0xed, 0x8e, 0xea, 0x00, 0x6b, 0x01, 0x22, 0x01,
  0x6b, 0x01, 0x6a, 0x6c, 0xea, 0x40, 0x32, 0x48, 0x32, 0x20, 0xe8, 0xad, 0xea, 0xa4, 0xd7, 0x12,
  0x80, 0x07, 0xb2, 0x08, 0xb3, 0x60, 0xda, 0x08, 0xb3, 0x61, 0xda, 0x08, 0xb3, 0x62, 0xda, 0x08,
  0xb3, 0x63, 0xda, 0x08, 0xb3, 0x64, 0xda, 0x08, 0xb3, 0x20, 0xe8, 0x65, 0xda, 0x44, 0x0f, 0x12,
  0x80, 0x51, 0x38, 0x11, 0x80, 0xdd, 0x37, 0x11, 0x80, 0x29, 0x29, 0x11, 0x80, 0x61, 0x35, 0x11,
  0x80, 0x3d, 0x29, 0x11, 0x80, 0xdd, 0x29, 0x11, 0x80, 0x04, 0xb3, 0x81, 0x8b, 0x44, 0x67, 0x01,
  0x2c, 0x40, 0xa3, 0xff, 0x6b, 0x20, 0xe8, 0x6c, 0xea, 0x0c, 0xf8, 0x12, 0x80, 0x25, 0xb2, 0x4f,
  0xa2, 0x00, 0x6b, 0x28, 0x22, 0x00, 0x6b, 0x43, 0x67, 0x23, 0xb4, 0x75, 0xe4, 0x80, 0xf1, 0xd1,
  0xa5, 0xff, 0x76, 0x11, 0x60, 0xa0, 0xf1, 0xc9, 0xa5, 0x05, 0x6d, 0xb8, 0xee, 0xd0, 0xf0, 0xc8,
  0x43, 0xc4, 0x36, 0xd1, 0xe4, 0x80, 0xac, 0x12, 0xed, 0x82, 0xed, 0x02, 0x6c, 0x01, 0x60, 0x01,
  0x6c, 0x8d, 0xea, 0x03, 0x72, 0x06, 0x60, 0x01, 0x4b, 0xff, 0x6c, 0x8c, 0xeb, 0x06, 0x5b, 0xe4,
  0x61, 0x03, 0x22, 0x14, 0xb3, 0x40, 0xf0, 0x40, 0xc3, 0x12, 0xb2, 0x40, 0xf0, 0x40, 0xa2, 0x03,
  0x6b, 0x4c, 0xeb, 0x70, 0x33, 0x11, 0xb4, 0x42, 0xa4, 0x04, 0x5a, 0x01, 0x61, 0x03, 0x6a, 0x0d,
  0xb5, 0x3f, 0x6c, 0x40, 0xf0, 0xc2, 0xa5, 0x58, 0x32, 0x6c, 0xec, 0x4d, 0xec, 0x40, 0xf0, 0x44,
  0xa5, 0x01, 0x6b, 0x40, 0xf0, 0xa3, 0xa5, 0x6c, 0xee, 0xc4, 0x36, 0x6c, 0xea, 0x48, 0x32, 0xcd,
  0xec, 0xac, 0xeb, 0x6c, 0x33, 0x4d, 0xec, 0x6d, 0xec, 0xff, 0x6a, 0x20, 0xe8, 0x8c, 0xea, 0x00,
  0x65, 0xa4, 0xd7, 0x12, 0x80, 0xcc, 0x69, 0x12, 0x80, 0x40, 0xf8, 0x12, 0x80, 0x08, 0xb2, 0x69,
  0xa2, 0x08, 0xb5, 0xd0, 0xa5, 0x7c, 0x33, 0x7f, 0x6c, 0x43, 0x67, 0x8d, 0xea, 0x03, 0x26, 0x51,
  0xa5, 0x8c, 0xea, 0x6d, 0xea, 0xff, 0x6b, 0x20, 0xe8, 0x6c, 0xea, 0x00, 0x65, 0x40, 0xf8, 0x12,
  0x80, 0xa4, 0xd7, 0x12, 0x80, 0x20, 0xe8, 0x00, 0x6a, 0xff, 0xf7, 0x1f, 0x6a, 0x8c, 0xea, 0x04,
  0x2a, 0x01, 0x6b, 0x05, 0xb2, 0x20, 0xe8, 0x71, 0xca, 0x07, 0x5a, 0x03, 0xb3, 0x01, 0x61, 0x06,
  0x6a, 0x20, 0xe8, 0x51, 0xcb, 0x1c, 0xf8, 0x12, 0x80, 0x02, 0xb2, 0x20, 0xe8, 0x51, 0xaa, 0x00,
  0x65, 0x1c, 0xf8, 0x12, 0x80, 0xff, 0x6a, 0x4c, 0xec, 0x06, 0x6b, 0x78, 0xec, 0x05, 0xb3, 0x12,
  0xec, 0x91, 0xe3, 0x44, 0xcc, 0x01, 0x6a, 0x4b, 0xea, 0x45, 0xcc, 0x00, 0x6a, 0x20, 0xe8, 0x4c,
  0xc4, 0x1c, 0xf8, 0x12, 0x80, 0x0a, 0xb2, 0x53, 0xa2, 0x03, 0x22, 0xef, 0xf7, 0x1a, 0x6a, 0x01,
  0x10, 0x40, 0xac, 0x08, 0xb3, 0x68, 0xa3, 0x02, 0x5b, 0x04, 0x61, 0xff, 0xf7, 0x15, 0x6b, 0x4c,
  0xeb, 0x02, 0x10, 0x0a, 0x6b, 0x4d, 0xeb, 0x60, 0xcd, 0x20, 0xe8, 0x00, 0x6a, 0xa4, 0xd7, 0x12,
  0x80, 0x40, 0xf8, 0x12, 0x80, 0xff, 0xf7, 0x1f, 0x6a, 0xac, 0xea, 0xa0, 0xf2, 0x1c, 0x6b, 0x78,
  0xea, 0x0a, 0xb3, 0x12, 0xea, 0x49, 0xe3, 0xa0, 0xf0, 0x57, 0xa2, 0x02, 0x72, 0x00, 0x6a, 0x09,
  0x61, 0x60, 0xac, 0xfb, 0xf5, 0x1b, 0x4a, 0x6c, 0xea, 0x02, 0xf1, 0x02, 0x6b, 0x6d, 0xea, 0x40,
  0xcc, 0x01, 0x6a, 0x20, 0xe8, 0x00, 0x65, 0x00, 0x65, 0x50, 0x1c, 0x13, 0x80, 0xfb, 0x63, 0x09,
  0x62, 0x08, 0xd1, 0x07, 0xd0, 0x26, 0xb2, 0x50, 0xa2, 0x26, 0x22, 0x26, 0xb2, 0x48, 0xa2, 0x01,
  0x72, 0x22, 0x61, 0x25, 0xb3, 0x86, 0xa3, 0x01, 0x6a, 0x3b, 0x2c, 0x24, 0xb2, 0xff, 0xf7, 0x1f,
  0x68, 0x23, 0xb1, 0xa0, 0xaa, 0x00, 0xf4, 0x00, 0x6a, 0x00, 0xf1, 0x1c, 0x4c, 0x0c, 0xed, 0x4d,
  0xed, 0x40, 0x99, 0x0c, 0xed, 0x40, 0xea, 0x04, 0xd3, 0x1e, 0xb2, 0xff, 0x6c, 0x21, 0x4c, 0xa0,
  0xaa, 0x80, 0x6a, 0x0c, 0xed, 0x4d, 0xed, 0x40, 0x99, 0x40, 0xea, 0x0c, 0xed, 0x04, 0x93, 0x01,
  0x6a, 0x46, 0xc3, 0x01, 0x6a, 0x1d, 0x10, 0x14, 0xb3, 0x26, 0xa3, 0x01, 0x6a, 0x4e, 0xe9, 0x00,
  0x6a, 0x17, 0x29, 0x12, 0xb2, 0x12, 0xb0, 0xff, 0xf3, 0x1f, 0x6e, 0xa0, 0xaa, 0x40, 0x98, 0xff,
  0x6c, 0xcc, 0xed, 0x04, 0xd3, 0x40, 0xea, 0x1d, 0x4c, 0x0e, 0xb2, 0x7f, 0xf7, 0x1f, 0x6e, 0xff,
  0x6c, 0xa0, 0xaa, 0x40, 0x98, 0x21, 0x4c, 0x40, 0xea, 0xcc, 0xed, 0x04, 0x93, 0x00, 0x6a, 0x26,
  0xc3, 0x09, 0x97, 0x08, 0x91, 0x07, 0x90, 0x00, 0xef, 0x05, 0x63, 0x00, 0x65, 0xa4, 0xd7, 0x12,
  0x80, 0x40, 0xf8, 0x12, 0x80, 0x1c, 0xf8, 0x12, 0x80, 0x1c, 0x01, 0x00, 0xb6, 0xe4, 0x04, 0x12,
  0x80, 0x20, 0x01, 0x00, 0xb6, 0x20, 0xe8, 0x00, 0x65, 0x60, 0x9c, 0x09, 0xb2, 0x6c, 0xea, 0x09,
  0xb3, 0x6c, 0xea, 0x09, 0xb3, 0x04, 0x22, 0x81, 0xa3, 0x02, 0x6a, 0x8d, 0xea, 0x04, 0x10, 0x81,
  0xa3, 0x03, 0x6a, 0x4b, 0xea, 0x8c, 0xea, 0x20, 0xe8, 0x41, 0xc3, 0x00, 0x65, 0xff, 0xff, 0xff,
  0x7f, 0x00, 0x00, 0x80, 0x00, 0x18, 0x33, 0x12, 0x80, 0xef, 0xf7, 0x1f, 0x6b, 0x00, 0x6a, 0xa0,
  0xf2, 0x1c, 0x6c, 0x98, 0xea, 0x2b, 0xb5, 0x12, 0xec, 0x91, 0xe5, 0xc0, 0xf0, 0xaf, 0xa4, 0x01,
  0x75, 0x11, 0x61, 0x80, 0xf0, 0x88, 0x8c, 0x62, 0xec, 0x01, 0x60, 0x64, 0x67, 0x10, 0x6c, 0x9a,
  0xeb, 0x01, 0x2c, 0xe5, 0xe8, 0x24, 0xb4, 0xa6, 0xac, 0x12, 0xeb, 0xad, 0xe3, 0x60, 0x33, 0x60,
  0x33, 0x63, 0x33, 0x63, 0x33, 0x01, 0x4a, 0xff, 0x6c, 0x8c, 0xea, 0x0a, 0x5a, 0xe0, 0x61, 0x00,
  0x6a, 0x1e, 0xb4, 0xc0, 0xf1, 0x92, 0xac, 0x01, 0x6d, 0x87, 0xea, 0xac, 0xec, 0x17, 0x24, 0xc0,
  0xf1, 0x18, 0x6c, 0x98, 0xea, 0x1a, 0xb5, 0x12, 0xec, 0xb1, 0xe4, 0x60, 0xf0, 0x90, 0x8c, 0x62,
  0xec, 0x01, 0x60, 0x64, 0x67, 0x10, 0x6c, 0x9a, 0xeb, 0x01, 0x2c, 0xe5, 0xe8, 0x12, 0xb4, 0xa6,
  0xac, 0x12, 0xeb, 0xad, 0xe3, 0x60, 0x33, 0x60, 0x33, 0x63, 0x33, 0x63, 0x33, 0x01, 0x4a, 0xff,
  0x6c, 0x8c, 0xea, 0x0b, 0x5a, 0xdd, 0x61, 0xff, 0x73, 0x0e, 0xb2, 0x8c, 0xeb, 0x01, 0x61, 0x60,
  0xaa, 0x61, 0xca, 0x0c, 0xb3, 0x81, 0x8b, 0xa0, 0x8b, 0xb7, 0xe4, 0xc0, 0xf7, 0xa3, 0x32, 0x4e,
  0xed, 0x4b, 0xe5, 0x06, 0x52, 0x00, 0x6a, 0x02, 0x61, 0x80, 0xcb, 0x01, 0x6a, 0x20, 0xe8, 0x00,
  0x65, 0x50, 0x1c, 0x13, 0x80, 0xc8, 0x65, 0x12, 0x80, 0x48, 0x3c, 0x12, 0x80, 0x48, 0x3e, 0x12,
  0x80, 0x0c, 0xf8, 0x12, 0x80, 0xfc, 0x63, 0x07, 0x62, 0x00, 0x6b, 0xff, 0x6a, 0x8c, 0xea, 0x05,
  0xd3, 0x9d, 0x67, 0x39, 0x6b, 0x70, 0xc4, 0x02, 0x6b, 0x71, 0xc4, 0x49, 0xcc, 0x05, 0xb2, 0x04,
  0x95, 0x40, 0x9a, 0x02, 0x6c, 0x40, 0xea, 0x00, 0x6e, 0x07, 0x97, 0x00, 0xef, 0x04, 0x63, 0x00,
  0x65, 0x78, 0x00, 0x12, 0x80, 0xfd, 0x63, 0x05, 0x62, 0x0d, 0xb2, 0x40, 0x9a, 0x00, 0x6b, 0x0d,
  0x10, 0xa0, 0xaa, 0xe1, 0xf7, 0x1f, 0x6c, 0xac, 0xec, 0x0a, 0xb5, 0xa5, 0xad, 0xae, 0xec, 0x03,
  0x2c, 0x01, 0x4b, 0xff, 0x6c, 0x8c, 0xeb, 0x00, 0xf4, 0x48, 0x9a, 0xf2, 0x2a, 0x04, 0x2b, 0x06,
  0xb2, 0x40, 0xea, 0x01, 0x6c, 0x01, 0x6a, 0x05, 0x97, 0x00, 0xef, 0x03, 0x63, 0x60, 0x10, 0x12,
  0x80, 0xa4, 0xd7, 0x12, 0x80, 0x75, 0x2c, 0x11, 0x80, 0xfd, 0x63, 0x05, 0x62, 0x0f, 0xb2, 0x40,
  0x9a, 0x40, 0xea, 0x00, 0x65, 0x0e, 0xb3, 0x13, 0x22, 0x40, 0xa3, 0x0a, 0x5a, 0x01, 0x4a, 0x0f,
  0x61, 0x0c, 0xb2, 0x40, 0xea, 0x00, 0x65, 0x01, 0x72, 0x0b, 0x61, 0x00, 0xf2, 0x00, 0x6c, 0x0a,
  0xb2, 0x40, 0xea, 0x00, 0x65, 0x05, 0x22, 0x09, 0xb2, 0x40, 0xea, 0x00, 0x65, 0x01, 0x10, 0x40,
  0xc3, 0x05, 0x97, 0x00, 0xef, 0x03, 0x63, 0x00, 0x65, 0xd4, 0x04, 0x12, 0x80, 0x10, 0xf8, 0x12,
  0x80, 0xa5, 0x2c, 0x11, 0x80, 0x65, 0x35, 0x01, 0x80, 0xbd, 0x2a, 0x11, 0x80, 0xfd, 0x63, 0x05,
  0x62, 0x68, 0xac, 0xff, 0x73, 0x28, 0x60, 0x17, 0xb2, 0xb0, 0xa2, 0x25, 0x25, 0xa0, 0xf2, 0x1c,
  0x6d, 0xb8, 0xeb, 0x15, 0xb5, 0x12, 0xeb, 0x6d, 0xe5, 0xa5, 0xaa, 0x40, 0xf2, 0x54, 0xab, 0xae,
  0xea, 0x1a, 0x2a, 0x4a, 0xa4, 0x11, 0xb3, 0x4c, 0x32, 0x49, 0xe3, 0x40, 0xa2, 0x04, 0x22, 0x63,
  0xa4, 0x04, 0x6a, 0x6c, 0xea, 0x10, 0x2a, 0x0e, 0xb2, 0x40, 0xa2, 0x0a, 0x5a, 0x0c, 0x61, 0x0d,
  0xb2, 0x40, 0xea, 0x02, 0x6c, 0x00, 0xf2, 0x00, 0x6c, 0x0b, 0xb2, 0x40, 0xea, 0x00, 0x65, 0x03,
  0x22, 0x0a, 0xb2, 0x40, 0xea, 0x00, 0x65, 0x05, 0x97, 0x00, 0x6a, 0x00, 0xef, 0x03, 0x63, 0x00,
  0x65, 0xa4, 0xd7, 0x12, 0x80, 0x50, 0x1c, 0x13, 0x80, 0x44, 0x33, 0x12, 0x80, 0x10, 0xf8, 0x12,
  0x80, 0x75, 0x2c, 0x11, 0x80, 0x65, 0x35, 0x01, 0x80, 0xbd, 0x2a, 0x11, 0x80, 0xfc, 0x63, 0x07,
  0x62, 0x06, 0xd1, 0x05, 0xd0, 0x09, 0xb2, 0x20, 0xa2, 0x09, 0xb0, 0x05, 0x29, 0x09, 0xb2, 0x40,
  0xea, 0x02, 0x6c, 0x20, 0xc0, 0x02, 0x22, 0x01, 0x6a, 0x40, 0xc0, 0x05, 0xb2, 0x40, 0xa2, 0x07,
  0x97, 0x06, 0x91, 0x05, 0x90, 0x00, 0xef, 0x04, 0x63, 0x37, 0x0f, 0x12, 0x80, 0x88, 0x00, 0x12,
  0x80, 0x65, 0x35, 0x01, 0x80, 0xfc, 0x63, 0x07, 0x62, 0x06, 0xd1, 0x05, 0xd0, 0x08, 0xb0, 0x24,
  0x67, 0x40, 0xe8, 0x02, 0x6c, 0x06, 0x22, 0x40, 0xe8, 0x01, 0x6c, 0x03, 0x22, 0x05, 0xb2, 0x40,
  0xea, 0x91, 0x67, 0x07, 0x97, 0x06, 0x91, 0x05, 0x90, 0x00, 0xef, 0x04, 0x63, 0x65, 0x35, 0x01,
  0x80, 0xf9, 0xfd, 0x00, 0x80, 0xf9, 0x63, 0x0d, 0x62, 0x0c, 0xd1, 0x0b, 0xd0, 0x40, 0x9c, 0x00,
  0xf2, 0x02, 0x6b, 0x21, 0xb0, 0x6c, 0xea, 0x6a, 0xea, 0x10, 0x61, 0xff, 0x6a, 0x41, 0xc8, 0x1f,
  0xb2, 0x40, 0xea, 0x00, 0x65, 0x01, 0x72, 0x01, 0x6a, 0x05, 0x60, 0x1d, 0xb2, 0x6e, 0xa2, 0x00,
  0x6a, 0x2c, 0x23, 0x02, 0x6a, 0x41, 0xc8, 0x01, 0x6a, 0x28, 0x10, 0x1a, 0xb3, 0x00, 0x6a, 0x41,
  0xc8, 0x42, 0xc8, 0xa0, 0xab, 0x18, 0xb1, 0x60, 0x99, 0xff, 0xf3, 0x1f, 0x6e, 0xff, 0x6c, 0xcc,
  0xed, 0x08, 0xd2, 0x40, 0xeb, 0x1d, 0x4c, 0x15, 0xb3, 0x7f, 0xf7, 0x1f, 0x6e, 0xff, 0x6c, 0xa0,
  0xab, 0x60, 0x99, 0x21, 0x4c, 0x40, 0xeb, 0xcc, 0xed, 0x08, 0x92, 0x05, 0x6c, 0x46, 0xc0, 0x01,
  0x6a, 0x04, 0xd2, 0x0f, 0xb2, 0x05, 0xd2, 0x41, 0xa8, 0xe1, 0xf3, 0x11, 0x6e, 0x05, 0xf7, 0x1c,
  0x6f, 0x06, 0xd2, 0x0c, 0xb2, 0x40, 0xea, 0xfe, 0x6d, 0x00, 0x6a, 0x0d, 0x97, 0x0c, 0x91, 0x0b,
  0x90, 0x00, 0xef, 0x07, 0x63, 0x1c, 0xf8, 0x12, 0x80, 0xbd, 0x2a, 0x11, 0x80, 0xa4, 0xd7, 0x12,
  0x80, 0x1c, 0x01, 0x00, 0xb6, 0xe4, 0x04, 0x12, 0x80, 0x20, 0x01, 0x00, 0xb6, 0x6c, 0x49, 0x11,
  0x80, 0x31, 0x70, 0x08, 0x80, 0xfb, 0x63, 0x09, 0x62, 0x01, 0x6a, 0x04, 0xd2, 0x08, 0xb2, 0x05,
  0xd2, 0x40, 0xac, 0xfe, 0x6d, 0x06, 0xd2, 0x61, 0xf3, 0x09, 0x6e, 0x68, 0xf6, 0x12, 0x6f, 0x05,
  0xb2, 0x40, 0xea, 0x04, 0x6c, 0x09, 0x97, 0x00, 0x6a, 0x00, 0xef, 0x05, 0x63, 0x6c, 0x49, 0x11,
  0x80, 0x31, 0x70, 0x08, 0x80, 0xfb, 0x63, 0x09, 0x62, 0x08, 0xd0, 0xff, 0x68, 0x06, 0x6a, 0x8c,
  0xe8, 0x58, 0xe8, 0x24, 0xb3, 0x00, 0xf6, 0xa0, 0x35, 0x00, 0xf6, 0xa3, 0x35, 0x12, 0xea, 0x49,
  0xe3, 0x45, 0xaa, 0xff, 0xf7, 0x1f, 0x72, 0x03, 0x61, 0x01, 0x6a, 0x4b, 0xea, 0x32, 0x10, 0x1e,
  0xb2, 0x00, 0xf1, 0x63, 0xa2, 0x00, 0xf1, 0x82, 0xa2, 0x60, 0x33, 0x8d, 0xeb, 0x60, 0x33, 0x60,
  0x33, 0x63, 0x33, 0x63, 0x33, 0x6d, 0xe5, 0xbf, 0xf7, 0x06, 0x53, 0x0d, 0x61, 0x00, 0xf1, 0x64,
  0xa2, 0x00, 0xf1, 0x45, 0xa2, 0x40, 0x32, 0x6d, 0xea, 0x40, 0x32, 0x40, 0x32, 0x43, 0x32, 0x43,
  0x32, 0x49, 0xe5, 0x0b, 0x52, 0x0f, 0x61, 0x01, 0x6a, 0x04, 0xd2, 0x10, 0xb2, 0x05, 0xd2, 0x00,
  0x6a, 0x06, 0xd2, 0xfe, 0x6d, 0x81, 0xf1, 0x1e, 0x6e, 0x68, 0xf6, 0x1c, 0x6f, 0x0c, 0xb2, 0x40,
  0xea, 0x02, 0x6c, 0x00, 0x6d, 0x06, 0x6a, 0x58, 0xe8, 0x06, 0xb2, 0x12, 0xe8, 0x01, 0xe2, 0xac,
  0xc0, 0x00, 0x6a, 0x09, 0x97, 0x08, 0x90, 0xff, 0x6b, 0x6c, 0xea, 0x00, 0xef, 0x05, 0x63, 0x00,
  0x65, 0x1c, 0xf8, 0x12, 0x80, 0xa8, 0x00, 0x12, 0x80, 0x6c, 0x49, 0x11, 0x80, 0x31, 0x70, 0x08,
  0x80, 0xfd, 0x63, 0x05, 0x62, 0xff, 0x6a, 0x8c, 0xea, 0x00, 0xf6, 0xa0, 0x35, 0x04, 0x5a, 0x00,
  0xf6, 0xa3, 0x35, 0x09, 0x60, 0x06, 0xb3, 0x4d, 0xe3, 0x60, 0xa3, 0x01, 0x73, 0x04, 0x61, 0x82,
  0x67, 0x04, 0xb2, 0x40, 0xea, 0x00, 0x65, 0x05, 0x97, 0x00, 0xef, 0x03, 0x63, 0x70, 0x49, 0x11,
  0x80, 0x05, 0x2f, 0x11, 0x80, 0xf9, 0x63, 0x0d, 0x62, 0x0c, 0xd1, 0x0b, 0xd0, 0x1a, 0xb3, 0x50,
  0xab, 0xff, 0xf7, 0x1f, 0x69, 0x04, 0x67, 0x2c, 0xe8, 0x0e, 0xea, 0x26, 0x22, 0x17, 0xb2, 0x40,
  0x9a, 0x00, 0x6c, 0x08, 0xd3, 0x45, 0x6d, 0x40, 0xea, 0x01, 0x6e, 0xc0, 0xf1, 0x01, 0x6f, 0xeb,
  0xef, 0x4c, 0xef, 0xc0, 0xf1, 0x00, 0x6c, 0x18, 0x32, 0x8c, 0xea, 0x4d, 0xef, 0x10, 0xb2, 0x40,
  0x9a, 0x00, 0x6c, 0x45, 0x6d, 0x01, 0x6e, 0x40, 0xea, 0x2c, 0xef, 0x08, 0x93, 0x01, 0x6a, 0x04,
  0x6c, 0x10, 0xcb, 0x04, 0xd2, 0x0b, 0xb2, 0x05, 0xd2, 0x06, 0xd0, 0x41, 0xf1, 0x0b, 0x6e, 0x68,
  0xf6, 0x19, 0x6f, 0x09, 0xb2, 0x40, 0xea, 0xfe, 0x6d, 0x0d, 0x97, 0x0c, 0x91, 0x0b, 0x90, 0x00,
  0xef, 0x07, 0x63, 0x00, 0x65, 0x1c, 0xf8, 0x12, 0x80, 0xe0, 0x06, 0x12, 0x80, 0xe4, 0x06, 0x12,
  0x80, 0x6c, 0x49, 0x11, 0x80, 0x31, 0x70, 0x08, 0x80, 0xfd, 0x63, 0x05, 0x62, 0x40, 0x9c, 0x10,
  0x6b, 0x07, 0x6c, 0x6c, 0xea, 0x02, 0x22, 0x05, 0xb2, 0x91, 0xaa, 0x05, 0xb2, 0x40, 0xea, 0x00,
  0x65, 0x05, 0x97, 0x00, 0xef, 0x03, 0x63, 0x00, 0x65, 0x1c, 0xf8, 0x12, 0x80, 0xe5, 0x2f, 0x11,
  0x80, 0xfb, 0x63, 0x09, 0x62, 0x11, 0xb2, 0x40, 0x9a, 0xa0, 0xf1, 0x06, 0x6c, 0x20, 0xf2, 0x00,
  0x6d, 0x40, 0xea, 0x00, 0x65, 0x0e, 0xb2, 0x00, 0xf1, 0x4b, 0xa2, 0x12, 0x2a, 0x0d, 0xb2, 0x05,
  0x6c, 0xfe, 0x6d, 0x60, 0xaa, 0xff, 0xf7, 0x1f, 0x6a, 0x00, 0xf6, 0x15, 0x6e, 0x6c, 0xea, 0x01,
  0x6b, 0x04, 0xd3, 0x09, 0xb3, 0x06, 0xd2, 0xa4, 0xf3, 0x0c, 0x6f, 0x08, 0xb2, 0x40, 0xea, 0x05,
  0xd3, 0x09, 0x97, 0x00, 0xef, 0x05, 0x63, 0x00, 0x65, 0xe4, 0x04, 0x12, 0x80, 0xe0, 0x34, 0x12,
  0x80, 0xfa, 0x00, 0x00, 0xb6, 0x6c, 0x49, 0x11, 0x80, 0x31, 0x70, 0x08, 0x80, 0xfc, 0x63, 0x07,
  0x62, 0x06, 0xd0, 0xff, 0xf7, 0x1f, 0x6a, 0x05, 0x67, 0x4c, 0xec, 0x4c, 0xe8, 0x08, 0xb2, 0x40,
  0xea, 0x04, 0x05, 0x00, 0x6b, 0x1b, 0x65, 0x04, 0x2a, 0x7d, 0x67, 0x48, 0xab, 0x4e, 0xe8, 0x01,
  0x58, 0x07, 0x97, 0x06, 0x90, 0x58, 0x67, 0x00, 0xef, 0x04, 0x63, 0x00, 0x65, 0xe1, 0x21, 0x07,
  0x80, 0xfb, 0x63, 0x09, 0x62, 0x08, 0xd1, 0x07, 0xd0, 0x16, 0xb3, 0x63, 0xab, 0x16, 0xb2, 0x00,
  0x68, 0x65, 0xca, 0x16, 0xb3, 0x84, 0xab, 0x88, 0xca, 0x85, 0xab, 0x8b, 0xca, 0x66, 0xab, 0x6e,
  0xca, 0x06, 0x69, 0x38, 0xe8, 0x10, 0xb2, 0x12, 0xe9, 0x25, 0xe2, 0x85, 0xa9, 0xff, 0xf7, 0x1f,
  0x6a, 0x8e, 0xea, 0x03, 0x2a, 0x4c, 0xc1, 0xff, 0x6a, 0x07, 0x10, 0x0d, 0xb2, 0x40, 0xea, 0x04,
  0x05, 0xff, 0x72, 0x03, 0x60, 0x7d, 0x67, 0x48, 0xab, 0x44, 0xc9, 0x01, 0x48, 0xff, 0x6a, 0x4c,
  0xe8, 0x04, 0x58, 0xe6, 0x61, 0x09, 0x97, 0x08, 0x91, 0x07, 0x90, 0x00, 0xef, 0x05, 0x63, 0x00,
  0x65, 0x40, 0xf8, 0x12, 0x80, 0x1c, 0xf8, 0x12, 0x80, 0xa4, 0xd7, 0x12, 0x80, 0xe1, 0x21, 0x07,
  0x80, 0xfa, 0x63, 0x0b, 0x62, 0x0a, 0xd1, 0x09, 0xd0, 0xff, 0xf7, 0x1f, 0x69, 0xc5, 0x67, 0x8c,
  0xe9, 0x00, 0x68, 0x06, 0x6b, 0x78, 0xe8, 0x12, 0xb2, 0x04, 0x05, 0x12, 0xeb, 0x6d, 0xe2, 0x85,
  0xab, 0x10, 0xb2, 0x07, 0xd3, 0x40, 0xea, 0x06, 0xd6, 0xff, 0x72, 0x07, 0x93, 0x06, 0x96, 0x08,
  0x60, 0x9d, 0x67, 0x48, 0xac, 0x2e, 0xea, 0x04, 0x2a, 0x4c, 0xa3, 0x40, 0xc6, 0x00, 0x6a, 0x07,
  0x10, 0x01, 0x48, 0xff, 0x6a, 0x4c, 0xe8, 0x04, 0x58, 0xe4, 0x61, 0x80, 0x4a, 0x80, 0x4a, 0x0b,
  0x97, 0x0a, 0x91, 0x09, 0x90, 0xff, 0x6b, 0x6c, 0xea, 0x00, 0xef, 0x06, 0x63, 0x1c, 0xf8, 0x12,
  0x80, 0xe1, 0x21, 0x07, 0x80, 0xf6, 0x63, 0x13, 0x62, 0x12, 0xd1, 0x11, 0xd0, 0x00, 0x6a, 0x0c,
  0xd2, 0x42, 0xa4, 0xff, 0x6b, 0x04, 0x67, 0xd6, 0x4a, 0x6c, 0xea, 0x0a, 0x5a, 0x11, 0x60, 0x04,
  0x0b, 0x44, 0x32, 0x49, 0xe3, 0x40, 0x8a, 0x4d, 0xe3, 0x00, 0xeb, 0x00, 0x65, 0x1f, 0x01, 0x29,
  0x01, 0x15, 0x00, 0x71, 0x01, 0x2f, 0x01, 0x15, 0x00, 0x4b, 0x00, 0x19, 0x00, 0x8d, 0x00, 0xa7,
  0x00, 0x00, 0x6a, 0xe1, 0x10, 0xff, 0x6a, 0x7d, 0x67, 0x54, 0xcb, 0x72, 0xb2, 0x85, 0xaa, 0x72,
  0xb2, 0x40, 0xea, 0x0a, 0x05, 0x0c, 0x2a, 0x9d, 0x67, 0x74, 0xac, 0xa0, 0xf2, 0x1c, 0x4a, 0x58,
  0xeb, 0x6e, 0xb3, 0x12, 0xea, 0x49, 0xe3, 0x60, 0xf0, 0x4e, 0xaa, 0x58, 0xcc, 0x71, 0x10, 0x00,
  0x6a, 0x7d, 0x67, 0x58, 0xcb, 0x6d, 0x10, 0x67, 0xb2, 0x85, 0xaa, 0x67, 0xb2, 0x40, 0xea, 0x0a,
  0x05, 0x00, 0x6b, 0xa0, 0xf0, 0x0c, 0x2a, 0x9d, 0x67, 0x74, 0xac, 0xa0, 0xf2, 0x1c, 0x4a, 0x58,
  0xeb, 0x62, 0xb3, 0x12, 0xea, 0x49, 0xe3, 0x60, 0xf0, 0x7c, 0xaa, 0x20, 0xf0, 0x70, 0xc4, 0x00,
  0xf1, 0x61, 0xa2, 0x20, 0xf0, 0x71, 0xc4, 0x00, 0xf1, 0x62, 0xa2, 0x20, 0xf0, 0x72, 0xc4, 0x00,
  0xf1, 0x43, 0xa2, 0x20, 0xf0, 0x53, 0xc4, 0x70, 0x10, 0x43, 0xa4, 0x04, 0x2a, 0x01, 0x6b, 0x58,
  0xb2, 0x71, 0xca, 0x05, 0x10, 0x07, 0x5a, 0x56, 0xb3, 0x01, 0x61, 0x06, 0x6a, 0x51, 0xcb, 0x00,
  0x6b, 0x86, 0x10, 0x43, 0x84, 0x0e, 0xd2, 0x64, 0xa4, 0x06, 0x6a, 0x51, 0xb4, 0x58, 0xeb, 0x12,
  0xea, 0x49, 0xe4, 0x25, 0xaa, 0xff, 0xf7, 0x1f, 0x71, 0x19, 0x60, 0x0f, 0xd3, 0x91, 0x67, 0x4a,
  0xb2, 0x40, 0xea, 0x0a, 0x05, 0xff, 0x72, 0x0f, 0x93, 0x11, 0x60, 0x5d, 0x67, 0x94, 0xaa, 0xa0,
  0xf2, 0x1c, 0x6a, 0x0e, 0x95, 0x58, 0xec, 0x45, 0xb4, 0x12, 0xea, 0x89, 0xe2, 0x83, 0x67, 0x45,
  0xb3, 0x40, 0xeb, 0x0f, 0xd2, 0x0f, 0x92, 0xc0, 0xf0, 0x7c, 0xa2, 0x01, 0x10, 0xff, 0x6b, 0x03,
  0x6a, 0x04, 0xd2, 0x41, 0xb2, 0x05, 0xd2, 0x0e, 0x92, 0x08, 0xd3, 0x01, 0x6c, 0x07, 0xd2, 0x0f,
  0xd3, 0x06, 0xd1, 0xa1, 0xf0, 0x0a, 0x6e, 0x68, 0xf6, 0x1b, 0x6f, 0x3c, 0xb2, 0x40, 0xea, 0xfe,
  0x6d, 0x0f, 0x93, 0x9d, 0x67, 0x20, 0xf0, 0x70, 0xc4, 0x27, 0x10, 0x42, 0xf6, 0x15, 0x6a, 0x0c,
  0xd2, 0x02, 0x6b, 0x45, 0x10, 0x36, 0xb2, 0x40, 0xaa, 0xfa, 0x17, 0x43, 0xa4, 0x02, 0x72, 0x0b,
  0x60, 0x04, 0x72, 0x12, 0x60, 0x01, 0x72, 0x04, 0x6b, 0x3a, 0x61, 0x32, 0xb2, 0x7c, 0xaa, 0xdd,
  0x67, 0x5b, 0xaa, 0x78, 0xce, 0x10, 0x10, 0x30, 0xb2, 0xa0, 0xf1, 0x68, 0xaa, 0xa0, 0xf1, 0x46,
  0xaa, 0x9d, 0x67, 0x78, 0xcc, 0x59, 0xcc, 0x08, 0x10, 0x2b, 0xb2, 0x40, 0xf0, 0x68, 0xaa, 0x40,
  0xf0, 0x46, 0xaa, 0xdd, 0x67, 0x78, 0xce, 0x59, 0xce, 0x04, 0x6b, 0x21, 0x10, 0x25, 0xb2, 0xdd,
  0x67, 0x20, 0xf0, 0xb0, 0xa6, 0x20, 0xf0, 0x94, 0xa2, 0x02, 0x6a, 0x01, 0x6b, 0x4b, 0xea, 0x6c,
  0xec, 0xac, 0xea, 0x8d, 0xea, 0x20, 0xb4, 0xa0, 0xf1, 0xa4, 0xa4, 0x40, 0xf0, 0x84, 0xa4, 0x03,
  0x6e, 0x6c, 0xed, 0xcb, 0xee, 0x8c, 0xeb, 0xa4, 0x35, 0xcc, 0xea, 0x05, 0x6c, 0xad, 0xea, 0x8b,
  0xec, 0x68, 0x33, 0x8c, 0xea, 0x6d, 0xea, 0x7d, 0x67, 0x20, 0xf0, 0x50, 0xc3, 0x01, 0x6b, 0x9d,
  0x67, 0x30, 0x6a, 0x20, 0xf0, 0x4c, 0xc4, 0x41, 0xa0, 0x70, 0x33, 0x20, 0xf0, 0x4d, 0xc4, 0x42,
  0xa0, 0x20, 0xf0, 0x6f, 0xc4, 0x0c, 0x96, 0x20, 0xf0, 0x4e, 0xc4, 0x10, 0xb2, 0x40, 0x9a, 0x0b,
  0x95, 0x40, 0xea, 0x02, 0x6c, 0x01, 0x6a, 0x13, 0x97, 0x12, 0x91, 0x11, 0x90, 0x00, 0xef, 0x0a,
  0x63, 0xa4, 0xd7, 0x12, 0x80, 0xe1, 0x21, 0x07, 0x80, 0x50, 0x1c, 0x13, 0x80, 0x1c, 0xf8, 0x12,
  0x80, 0xb1, 0x2f, 0x11, 0x80, 0x6c, 0x49, 0x11, 0x80, 0x31, 0x70, 0x08, 0x80, 0x74, 0x49, 0x11,
  0x80, 0xf4, 0xd7, 0x12, 0x80, 0x48, 0x3c, 0x12, 0x80, 0x78, 0x00, 0x12, 0x80, 0xfd, 0x63, 0x05,
  0x62, 0x03, 0xb2, 0x40, 0xea, 0x00, 0x6c, 0x05, 0x97, 0x00, 0xef, 0x03, 0x63, 0xd5, 0x36, 0x01,
  0x80, 0xfd, 0x63, 0x05, 0x62, 0x04, 0xd0, 0x09, 0xb2, 0x40, 0xea, 0xf0, 0x6c, 0x02, 0x67, 0x08,
  0xb2, 0x40, 0xea, 0x02, 0x6c, 0x0c, 0xea, 0x00, 0x6b, 0x01, 0x22, 0x01, 0x6b, 0x05, 0x97, 0x04,
  0x90, 0xff, 0x6a, 0x6c, 0xea, 0x00, 0xef, 0x03, 0x63, 0xf9, 0x1f, 0x01, 0x80, 0x65, 0x35, 0x01,
  0x80, 0xfa, 0x63, 0x0b, 0x62, 0x0a, 0xd1, 0x09, 0xd0, 0x63, 0xa5, 0x80, 0x6a, 0x4b, 0xea, 0x6c,
  0xea, 0xff, 0x6b, 0x6c, 0xea, 0x05, 0x67, 0x4e, 0x22, 0x01, 0x6a, 0x04, 0xd2, 0x29, 0xb2, 0x05,
  0xd2, 0x40, 0x9d, 0x29, 0xb1, 0xfe, 0x6d, 0x01, 0xf3, 0x12, 0x6e, 0x2c, 0xea, 0x68, 0xf6, 0x14,
  0x6f, 0x06, 0xd2, 0x26, 0xb2, 0x40, 0xea, 0x04, 0x6c, 0x25, 0xb2, 0x40, 0xea, 0x00, 0x65, 0x25,
  0xb2, 0x40, 0xea, 0x90, 0x67, 0x24, 0xb2, 0x40, 0xea, 0x90, 0x67, 0x40, 0x98, 0x23, 0xb3, 0x2c,
  0xea, 0x6c, 0xea, 0x23, 0xb3, 0x04, 0x22, 0x81, 0xa3, 0x02, 0x6a, 0x8d, 0xea, 0x04, 0x10, 0x81,
  0xa3, 0x03, 0x6a, 0x4b, 0xea, 0x8c, 0xea, 0x41, 0xc3, 0x40, 0x98, 0x03, 0x6b, 0x6c, 0xea, 0x19,
  0x2a, 0x1c, 0xb2, 0x40, 0xa2, 0x04, 0x22, 0x1c, 0xb2, 0x40, 0x9a, 0x40, 0xea, 0x00, 0x65, 0x00,
  0x6a, 0x06, 0x6b, 0x78, 0xea, 0x19, 0xb4, 0x01, 0x4a, 0x12, 0xeb, 0x6d, 0xe4, 0xff, 0x6c, 0x84,
  0xcb, 0x01, 0x6c, 0x8b, 0xec, 0x85, 0xcb, 0x00, 0x6c, 0x8c, 0xc3, 0xff, 0x6b, 0x6c, 0xea, 0x04,
  0x5a, 0xef, 0x61, 0x13, 0xb3, 0xff, 0x6c, 0x80, 0x6d, 0x40, 0xa3, 0xab, 0xed, 0x8c, 0xea, 0xad,
  0xea, 0x8c, 0xea, 0x40, 0xc3, 0x0b, 0x97, 0x0a, 0x91, 0x09, 0x90, 0x01, 0x6a, 0x00, 0xef, 0x06,
  0x63, 0x6c, 0x49, 0x11, 0x80, 0xff, 0xff, 0xff, 0x7f, 0x31, 0x70, 0x08, 0x80, 0x11, 0xaa, 0x08,
  0x80, 0x69, 0x30, 0x11, 0x80, 0x25, 0x2e, 0x11, 0x80, 0x00, 0x00, 0x80, 0x00, 0x18, 0x33, 0x12,
  0x80, 0x40, 0x1c, 0x12, 0x80, 0x68, 0x00, 0x12, 0x80, 0x1c, 0xf8, 0x12, 0x80, 0xbd, 0xad, 0x00,
  0xb0, 0xf9, 0x63, 0x0d, 0x62, 0x0c, 0xd1, 0x0b, 0xd0, 0x27, 0xb4, 0xe0, 0xa4, 0x27, 0xb4, 0xa0,
  0xa4, 0x27, 0xb2, 0x88, 0xa4, 0x27, 0xb0, 0x40, 0xaa, 0x04, 0xd4, 0x93, 0xa0, 0xff, 0xf7, 0x1f,
  0x69, 0x2c, 0xea, 0x40, 0xf0, 0x65, 0xa0, 0x40, 0xf0, 0xc1, 0xa0, 0x05, 0xd5, 0x1a, 0x24, 0x09,
  0xd2, 0x08, 0xd3, 0x07, 0xd6, 0x20, 0xb4, 0x40, 0xec, 0x06, 0xd7, 0x20, 0xb4, 0xa0, 0xac, 0x01,
  0x6c, 0x2c, 0xed, 0x8d, 0xed, 0x1e, 0xb4, 0x80, 0x9c, 0x2c, 0xed, 0x0c, 0x65, 0x28, 0x67, 0x00,
  0xf2, 0x1a, 0x6c, 0x40, 0xe9, 0x00, 0x65, 0x06, 0x97, 0x07, 0x96, 0x08, 0x93, 0x09, 0x92, 0x00,
  0x6c, 0x93, 0xc0, 0x01, 0x6c, 0x05, 0x95, 0x56, 0x32, 0x8c, 0xea, 0x8c, 0xeb, 0x74, 0x33, 0x4c,
  0x32, 0x6d, 0xea, 0xab, 0xeb, 0x04, 0x95, 0x8c, 0xee, 0xc0, 0xf7, 0x62, 0x33, 0xc8, 0x36, 0x8c,
  0xef, 0x02, 0x5d, 0x6c, 0xec, 0x90, 0x33, 0xf8, 0x37, 0xcd, 0xea, 0x98, 0x67, 0x01, 0x69, 0xed,
  0xea, 0x2e, 0xec, 0x0d, 0x97, 0x0c, 0x91, 0x0b, 0x90, 0x9c, 0x34, 0x6d, 0xea, 0x8d, 0xea, 0x00,
  0xef, 0x07, 0x63, 0x00, 0x65, 0x14, 0xf8, 0x12, 0x80, 0x40, 0xf8, 0x12, 0x80, 0xa6, 0x01, 0x00,
  0xb6, 0xa4, 0xd7, 0x12, 0x80, 0x11, 0xaa, 0x08, 0x80, 0x1a, 0x02, 0x00, 0xb6, 0xe4, 0x04, 0x12,
  0x80, 0xfd, 0x63, 0x05, 0x62, 0x1f, 0xb3, 0x20, 0xb2, 0x7b, 0xda, 0x20, 0xb2, 0xe0, 0xf0, 0x65,
  0xa2, 0xe0, 0xf0, 0x84, 0xa2, 0x60, 0x33, 0x8d, 0xeb, 0xe0, 0xf0, 0x86, 0xa2, 0x80, 0x34, 0x80,
  0x34, 0x6d, 0xec, 0xe0, 0xf0, 0x67, 0xa2, 0x00, 0xf6, 0x60, 0x33, 0x8d, 0xeb, 0x18, 0xb4, 0x8d,
  0xeb, 0xe0, 0xf0, 0x64, 0xc2, 0x62, 0x34, 0x00, 0xf6, 0x62, 0x33, 0xe0, 0xf0, 0x67, 0xc2, 0x15,
  0xb3, 0xe0, 0xf0, 0x85, 0xc2, 0x82, 0x34, 0xe0, 0xf0, 0x86, 0xc2, 0x40, 0x9b, 0x08, 0xf0, 0x00,
  0x6c, 0x8d, 0xea, 0x40, 0xdb, 0x10, 0xb2, 0x40, 0xea, 0x03, 0x6c, 0x10, 0xb2, 0x40, 0xea, 0x00,
  0x65, 0x0f, 0xb2, 0xff, 0xf7, 0x1f, 0x6b, 0x00, 0xf2, 0x1a, 0x6c, 0xa0, 0xaa, 0x01, 0x6a, 0x6c,
  0xed, 0x4d, 0xed, 0x0c, 0xb2, 0x40, 0x9a, 0x40, 0xea, 0x6c, 0xed, 0x05, 0x97, 0x00, 0xef, 0x03,
  0x63, 0xf5, 0x2d, 0x11, 0x80, 0xc0, 0xce, 0x12, 0x80, 0xa8, 0x00, 0x12, 0x80, 0x00, 0x00, 0x00,
  0x80, 0xbc, 0xad, 0x00, 0xb0, 0xd5, 0x36, 0x01, 0x80, 0x11, 0xaa, 0x08, 0x80, 0x1a, 0x02, 0x00,
  0xb6, 0xe4, 0x04, 0x12, 0x80, 0xf7, 0x63, 0x11, 0x62, 0x10, 0xd1, 0x0f, 0xd0, 0xff, 0xf7, 0x1f,
  0x68, 0x0c, 0xec, 0x0c, 0xd4, 0x2e, 0xb2, 0x40, 0xea, 0x08, 0x05, 0xff, 0x72, 0x52, 0x60, 0x5d,
  0x67, 0x30, 0xaa, 0xa0, 0xf2, 0x1c, 0x6a, 0x58, 0xe9, 0x2a, 0xb2, 0x12, 0xe9, 0x45, 0xe1, 0x60,
  0xf0, 0x5c, 0xa9, 0x47, 0x2a, 0x6d, 0x99, 0x26, 0x6c, 0x00, 0x6d, 0x27, 0xb6, 0x40, 0xee, 0x0d,
  0xd3, 0x0d, 0x93, 0x6c, 0xea, 0x3e, 0x2a, 0x9d, 0x67, 0x25, 0x6b, 0x20, 0xf0, 0x64, 0xc4, 0x23,
  0xb3, 0x40, 0xf1, 0x65, 0xa3, 0xdd, 0x67, 0x03, 0x6f, 0x20, 0xf0, 0x66, 0xc4, 0x20, 0xb3, 0xa0,
  0xf0, 0x84, 0xa3, 0xa0, 0xf0, 0x65, 0xa3, 0x09, 0x05, 0x60, 0x33, 0x8d, 0xeb, 0x0c, 0xeb, 0x20,
  0xf0, 0x67, 0xc6, 0x62, 0x33, 0x20, 0xf0, 0x68, 0xc6, 0x1a, 0xb3, 0x60, 0xab, 0x90, 0xae, 0x20,
  0xf0, 0x69, 0xc6, 0x62, 0x33, 0x20, 0xf0, 0x6a, 0xc6, 0x64, 0x6b, 0x04, 0xd3, 0x05, 0xd2, 0x16,
  0xb2, 0x40, 0xea, 0x07, 0x6e, 0x0c, 0x99, 0x26, 0x6c, 0x0f, 0xb3, 0x40, 0xeb, 0x00, 0x6d, 0x0d,
  0xea, 0x4c, 0xd9, 0x0c, 0x94, 0x02, 0x6a, 0x04, 0xd2, 0x10, 0xb2, 0x05, 0xd2, 0x25, 0x6a, 0x06,
  0xd2, 0x07, 0xd4, 0xfe, 0x6d, 0x61, 0xf2, 0x0a, 0x6e, 0x25, 0xf7, 0x02, 0x6f, 0x0c, 0xb2, 0x40,
  0xea, 0x04, 0x6c, 0x11, 0x97, 0x10, 0x91, 0x0f, 0x90, 0x00, 0xef, 0x09, 0x63, 0xe1, 0x21, 0x07,
  0x80, 0x50, 0x1c, 0x13, 0x80, 0x49, 0x20, 0x07, 0x80, 0xcc, 0x69, 0x12, 0x80, 0xa8, 0x00, 0x12,
  0x80, 0x98, 0x00, 0x12, 0x80, 0xcd, 0x2c, 0x07, 0x80, 0x6c, 0x49, 0x11, 0x80, 0x31, 0x70, 0x08,
  0x80, 0xfd, 0x63, 0x05, 0x62, 0xff, 0x6a, 0x07, 0xb3, 0x8c, 0xea, 0x80, 0xa3, 0x4e, 0xec, 0x05,
  0x24, 0x05, 0xb5, 0x40, 0xc3, 0x05, 0xb2, 0x40, 0xea, 0x27, 0x6c, 0x05, 0x97, 0x00, 0xef, 0x03,
  0x63, 0x14, 0xf8, 0x12, 0x80, 0x00, 0x00, 0x08, 0x00, 0x61, 0xf7, 0x00, 0x80, 0xfd, 0x63, 0x05,
  0x62, 0x04, 0xd0, 0x17, 0xb2, 0x40, 0xea, 0x00, 0x65, 0x16, 0xb3, 0x63, 0xab, 0x0f, 0x6c, 0x0f,
  0x5b, 0x01, 0x60, 0x6c, 0xec, 0x13, 0xb3, 0x20, 0xf0, 0xbf, 0xa3, 0x01, 0x6b, 0xac, 0xeb, 0x74,
  0x33, 0x8d, 0xeb, 0x11, 0xb4, 0x84, 0x9c, 0x03, 0x67, 0x02, 0x74, 0x04, 0x61, 0x03, 0x2d, 0x80,
  0x68, 0x0b, 0xe8, 0x6d, 0xe8, 0x82, 0x67, 0x0d, 0xb2, 0x40, 0xea, 0x00, 0x65, 0x0c, 0xb2, 0x40,
  0xaa, 0x00, 0x6b, 0x01, 0x22, 0x01, 0x6b, 0x01, 0x6a, 0x6c, 0xea, 0x50, 0x32, 0x0d, 0xea, 0x05,
  0x97, 0x04, 0x90, 0xff, 0x6b, 0x6c, 0xea, 0x00, 0xef, 0x03, 0x63, 0x00, 0x65, 0xd0, 0x97, 0x00,
  0x80, 0xa4, 0xd7, 0x12, 0x80, 0xcc, 0x69, 0x12, 0x80, 0xec, 0x97, 0x00, 0x80, 0x16, 0xf8, 0x12,
  0x80, 0xfd, 0x63, 0x05, 0x62, 0x04, 0xd0, 0x35, 0xb2, 0x40, 0xea, 0x00, 0x68, 0x34, 0xb3, 0x20,
  0xf0, 0x7c, 0xa3, 0x01, 0x23, 0x01, 0x68, 0x33, 0xb3, 0x60, 0xf1, 0x91, 0xa3, 0x03, 0x2c, 0x60,
  0xf1, 0x6f, 0xa3, 0x04, 0x23, 0x02, 0x6b, 0x0d, 0xeb, 0x01, 0x68, 0x6d, 0xe8, 0x2d, 0xb3, 0x64,
  0x9b, 0x02, 0x23, 0x04, 0x6b, 0x6d, 0xe8, 0x2a, 0xb3, 0x70, 0xa3, 0x00, 0x6e, 0x01, 0x23, 0x01,
  0x6e, 0x27, 0xb4, 0x87, 0xac, 0x00, 0x6b, 0x01, 0x24, 0x01, 0x6b, 0x6d, 0xee, 0xff, 0x6b, 0x6c,
  0xee, 0xff, 0xf6, 0x18, 0x4b, 0xcc, 0x34, 0x0c, 0xeb, 0x8d, 0xeb, 0x01, 0x6f, 0xa3, 0x67, 0xec,
  0xed, 0x02, 0x68, 0xcd, 0xed, 0x0b, 0xe8, 0x6c, 0xe8, 0xec, 0xed, 0x82, 0x67, 0x1e, 0xb2, 0x40,
  0xea, 0xad, 0xe8, 0x1e, 0xb2, 0x43, 0xa2, 0x00, 0x6b, 0x01, 0x22, 0x01, 0x6b, 0x01, 0x6a, 0x6c,
  0xea, 0x11, 0x6b, 0x6b, 0xeb, 0x50, 0x32, 0x0c, 0xeb, 0x4d, 0xeb, 0x15, 0xb2, 0x4f, 0xa2, 0x00,
  0x6c, 0x01, 0x22, 0x01, 0x6c, 0x01, 0x6a, 0x8c, 0xea, 0x54, 0x34, 0x21, 0x6a, 0x4b, 0xea, 0x6c,
  0xea, 0x0f, 0xb3, 0x70, 0xa3, 0x8d, 0xea, 0x00, 0x6c, 0x01, 0x23, 0x01, 0x6c, 0x01, 0x6b, 0x8c,
  0xeb, 0x78, 0x34, 0x41, 0x6b, 0x6b, 0xeb, 0x4c, 0xeb, 0x8d, 0xeb, 0x09, 0xb4, 0x8e, 0xa4, 0x00,
  0x6a, 0x01, 0x24, 0x01, 0x6a, 0x5c, 0x34, 0x7f, 0x6a, 0x6c, 0xea, 0x05, 0x97, 0x04, 0x90, 0x8d,
  0xea, 0xff, 0x6b, 0x6c, 0xea, 0x00, 0xef, 0x03, 0x63, 0xd0, 0x97, 0x00, 0x80, 0xa4, 0xd7, 0x12,
  0x80, 0xcc, 0x69, 0x12, 0x80, 0xec, 0x97, 0x00, 0x80, 0x40, 0xf8, 0x12, 0x80, 0xfa, 0x63, 0x0b,
  0x62, 0x40, 0xa4, 0x30, 0x72, 0x63, 0x60, 0x23, 0x72, 0x05, 0x61, 0x33, 0xb5, 0x33, 0xb2, 0x40,
  0xea, 0x23, 0x6c, 0x5a, 0x10, 0x42, 0x72, 0x45, 0x61, 0x31, 0xb2, 0x09, 0x04, 0x40, 0x9a, 0x09,
  0xd2, 0x30, 0xb2, 0x40, 0xea, 0x00, 0x65, 0x30, 0xb2, 0x62, 0xaa, 0x01, 0x4b, 0x62, 0xca, 0x41,
  0xaa, 0x01, 0x72, 0x03, 0x60, 0x02, 0x72, 0x0a, 0x60, 0x1d, 0x10, 0x00, 0xf2, 0x00, 0x6c, 0x2b,
  0xb2, 0x40, 0xea, 0x00, 0x65, 0x17, 0x22, 0x2a, 0xb2, 0x85, 0xaa, 0x02, 0x10, 0x28, 0xb2, 0x86,
  0xaa, 0x28, 0xb2, 0x40, 0xea, 0x08, 0x05, 0xff, 0x72, 0x0d, 0x60, 0x5d, 0x67, 0x70, 0xaa, 0xa0,
  0xf2, 0x1c, 0x6a, 0x58, 0xeb, 0x24, 0xb3, 0x12, 0xea, 0x69, 0xe2, 0xc0, 0xf0, 0x8c, 0xa2, 0x23,
  0xb2, 0x40, 0xea, 0x00, 0x65, 0x1c, 0xb4, 0x62, 0xac, 0x64, 0x6a, 0x5b, 0xeb, 0x01, 0x2a, 0xe5,
  0xe8, 0x01, 0x6a, 0x10, 0xed, 0x24, 0x2d, 0x02, 0x6a, 0x04, 0xd2, 0x1d, 0xb2, 0x05, 0xd2, 0x06,
  0xd3, 0x41, 0xac, 0xfe, 0x6d, 0x04, 0x6c, 0x07, 0xd2, 0x80, 0xf6, 0x0c, 0x6e, 0x05, 0xf7, 0x1b,
  0x6f, 0x10, 0x10, 0x43, 0x72, 0x13, 0x61, 0x02, 0x6a, 0x04, 0xd2, 0x15, 0xb2, 0x05, 0xd2, 0x40,
  0x9c, 0xfe, 0x6d, 0x80, 0xf6, 0x15, 0x6e, 0x06, 0xd2, 0x41, 0x9c, 0x25, 0xf7, 0x01, 0x6f, 0x04,
  0x6c, 0x07, 0xd2, 0x10, 0xb2, 0x40, 0xea, 0x00, 0x65, 0x01, 0x6a, 0x01, 0x10, 0x00, 0x6a, 0x0b,
  0x97, 0x00, 0xef, 0x06, 0x63, 0x00, 0x00, 0x04, 0x00, 0x61, 0xf7, 0x00, 0x80, 0xcc, 0xad, 0x00,
  0xb0, 0x25, 0x2e, 0x11, 0x80, 0x1c, 0xf8, 0x12, 0x80, 0x65, 0x35, 0x01, 0x80, 0xa4, 0xd7, 0x12,
  0x80, 0xe1, 0x21, 0x07, 0x80, 0x50, 0x1c, 0x13, 0x80, 0xe9, 0x20, 0x00, 0x80, 0x6c, 0x49, 0x11,
  0x80, 0x31, 0x70, 0x08, 0x80, 0xfd, 0x63, 0x05, 0x62, 0x04, 0xd0, 0x08, 0xb2, 0x40, 0xea, 0x04,
  0x67, 0x60, 0xa0, 0x07, 0xb2, 0x20, 0xf0, 0x7e, 0xc2, 0x69, 0xa0, 0x40, 0xf0, 0x64, 0xc2, 0x05,
  0x97, 0x04, 0x90, 0x00, 0xef, 0x03, 0x63, 0x00, 0x65, 0xc1, 0xac, 0x08, 0x80, 0xa4, 0xd7, 0x12,
  0x80, 0xfc, 0x63, 0x07, 0x62, 0x06, 0xd0, 0x25, 0xb2, 0x40, 0xea, 0x04, 0x67, 0x24, 0xb2, 0x44,
  0x9a, 0x03, 0x6c, 0x00, 0x6b, 0x8c, 0xea, 0x01, 0x22, 0x01, 0x6b, 0x62, 0xc0, 0x20, 0xb2, 0x60,
  0xf1, 0xef, 0xa2, 0x60, 0xf1, 0x51, 0xa2, 0x1f, 0xb6, 0x5d, 0xe7, 0x01, 0x57, 0xf8, 0x67, 0x01,
  0x6a, 0x4e, 0xef, 0xe3, 0xc0, 0x1c, 0xb2, 0xaf, 0xa2, 0x90, 0xa2, 0xca, 0xa6, 0x6e, 0xa2, 0xab,
  0xed, 0xc0, 0xf7, 0xa2, 0x35, 0x8b, 0xec, 0xd0, 0x36, 0xed, 0xee, 0xa4, 0x35, 0xc0, 0xf7, 0x82,
  0x34, 0x6b, 0xeb, 0xcd, 0xed, 0x88, 0x34, 0xc0, 0xf7, 0x62, 0x33, 0xad, 0xec, 0x6c, 0x33, 0x8d,
  0xeb, 0x60, 0xc0, 0x01, 0x6b, 0x69, 0xc0, 0x85, 0xaa, 0x10, 0xb2, 0x40, 0xea, 0x04, 0x05, 0xff,
  0x6b, 0x6e, 0xea, 0x0d, 0x22, 0x5d, 0x67, 0x68, 0xaa, 0xa0, 0xf2, 0x1c, 0x6a, 0x58, 0xeb, 0x0c,
  0xb3, 0x12, 0xea, 0x49, 0xe3, 0x00, 0xf2, 0x46, 0xa2, 0x01, 0x6b, 0x6e, 0xea, 0x01, 0x2a, 0x49,
  0xc0, 0x07, 0x97, 0x06, 0x90, 0x00, 0xef, 0x04, 0x63, 0x25, 0xac, 0x08, 0x80, 0xcc, 0x69, 0x12,
  0x80, 0x40, 0xf8, 0x12, 0x80, 0xa4, 0xd7, 0x12, 0x80, 0xe1, 0x21, 0x07, 0x80, 0x50, 0x1c, 0x13,
  0x80, 0xfa, 0x63, 0x0b, 0x62, 0x0a, 0xd1, 0x09, 0xd0, 0x26, 0xb2, 0x40, 0xea, 0x00, 0x65, 0x02,
  0x67, 0x7d, 0x67, 0x00, 0x6a, 0x54, 0xc3, 0x01, 0x6b, 0x50, 0x67, 0x6c, 0xea, 0x0a, 0x22, 0x22,
  0xb2, 0x81, 0x9a, 0x04, 0x24, 0x9d, 0x67, 0x74, 0xc4, 0x62, 0xaa, 0x63, 0xca, 0x00, 0x6b, 0x1e,
  0xb2, 0x62, 0xca, 0x1e, 0xb2, 0x40, 0xea, 0x90, 0x67, 0x7d, 0x67, 0x58, 0xc3, 0x04, 0x6a, 0x00,
  0x6b, 0x9d, 0x67, 0x0c, 0xea, 0x75, 0xc4, 0x08, 0x22, 0x01, 0x6a, 0x55, 0xc4, 0x16, 0xb2, 0x40,
  0xf0, 0x61, 0xc2, 0x01, 0x6b, 0x6b, 0xeb, 0x6d, 0xca, 0x5d, 0x67, 0x00, 0x6b, 0x76, 0xc2, 0x08,
  0x6a, 0x0c, 0xea, 0x09, 0x22, 0x01, 0x6a, 0x9d, 0x67, 0x56, 0xc4, 0x0f, 0xb2, 0x40, 0xf0, 0x62,
  0xc2, 0x01, 0x6b, 0x6b, 0xeb, 0x6e, 0xca, 0x04, 0x01, 0x0d, 0xb2, 0x40, 0xea, 0x91, 0x67, 0x0d,
  0xb2, 0x40, 0xea, 0x91, 0x67, 0x02, 0x67, 0x0c, 0xb2, 0x40, 0xea, 0x91, 0x67, 0x04, 0x20, 0x27,
  0x6c, 0x0a, 0xb2, 0x40, 0xea, 0xb0, 0x67, 0x0b, 0x97, 0x0a, 0x91, 0x09, 0x90, 0x00, 0xef, 0x06,
  0x63, 0xc9, 0xab, 0x08, 0x80, 0xa4, 0xd7, 0x12, 0x80, 0xa9, 0x2b, 0x11, 0x80, 0x71, 0x3a, 0x11,
  0x80, 0x2d, 0x28, 0x11, 0x80, 0x45, 0x3a, 0x11, 0x80, 0x61, 0xf7, 0x00, 0x80, 0xfd, 0x63, 0x05,
  0x62, 0x04, 0xd0, 0x13, 0xb2, 0x50, 0xa2, 0x03, 0x22, 0x10, 0x6c, 0x12, 0xb2, 0x02, 0x10, 0x10,
  0x6c, 0x11, 0xb2, 0x40, 0xea, 0x00, 0x65, 0x11, 0xb2, 0x40, 0x9a, 0x0d, 0xb0, 0x80, 0xf1, 0x10,
  0x6c, 0x40, 0xea, 0x00, 0x6d, 0x0e, 0xb2, 0x40, 0xea, 0x84, 0xa8, 0x0e, 0xb2, 0x40, 0xea, 0x00,
  0x65, 0x0d, 0xb2, 0x40, 0xea, 0x00, 0x65, 0x0d, 0xb5, 0x0d, 0xb2, 0x40, 0xea, 0x27, 0x6c, 0x0d,
  0xb2, 0x40, 0xea, 0x85, 0xa8, 0x05, 0x97, 0x04, 0x90, 0x00, 0xef, 0x03, 0x63, 0xa4, 0xd7, 0x12,
  0x80, 0xa5, 0x36, 0x01, 0x80, 0x71, 0x36, 0x01, 0x80, 0xe4, 0x04, 0x12, 0x80, 0xf1, 0xa8, 0x08,
  0x80, 0x11, 0xaa, 0x08, 0x80, 0x21, 0x31, 0x11, 0x80, 0x00, 0x00, 0x01, 0x00, 0x61, 0xf7, 0x00,
  0x80, 0xc5, 0x36, 0x11, 0x80, 0xfd, 0x63, 0x05, 0x62, 0x0b, 0xb2, 0x40, 0xea, 0x00, 0x65, 0x0b,
  0xb2, 0x0a, 0x6b, 0x60, 0xca, 0x28, 0x6b, 0x61, 0xca, 0x50, 0x6b, 0x62, 0xca, 0x63, 0xca, 0x00,
  0x6b, 0x64, 0xca, 0x65, 0xca, 0x66, 0xca, 0x67, 0xca, 0x05, 0xb2, 0x6b, 0xca, 0x05, 0x97, 0x00,
  0xef, 0x03, 0x63, 0x00, 0x65, 0xa5, 0xab, 0x08, 0x80, 0x94, 0xd7, 0x12, 0x80, 0xa4, 0xd7, 0x12,
  0x80, 0xfd, 0x63, 0x05, 0x62, 0x09, 0xb2, 0x40, 0x9a, 0x61, 0x42, 0x07, 0x23, 0x1c, 0x6b, 0x78,
  0xea, 0x07, 0xb3, 0x12, 0xea, 0x49, 0xe3, 0x07, 0xb3, 0x63, 0xda, 0x07, 0xb2, 0x40, 0xea, 0x00,
  0x65, 0x05, 0x97, 0x00, 0xef, 0x03, 0x63, 0x00, 0x65, 0xc4, 0x0d, 0x12, 0x80, 0x54, 0xd0, 0x12,
  0x80, 0x21, 0x3b, 0x11, 0x80, 0x55, 0x3c, 0x11, 0x80, 0xfd, 0x63, 0x05, 0x62, 0x0c, 0xb2, 0x40,
  0xea, 0x00, 0x65, 0x00, 0x6a, 0x06, 0x6b, 0x78, 0xea, 0x0a, 0xb4, 0x01, 0x4a, 0x12, 0xeb, 0x6d,
  0xe4, 0xff, 0x6c, 0x84, 0xcb, 0x01, 0x6c, 0x8b, 0xec, 0x85, 0xcb, 0x00, 0x6c, 0x8c, 0xc3, 0xff,
  0x6b, 0x6c, 0xea, 0x04, 0x5a, 0xef, 0x61, 0x05, 0x97, 0x00, 0xef, 0x03, 0x63, 0x91, 0x3c, 0x11,
  0x80, 0x1c, 0xf8, 0x12, 0x80, 0xfc, 0x63, 0x07, 0x62, 0x06, 0xd1, 0x05, 0xd0, 0x1e, 0xb3, 0x1f,
  0xb2, 0x60, 0xda, 0x1f, 0xb3, 0x1f, 0xb2, 0x60, 0xda, 0x1f, 0xb3, 0x20, 0xb2, 0x60, 0xda, 0x20,
  0xb2, 0x20, 0xb3, 0x60, 0xda, 0x20, 0xb3, 0x61, 0xda, 0x20, 0xb3, 0x62, 0xda, 0x20, 0xb3, 0x63,
  0xda, 0x20, 0xb3, 0x64, 0xda, 0x20, 0xb3, 0x65, 0xda, 0x20, 0xb3, 0x21, 0xb2, 0x60, 0xda, 0x21,
  0xb3, 0x21, 0xb2, 0x00, 0x68, 0x60, 0xda, 0x21, 0xb2, 0x00, 0xca, 0x21, 0xb3, 0x21, 0xb2, 0x22,
  0xb1, 0x40, 0xe9, 0x60, 0xda, 0x21, 0xb3, 0x22, 0xb2, 0x40, 0xe9, 0x60, 0xda, 0x21, 0xb2, 0x01,
  0x6b, 0x00, 0xc2, 0x6b, 0xeb, 0x20, 0xb2, 0x60, 0xca, 0x20, 0xb2, 0x40, 0xf0, 0x02, 0xc2, 0x07,
  0x6b, 0x1f, 0xb2, 0x70, 0xca, 0x01, 0x6b, 0x71, 0xca, 0x07, 0x97, 0x06, 0x91, 0x05, 0x90, 0x00,
  0xef, 0x04, 0x63, 0x00, 0x65, 0xf1, 0x3d, 0x11, 0x80, 0x08, 0x1a, 0x12, 0x80, 0x3d, 0x39, 0x11,
  0x80, 0x3c, 0x0f, 0x12, 0x80, 0xf5, 0x31, 0x11, 0x80, 0x40, 0x0f, 0x12, 0x80, 0x44, 0x0f, 0x12,
  0x80, 0x51, 0x38, 0x11, 0x80, 0xdd, 0x37, 0x11, 0x80, 0x29, 0x29, 0x11, 0x80, 0x61, 0x35, 0x11,
  0x80, 0x3d, 0x29, 0x11, 0x80, 0xdd, 0x29, 0x11, 0x80, 0x71, 0x34, 0x11, 0x80, 0xf4, 0x0f, 0x12,
  0x80, 0xd5, 0x2e, 0x11, 0x80, 0xf8, 0x0f, 0x12, 0x80, 0x16, 0xf8, 0x12, 0x80, 0x91, 0x30, 0x11,
  0x80, 0x04, 0x1a, 0x12, 0x80, 0x55, 0x3c, 0x11, 0x80, 0x3d, 0x2d, 0x11, 0x80, 0x0c, 0x13, 0x12,
  0x80, 0x11, 0xf8, 0x12, 0x80, 0x12, 0xf8, 0x12, 0x80, 0xa4, 0xd7, 0x12, 0x80, 0x1c, 0xf8, 0x12,
  0x80, 0xfb, 0x63, 0x09, 0x62, 0x08, 0xd0, 0x23, 0xb2, 0x40, 0xea, 0x00, 0x65, 0x22, 0xb2, 0xc0,
  0xf0, 0x99, 0xa2, 0xc0, 0xf0, 0x78, 0xa2, 0x80, 0x34, 0x6d, 0xec, 0xc0, 0xf0, 0x7a, 0xa2, 0xc0,
  0xf0, 0x5b, 0xa2, 0x60, 0x33, 0x60, 0x33, 0x8d, 0xeb, 0x00, 0xf6, 0x40, 0x32, 0x6d, 0xea, 0x1b,
  0xb3, 0x6c, 0xea, 0x2a, 0x22, 0x1a, 0xb4, 0x40, 0x9c, 0x01, 0x4a, 0x03, 0x22, 0x19, 0xb2, 0x40,
  0xea, 0x00, 0x65, 0x00, 0x6a, 0xe2, 0x67, 0x04, 0xd2, 0x15, 0xb5, 0x17, 0xb6, 0x17, 0xb2, 0x40,
  0xea, 0x01, 0x6c, 0x13, 0xb0, 0x16, 0xb2, 0xa0, 0x9a, 0x16, 0xb2, 0x40, 0xea, 0x80, 0x98, 0x16,
  0xb2, 0x00, 0xf1, 0x4b, 0xa2, 0x0e, 0x2a, 0x01, 0x6a, 0x04, 0xd2, 0x14, 0xb2, 0x05, 0xd2, 0x40,
  0x98, 0x02, 0x6c, 0x06, 0xd2, 0xa0, 0xf3, 0x13, 0x6e, 0xe5, 0xf6, 0x05, 0x6f, 0x10, 0xb2, 0x40,
  0xea, 0xfe, 0x6d, 0x10, 0xb2, 0x40, 0xea, 0x00, 0x65, 0x09, 0x97, 0x08, 0x90, 0x00, 0xef, 0x05,
  0x63, 0xf1, 0xac, 0x08, 0x80, 0xa8, 0x00, 0x12, 0x80, 0x00, 0x00, 0x00, 0x40, 0xc4, 0x0d, 0x12,
  0x80, 0x2d, 0xa2, 0x00, 0x80, 0x21, 0x3b, 0x11, 0x80, 0x81, 0xa2, 0x00, 0x80, 0xa4, 0xd7, 0x12,
  0x80, 0xd1, 0xa1, 0x00, 0x80, 0xe0, 0x34, 0x12, 0x80, 0x6c, 0x49, 0x11, 0x80, 0x31, 0x70, 0x08,
  0x80, 0x4d, 0xab, 0x08, 0x80, 0x20, 0xe8, 0x00, 0x65, 0xff, 0x63, 0x01, 0xd1, 0x00, 0xd0, 0x42,
  0xa4, 0x01, 0x6b, 0x6b, 0xeb, 0x00, 0x6e, 0x8a, 0x65, 0x49, 0xb2, 0x66, 0xca, 0xc1, 0xc2, 0xc9,
  0xc2, 0xca, 0xc2, 0xe3, 0xa4, 0xc2, 0xc2, 0x63, 0xca, 0xe8, 0xc2, 0x46, 0xb2, 0x65, 0xca, 0x66,
  0xca, 0x64, 0xca, 0x6c, 0x67, 0x69, 0xe4, 0x42, 0xa2, 0x00, 0x6b, 0x56, 0x10, 0x61, 0xe4, 0xe5,
  0xa0, 0x0f, 0x69, 0x2c, 0xef, 0x24, 0xa0, 0x06, 0xa0, 0xe0, 0x37, 0x2d, 0xef, 0x06, 0x35, 0x01,
  0x69, 0x2d, 0x65, 0x2c, 0xed, 0x4d, 0x65, 0xa2, 0xa6, 0x69, 0x65, 0x2a, 0x67, 0x0d, 0x65, 0xa8,
  0x67, 0xa5, 0xe1, 0x22, 0xc6, 0xab, 0x67, 0x12, 0x31, 0xac, 0xe9, 0x09, 0x65, 0x21, 0xa6, 0xa8,
  0x67, 0x49, 0x65, 0x2a, 0x67, 0x35, 0xe5, 0xa1, 0xc6, 0xab, 0x67, 0x0c, 0xed, 0x27, 0x67, 0x01,
  0x2d, 0x23, 0xae, 0x2f, 0xb6, 0x23, 0xce, 0x29, 0x67, 0x01, 0x6e, 0x2c, 0xee, 0x27, 0x67, 0x02,
  0x2e, 0x2c, 0xb6, 0x24, 0xae, 0x2b, 0xb5, 0x24, 0xcd, 0x0e, 0x36, 0x01, 0x69, 0x2c, 0xee, 0x27,
  0x67, 0x01, 0x2e, 0x26, 0xad, 0x27, 0xb6, 0x26, 0xce, 0x0a, 0x36, 0x01, 0x69, 0x2c, 0xee, 0x05,
  0x26, 0x1e, 0x31, 0x09, 0x65, 0xa8, 0x67, 0x27, 0x67, 0x02, 0x25, 0x22, 0xb1, 0x25, 0xa9, 0x21,
  0xb5, 0x25, 0xcd, 0x84, 0x69, 0x0c, 0xe9, 0x84, 0x71, 0x05, 0x61, 0x01, 0x69, 0x09, 0x65, 0xa8,
  0x67, 0x1b, 0xb1, 0xa9, 0xc1, 0x02, 0x26, 0x1e, 0x30, 0x02, 0x28, 0x19, 0xb6, 0xe6, 0xae, 0x18,
  0xb6, 0xe6, 0xce, 0x03, 0x4b, 0xff, 0x6e, 0xcc, 0xeb, 0xcc, 0x67, 0xfe, 0x4e, 0xc2, 0xeb, 0x14,
  0xb6, 0xa5, 0x61, 0x01, 0x6b, 0x82, 0x67, 0x6c, 0xec, 0x4a, 0x35, 0x6c, 0xed, 0x83, 0xc6, 0x11,
  0xb4, 0xb0, 0xc4, 0x4e, 0x35, 0x6c, 0xed, 0x56, 0x37, 0xae, 0xc4, 0x5a, 0x35, 0x46, 0x32, 0x6c,
  0xef, 0x6c, 0xea, 0x6c, 0xed, 0xed, 0xea, 0xad, 0xea, 0x4f, 0xc4, 0x42, 0xa6, 0xe4, 0xc6, 0xa0,
  0xc6, 0x02, 0x2a, 0x40, 0xf0, 0x40, 0xc4, 0x07, 0xb2, 0x50, 0xa2, 0x02, 0x2a, 0x06, 0xb3, 0x40,
  0xc3, 0x01, 0x91, 0x00, 0x90, 0x00, 0x6a, 0x20, 0xe8, 0x01, 0x63, 0x00, 0x65, 0x40, 0xf8, 0x12,
  0x80, 0xa4, 0xd7, 0x12, 0x80, 0x10, 0xf8, 0x12, 0x80, 0xfb, 0x63, 0x09, 0x62, 0x63, 0xa4, 0x0b,
  0xb2, 0xff, 0x6e, 0x6e, 0xc2, 0x01, 0x6a, 0x04, 0xd2, 0x09, 0xb2, 0x05, 0xd2, 0x09, 0xb2, 0x51,
  0xa2, 0x01, 0x6c, 0xf9, 0x6d, 0x06, 0xd2, 0x29, 0xf2, 0x1a, 0x6f, 0x07, 0xb2, 0x40, 0xea, 0x6d,
  0x4e, 0x09, 0x97, 0x00, 0x6a, 0x00, 0xef, 0x05, 0x63, 0x40, 0xf8, 0x12, 0x80, 0x6c, 0x49, 0x11,
  0x80, 0xa4, 0xd7, 0x12, 0x80, 0x31, 0x70, 0x08, 0x80, 0x20, 0xe8, 0x00, 0x65, 0x02, 0xb3, 0x03,
  0xb2, 0x20, 0xe8, 0x6d, 0xda, 0x5d, 0x43, 0x11, 0x80, 0x18, 0x07, 0x12, 0x80, 0xe6, 0x63, 0x33,
  0x62, 0x32, 0xd1, 0x31, 0xd0, 0x5d, 0x67, 0xe0, 0xf0, 0x40, 0xa2, 0x34, 0xd4, 0x9d, 0x67, 0x2c,
  0xd2, 0xe0, 0xf0, 0x84, 0xa4, 0xb4, 0xb2, 0x36, 0xd6, 0x37, 0xd7, 0x2d, 0xd4, 0x40, 0xaa, 0x65,
  0x67, 0xff, 0xf7, 0x1f, 0x6d, 0x4c, 0xed, 0x01, 0x6a, 0x00, 0x68, 0x4b, 0xea, 0x2b, 0xd5, 0x29,
  0xd0, 0x28, 0xd2, 0x2a, 0xd0, 0x30, 0x67, 0x2b, 0x92, 0x01, 0x6c, 0x47, 0xe9, 0x8c, 0xea, 0x6a,
  0x22, 0x14, 0x6c, 0x98, 0xe9, 0xa9, 0xb2, 0x40, 0x9a, 0xff, 0x6d, 0x2f, 0xd3, 0x12, 0xec, 0x40,
  0xea, 0xac, 0xec, 0x0f, 0x6c, 0x4c, 0xec, 0x03, 0x74, 0x2f, 0x93, 0x5c, 0x61, 0x2c, 0x94, 0x01,
  0x74, 0x0d, 0x61, 0x2d, 0x95, 0xaa, 0xe9, 0x0a, 0x61, 0xa1, 0xb4, 0x52, 0x32, 0x34, 0x96, 0x8c,
  0xea, 0xa0, 0xb4, 0xcc, 0xec, 0x8d, 0xea, 0x3a, 0x94, 0x40, 0xdc, 0x4c, 0x10, 0x9e, 0xb4, 0xc0,
  0xf1, 0x92, 0xac, 0x01, 0x6d, 0x87, 0xe9, 0xac, 0xec, 0x9c, 0xb5, 0x19, 0x2c, 0x03, 0x6a, 0x04,
  0xd2, 0x9b, 0xb2, 0x05, 0xd2, 0xdd, 0x6a, 0x06, 0xd2, 0x7f, 0x4a, 0x7c, 0x4a, 0x58, 0xe9, 0x02,
  0x6c, 0x60, 0xf2, 0x15, 0x6e, 0xa4, 0xf3, 0x0e, 0x6f, 0x12, 0xea, 0x55, 0xe5, 0x51, 0xad, 0x08,
  0xd3, 0x2f, 0xd3, 0x07, 0xd2, 0x93, 0xb2, 0x40, 0xea, 0xf8, 0x6d, 0x2f, 0x93, 0x2b, 0x10, 0xc0,
  0xf1, 0x18, 0x6c, 0x98, 0xe9, 0x12, 0xec, 0x95, 0xe5, 0x91, 0xad, 0x84, 0x34, 0x23, 0x24, 0x22,
  0x23, 0x83, 0xeb, 0x07, 0x61, 0x9b, 0xeb, 0x01, 0x2c, 0xe5, 0xe8, 0x10, 0xed, 0x07, 0x25, 0x63,
  0xec, 0x19, 0x61, 0x7b, 0xec, 0x01, 0x2b, 0xe5, 0xe8, 0x10, 0xed, 0x14, 0x2d, 0x80, 0xb5, 0x52,
  0x32, 0x34, 0x96, 0xac, 0xea, 0x7f, 0xb5, 0xcc, 0xed, 0xad, 0xea, 0x28, 0x95, 0xa3, 0xec, 0x03,
  0x60, 0x29, 0xd0, 0x28, 0xd4, 0x2a, 0xd2, 0x08, 0x34, 0xdd, 0x67, 0x91, 0xe6, 0x52, 0xdc, 0x01,
  0x48, 0xff, 0x6a, 0x4c, 0xe8, 0x01, 0x49, 0xff, 0x6a, 0x4c, 0xe9, 0x0b, 0x59, 0x8c, 0x61, 0x0c,
  0x6a, 0x04, 0xd2, 0x77, 0xb2, 0x05, 0xd2, 0x12, 0x92, 0x28, 0x94, 0x2a, 0x95, 0x06, 0xd2, 0x13,
  0x92, 0x0f, 0xd4, 0x10, 0xd5, 0x07, 0xd2, 0x14, 0x92, 0x11, 0xd3, 0x80, 0xf2, 0x19, 0x6e, 0x08,
  0xd2, 0x15, 0x92, 0x2f, 0xd3, 0x04, 0x6c, 0x09, 0xd2, 0x16, 0x92, 0xa4, 0xf3, 0x17, 0x6f, 0x0a,
  0xd2, 0x17, 0x92, 0x0b, 0xd2, 0x18, 0x92, 0x0c, 0xd2, 0x19, 0x92, 0x0d, 0xd2, 0x29, 0x92, 0x0e,
  0xd2, 0x68, 0xb2, 0x40, 0xea, 0xf8, 0x6d, 0x2f, 0x93, 0x28, 0x96, 0xc3, 0xeb, 0x01, 0x60, 0x28,
  0xd3, 0x28, 0x93, 0x37, 0x92, 0x60, 0xda, 0x0e, 0x28, 0x36, 0x94, 0x01, 0x6a, 0xf8, 0x6d, 0x00,
  0xdc, 0x04, 0xd2, 0x5f, 0xb2, 0x05, 0xd2, 0x06, 0xd0, 0x05, 0x6c, 0xa0, 0xf2, 0x08, 0x6e, 0x81,
  0xf5, 0x17, 0x6f, 0x16, 0x10, 0x01, 0x70, 0x03, 0x60, 0x00, 0x69, 0x71, 0x67, 0x2e, 0x10, 0x28,
  0x95, 0x2a, 0x96, 0x36, 0x92, 0xa6, 0x33, 0xcd, 0xe3, 0x60, 0xda, 0x01, 0x6a, 0x04, 0xd2, 0x54,
  0xb2, 0x05, 0xd2, 0x06, 0xd3, 0x05, 0x6c, 0xf8, 0x6d, 0xa0, 0xf2, 0x10, 0x6e, 0x81, 0xf5, 0x18,
  0x6f, 0x50, 0xb2, 0x40, 0xea, 0x00, 0x65, 0x88, 0x10, 0x29, 0x94, 0x8a, 0xeb, 0x13, 0x60, 0x12,
  0x07, 0x68, 0x36, 0xd9, 0xe7, 0x4c, 0xb2, 0x40, 0x9a, 0xc0, 0x9e, 0x28, 0x94, 0x2a, 0x95, 0x2f,
  0xd3, 0x40, 0xea, 0x2e, 0xd7, 0x2e, 0x97, 0x28, 0x34, 0x01, 0x49, 0x9d, 0xe7, 0x4b, 0xdf, 0x2f,
  0x93, 0xff, 0x6a, 0x4c, 0xe9, 0x01, 0x4b, 0xff, 0x6a, 0x4c, 0xeb, 0x03, 0xeb, 0xe5, 0x61, 0x1d,
  0x04, 0x42, 0xb2, 0x40, 0xea, 0xb1, 0x67, 0x0a, 0x6a, 0x04, 0xd2, 0x3d, 0xb2, 0x05, 0xd2, 0x1d,
  0x92, 0x0e, 0xd0, 0x0f, 0xd1, 0x06, 0xd2, 0x1e, 0x92, 0x04, 0x6c, 0x07, 0xd2, 0x1f, 0x92, 0xc0,
  0xf2, 0x09, 0x6e, 0xa4, 0xf3, 0x15, 0x6f, 0x08, 0xd2, 0x20, 0x92, 0x09, 0xd2, 0x21, 0x92, 0x0a,
  0xd2, 0x22, 0x92, 0x0b, 0xd2, 0x23, 0x92, 0x0c, 0xd2, 0x24, 0x92, 0x0d, 0xd2, 0x31, 0xb2, 0x40,
  0xea, 0xf8, 0x6d, 0x00, 0x6b, 0x03, 0x67, 0x43, 0x67, 0x18, 0x10, 0x02, 0x2a, 0x1d, 0x94, 0x09,
  0x10, 0xcf, 0x42, 0x12, 0x04, 0x48, 0x35, 0xc8, 0x36, 0xb5, 0xe4, 0xd1, 0xe4, 0xab, 0x9d, 0x8b,
  0x9c, 0x93, 0xe5, 0x83, 0xe8, 0x07, 0x60, 0x04, 0x67, 0x05, 0x22, 0x6f, 0x42, 0x68, 0x33, 0xbd,
  0x67, 0x6d, 0xe5, 0x7d, 0x9b, 0x01, 0x4a, 0xff, 0x6c, 0x8c, 0xea, 0x23, 0xea, 0xe6, 0x61, 0x8f,
  0x42, 0x88, 0x34, 0x12, 0x05, 0x95, 0xe5, 0x05, 0x6c, 0x2b, 0x9d, 0x28, 0x96, 0x04, 0xd4, 0x1c,
  0xb4, 0x05, 0xd4, 0x34, 0x94, 0x27, 0xe6, 0x29, 0xd5, 0x06, 0xd4, 0x09, 0xd3, 0x0a, 0xd2, 0x2f,
  0xd3, 0x07, 0xd1, 0x08, 0xd0, 0x04, 0x6c, 0xe0, 0xf2, 0x05, 0x6e, 0x81, 0xf5, 0x16, 0x6f, 0x15,
  0xb2, 0x40, 0xea, 0xf8, 0x6d, 0x23, 0xe8, 0x2f, 0x93, 0x03, 0x60, 0x29, 0x95, 0x11, 0x67, 0x6b,
  0x9d, 0x2a, 0x96, 0x36, 0x92, 0x06, 0x30, 0xcd, 0xe3, 0x0d, 0xe3, 0x60, 0xda, 0x34, 0x94, 0x83,
  0xeb, 0x03, 0x60, 0x36, 0x95, 0x00, 0x6a, 0x40, 0xdd, 0x33, 0x97, 0x32, 0x91, 0x31, 0x90, 0x00,
  0xef, 0x1a, 0x63, 0x00, 0x65, 0xd2, 0x10, 0x00, 0xb6, 0xa8, 0x09, 0x12, 0x80, 0xff, 0xff, 0x03,
  0x00, 0x00, 0x00, 0xfc, 0xff, 0x48, 0x3c, 0x12, 0x80, 0x48, 0x3e, 0x12, 0x80, 0x6c, 0x49, 0x11,
  0x80, 0x31, 0x70, 0x08, 0x80, 0x30, 0x0a, 0x12, 0x80, 0xe1, 0x18, 0x06, 0x80, 0xe2, 0x63, 0x3b,
  0x62, 0x3a, 0xd1, 0x39, 0xd0, 0x12, 0x6a, 0x7d, 0x67, 0x3c, 0xd4, 0x40, 0xf0, 0x50, 0xc3, 0xa0,
  0xf5, 0x04, 0xb2, 0x40, 0xea, 0x01, 0x6c, 0x05, 0x2a, 0x0c, 0x6a, 0x9d, 0x67, 0x40, 0xf0, 0x50,
  0xc4, 0xfb, 0x10, 0x80, 0xf5, 0x14, 0xb2, 0xa0, 0xf1, 0x64, 0xa2, 0x01, 0x6a, 0x6c, 0xea, 0xe0,
  0xf0, 0x0f, 0x2a, 0x3c, 0x92, 0x3c, 0x96, 0xff, 0xf7, 0x1f, 0x6c, 0x64, 0xa2, 0x03, 0x4e, 0x43,
  0xa2, 0xa2, 0xa6, 0x60, 0x33, 0x4d, 0xeb, 0x44, 0xa6, 0x0d, 0x65, 0x3c, 0x95, 0xe3, 0xa6, 0x2d,
  0xd2, 0xa8, 0xa5, 0x2c, 0xd5, 0x4c, 0xa6, 0x3c, 0x95, 0x2e, 0xd2, 0x50, 0xa6, 0x30, 0xa5, 0x0e,
  0xa6, 0xaf, 0xa6, 0x26, 0xd2, 0x3c, 0x92, 0x54, 0xa2, 0x32, 0xd2, 0x52, 0xa6, 0x2a, 0xd2, 0x53,
  0xa6, 0x31, 0xd2, 0x54, 0xa6, 0x29, 0xd2, 0x3c, 0x92, 0x58, 0xa2, 0x30, 0xd2, 0x56, 0xa6, 0x28,
  0xd2, 0x57, 0xa6, 0x2f, 0xd2, 0x58, 0xa6, 0x27, 0xd2, 0x4c, 0x43, 0x8c, 0xea, 0xe7, 0xf7, 0x1d,
  0x5a, 0x80, 0xf1, 0x00, 0x60, 0xe0, 0x37, 0x48, 0x67, 0x4d, 0xef, 0x8c, 0xef, 0x04, 0x5f, 0x60,
  0xf1, 0x19, 0x61, 0x08, 0xf0, 0x01, 0x5f, 0x60, 0xf1, 0x15, 0x60, 0xe3, 0xeb, 0x60, 0xf1, 0x12,
  0x61, 0x2d, 0x94, 0x01, 0x74, 0x1b, 0x60, 0x15, 0x04, 0x00, 0xf5, 0x00, 0xb2, 0x36, 0xd3, 0x33,
  0xd5, 0x34, 0xd6, 0x40, 0xea, 0x35, 0xd7, 0x5d, 0x67, 0x60, 0xf0, 0x9b, 0xa2, 0x04, 0x6a, 0x36,
  0x93, 0x4c, 0xec, 0x33, 0x95, 0x34, 0x96, 0x35, 0x97, 0x05, 0x24, 0x2c, 0x94, 0x02, 0x5c, 0x02,
  0x61, 0x09, 0x68, 0x61, 0x11, 0x2d, 0x92, 0x02, 0x5a, 0x40, 0xf1, 0x16, 0x60, 0x2c, 0x94, 0x04,
  0x5c, 0x40, 0xf1, 0x12, 0x60, 0x2e, 0x92, 0x04, 0x5a, 0x40, 0xf1, 0x0e, 0x60, 0x00, 0x30, 0x50,
  0x67, 0x2d, 0xea, 0x02, 0x67, 0xff, 0xf7, 0x1f, 0x6c, 0xfa, 0x48, 0x8c, 0xe8, 0x61, 0xf4, 0x1b,
  0x58, 0x2b, 0xd2, 0x40, 0xf1, 0x03, 0x60, 0x26, 0x92, 0x40, 0x32, 0xad, 0xea, 0x8c, 0xea, 0x06,
  0x5a, 0x26, 0xd2, 0x20, 0xf1, 0x1b, 0x61, 0x81, 0xf4, 0x01, 0x5a, 0x20, 0xf1, 0x17, 0x60, 0x2b,
  0x95, 0xa3, 0xea, 0x20, 0xf1, 0x13, 0x61, 0x2a, 0x92, 0x32, 0x95, 0x04, 0x68, 0x40, 0x32, 0xad,
  0xea, 0x8c, 0xea, 0xe0, 0xf1, 0x14, 0x5a, 0x2a, 0xd2, 0x20, 0xf1, 0x0d, 0x60, 0x29, 0x92, 0x31,
  0x95, 0x40, 0x32, 0xad, 0xea, 0x8c, 0xea, 0x29, 0xd2, 0xf6, 0x4a, 0x8c, 0xea, 0x61, 0xf4, 0x17,
  0x5a, 0x00, 0xf1, 0x1e, 0x60, 0x26, 0x95, 0x2a, 0x92, 0xae, 0x34, 0x01, 0x4a, 0x98, 0xea, 0x29,
  0x95, 0x12, 0xec, 0xa2, 0xec, 0x00, 0xf1, 0x14, 0x60, 0x40, 0xf4, 0x04, 0xb4, 0x20, 0xf0, 0xb4,
  0xa4, 0x01, 0x6c, 0xac, 0xec, 0x07, 0x24, 0x6a, 0x34, 0x83, 0xef, 0x04, 0x60, 0xe8, 0x33, 0xff,
  0xf7, 0x1f, 0x6c, 0x8c, 0xeb, 0x20, 0xf4, 0x0c, 0xb4, 0xe0, 0xf0, 0x83, 0xa4, 0x0c, 0x68, 0xf7,
  0xe3, 0x96, 0x34, 0x18, 0xec, 0x12, 0xec, 0x83, 0xed, 0x04, 0x60, 0x8d, 0xe3, 0xff, 0xf7, 0x1f,
  0x6c, 0x8c, 0xeb, 0x28, 0x94, 0x30, 0x95, 0x80, 0x34, 0xad, 0xec, 0x28, 0xd4, 0x27, 0x94, 0x2f,
  0x95, 0x80, 0x34, 0xad, 0xec, 0x28, 0x95, 0x27, 0xd4, 0xa3, 0xec, 0xe0, 0xf0, 0x0b, 0x61, 0x26,
  0x94, 0xa6, 0x35, 0xff, 0x4c, 0xa2, 0xec, 0xe0, 0xf0, 0x05, 0x61, 0x2a, 0x94, 0x0e, 0x24, 0x29,
  0x95, 0x08, 0x68, 0xac, 0x34, 0x5a, 0xec, 0x01, 0x2a, 0xe5, 0xe8, 0xff, 0xf7, 0x1f, 0x6c, 0x12,
  0xea, 0x8c, 0xea, 0x2b, 0x94, 0x83, 0xea, 0xc0, 0xf0, 0x16, 0x61, 0x36, 0xd3, 0x34, 0xd6, 0x35,
  0xd7, 0x04, 0x6c, 0xf1, 0xb2, 0x40, 0xea, 0x00, 0x6d, 0x36, 0x93, 0x34, 0x96, 0x35, 0x97, 0x06,
  0x2a, 0x0c, 0x6a, 0xbd, 0x67, 0x40, 0xf0, 0x50, 0xc5, 0x00, 0x68, 0xc5, 0x10, 0x36, 0xd3, 0x34,
  0xd6, 0xea, 0xb2, 0x40, 0xea, 0x35, 0xd7, 0x08, 0x5a, 0x22, 0x67, 0x36, 0x93, 0x34, 0x96, 0x35,
  0x97, 0x12, 0x61, 0x7d, 0x67, 0x09, 0x6a, 0x40, 0xf0, 0x50, 0xc3, 0x00, 0x6a, 0xe4, 0xb3, 0x04,
  0xd2, 0x06, 0xd2, 0x05, 0xd3, 0x02, 0x6c, 0x80, 0xf1, 0x06, 0x6e, 0x81, 0xf4, 0x08, 0x6f, 0xe1,
  0xb2, 0x40, 0xea, 0xf8, 0x6d, 0x9d, 0x10, 0x36, 0xd3, 0x34, 0xd6, 0xdf, 0xb2, 0x40, 0xea, 0x35,
  0xd7, 0xd5, 0xb0, 0xa0, 0xf1, 0x58, 0xd8, 0x2d, 0x94, 0x36, 0x93, 0x01, 0x6a, 0x8c, 0xea, 0xa0,
  0xf1, 0x84, 0xa0, 0xa0, 0xf1, 0x66, 0xc8, 0x54, 0x33, 0x21, 0x6a, 0x4b, 0xea, 0x8c, 0xea, 0x2c,
  0x94, 0x6d, 0xea, 0x19, 0x6d, 0x03, 0x6b, 0x35, 0x97, 0x6c, 0xec, 0xab, 0xed, 0x8c, 0x34, 0xac,
  0xea, 0x8d, 0xea, 0xa0, 0xf1, 0xe8, 0xc8, 0xa0, 0xf1, 0x44, 0xc0, 0x34, 0x96, 0xcf, 0xb4, 0x36,
  0xd3, 0xa6, 0x46, 0xcf, 0xb2, 0x40, 0xea, 0x06, 0x6e, 0x36, 0x93, 0x2e, 0x95, 0xa0, 0xf1, 0x84,
  0xa0, 0x07, 0x6a, 0xac, 0xeb, 0x4b, 0xea, 0x64, 0x33, 0x8c, 0xea, 0x6d, 0xea, 0xa0, 0xf1, 0x44,
  0xc0, 0x5d, 0x67, 0xa0, 0xf0, 0x6c, 0x42, 0x40, 0xab, 0x7d, 0x67, 0x90, 0xf0, 0x88, 0x43, 0x60,
  0xac, 0xa0, 0xf1, 0x4a, 0xc8, 0xc3, 0xb2, 0x26, 0x94, 0x2b, 0x95, 0x40, 0x9a, 0xa0, 0xf1, 0x6c,
  0xc8, 0x40, 0xea, 0x00, 0x65, 0x9d, 0x67, 0xa0, 0xf0, 0xa8, 0x44, 0x80, 0xad, 0xbe, 0xb3, 0xa0,
  0xf1, 0xa4, 0xa8, 0xa0, 0xf1, 0x8e, 0xc8, 0x80, 0xa3, 0x07, 0x6b, 0xc0, 0xf1, 0x4c, 0xc8, 0x8c,
  0xeb, 0x78, 0x34, 0xc0, 0xf1, 0x01, 0x6b, 0x6b, 0xeb, 0xac, 0xeb, 0x8d, 0xeb, 0xbd, 0x67, 0xa0,
  0xf1, 0x64, 0xc8, 0xa0, 0xf0, 0x64, 0x45, 0xa0, 0xab, 0x27, 0x93, 0xa0, 0xf1, 0xb0, 0xc8, 0x08,
  0x2b, 0x6f, 0x42, 0x64, 0x33, 0x27, 0xd3, 0x27, 0x94, 0xff, 0xf7, 0x1f, 0x6b, 0x6c, 0xec, 0x27,
  0xd4, 0x28, 0x95, 0x02, 0x2d, 0x27, 0x93, 0x28, 0xd3, 0x9d, 0x67, 0xa0, 0xf0, 0xa0, 0x44, 0x80,
  0xad, 0x9d, 0xb3, 0xbd, 0x67, 0xa0, 0xf1, 0x92, 0xcb, 0x90, 0xf0, 0x8c, 0x45, 0xa0, 0xac, 0x28,
  0x94, 0xa0, 0xf1, 0xb4, 0xcb, 0xaf, 0x42, 0xa4, 0x36, 0x82, 0xee, 0x01, 0x60, 0x86, 0x67, 0x46,
  0x32, 0xc0, 0xf1, 0x8e, 0xcb, 0x09, 0x55, 0x94, 0xb3, 0xa0, 0xf1, 0x5c, 0xcb, 0x45, 0x67, 0x01,
  0x61, 0x08, 0x6a, 0xa0, 0xf1, 0x5e, 0xc3, 0x90, 0xb2, 0xa0, 0xf1, 0x84, 0xa2, 0x01, 0x6b, 0xc0,
  0xf1, 0x25, 0xc2, 0x8d, 0xeb, 0xa0, 0xf1, 0x64, 0xc2, 0x9d, 0x67, 0x00, 0x6a, 0x40, 0xf0, 0x50,
  0xc4, 0x00, 0x68, 0x0a, 0x10, 0x01, 0x68, 0x07, 0x10, 0x02, 0x68, 0x05, 0x10, 0x03, 0x68, 0x03,
  0x10, 0x06, 0x68, 0x01, 0x10, 0x07, 0x68, 0x0b, 0x69, 0x3c, 0x95, 0x5d, 0x67, 0x80, 0xad, 0x40,
  0xf0, 0xb0, 0xa2, 0x8e, 0xb2, 0x40, 0xea, 0x00, 0x65, 0x7d, 0x67, 0x40, 0xf0, 0x50, 0xa3, 0x80,
  0xf0, 0x02, 0x2a, 0x80, 0xb2, 0xe0, 0xf0, 0x81, 0xa2, 0xe0, 0xf0, 0x60, 0xa2, 0x01, 0x6d, 0x80,
  0x34, 0x6d, 0xec, 0xe0, 0xf0, 0x62, 0xa2, 0xe0, 0xf0, 0x43, 0xa2, 0x60, 0x33, 0x60, 0x33, 0x8d,
  0xeb, 0x00, 0xf6, 0x40, 0x32, 0x6d, 0xea, 0x62, 0x67, 0xac, 0xeb, 0x36, 0x23, 0x80, 0xb4, 0x60,
  0xa4, 0x09, 0x2b, 0x02, 0x6b, 0x4c, 0xeb, 0x06, 0x2b, 0x6f, 0xb3, 0xc0, 0xf1, 0xcc, 0xab, 0x7d,
  0xb3, 0xa0, 0xc4, 0xc0, 0xc3, 0x02, 0x6b, 0x4c, 0xeb, 0x05, 0x23, 0x80, 0xf4, 0x40, 0x32, 0x00,
  0xf5, 0x42, 0x32, 0x02, 0x10, 0x77, 0xb2, 0x40, 0xa2, 0x67, 0xb3, 0xc0, 0xf1, 0x8c, 0xab, 0x4a,
  0xec, 0x1b, 0x60, 0x03, 0x6d, 0x04, 0xd5, 0x6a, 0xb5, 0x05, 0xd5, 0x07, 0xd4, 0x08, 0xd2, 0x02,
  0x6c, 0x36, 0xd3, 0x06, 0xd1, 0xe0, 0xf1, 0x01, 0x6e, 0x02, 0xf0, 0x1d, 0x6f, 0x65, 0xb2, 0x40,
  0xea, 0xf8, 0x6d, 0x6c, 0xb2, 0x36, 0x93, 0x40, 0xa2, 0xc0, 0xf1, 0x4c, 0xcb, 0x6a, 0xb3, 0x80,
  0xab, 0x01, 0x6a, 0x44, 0xe9, 0x8d, 0xea, 0x40, 0xcb, 0x68, 0xb2, 0x40, 0x9a, 0x07, 0x22, 0x40,
  0xea, 0x14, 0x04, 0x04, 0x22, 0x9d, 0x67, 0x40, 0xf0, 0x50, 0xa4, 0x9d, 0x10, 0x64, 0xb2, 0x40,
  0xea, 0x00, 0x65, 0x51, 0xb2, 0xa0, 0xf1, 0x7c, 0xaa, 0x91, 0x67, 0xe0, 0xf1, 0x70, 0xca, 0x61,
  0xb3, 0x40, 0xeb, 0x33, 0xd2, 0x33, 0x92, 0x04, 0xf1, 0x62, 0xaa, 0x04, 0xf1, 0x60, 0xca, 0x00,
  0x6b, 0x04, 0xf1, 0x64, 0xc2, 0x4b, 0xb2, 0xc0, 0xf0, 0x99, 0xa2, 0xc0, 0xf0, 0x78, 0xa2, 0x80,
  0x34, 0x6d, 0xec, 0xc0, 0xf0, 0x7a, 0xa2, 0xc0, 0xf0, 0x5b, 0xa2, 0x60, 0x33, 0x60, 0x33, 0x8d,
  0xeb, 0x00, 0xf6, 0x40, 0x32, 0x6d, 0xea, 0x80, 0x6b, 0x6c, 0xea, 0x05, 0x22, 0x52, 0xb2, 0x80,
  0xa2, 0x52, 0xb2, 0x40, 0xea, 0x00, 0x6d, 0x0d, 0x6a, 0x41, 0xb5, 0x05, 0xd5, 0x04, 0xd2, 0x7d,
  0x67, 0x40, 0xf0, 0x50, 0xa3, 0x07, 0xd0, 0x38, 0xb0, 0x06, 0xd2, 0xa0, 0xf1, 0x58, 0x98, 0x03,
  0x69, 0x01, 0x6c, 0x08, 0xd2, 0xa0, 0xf1, 0x46, 0xa8, 0xf8, 0x6d, 0x00, 0xf2, 0x0b, 0x6e, 0x09,
  0xd2, 0xa0, 0xf1, 0x48, 0xa8, 0xa1, 0xf4, 0x16, 0x6f, 0x0a, 0xd2, 0xa0, 0xf1, 0x44, 0xa0, 0x56,
  0x33, 0x4e, 0x32, 0x8c, 0xeb, 0x2c, 0xea, 0x0b, 0xd3, 0x0c, 0xd2, 0xc0, 0xf1, 0x46, 0xa0, 0x31,
  0xb3, 0x91, 0x67, 0x0d, 0xd2, 0xc0, 0xf1, 0x47, 0xa0, 0x0e, 0xd2, 0xc0, 0xf1, 0x48, 0xa0, 0x0f,
  0xd2, 0xc0, 0xf1, 0x49, 0xa0, 0x10, 0xd2, 0xc0, 0xf1, 0x4a, 0xa0, 0x11, 0xd2, 0xc0, 0xf1, 0x4b,
  0xa0, 0x36, 0xd3, 0x40, 0xeb, 0x12, 0xd2, 0x0c, 0x6a, 0x25, 0xb4, 0x05, 0xd4, 0x04, 0xd2, 0xa0,
  0xf1, 0x44, 0xa0, 0x07, 0x6c, 0x36, 0x93, 0x46, 0x32, 0x2c, 0xea, 0x06, 0xd2, 0xa0, 0xf1, 0x44,
  0xa8, 0xf8, 0x6d, 0x00, 0xf2, 0x13, 0x6e, 0x5a, 0x32, 0x8c, 0xea, 0x07, 0xd2, 0xa0, 0xf1, 0x4a,
  0xa8, 0x91, 0x67, 0xa1, 0xf4, 0x17, 0x6f, 0x08, 0xd2, 0xa0, 0xf1, 0x4c, 0xa8, 0x09, 0xd2, 0xc0,
  0xf1, 0x4c, 0xa8, 0x0a, 0xd2, 0xa0, 0xf1, 0x5c, 0xa8, 0x0b, 0xd2, 0xa0, 0xf1, 0x5e, 0xa0, 0x0c,
  0xd2, 0xa0, 0xf1, 0x4e, 0xa8, 0x0d, 0xd2, 0xa0, 0xf1, 0x50, 0xa8, 0x0e, 0xd2, 0xa0, 0xf1, 0x52,
  0xa8, 0x0f, 0xd2, 0xa0, 0xf1, 0x54, 0xa8, 0x10, 0xd2, 0xc0, 0xf1, 0x4e, 0xa8, 0x40, 0xeb, 0x11,
  0xd2, 0xbd, 0x67, 0x40, 0xf0, 0x50, 0xa5, 0x3b, 0x97, 0x3a, 0x91, 0x39, 0x90, 0x00, 0xef, 0x1e,
  0x63, 0xed, 0x81, 0x04, 0x80, 0x48, 0x3c, 0x12, 0x80, 0xd1, 0xfa, 0x01, 0x80, 0xf4, 0xd7, 0x12,
  0x80, 0xa8, 0x00, 0x12, 0x80, 0x21, 0x31, 0x06, 0x80, 0xf9, 0x10, 0x06, 0x80, 0x6c, 0x49, 0x11,
  0x80, 0x31, 0x70, 0x08, 0x80, 0x31, 0x12, 0x06, 0x80, 0x0e, 0x3e, 0x12, 0x80, 0x55, 0xf1, 0x00,
  0x80, 0x14, 0x07, 0x12, 0x80, 0x11, 0x07, 0x12, 0x80, 0x01, 0x17, 0x02, 0x80, 0x25, 0x15, 0x12,
  0x80, 0x7c, 0x0a, 0x12, 0x80, 0x84, 0x16, 0x12, 0x80, 0x28, 0x15, 0x12, 0x80, 0xed, 0x2f, 0x06,
  0x80, 0xe1, 0x07, 0x06, 0x80, 0x00, 0x00, 0x12, 0x80, 0x39, 0x9e, 0x00, 0x80, 0x41, 0x00, 0x00,
  0x00, 0x01, 0x01, 0x01, 0x01, 0x06, 0x06, 0x5c, 0x94, 0xcf, 0x5a, 0x00, 0x00, 0x32, 0x65, 0x99,
  0x04, 0x00, 0x00, 0x00, 0x00, 0x00, 0x00, 0x00, 0x00, 0x00, 0x00, 0x00, 0x00, 0x00, 0x00, 0x00,
  0x00, 0x00, 0x00, 0x00, 0x00, 0x00, 0x00, 0x00, 0x00, 0x00, 0x00, 0x00, 0x00, 0x00, 0x00, 0x00,
  0x00, 0x00, 0x00, 0x00, 0x00, 0x00, 0x00, 0x00, 0x00, 0x00, 0x00, 0x00, 0x00, 0x00, 0x00, 0x00,
  0x00, 0x00, 0x00, 0x00, 0x00, 0x00, 0x00, 0x00, 0x00, 0x00, 0x00, 0x00, 0x00, 0x00, 0x00, 0x00,
  0x00, 0x00, 0x00, 0x00, 0x00, 0x00, 0x00, 0x00, 0x00, 0x00, 0x00, 0x00, 0x00, 0x00, 0x00, 0x00,
  0x00, 0x00, 0x00, 0x00, 0x00, 0x00, 0x00, 0x00, 0x00, 0x00, 0x00, 0x00, 0x00, 0x00, 0x00, 0x00,
  0x00, 0x00, 0x00, 0x00, 0x00, 0x00, 0x00, 0x00, 0x00, 0x00, 0x00, 0x00, 0x00, 0x00, 0x00, 0x00,
  0x00, 0x00, 0x00, 0x00, 0x00, 0x00, 0x00, 0x00, 0x00, 0x00, 0x00, 0x00, 0x00, 0x00, 0x00, 0x00,
  0x00, 0x00, 0x00, 0x00, 0x00, 0x00, 0x00, 0x00, 0x00, 0x00, 0x00, 0x00, 0x00, 0x00, 0x00, 0x00,
  0x00, 0x00, 0x00, 0x00, 0x00, 0x00, 0x00, 0x00, 0x00, 0x00, 0x00, 0x00, 0x00, 0x00, 0x00, 0x00,
  0x00, 0x00, 0x00, 0x00, 0x00, 0x00, 0x00, 0x00, 0x00, 0x00, 0x00, 0x00, 0x00, 0x00, 0x00, 0x00,
  0x00, 0x00, 0x00, 0x00, 0x00, 0x00, 0x00, 0x00, 0x00, 0x00, 0x00, 0x00, 0x00, 0x00, 0x00, 0x00,
  0x00, 0x00, 0x00, 0x00, 0x00, 0x00, 0x00, 0x00, 0x00, 0x00, 0x00, 0x00, 0x00, 0x00, 0x00, 0x00,
  0x00, 0x00, 0x00, 0x00, 0x00, 0x00, 0x00, 0x00, 0x00, 0x00, 0x00, 0x00, 0x00, 0x00, 0x00, 0x00,
  0x00, 0x00, 0x00, 0x00, 0x00, 0x00, 0x00, 0x00, 0x00, 0x00, 0x00, 0x00, 0x00, 0x00, 0x00, 0x00,
  0x00, 0x00, 0x00, 0x00, 0x00, 0x00, 0x00, 0x00, 0x00, 0x00, 0x00, 0x00, 0x00, 0x00, 0x00, 0x00,
  0x00, 0x00, 0x00, 0x00, 0x00, 0x00, 0x00, 0x00, 0x00, 0x00, 0x00, 0x00, 0x00, 0x00, 0x00, 0x00,
  0x00, 0x00, 0x00, 0x00, 0x00, 0x00, 0x00, 0x00, 0x00, 0x00, 0x00, 0x00, 0x00, 0x00, 0x00, 0x00,
  0x00, 0x00, 0x00, 0x00, 0x00, 0x00, 0x00, 0x00, 0x00, 0x00, 0x00, 0x00, 0x00, 0x00, 0x00, 0x00,
  0x00, 0x00, 0x00, 0x00, 0x00, 0x00, 0x00, 0x00, 0x00, 0x00, 0x00, 0x00, 0x00, 0x00, 0x00, 0x00,
  0x00, 0x00, 0x00, 0x00, 0x00, 0x00, 0x00, 0x00, 0x00, 0x00, 0x00, 0x00, 0x00, 0x00, 0x00, 0x00,
  0x00, 0x00, 0x00, 0x00, 0x00, 0x00, 0x00, 0x00, 0x00, 0x00, 0x00, 0x00, 0x00, 0x00, 0x00, 0x00,
  0x00, 0x00, 0x00, 0x00, 0x00, 0x00, 0x00, 0x00, 0x00, 0x00, 0x00, 0x00, 0x00, 0x00, 0x00, 0x00,
  0x00, 0x00, 0x00, 0x00, 0x00, 0x00, 0x00, 0x00, 0x00, 0x00, 0x00, 0x00, 0x00, 0x00, 0x00, 0x00,
  0x00, 0x00, 0x00, 0x00, 0x00, 0x00, 0x00, 0x00, 0x00, 0x00, 0x00, 0x00, 0x00, 0x00, 0x00, 0x00,
  0x00, 0x00, 0x00, 0x00, 0x00, 0x00, 0x00, 0x00, 0x00, 0x00, 0x00, 0x00, 0x00, 0x00, 0x00, 0x00,
  0x00, 0x00, 0x00, 0x00, 0x00, 0x00, 0x00, 0x00, 0x00, 0x00, 0x00, 0x00, 0x00, 0x00, 0x00, 0x00,
  0x00, 0x00, 0x00, 0x00, 0x00, 0x00, 0x00, 0x00, 0x00, 0x00, 0x00, 0x00, 0x00, 0x00, 0x00, 0x00,
  0x00, 0x00, 0x00, 0x00, 0x00, 0x00, 0x00, 0x00, 0x00, 0x00, 0x00, 0x00, 0x00, 0x00, 0x00, 0x00,
  0x00, 0x00, 0x00, 0x00, 0x00, 0x00, 0x00, 0x00, 0x00, 0x00, 0x00, 0x00, 0x00, 0x00, 0x00, 0x00,
  0x00, 0x00, 0x00, 0x00, 0x00, 0x00, 0x00, 0x00, 0x00, 0x00, 0x00, 0x00, 0x00, 0x00, 0x00, 0x00,
  0x00, 0x00, 0x00, 0x00, 0x00, 0x00, 0x00, 0x00, 0x00, 0x00, 0x00, 0x00, 0x00, 0x00, 0x00, 0x00,
  0x00, 0x00, 0x00, 0x00, 0x00, 0x00, 0x00, 0x00, 0x00, 0x00, 0x00, 0x00, 0x00, 0x00, 0x00, 0x00,
  0x00, 0x00, 0x00, 0x00, 0x00, 0x00, 0x00, 0x00, 0x00, 0x00, 0x00, 0x00, 0x00, 0x00, 0x00, 0x00,
  0x00, 0x00, 0x00, 0x00, 0x00, 0x00, 0x00, 0x00, 0x00, 0x00, 0x00, 0x00, 0x00, 0x00, 0x00, 0x00,
  0x00, 0x00, 0x00, 0x00, 0x00, 0x00, 0x00, 0x00, 0x00, 0x00, 0x00, 0x00, 0x00, 0x00, 0x00, 0x00,
  0x00, 0x00, 0x00, 0x00, 0x00, 0x00, 0x00, 0x00, 0x00, 0x00, 0x00, 0x00, 0x00, 0x00, 0x00, 0x00,
  0x00, 0x00, 0x00, 0x00, 0x00, 0x00, 0x00, 0x00, 0x00, 0x00, 0x00, 0x00, 0x00, 0x00, 0x00, 0x00,
  0x00, 0x00, 0x00, 0x00, 0x00, 0x00, 0x00, 0x00, 0x00, 0x00, 0x00, 0x00, 0x00, 0x00, 0x00, 0x00,
  0x00, 0xfc, 0x63, 0x07, 0x62, 0x06, 0xd1, 0x05, 0xd0, 0xb0, 0xb2, 0x41, 0x9a, 0xb0, 0xb3, 0xb1,
  0xb1, 0x42, 0x34, 0x82, 0x34, 0x80, 0xcb, 0xb0, 0xb3, 0x40, 0xcb, 0xb0, 0xb2, 0x40, 0xea, 0x00,
  0x65, 0xaf, 0xb2, 0x40, 0xea, 0x00, 0x65, 0xaf, 0xb2, 0xaf, 0xb3, 0x60, 0xda, 0xaf, 0xb2, 0xb0,
  0xb3, 0x60, 0xda, 0xb0, 0xb2, 0x45, 0xd9, 0xb0, 0xb2, 0x42, 0xd9, 0xb0, 0xb2, 0x80, 0xf1, 0x40,
  0xd9, 0xaf, 0xb2, 0xe0, 0xf0, 0x44, 0xd9, 0xaf, 0xb3, 0xaf, 0xb2, 0xb0, 0xb0, 0x60, 0xda, 0xc0,
  0xf0, 0x99, 0xa0, 0xc0, 0xf0, 0x58, 0xa0, 0xc0, 0xf0, 0x7a, 0xa0, 0x80, 0x34, 0x4d, 0xec, 0xc0,
  0xf0, 0x5b, 0xa0, 0x60, 0x33, 0x60, 0x33, 0x6d, 0xec, 0x00, 0xf6, 0x40, 0x32, 0x02, 0x6b, 0x8d,
  0xea, 0x6b, 0xeb, 0x6c, 0xea, 0x42, 0x33, 0xc0, 0xf0, 0x58, 0xc0, 0xc0, 0xf0, 0x79, 0xc0, 0x00,
  0xf6, 0x42, 0x32, 0x62, 0x33, 0xc0, 0xf0, 0x7a, 0xc0, 0xc0, 0xf0, 0x5b, 0xc0, 0xa0, 0xb3, 0xa1,
  0xb2, 0x60, 0xda, 0xa1, 0xb2, 0xa1, 0xb3, 0x60, 0xda, 0xa1, 0xb2, 0xa2, 0xb3, 0x60, 0xda, 0xa2,
  0xb2, 0xa2, 0xb3, 0x60, 0xda, 0xa2, 0xb2, 0xa3, 0xb3, 0x60, 0xda, 0xa3, 0xb2, 0xa3, 0xb3, 0x60,
  0xda, 0xa3, 0xb2, 0xa4, 0xb3, 0x60, 0xda, 0xa4, 0xb2, 0xa4, 0xb3, 0x60, 0xda, 0xa4, 0xb2, 0xa5,
  0xb3, 0x60, 0xda, 0xa5, 0xb2, 0xa5, 0xb3, 0x60, 0xda, 0xa5, 0xb2, 0xa6, 0xb3, 0x60, 0xda, 0xa6,
  0xb2, 0xa6, 0xb3, 0x60, 0xda, 0xa6, 0xb2, 0xa7, 0xb3, 0x60, 0xda, 0xa7, 0xb2, 0xa7, 0xb3, 0x60,
  0xda, 0xa7, 0xb2, 0xa8, 0xb3, 0x60, 0xda, 0xa8, 0xb3, 0xa8, 0xb2, 0x60, 0xda, 0xa8, 0xb2, 0x40,
  0xea, 0x00, 0x65, 0xa8, 0xb2, 0xa8, 0xb3, 0x60, 0xda, 0xa8, 0xb2, 0xa9, 0xb3, 0x60, 0xda, 0xa9,
  0xb2, 0xa9, 0xb3, 0x60, 0xda, 0xa9, 0xb2, 0xaa, 0xb3, 0x60, 0xda, 0xaa, 0xb2, 0xaa, 0xb3, 0x60,
  0xda, 0x00, 0x6a, 0xaa, 0xb3, 0x20, 0xf1, 0x48, 0xc0, 0xa9, 0xb2, 0x60, 0xda, 0xa9, 0xb2, 0x40,
  0xea, 0x00, 0x65, 0xa9, 0xb2, 0xa9, 0xb3, 0x60, 0xda, 0xa9, 0xb2, 0xaa, 0xb3, 0x60, 0xda, 0xaa,
  0xb2, 0x00, 0x6b, 0x60, 0xca, 0x71, 0x6a, 0x60, 0xf0, 0x4b, 0xc0, 0x60, 0xf0, 0x53, 0xc0, 0x60,
  0xf0, 0x55, 0xc0, 0x00, 0xf1, 0x5d, 0xc0, 0xa5, 0xb2, 0x5d, 0xd9, 0x7e, 0x6b, 0xa4, 0xb2, 0x6b,
  0xeb, 0xc0, 0xf0, 0x4c, 0xd9, 0xa3, 0xb2, 0x60, 0xf0, 0x6a, 0xc0, 0x60, 0xf0, 0x72, 0xc0, 0x60,
  0xf0, 0x74, 0xc0, 0x00, 0xf1, 0x7c, 0xc0, 0x20, 0xf1, 0x5c, 0xd9, 0x9f, 0xb3, 0x9f, 0xb2, 0x60,
  0xda, 0x9f, 0xb2, 0x40, 0xea, 0x00, 0x65, 0x9f, 0xb2, 0x40, 0xea, 0x00, 0x65, 0x9e, 0xb2, 0x9f,
  0xb3, 0x60, 0xda, 0xe0, 0xf0, 0x4d, 0xa0, 0x01, 0x6b, 0xc0, 0xf0, 0x99, 0xa0, 0x6d, 0xea, 0xe0,
  0xf0, 0x4d, 0xc0, 0xc0, 0xf0, 0x7a, 0xa0, 0xc0, 0xf0, 0x58, 0xa0, 0x80, 0x34, 0x60, 0x33, 0x4d,
  0xec, 0xc0, 0xf0, 0x5b, 0xa0, 0x60, 0x33, 0x6d, 0xec, 0x95, 0xb3, 0x00, 0xf6, 0x40, 0x32, 0x8d,
  0xea, 0x6d, 0xea, 0x42, 0x33, 0xc0, 0xf0, 0x58, 0xc0, 0x00, 0xf6, 0x42, 0x32, 0xc0, 0xf0, 0x5b,
  0xc0, 0x90, 0xb2, 0x40, 0xa2, 0xc0, 0xf0, 0x79, 0xc0, 0x62, 0x33, 0xc0, 0xf0, 0x7a, 0xc0, 0x06,
  0x6b, 0x6c, 0xea, 0x06, 0x72, 0x03, 0x61, 0x8c, 0xb2, 0x40, 0xea, 0x14, 0x6c, 0x8b, 0xb2, 0x8c,
  0xb3, 0x60, 0xda, 0x8c, 0xb2, 0x8c, 0xb3, 0x60, 0xda, 0x8c, 0xb2, 0x8d, 0xb3, 0x60, 0xda, 0x8d,
  0xb2, 0x5f, 0xd9, 0x8d, 0xb3, 0x00, 0x6a, 0x40, 0xcb, 0x8c, 0xb3, 0x40, 0xc3, 0x8c, 0xb4, 0x8d,
  0xb3, 0x80, 0xdb, 0x8d, 0xb3, 0x40, 0xc3, 0x8d, 0xb3, 0x40, 0xc3, 0x8d, 0xb2, 0x8d, 0xb3, 0x60,
  0xda, 0x8d, 0xb2, 0x8e, 0xb3, 0x60, 0xda, 0x20, 0xf1, 0x49, 0xa0, 0x07, 0x6b, 0x6b, 0xeb, 0x6c,
  0xea, 0x20, 0xf1, 0x49, 0xc0, 0x8a, 0xb3, 0x8b, 0xb2, 0x60, 0xda, 0x8b, 0xb2, 0x8b, 0xb3, 0x60,
  0xda, 0x8b, 0xb2, 0x8c, 0xb3, 0x60, 0xda, 0x16, 0x6b, 0x00, 0x6a, 0xa0, 0xf0, 0x6e, 0xc0, 0xa0,
  0xf0, 0x4f, 0xc0, 0xa0, 0xf0, 0x6c, 0xc0, 0xa0, 0xf0, 0x4d, 0xc0, 0x87, 0xb3, 0x87, 0xb2, 0x60,
  0xda, 0x87, 0xb2, 0x88, 0xb3, 0x60, 0xda, 0x88, 0xb2, 0x88, 0xb3, 0x60, 0xda, 0x88, 0xb2, 0x89,
  0xb3, 0x60, 0xda, 0x89, 0xb2, 0x4e, 0xd9, 0x89, 0xb3, 0x89, 0xb2, 0x60, 0xda, 0x89, 0xb2, 0x8a,
  0xb3, 0x60, 0xda, 0x8a, 0xb2, 0x8a, 0xb3, 0x65, 0xda, 0x8a, 0xb2, 0xa0, 0xf0, 0x54, 0xd9, 0x8a,
  0xb3, 0x8a, 0xb2, 0x60, 0xda, 0x8a, 0xb2, 0x8b, 0xb3, 0x60, 0xda, 0x8b, 0xb2, 0x04, 0x6b, 0x60,
  0xc2, 0x8a, 0xb2, 0x8b, 0xb3, 0x60, 0xda, 0x36, 0x6a, 0x00, 0xf1, 0x4e, 0xc0, 0x6b, 0x6a, 0x4b,
  0xea, 0x00, 0xf1, 0x4f, 0xc0, 0x87, 0xb3, 0x88, 0xb2, 0x60, 0xda, 0x88, 0xb2, 0x00, 0xf1, 0x48,
  0xd9, 0x07, 0x97, 0x06, 0x91, 0x05, 0x90, 0x86, 0xb2, 0x86, 0xb3, 0x60, 0xda, 0x86, 0xb2, 0x87,
  0xb3, 0x60, 0xda, 0x00, 0xef, 0x04, 0x63, 0x00, 0x65, 0xcc, 0xe2, 0x11, 0x80, 0x9a, 0x00, 0x12,
  0x80, 0x44, 0x07, 0x12, 0x80, 0x98, 0x00, 0x12, 0x80, 0x51, 0x62, 0x11, 0x80, 0x69, 0xc6, 0x11,
  0x80, 0x54, 0x09, 0x12, 0x80, 0xd5, 0x43, 0x11, 0x80, 0x30, 0x0a, 0x12, 0x80, 0x4d, 0x3d, 0x11,
  0x80, 0xf1, 0x47, 0x11, 0x80, 0xd1, 0x44, 0x11, 0x80, 0x05, 0x45, 0x11, 0x80, 0xa1, 0x5e, 0x11,
  0x80, 0x01, 0x5b, 0x11, 0x80, 0xe0, 0x16, 0x12, 0x80, 0xa8, 0x00, 0x12, 0x80, 0x1d, 0x3c, 0x11,
  0x80, 0x90, 0x17, 0x12, 0x80, 0x30, 0x0b, 0x12, 0x80, 0x75, 0x3f, 0x11, 0x80, 0x94, 0x0f, 0x12,
  0x80, 0x11, 0x3f, 0x11, 0x80, 0x1c, 0x10, 0x12, 0x80, 0x81, 0x71, 0x11, 0x80, 0x30, 0x11, 0x12,
  0x80, 0xed, 0x8a, 0x11, 0x80, 0x64, 0x12, 0x12, 0x80, 0x35, 0x81, 0x11, 0x80, 0x7c, 0x12, 0x12,
  0x80, 0x49, 0x3e, 0x11, 0x80, 0x00, 0x11, 0x12, 0x80, 0x45, 0x77, 0x11, 0x80, 0x38, 0x10, 0x12,
  0x80, 0x85, 0x3c, 0x11, 0x80, 0x30, 0x10, 0x12, 0x80, 0xe1, 0x3c, 0x11, 0x80, 0xe8, 0x04, 0x12,
  0x80, 0xe9, 0x43, 0x11, 0x80, 0xd4, 0x17, 0x12, 0x80, 0xa9, 0x5a, 0x11, 0x80, 0x98, 0x17, 0x12,
  0x80, 0x0d, 0x3c, 0x11, 0x80, 0xa8, 0x12, 0x12, 0x80, 0x81, 0x47, 0x11, 0x80, 0x34, 0x14, 0x12,
  0x80, 0xb9, 0x5c, 0x11, 0x80, 0x29, 0x43, 0x11, 0x80, 0x30, 0x14, 0x12, 0x80, 0xe1, 0x97, 0x11,
  0x80, 0x98, 0x12, 0x12, 0x80, 0x35, 0x5d, 0x11, 0x80, 0x7c, 0x10, 0x12, 0x80, 0xc5, 0x5d, 0x11,
  0x80, 0x6c, 0x10, 0x12, 0x80, 0x61, 0x3c, 0x11, 0x80, 0x00, 0x0d, 0x12, 0x80, 0x59, 0x5c, 0x11,
  0x80, 0x04, 0x0d, 0x12, 0x80, 0x29, 0x5e, 0x11, 0x80, 0xad, 0x51, 0x11, 0x80, 0x70, 0x10, 0x12,
  0x80, 0x49, 0xbe, 0x11, 0x80, 0xec, 0x16, 0x12, 0x80, 0x65, 0x3d, 0x11, 0x80, 0x78, 0x13, 0x12,
  0x80, 0x19, 0x47, 0x11, 0x80, 0xf8, 0xf9, 0x12, 0x80, 0x45, 0x55, 0x11, 0x80, 0x89, 0x55, 0x11,
  0x80, 0xcd, 0x55, 0x11, 0x80, 0x89, 0x48, 0x11, 0x80, 0xa0, 0x13, 0x12, 0x80, 0xc5, 0x69, 0x11,
  0x80, 0xa1, 0x02, 0x01, 0x80, 0x48, 0x10, 0x12, 0x80, 0xf1, 0x5b, 0x11, 0x80, 0x00, 0x00, 0x00,
  0x08, 0x70, 0x2f, 0x11, 0x80, 0xfd, 0x1c, 0x01, 0x80, 0x60, 0x06, 0x12, 0x80, 0xbd, 0x4a, 0x11,
  0x80, 0x64, 0x06, 0x12, 0x80, 0x09, 0x4d, 0x11, 0x80, 0x5c, 0x0f, 0x12, 0x80, 0x3d, 0x3d, 0x11,
  0x80, 0x55, 0x4f, 0x11, 0x80, 0xf6, 0xf9, 0x12, 0x80, 0xf4, 0xf9, 0x12, 0x80, 0x61, 0x3d, 0x11,
  0x80, 0xe4, 0x16, 0x12, 0x80, 0x08, 0xf8, 0x12, 0x80, 0xb0, 0xf8, 0x12, 0x80, 0x74, 0x16, 0x12,
  0x80, 0x19, 0x52, 0x11, 0x80, 0x04, 0x11, 0x12, 0x80, 0x2d, 0x7d, 0x11, 0x80, 0x41, 0x58, 0x11,
  0x80, 0x40, 0x0b, 0x12, 0x80, 0x3c, 0x1a, 0x12, 0x80, 0xb1, 0x52, 0x11, 0x80, 0xb0, 0x09, 0x12,
  0x80, 0xf1, 0x5e, 0x11, 0x80, 0xc5, 0x3d, 0x11, 0x80, 0xb8, 0x16, 0x12, 0x80, 0x38, 0x0b, 0x12,
  0x80, 0x9d, 0x7b, 0x11, 0x80, 0x50, 0x15, 0x12, 0x80, 0x95, 0x43, 0x11, 0x80, 0x6c, 0x05, 0x12,
  0x80, 0xc1, 0x5b, 0x11, 0x80, 0x21, 0x64, 0x11, 0x80, 0x61, 0x64, 0x11, 0x80, 0x08, 0x17, 0x12,
  0x80, 0x0c, 0x17, 0x12, 0x80, 0x09, 0x5d, 0x11, 0x80, 0x74, 0x09, 0x12, 0x80, 0x69, 0x45, 0x11,
  0x80, 0xc5, 0x45, 0x11, 0x80, 0x55, 0x45, 0x11, 0x80, 0x04, 0x17, 0x12, 0x80, 0xd8, 0x14, 0x12,
  0x80, 0xe5, 0x3d, 0x11, 0x80, 0xae, 0x09, 0x12, 0x80, 0x44, 0x17, 0x12, 0x80, 0x5d, 0x5f, 0x11,
  0x80, 0xb1, 0xcf, 0x11, 0x80, 0x30, 0x15, 0x12, 0x80, 0x99, 0x47, 0x11, 0x80, 0x2c, 0x0b, 0x12,
  0x80, 0xa1, 0x5f, 0x11, 0x80, 0x44, 0x06, 0x12, 0x80, 0xf1, 0xd3, 0x11, 0x80, 0x03, 0xb2, 0x00,
  0x6b, 0x60, 0xc2, 0x20, 0xe8, 0x00, 0x6a, 0x00, 0x65, 0x15, 0xfa, 0x12, 0x80, 0x00, 0x6b, 0xa0,
  0xf2, 0x1c, 0x6a, 0x58, 0xeb, 0x0e, 0xb2, 0x12, 0xec, 0x89, 0xe2, 0xa0, 0xf0, 0x92, 0xa2, 0x0e,
  0x24, 0x00, 0xf2, 0x99, 0xa2, 0x0b, 0x2c, 0xe0, 0xf0, 0x87, 0xa2, 0x08, 0x6d, 0xac, 0xec, 0x06,
  0x24, 0xc0, 0xf0, 0x90, 0xa2, 0x01, 0x74, 0x02, 0x61, 0x00, 0xf2, 0x99, 0xc2, 0x01, 0x4b, 0xff,
  0x6a, 0x4c, 0xeb, 0x0a, 0x5b, 0xe4, 0x61, 0x20, 0xe8, 0x00, 0x6a, 0x00, 0x65, 0x50, 0x1c, 0x13,
  0x80, 0x43, 0xa4, 0x09, 0x6b, 0x6c, 0xea, 0x09, 0x22, 0xfd, 0x63, 0x05, 0x62, 0x05, 0xb2, 0x40,
  0xea, 0x00, 0x65, 0x05, 0x97, 0x00, 0x6a, 0x00, 0xef, 0x03, 0x63, 0x20, 0xe8, 0x00, 0x6a, 0x00,
  0x65, 0x11, 0x9d, 0x11, 0x80, 0x11, 0xb3, 0x12, 0xb2, 0xc0, 0xf1, 0xbc, 0xa3, 0x60, 0xf1, 0x53,
  0xa2, 0x01, 0x6e, 0xad, 0xea, 0x0f, 0xb5, 0xa4, 0xa5, 0xad, 0xea, 0xc0, 0xf1, 0xb0, 0xa3, 0x0e,
  0xb3, 0x60, 0xa3, 0xcc, 0xed, 0xad, 0xea, 0xcc, 0xeb, 0x6d, 0xea, 0xff, 0x6b, 0x6c, 0xea, 0x0a,
  0x22, 0x0a, 0xb3, 0x20, 0xf1, 0xb8, 0x9b, 0x0a, 0xb2, 0xad, 0xea, 0x20, 0xf1, 0x58, 0xdb, 0x00,
  0x6a, 0x40, 0xc4, 0x01, 0x6a, 0x20, 0xe8, 0x00, 0x65, 0x04, 0x3c, 0x12, 0x80, 0xb0, 0x55, 0x12,
  0x80, 0xf8, 0x49, 0x12, 0x80, 0x44, 0x4c, 0x12, 0x80, 0x80, 0x34, 0x12, 0x80, 0x00, 0x00, 0x01,
  0x00, 0x11, 0xb2, 0x40, 0xf0, 0x64, 0xa2, 0x11, 0xb2, 0x20, 0xf0, 0x54, 0xa2, 0xff, 0x6c, 0x4d,
  0xeb, 0x01, 0x6a, 0x4c, 0xeb, 0x0e, 0xb2, 0x44, 0xa2, 0x4d, 0xeb, 0x8c, 0xeb, 0x10, 0x23, 0x0d,
  0xb2, 0x0d, 0xb3, 0xa0, 0xaa, 0x60, 0xab, 0xff, 0xf7, 0x1f, 0x6a, 0x4c, 0xeb, 0xac, 0xea, 0x5a,
  0x32, 0x6a, 0x33, 0x8c, 0xeb, 0x40, 0x32, 0x6d, 0xea, 0x08, 0xb3, 0x20, 0xf1, 0x40, 0xdb, 0x20,
  0xe8, 0x00, 0x6a, 0x00, 0x65, 0x04, 0x3c, 0x12, 0x80, 0x50, 0xde, 0x12, 0x80, 0xf8, 0x49, 0x12,
  0x80, 0x64, 0x11, 0x00, 0xb6, 0x7a, 0x11, 0x00, 0xb6, 0x80, 0x34, 0x12, 0x80, 0x03, 0xb3, 0x01,
  0x6c, 0x40, 0x9b, 0x8d, 0xea, 0x20, 0xe8, 0x40, 0xdb, 0x30, 0x60, 0x00, 0xb0, 0xfd, 0x63, 0x05,
  0x62, 0x03, 0xb2, 0x40, 0xea, 0x00, 0x65, 0x05, 0x97, 0x00, 0xef, 0x03, 0x63, 0xa5, 0xbb, 0x11,
  0x80, 0x20, 0xe8, 0x01, 0x6a, 0xff, 0x63, 0x01, 0xd0, 0x15, 0xb4, 0x7f, 0x4d, 0x01, 0x4d, 0xa8,
  0x32, 0x14, 0xb5, 0x55, 0xe5, 0x40, 0xac, 0x60, 0x9d, 0xff, 0xf7, 0x1f, 0x6d, 0xac, 0xea, 0x6c,
  0xa3, 0xc2, 0x67, 0xac, 0xee, 0xc2, 0x36, 0x01, 0x68, 0x66, 0x33, 0xd6, 0x36, 0x0c, 0xeb, 0x0c,
  0xee, 0x6e, 0xee, 0x0f, 0x26, 0x02, 0xf0, 0x01, 0x6f, 0x60, 0x33, 0xeb, 0xef, 0x70, 0x36, 0xec,
  0xea, 0xcd, 0xea, 0x04, 0xf0, 0x01, 0x6e, 0xcb, 0xee, 0x74, 0x33, 0xcc, 0xea, 0x6d, 0xea, 0xac,
  0xea, 0x40, 0xcc, 0x01, 0x90, 0x00, 0x6a, 0x20, 0xe8, 0x01, 0x63, 0x00, 0x65, 0x5a, 0x10, 0x00,
  0xb6, 0x04, 0x3c, 0x12, 0x80, 0xfd, 0x63, 0x05, 0x62, 0xa7, 0x44, 0x05, 0x6e, 0x04, 0xb4, 0x05,
  0xb2, 0x40, 0xea, 0x43, 0x4d, 0x05, 0x97, 0x00, 0x6a, 0x00, 0xef, 0x03, 0x63, 0xd0, 0xf8, 0x12,
  0x80, 0x5d, 0xee, 0x00, 0x80, 0xfd, 0x63, 0x05, 0x62, 0x15, 0xb2, 0xff, 0xf7, 0x1f, 0x6d, 0x08,
  0xf0, 0x00, 0x6b, 0x40, 0xaa, 0xac, 0xea, 0x4c, 0xeb, 0xac, 0xeb, 0x09, 0x23, 0x08, 0xf0, 0x01,
  0x6b, 0x6b, 0xeb, 0x6c, 0xea, 0x0f, 0xb3, 0x60, 0x9b, 0x4c, 0xed, 0x40, 0xeb, 0x5e, 0x6c, 0x0e,
  0xb2, 0xff, 0xf7, 0x1f, 0x6d, 0xff, 0x6b, 0x40, 0xaa, 0x01, 0x4b, 0xac, 0xea, 0x4c, 0xeb, 0xac,
  0xeb, 0x0a, 0x23, 0xff, 0x6b, 0x02, 0x4b, 0x6b, 0xeb, 0x6c, 0xea, 0x06, 0xb3, 0x60, 0x9b, 0xff,
  0x6c, 0x4c, 0xed, 0x40, 0xeb, 0x21, 0x4c, 0x05, 0x97, 0x00, 0xef, 0x03, 0x63, 0x5e, 0x00, 0x00,
  0xb6, 0xe8, 0x04, 0x12, 0x80, 0x20, 0x01, 0x00, 0xb6, 0xfb, 0x63, 0x09, 0x62, 0x08, 0xd1, 0x07,
  0xd0, 0x44, 0xa4, 0x64, 0x67, 0x83, 0xa4, 0x40, 0x32, 0x25, 0x67, 0x89, 0xe2, 0xff, 0xf7, 0x1f,
  0x6c, 0x8c, 0xea, 0x5f, 0xf5, 0x13, 0x72, 0xf8, 0x67, 0x00, 0xa5, 0x35, 0x27, 0xbf, 0xf5, 0x0b,
  0x72, 0x98, 0x67, 0x40, 0x24, 0x9f, 0xf4, 0x17, 0x72, 0x00, 0x6a, 0x28, 0x61, 0x23, 0xb4, 0xa7,
  0xac, 0x09, 0xe3, 0x10, 0x48, 0xa2, 0x36, 0xc2, 0xc2, 0xa3, 0xc2, 0xa6, 0xac, 0xa2, 0x36, 0xc4,
  0xc2, 0xa5, 0xc2, 0xa5, 0xac, 0xa2, 0x36, 0xc6, 0xc2, 0xa7, 0xc2, 0xa4, 0xac, 0xa2, 0x36, 0xc8,
  0xc2, 0xa9, 0xc2, 0xa3, 0xac, 0xa2, 0x36, 0xca, 0xc2, 0xab, 0xc2, 0xa2, 0xac, 0xa2, 0x36, 0xcc,
  0xc2, 0xad, 0xc2, 0xa1, 0xac, 0xa2, 0x36, 0xaf, 0xc2, 0xce, 0xc2, 0x80, 0xac, 0x82, 0x35, 0xb0,
  0xc2, 0x91, 0xc2, 0xff, 0x6a, 0x4c, 0xe8, 0x01, 0xc3, 0x01, 0x6a, 0x00, 0xc1, 0x09, 0x97, 0x08,
  0x91, 0x07, 0x90, 0x00, 0xef, 0x05, 0x63, 0x82, 0x40, 0x91, 0xe3, 0x18, 0x6e, 0x00, 0x6d, 0x0c,
  0xb2, 0x04, 0xd7, 0x40, 0xea, 0x0a, 0xd3, 0x0a, 0x93, 0x04, 0x97, 0x01, 0x6a, 0x4f, 0xc3, 0xee,
  0xc3, 0x18, 0x48, 0xe7, 0x17, 0x09, 0xe3, 0x1b, 0x6d, 0xa2, 0xc2, 0x1e, 0x6d, 0x83, 0xc2, 0xa4,
  0xc2, 0x85, 0xc2, 0x04, 0x48, 0xde, 0x17, 0x00, 0x65, 0xbc, 0xf8, 0x12, 0x80, 0x8d, 0xef, 0x00,
  0x80, 0xfd, 0x63, 0x05, 0x62, 0x04, 0xd0, 0x12, 0xb2, 0x40, 0xea, 0x00, 0x65, 0x02, 0x67, 0x11,
  0xb2, 0x60, 0x9a, 0x04, 0x6a, 0x4c, 0xeb, 0x10, 0xb2, 0x01, 0x23, 0x60, 0x9a, 0x00, 0x6c, 0x80,
  0xda, 0x0e, 0xb2, 0x62, 0x33, 0x62, 0x33, 0x80, 0x9a, 0xff, 0xf7, 0x1f, 0x6d, 0x60, 0x33, 0xac,
  0xec, 0x60, 0x33, 0x8d, 0xeb, 0x60, 0xda, 0x0a, 0xb2, 0x40, 0xea, 0x00, 0x6c, 0x09, 0xb2, 0x40,
  0xea, 0x90, 0x67, 0x05, 0x97, 0x04, 0x90, 0x00, 0xef, 0x03, 0x63, 0x00, 0x65, 0xe4, 0x94, 0x00,
  0x80, 0xa0, 0xad, 0x00, 0xb0, 0xe0, 0x2d, 0x11, 0x80, 0x30, 0x00, 0x00, 0xb5, 0x29, 0xcd, 0x00,
  0x80, 0x00, 0x95, 0x00, 0x80, 0xf0, 0x63, 0x1f, 0x62, 0x1e, 0xd1, 0x1d, 0xd0, 0x00, 0x6a, 0x55,
  0xcc, 0x60, 0xf7, 0x17, 0x6a, 0x41, 0xdc, 0x52, 0xa4, 0x04, 0x67, 0x80, 0xf1, 0x13, 0x22, 0x20,
  0xf0, 0x48, 0xa4, 0x80, 0xf1, 0x0f, 0x22, 0xd5, 0xb2, 0x40, 0x9a, 0x40, 0xea, 0x00, 0x65, 0x22,
  0x67, 0x06, 0x22, 0x55, 0xa8, 0x04, 0x6b, 0x6d, 0xea, 0x55, 0xc8, 0x00, 0x69, 0x6a, 0x10, 0xd0,
  0xb2, 0x40, 0x9a, 0x40, 0xea, 0x90, 0x67, 0x04, 0x22, 0x55, 0xa8, 0x40, 0x6b, 0x6d, 0xea, 0x55,
  0xc8, 0x43, 0x98, 0xcc, 0xb3, 0x01, 0x6c, 0x21, 0xf4, 0x48, 0xcb, 0x42, 0x98, 0x21, 0xf4, 0x44,
  0xdb, 0xc0, 0xf1, 0x50, 0xa3, 0x8c, 0xea, 0x80, 0xf0, 0x11, 0x2a, 0xc7, 0xb4, 0x80, 0xa4, 0x20,
  0xf0, 0x48, 0xa3, 0x8d, 0xea, 0x01, 0x6c, 0x8c, 0xea, 0x80, 0xf0, 0x1f, 0x2a, 0xa0, 0xf1, 0x44,
  0xa3, 0x01, 0x6c, 0x8c, 0xea, 0xc1, 0xb4, 0x84, 0xa4, 0x8d, 0xea, 0xff, 0x6c, 0x8c, 0xea, 0x08,
  0x22, 0x50, 0xa0, 0x0c, 0x72, 0x05, 0x60, 0xe1, 0xf4, 0x54, 0xab, 0x01, 0x4a, 0xe1, 0xf4, 0x54,
  0xcb, 0x40, 0xf0, 0x44, 0xa3, 0x01, 0x6c, 0x8c, 0xea, 0xb9, 0xb4, 0x84, 0xa4, 0x8d, 0xea, 0xff,
  0x6c, 0x8c, 0xea, 0x08, 0x22, 0x50, 0xa0, 0x0d, 0x72, 0x05, 0x60, 0x01, 0xf5, 0x44, 0xab, 0x01,
  0x4a, 0x01, 0xf5, 0x44, 0xcb, 0x60, 0xf2, 0x5c, 0xa3, 0x80, 0xf0, 0x01, 0x2a, 0x00, 0x6a, 0x15,
  0xd2, 0xff, 0x4a, 0x17, 0xd2, 0x20, 0xf0, 0x48, 0xa0, 0x15, 0x94, 0xaa, 0xb7, 0x43, 0xec, 0x80,
  0xf0, 0x0d, 0x61, 0xc0, 0xf0, 0xc3, 0x41, 0xd0, 0x32, 0x5d, 0xe7, 0x42, 0x8f, 0xe0, 0xf3, 0x1e,
  0x52, 0x00, 0xf1, 0x07, 0x60, 0xa7, 0xb2, 0x40, 0x9a, 0xb1, 0x67, 0x90, 0x67, 0x15, 0xd3, 0x40,
  0xea, 0x14, 0xd6, 0x14, 0x96, 0x15, 0x93, 0xe0, 0xf0, 0x1c, 0x22, 0x55, 0xa8, 0x08, 0x6b, 0x6d,
  0xea, 0x55, 0xc8, 0xa1, 0xb2, 0x60, 0xa2, 0x02, 0x6a, 0x4c, 0xeb, 0xff, 0x6a, 0x4c, 0xeb, 0x31,
  0x23, 0x0b, 0x59, 0x98, 0xb3, 0x00, 0xf1, 0x15, 0x60, 0x47, 0x41, 0x79, 0x4a, 0x48, 0x32, 0x49,
  0xe3, 0x40, 0x9a, 0x58, 0xaa, 0x21, 0xf4, 0x8e, 0x8b, 0x0d, 0xd2, 0x42, 0x98, 0x12, 0xd4, 0x80,
  0x98, 0x0c, 0xd2, 0x43, 0x98, 0x11, 0xd4, 0x81, 0x98, 0x0b, 0xd2, 0x50, 0xa0, 0x10, 0xd4, 0x92,
  0xa0, 0x0a, 0xd2, 0x09, 0xd1, 0x0f, 0xd4, 0x91, 0xa0, 0xa1, 0xf5, 0x07, 0x6f, 0x04, 0xf2, 0x07,
  0x6e, 0x0e, 0xd4, 0x21, 0xf4, 0x4b, 0xa3, 0xfa, 0x6d, 0x08, 0xd2, 0x21, 0xf4, 0x4a, 0xa3, 0x07,
  0xd2, 0x55, 0xa8, 0x06, 0xd2, 0x89, 0xb2, 0x05, 0xd2, 0x0d, 0x6a, 0x04, 0xd2, 0x88, 0xb2, 0x40,
  0xea, 0x05, 0x6c, 0x1f, 0x97, 0x1e, 0x91, 0x1d, 0x90, 0x00, 0xef, 0x10, 0x63, 0xc0, 0xf1, 0xb2,
  0xab, 0x00, 0x6a, 0x7f, 0xf7, 0x0a, 0x25, 0x01, 0x6c, 0xac, 0xec, 0x0a, 0x24, 0x90, 0xa0, 0x4e,
  0xec, 0x07, 0x24, 0xc0, 0xf0, 0x83, 0x42, 0x90, 0x34, 0x91, 0xe3, 0xc2, 0xac, 0x01, 0x4e, 0xc2,
  0xcc, 0x01, 0x4a, 0xff, 0x6c, 0xa6, 0x35, 0x8c, 0xea, 0xec, 0x17, 0x50, 0xa0, 0x0b, 0x72, 0x5f,
  0xf7, 0x1d, 0x60, 0xe1, 0xf4, 0x44, 0xab, 0x01, 0x4a, 0xe1, 0xf4, 0x44, 0xcb, 0x57, 0x17, 0x60,
  0xf2, 0xbe, 0xa3, 0x10, 0x6a, 0x7f, 0xf7, 0x1a, 0x25, 0x01, 0x6c, 0xac, 0xec, 0x0a, 0x24, 0x90,
  0xa0, 0x4e, 0xec, 0x07, 0x24, 0xc0, 0xf0, 0x83, 0x42, 0x90, 0x34, 0x91, 0xe3, 0xc2, 0xac, 0x01,
  0x4e, 0xc2, 0xcc, 0x01, 0x4a, 0xff, 0x6c, 0xa6, 0x35, 0x8c, 0xea, 0xec, 0x17, 0x15, 0x92, 0x49,
  0xe0, 0x54, 0xa2, 0x14, 0xd2, 0x0b, 0x5a, 0x7f, 0x4a, 0x44, 0x4a, 0x16, 0xd2, 0x4d, 0x60, 0x14,
  0x92, 0x14, 0x94, 0x1a, 0xd3, 0x7f, 0x4a, 0x01, 0x4a, 0x48, 0x32, 0x49, 0xe7, 0x18, 0xd2, 0x40,
  0x9a, 0x1b, 0xd7, 0x19, 0xd2, 0x5f, 0xb2, 0x40, 0xea, 0x00, 0x65, 0x1a, 0x93, 0x55, 0x22, 0x5e,
  0xb2, 0x40, 0xea, 0x14, 0x94, 0xa2, 0x67, 0x19, 0x92, 0xa0, 0xf0, 0x98, 0xaa, 0x5b, 0xb2, 0x40,
  0xea, 0x10, 0x6e, 0xff, 0xf7, 0x1f, 0x6c, 0x8c, 0xea, 0x04, 0x5a, 0x1a, 0x93, 0x1b, 0x97, 0x2c,
  0x60, 0x16, 0x92, 0x00, 0xf4, 0x00, 0x6c, 0x84, 0xf1, 0x0d, 0x6e, 0x50, 0x32, 0x49, 0xe7, 0x82,
  0xca, 0x57, 0xa0, 0xfa, 0x6d, 0x0f, 0xd2, 0x56, 0xa0, 0x19, 0xd3, 0x0e, 0xd2, 0x55, 0xa0, 0x0d,
  0xd2, 0x54, 0xa0, 0x0c, 0xd2, 0x43, 0x98, 0x0b, 0xd2, 0x20, 0xf0, 0x48, 0xa0, 0x0a, 0xd2, 0xe0,
  0xf1, 0x42, 0xa7, 0xdf, 0xf7, 0x19, 0x6f, 0x09, 0xd2, 0x18, 0x92, 0x40, 0x9a, 0x58, 0xaa, 0x08,
  0xd2, 0x14, 0x92, 0x07, 0xd2, 0x00, 0x6a, 0x06, 0xd2, 0x40, 0xb2, 0x05, 0xd2, 0x0a, 0x6a, 0x04,
  0xd2, 0x3f, 0xb2, 0x40, 0xea, 0x01, 0x6c, 0x19, 0x93, 0x16, 0x92, 0x50, 0x32, 0x49, 0xe3, 0x88,
  0xa2, 0x01, 0x4c, 0x88, 0xc2, 0x14, 0x94, 0xa2, 0x98, 0x42, 0x8a, 0x90, 0x34, 0x91, 0xe3, 0x41,
  0xf4, 0xa0, 0xdc, 0x17, 0x94, 0x42, 0xec, 0x02, 0x60, 0x14, 0x91, 0x17, 0xd2, 0x15, 0x94, 0xff,
  0x6a, 0x01, 0x4c, 0x4c, 0xec, 0x15, 0xd4, 0xfe, 0x16, 0x14, 0x94, 0x35, 0xb2, 0x40, 0xea, 0x18,
  0xd3, 0x18, 0x93, 0x08, 0x2a, 0x16, 0x92, 0x50, 0x34, 0x26, 0xb2, 0x89, 0xe2, 0xe0, 0xf3, 0x1f,
  0x6c, 0x82, 0xca, 0xda, 0x17, 0x14, 0x94, 0x2f, 0xb2, 0x40, 0xea, 0x18, 0xd3, 0x18, 0x93, 0xf2,
  0x22, 0xd3, 0x17, 0xd0, 0x32, 0x49, 0xe3, 0x88, 0xa2, 0x21, 0xf4, 0x2a, 0xc3, 0x21, 0xf4, 0x8c,
  0xc3, 0x82, 0xaa, 0x21, 0xf4, 0x8e, 0xcb, 0x30, 0x34, 0x91, 0xe3, 0x21, 0xf4, 0xbc, 0x9c, 0x21,
  0xf4, 0xb0, 0xdb, 0x02, 0x6d, 0x21, 0xf4, 0xab, 0xc3, 0x00, 0x6b, 0x68, 0xc2, 0x63, 0xaa, 0x02,
  0x6d, 0x62, 0xca, 0x42, 0x98, 0x21, 0xf4, 0x5c, 0xdc, 0x1f, 0xb2, 0x40, 0xea, 0x91, 0x67, 0x55,
  0xa8, 0x10, 0x6b, 0xe5, 0x16, 0x1c, 0xb2, 0x00, 0x6d, 0x40, 0xea, 0x1f, 0x6c, 0x55, 0xa8, 0x20,
  0x6b, 0x72, 0x16, 0xa8, 0x41, 0xf8, 0x4d, 0xac, 0xea, 0x04, 0x5a, 0xff, 0xf7, 0x1f, 0x6c, 0x44,
  0x67, 0xff, 0xf6, 0x08, 0x60, 0x20, 0xf2, 0x0c, 0x6a, 0x58, 0xed, 0x12, 0xea, 0x49, 0xe3, 0x20,
  0xf4, 0x58, 0x9a, 0x8c, 0xea, 0xdf, 0x16, 0x00, 0x65, 0x24, 0x0b, 0x12, 0x80, 0x28, 0x0b, 0x12,
  0x80, 0x04, 0x3c, 0x12, 0x80, 0x44, 0x4c, 0x12, 0x80, 0xc8, 0x49, 0x12, 0x80, 0xf8, 0x49, 0x12,
  0x80, 0x2c, 0x0b, 0x12, 0x80, 0xb8, 0x32, 0x12, 0x80, 0x14, 0xd7, 0x11, 0x80, 0x11, 0x46, 0x08,
  0x80, 0xc1, 0x95, 0x06, 0x80, 0x5d, 0xa5, 0x05, 0x80, 0x09, 0xdf, 0x03, 0x80, 0xa9, 0x95, 0x06,
  0x80, 0xed, 0x95, 0x06, 0x80, 0xdd, 0x91, 0x05, 0x80, 0x40, 0xa4, 0x52, 0x32, 0x02, 0x72, 0x1c,
  0x61, 0x14, 0xb2, 0x44, 0x9a, 0x02, 0x72, 0x22, 0x61, 0x13, 0xb2, 0x40, 0xa2, 0x01, 0x72, 0x1e,
  0x61, 0xfd, 0x63, 0x05, 0x62, 0x11, 0xb3, 0x4d, 0xab, 0xff, 0xf7, 0x1f, 0x6c, 0x8e, 0xea, 0x08,
  0x2a, 0x0f, 0xb5, 0x01, 0x6c, 0x40, 0xf0, 0x81, 0xc3, 0x4d, 0xcb, 0x0e, 0xb2, 0x40, 0xea, 0x27,
  0x6c, 0x05, 0x97, 0x00, 0x6a, 0x00, 0xef, 0x03, 0x63, 0x08, 0x72, 0x04, 0x60, 0x0b, 0x6b, 0x6c,
  0xea, 0x0b, 0x72, 0x04, 0x61, 0x05, 0xb2, 0x52, 0x9a, 0x01, 0x6b, 0x7e, 0xc2, 0x20, 0xe8, 0x00,
  0x6a, 0xb0, 0x55, 0x12, 0x80, 0x24, 0xfa, 0x12, 0x80, 0x00, 0xde, 0x12, 0x80, 0x00, 0x00, 0x40,
  0x00, 0x69, 0xf4, 0x00, 0x80, 0xfc, 0x63, 0x07, 0x62, 0x06, 0xd1, 0x05, 0xd0, 0x0b, 0xb2, 0x04,
  0x67, 0x00, 0xf4, 0x00, 0x6c, 0x40, 0xea, 0x26, 0x67, 0x00, 0x6b, 0x05, 0x22, 0xb1, 0x67, 0x08,
  0xb2, 0x40, 0xea, 0x90, 0x67, 0x01, 0x6b, 0x07, 0x97, 0x06, 0x91, 0x05, 0x90, 0x05, 0xb2, 0x60,
  0xca, 0x00, 0x6a, 0x00, 0xef, 0x04, 0x63, 0x00, 0x65, 0x99, 0x32, 0x01, 0x80, 0xdd, 0x9c, 0x11,
  0x80, 0x1e, 0xfa, 0x12, 0x80, 0xfd, 0x63, 0x05, 0x62, 0x03, 0xb2, 0x40, 0xea, 0x00, 0x65, 0x05,
  0x97, 0x00, 0xef, 0x03, 0x63, 0x6d, 0x0e, 0x05, 0x80, 0xfb, 0x63, 0x09, 0x62, 0x08, 0xd1, 0x07,
  0xd0, 0x24, 0x67, 0x65, 0x67, 0x12, 0x2c, 0x01, 0x75, 0x07, 0x61, 0x30, 0xb2, 0x40, 0x9a, 0x0b,
  0xd5, 0x2c, 0x6c, 0x40, 0xea, 0x80, 0x6d, 0x0b, 0x93, 0x91, 0x67, 0x2d, 0xb2, 0x40, 0xea, 0xa3,
  0x67, 0x09, 0x97, 0x08, 0x91, 0x07, 0x90, 0x00, 0xef, 0x05, 0x63, 0x20, 0xf2, 0x16, 0x74, 0xf4,
  0x61, 0x00, 0xf2, 0x01, 0x6a, 0x4b, 0xea, 0xac, 0xea, 0xf9, 0x4a, 0x0c, 0x6c, 0x9a, 0xea, 0x01,
  0x2c, 0xe5, 0xe8, 0x10, 0xea, 0x12, 0xed, 0xe8, 0x2a, 0xff, 0x6a, 0x4c, 0xed, 0x00, 0x68, 0x90,
  0x67, 0x20, 0xb2, 0x0b, 0xd3, 0x40, 0xea, 0x04, 0xd5, 0x04, 0x95, 0x0b, 0x93, 0xaa, 0xea, 0x0c,
  0x60, 0x01, 0x48, 0xff, 0x6a, 0x4c, 0xe8, 0x07, 0x58, 0xf2, 0x61, 0xd6, 0x17, 0x1a, 0xb2, 0x10,
  0x30, 0x01, 0xe2, 0x00, 0x6a, 0x4e, 0xc0, 0xd0, 0x17, 0x10, 0x32, 0x17, 0xb5, 0x55, 0xe5, 0xa0,
  0xf2, 0x1c, 0x6a, 0x58, 0xe8, 0x15, 0xb2, 0x01, 0x6e, 0xcd, 0xc5, 0x12, 0xec, 0x89, 0xe2, 0xc0,
  0xf0, 0x90, 0xa2, 0xc2, 0x2c, 0xc0, 0xf0, 0xec, 0xa2, 0x11, 0xb4, 0xf4, 0x32, 0xfd, 0xe2, 0xe8,
  0x37, 0xe9, 0xe4, 0x40, 0xa2, 0xcc, 0xea, 0x58, 0x32, 0xe9, 0xe2, 0x49, 0xe4, 0x20, 0xf0, 0x90,
  0xa2, 0x0e, 0xec, 0xdc, 0x2c, 0x20, 0xf0, 0x92, 0xa2, 0x02, 0x74, 0xd8, 0x61, 0x20, 0xf0, 0x56,
  0xa2, 0xcc, 0xc5, 0x4e, 0xc5, 0xa9, 0x17, 0x00, 0x65, 0xe8, 0x04, 0x12, 0x80, 0xfd, 0x52, 0x01,
  0x80, 0x89, 0x37, 0x04, 0x80, 0x0c, 0xf8, 0x12, 0x80, 0x50, 0x1c, 0x13, 0x80, 0x34, 0x36, 0x12,
  0x80, 0xfc, 0x63, 0x07, 0x62, 0x80, 0xac, 0x0a, 0xb2, 0x40, 0xea, 0x04, 0x05, 0x7d, 0x67, 0x00,
  0x6a, 0x53, 0xc3, 0xfb, 0x6a, 0x4a, 0xcb, 0x07, 0x6a, 0x56, 0xc3, 0x07, 0x6e, 0x04, 0x05, 0x05,
  0xb2, 0x40, 0xea, 0x0e, 0x6c, 0x07, 0x97, 0x00, 0x6a, 0x00, 0xef, 0x04, 0x63, 0x1d, 0x52, 0x04,
  0x80, 0x19, 0xcb, 0x01, 0x80, 0xfb, 0x63, 0x09, 0x62, 0x80, 0xac, 0x0f, 0xb2, 0x40, 0xea, 0x04,
  0x05, 0x00, 0x6a, 0x7d, 0x67, 0x53, 0xc3, 0x0d, 0xb3, 0x05, 0xd3, 0x7d, 0x67, 0x58, 0xc3, 0x0c,
  0xb2, 0xc0, 0xf0, 0x58, 0xa2, 0x20, 0x6b, 0x6c, 0xea, 0x0c, 0x6b, 0x01, 0x22, 0x06, 0x6b, 0x5d,
  0x67, 0x79, 0xc2, 0x0a, 0x6e, 0x04, 0x05, 0x07, 0xb2, 0x40, 0xea, 0x0e, 0x6c, 0x09, 0x97, 0x00,
  0x6a, 0x00, 0xef, 0x05, 0x63, 0x1d, 0x52, 0x04, 0x80, 0xfb, 0x00, 0x07, 0xfb, 0xa8, 0x00, 0x12,
  0x80, 0x19, 0xcb, 0x01, 0x80, 0xfd, 0x63, 0x05, 0x62, 0x03, 0xb2, 0x40, 0xea, 0x00, 0x6c, 0x05,
  0x97, 0x00, 0xef, 0x03, 0x63, 0x99, 0x9b, 0x05, 0x80, 0xfb, 0x63, 0x09, 0x62, 0x08, 0xd1, 0x07,
  0xd0, 0x04, 0x67, 0x07, 0x4c, 0x25, 0x67, 0x0c, 0xd6, 0x0f, 0xb5, 0x06, 0x6e, 0x01, 0x4c, 0x0f,
  0xb2, 0x40, 0xea, 0x0d, 0xd7, 0x01, 0x5a, 0x58, 0x67, 0x0d, 0xb4, 0x4a, 0xc4, 0x5d, 0x67, 0x20,
  0xf0, 0x5c, 0xa2, 0x0c, 0x93, 0x0d, 0x97, 0x05, 0xd2, 0x5d, 0x67, 0x20, 0xf0, 0x58, 0xa2, 0xb1,
  0x67, 0x90, 0x67, 0x04, 0xd2, 0x07, 0xb2, 0x40, 0xea, 0xc3, 0x67, 0x09, 0x97, 0x08, 0x91, 0x07,
  0x90, 0x00, 0xef, 0x05, 0x63, 0x0c, 0xfa, 0x12, 0x80, 0xa0, 0x96, 0x00, 0x80, 0x08, 0xfa, 0x12,
  0x80, 0xbd, 0xff, 0x04, 0x80, 0xfd, 0x63, 0x05, 0x62, 0x04, 0xd0, 0x08, 0xb2, 0x40, 0xea, 0x04,
  0x67, 0x06, 0x2a, 0x63, 0xa0, 0x06, 0xb4, 0x6b, 0xeb, 0xc0, 0xf7, 0x62, 0x33, 0x63, 0xc4, 0x05,
  0x97, 0x04, 0x90, 0x00, 0xef, 0x03, 0x63, 0x00, 0x65, 0x19, 0xbe, 0x04, 0x80, 0x08, 0xfa, 0x12,
  0x80, 0xfa, 0x63, 0x0b, 0x62, 0x00, 0x6e, 0x00, 0x6d, 0x10, 0xb2, 0x40, 0xea, 0x01, 0x6c, 0x7d,
  0x67, 0x20, 0xf3, 0x09, 0x6a, 0x50, 0xcb, 0x09, 0x92, 0x08, 0x97, 0x04, 0xd2, 0x0c, 0xb2, 0xa0,
  0xa2, 0x0c, 0xb2, 0xc0, 0xa2, 0x0c, 0xb2, 0x80, 0x9a, 0x0c, 0xb2, 0x40, 0xea, 0x00, 0x65, 0x0c,
  0xb2, 0x80, 0xa2, 0x0c, 0xb3, 0x01, 0x6a, 0x44, 0xec, 0x80, 0xab, 0x0b, 0x97, 0x4f, 0xea, 0x8c,
  0xea, 0x40, 0xcb, 0x00, 0xef, 0x06, 0x63, 0x00, 0x65, 0x79, 0x35, 0x01, 0x80, 0x03, 0xfa, 0x12,
  0x80, 0x02, 0xfa, 0x12, 0x80, 0x6c, 0x34, 0x12, 0x80, 0x61, 0x9d, 0x00, 0x80, 0x01, 0xfa, 0x12,
  0x80, 0x04, 0xfa, 0x12, 0x80, 0xf9, 0x63, 0x0d, 0x62, 0x0c, 0xd1, 0x0b, 0xd0, 0x60, 0xa4, 0x18,
  0xb2, 0x18, 0xb1, 0x6c, 0x33, 0x69, 0xe2, 0x03, 0xa2, 0xa0, 0xf2, 0x1c, 0x6a, 0x58, 0xe8, 0x12,
  0xea, 0x45, 0xe1, 0xc0, 0xf0, 0xac, 0xa1, 0xc0, 0xf0, 0x97, 0xa1, 0x13, 0xb2, 0x40, 0xea, 0x00,
  0x65, 0x17, 0x22, 0x7d, 0x67, 0x20, 0xf3, 0x09, 0x6a, 0x50, 0xcb, 0x09, 0x92, 0x08, 0x97, 0x04,
  0xd2, 0x0e, 0xb2, 0x80, 0x9a, 0xc0, 0xf0, 0xb7, 0xa1, 0xc0, 0xf0, 0xcc, 0xa1, 0x0c, 0xb2, 0x40,
  0xea, 0x00, 0x65, 0x0c, 0xb3, 0x80, 0xab, 0x01, 0x6a, 0x44, 0xe8, 0x4f, 0xea, 0x8c, 0xea, 0x40,
  0xcb, 0x0d, 0x97, 0x0c, 0x91, 0x0b, 0x90, 0x00, 0x6a, 0x00, 0xef, 0x07, 0x63, 0xe4, 0x32, 0x12,
  0x80, 0x50, 0x1c, 0x13, 0x80, 0x81, 0x82, 0x01, 0x80, 0x6c, 0x34, 0x12, 0x80, 0x61, 0x9d, 0x00,
  0x80, 0x04, 0xfa, 0x12, 0x80, 0xfd, 0x63, 0x05, 0x62, 0x60, 0xac, 0xa0, 0xf2, 0x1c, 0x6a, 0x58,
  0xeb, 0x0b, 0xb2, 0x12, 0xeb, 0x69, 0xe2, 0xc0, 0xf0, 0xac, 0xa2, 0xc0, 0xf0, 0x97, 0xa2, 0x09,
  0xb2, 0x40, 0xea, 0x00, 0x65, 0x08, 0xb3, 0x49, 0xe3, 0x60, 0xa2, 0x41, 0x6c, 0x8b, 0xec, 0x8c,
  0xeb, 0x60, 0xc2, 0x05, 0x97, 0x00, 0x6a, 0x00, 0xef, 0x03, 0x63, 0x00, 0x65, 0x50, 0x1c, 0x13,
  0x80, 0xd9, 0x3a, 0x04, 0x80, 0xe0, 0x10, 0x12, 0x80, 0xfd, 0x63, 0x05, 0x62, 0xa0, 0xa4, 0x10,
  0xb4, 0x01, 0x6e, 0xb4, 0x32, 0xa9, 0xe2, 0x48, 0x33, 0x69, 0xe4, 0x40, 0xa2, 0xcc, 0xea, 0x58,
  0x32, 0x69, 0xe2, 0x49, 0xe4, 0x20, 0xf0, 0x94, 0xa2, 0x0a, 0xb2, 0x40, 0xea, 0x00, 0x65, 0x4c,
  0x32, 0x09, 0xb3, 0x4d, 0xe3, 0x63, 0xa3, 0x09, 0xb2, 0x70, 0x33, 0x69, 0xe2, 0x6c, 0xa2, 0x02,
  0x23, 0x00, 0x6b, 0x6e, 0xc2, 0x05, 0x97, 0x00, 0x6a, 0x00, 0xef, 0x03, 0x63, 0x34, 0x36, 0x12,
  0x80, 0xd9, 0x3a, 0x04, 0x80, 0xe4, 0x32, 0x12, 0x80, 0x0c, 0xf8, 0x12, 0x80, 0xfd, 0x63, 0x05,
  0x62, 0x03, 0xb2, 0x40, 0xea, 0x00, 0x65, 0x05, 0x97, 0x00, 0xef, 0x03, 0x63, 0xd5, 0x64, 0x07,
  0x80, 0xfd, 0x63, 0x05, 0x62, 0x80, 0xf2, 0x10, 0x6c, 0x03, 0xb2, 0x40, 0xea, 0x03, 0x6d, 0x05,
  0x97, 0x00, 0xef, 0x03, 0x63, 0xc9, 0x3f, 0x01, 0x80, 0xfc, 0x63, 0x07, 0x62, 0x43, 0xa4, 0x1c,
  0x22, 0x10, 0xb3, 0x44, 0xa3, 0x19, 0x22, 0x44, 0xa4, 0x03, 0x6d, 0x04, 0x6e, 0x4c, 0xed, 0x45,
  0xa3, 0xcb, 0xee, 0xcc, 0xea, 0xad, 0xea, 0x45, 0xc3, 0x80, 0xac, 0x0b, 0xb2, 0x40, 0xea, 0x04,
  0x05, 0x00, 0x6a, 0x7d, 0x67, 0x53, 0xc3, 0x04, 0x6e, 0x04, 0x05, 0x08, 0xb2, 0x40, 0xea, 0x0e,
  0x6c, 0x00, 0x6a, 0x07, 0x97, 0x00, 0xef, 0x04, 0x63, 0x05, 0xb2, 0x40, 0xea, 0x00, 0x65, 0xf9,
  0x17, 0xf8, 0x49, 0x12, 0x80, 0x1d, 0x52, 0x04, 0x80, 0x19, 0xcb, 0x01, 0x80, 0x89, 0x9a, 0x04,
  0x80, 0xfb, 0x63, 0x09, 0x62, 0x08, 0xd1, 0x07, 0xd0, 0x1b, 0xb2, 0x04, 0xa2, 0x1b, 0xb2, 0x44,
  0xa2, 0x24, 0x67, 0x01, 0x6b, 0x4d, 0xe8, 0x1a, 0xb2, 0x20, 0xf0, 0x88, 0xa2, 0x6c, 0xec, 0x8d,
  0xe8, 0x40, 0xf0, 0x84, 0xa2, 0xa0, 0xf1, 0x44, 0xa2, 0x6c, 0xec, 0x6c, 0xea, 0x8d, 0xe8, 0x4d,
  0xe8, 0xff, 0x6a, 0x4c, 0xe8, 0x1d, 0x28, 0x13, 0xb4, 0x06, 0x6e, 0x13, 0xb2, 0x40, 0xea, 0xa3,
  0x41, 0x12, 0xb2, 0x40, 0xea, 0x00, 0x65, 0x0f, 0xb4, 0x11, 0xb2, 0x40, 0xea, 0x00, 0x65, 0x80,
  0xa9, 0x10, 0xb2, 0x40, 0xea, 0x04, 0x05, 0x5d, 0x67, 0x13, 0xc2, 0x04, 0x6e, 0x04, 0x05, 0x0e,
  0xb2, 0x40, 0xea, 0x0e, 0x6c, 0x50, 0x67, 0x09, 0x97, 0x08, 0x91, 0x07, 0x90, 0x00, 0xef, 0x05,
  0x63, 0x0c, 0x68, 0xed, 0x17, 0xf8, 0x49, 0x12, 0x80, 0xc8, 0x49, 0x12, 0x80, 0x04, 0x3c, 0x12,
  0x80, 0x20, 0x3c, 0x12, 0x80, 0x5d, 0xee, 0x00, 0x80, 0x51, 0x9b, 0x05, 0x80, 0x79, 0x9b, 0x05,
  0x80, 0x1d, 0x52, 0x04, 0x80, 0x19, 0xcb, 0x01, 0x80, 0xeb, 0x63, 0x29, 0x62, 0x28, 0xd1, 0x27,
  0xd0, 0x2b, 0xd5, 0x28, 0xac, 0xa0, 0xf2, 0x1c, 0x6f, 0x7c, 0xb0, 0xf8, 0xe9, 0xa9, 0xa4, 0x2a,
  0xd4, 0x12, 0xea, 0x49, 0xe0, 0x56, 0x9a, 0x24, 0xd2, 0x79, 0xb2, 0x40, 0xea, 0x22, 0x04, 0x2a,
  0x93, 0x08, 0x6e, 0xff, 0x6a, 0x81, 0xa3, 0xa0, 0xf2, 0x1c, 0x6f, 0x76, 0xb5, 0xcc, 0xec, 0x4c,
  0xec, 0x04, 0x24, 0x82, 0xa3, 0xcc, 0xec, 0x8c, 0xea, 0x03, 0x22, 0x40, 0xa5, 0xc0, 0xf0, 0x0a,
  0x22, 0xf8, 0xe9, 0x12, 0xea, 0x49, 0xe0, 0xa0, 0xf2, 0x98, 0xa2, 0x01, 0x4c, 0xa0, 0xf2, 0x98,
  0xc2, 0x80, 0xa5, 0x04, 0x24, 0xa0, 0xf2, 0x98, 0xc2, 0x00, 0x6a, 0x40, 0xc5, 0x6a, 0xb2, 0x40,
  0xa2, 0x3c, 0x22, 0xa0, 0xf2, 0x1c, 0x6a, 0x58, 0xe9, 0x12, 0xea, 0x49, 0xe0, 0xa0, 0xf2, 0x58,
  0xa2, 0x03, 0x72, 0x0e, 0x61, 0x2a, 0xd3, 0x24, 0x93, 0x01, 0x6a, 0x91, 0x67, 0x40, 0xf0, 0x50,
  0xc3, 0x62, 0xb2, 0x40, 0xea, 0xa3, 0x67, 0x24, 0x94, 0x61, 0xb2, 0x40, 0xea, 0x05, 0x6d, 0x2a,
  0x93, 0xa0, 0xf2, 0x1c, 0x6a, 0x58, 0xe9, 0x04, 0x6d, 0x12, 0xea, 0x49, 0xe0, 0xa0, 0xf2, 0x98,
  0xa2, 0xae, 0xec, 0x1b, 0x2c, 0x0e, 0x6d, 0xe0, 0xf0, 0xbf, 0xc2, 0x00, 0xf1, 0x80, 0xc2, 0x0e,
  0x6d, 0x91, 0x67, 0x58, 0xb2, 0x40, 0xea, 0x2a, 0xd3, 0x2a, 0x93, 0x0f, 0x2a, 0x22, 0x92, 0x84,
  0xf5, 0x03, 0x6f, 0x65, 0xf5, 0x11, 0x6e, 0x06, 0xd2, 0x53, 0xb2, 0x05, 0xd2, 0x01, 0x6a, 0x04,
  0xd2, 0xfa, 0x6d, 0x52, 0xb2, 0x40, 0xea, 0x02, 0x6c, 0x2a, 0x93, 0xa0, 0xf2, 0x1c, 0x6a, 0x58,
  0xe9, 0x12, 0xea, 0x41, 0xe0, 0xa0, 0xf2, 0x58, 0xa0, 0x64, 0x22, 0x1d, 0x02, 0x05, 0xd2, 0x1e,
  0x02, 0x04, 0xd2, 0x1f, 0x07, 0x20, 0x06, 0x21, 0x05, 0x91, 0x67, 0x49, 0xb2, 0x40, 0xea, 0x2a,
  0xd3, 0x1d, 0x92, 0x2a, 0x93, 0x01, 0x6e, 0x16, 0xd2, 0x1e, 0x92, 0x84, 0xf5, 0x04, 0x6f, 0x15,
  0xd2, 0x1f, 0x92, 0x14, 0xd2, 0x20, 0x92, 0x13, 0xd2, 0x21, 0x92, 0x12, 0xd2, 0x80, 0xab, 0x5d,
  0x67, 0x40, 0xf0, 0x84, 0xca, 0xa1, 0xab, 0x40, 0xf0, 0xa0, 0xca, 0x42, 0xa3, 0x4e, 0x35, 0x46,
  0x32, 0xcc, 0xed, 0xcc, 0xea, 0x0f, 0xd5, 0x0e, 0xd2, 0xa0, 0xf0, 0x57, 0xa0, 0x03, 0x6d, 0x85,
  0xf5, 0x03, 0x6e, 0x0d, 0xd2, 0x41, 0xa3, 0x52, 0x32, 0xac, 0xea, 0x0c, 0xd2, 0xe0, 0xf3, 0x1f,
  0x6a, 0x8c, 0xea, 0x0b, 0xd2, 0x48, 0xa3, 0xfa, 0x6d, 0x0a, 0xd2, 0x49, 0xa3, 0x08, 0xd1, 0x09,
  0xd2, 0xa0, 0xf2, 0x58, 0xa0, 0x07, 0xd2, 0x22, 0x92, 0x06, 0xd2, 0x2b, 0xb2, 0x05, 0xd2, 0x12,
  0x6a, 0x04, 0xd2, 0x2a, 0xb2, 0x40, 0xea, 0x02, 0x6c, 0x2a, 0xb2, 0x40, 0xa2, 0x40, 0x6b, 0x6c,
  0xea, 0x18, 0x22, 0x7d, 0x67, 0x40, 0x6a, 0x60, 0xf0, 0x22, 0xc3, 0x60, 0xf0, 0x40, 0xcb, 0xa0,
  0xf2, 0x78, 0xa0, 0x5d, 0x67, 0x14, 0x6e, 0x60, 0xf0, 0x63, 0xc2, 0x21, 0x92, 0x18, 0x05, 0x19,
  0xd2, 0x20, 0x92, 0x1a, 0xd2, 0x1f, 0x92, 0x1b, 0xd2, 0x1e, 0x92, 0x1c, 0xd2, 0x1e, 0xb2, 0x40,
  0xea, 0xff, 0x6c, 0x24, 0x92, 0x20, 0xf0, 0x46, 0xa2, 0x02, 0x72, 0x06, 0x60, 0x1b, 0xb2, 0x30,
  0x31, 0x25, 0xe2, 0x00, 0x6a, 0x42, 0xd9, 0x41, 0xd9, 0x29, 0x97, 0x28, 0x91, 0x27, 0x90, 0x01,
  0x6a, 0x00, 0xef, 0x15, 0x63, 0x60, 0xab, 0xe0, 0xf3, 0x1f, 0x6a, 0x6c, 0xea, 0xea, 0x22, 0x2b,
  0x92, 0x01, 0x72, 0xd8, 0x67, 0xe6, 0x2e, 0xa0, 0xf2, 0x1c, 0x6a, 0x58, 0xe9, 0x12, 0xea, 0x41,
  0xe0, 0xa0, 0xf2, 0xd8, 0xc0, 0xde, 0x17, 0x00, 0x65, 0x50, 0x1c, 0x13, 0x80, 0x99, 0x5d, 0x03,
  0x80, 0x46, 0x12, 0x12, 0x80, 0x9f, 0x00, 0x12, 0x80, 0xd5, 0x59, 0x02, 0x80, 0xcd, 0x3a, 0x02,
  0x80, 0x31, 0xf9, 0x07, 0x80, 0x14, 0xd7, 0x11, 0x80, 0x11, 0x46, 0x08, 0x80, 0xd9, 0x4c, 0x01,
  0x80, 0xa4, 0x00, 0x12, 0x80, 0x19, 0xcb, 0x01, 0x80, 0x0c, 0xf8, 0x12, 0x80, 0xf5, 0x63, 0x15,
  0x62, 0x14, 0xd1, 0x13, 0xd0, 0xff, 0x6a, 0x0d, 0xd2, 0x01, 0x4a, 0x0c, 0xd2, 0x84, 0xb1, 0x20,
  0xf0, 0x09, 0x05, 0x40, 0xe9, 0x0c, 0x94, 0x0c, 0x92, 0xff, 0xf7, 0x1f, 0x68, 0x0a, 0x05, 0x81,
  0x42, 0x40, 0xe9, 0x0c, 0xec, 0x5d, 0x67, 0x20, 0xf0, 0xc8, 0xa2, 0x20, 0xf0, 0x49, 0xa2, 0x20,
  0xf0, 0x09, 0x05, 0xc0, 0x36, 0x4d, 0xee, 0x0c, 0x92, 0x0c, 0xee, 0x0e, 0xd6, 0x82, 0x42, 0x40,
  0xe9, 0x0c, 0xec, 0x0c, 0x92, 0x0a, 0x05, 0x83, 0x42, 0x40, 0xe9, 0x0c, 0xec, 0x0e, 0x96, 0x0a,
  0xee, 0x7b, 0x60, 0x08, 0xf0, 0x00, 0x6a, 0xcc, 0xea, 0x6d, 0x22, 0x5d, 0x67, 0x20, 0xf0, 0x28,
  0xa2, 0x20, 0xf0, 0x49, 0xa2, 0x07, 0x6b, 0x20, 0x31, 0x4d, 0xe9, 0xc2, 0x32, 0x4e, 0x32, 0xe2,
  0x67, 0x6c, 0xef, 0x0c, 0xef, 0xe0, 0xf7, 0x1f, 0x6b, 0x03, 0x77, 0x0c, 0xe9, 0xcc, 0xeb, 0xa0,
  0xf0, 0x0f, 0x60, 0x04, 0x5f, 0x26, 0x60, 0x01, 0x77, 0x6e, 0x60, 0x02, 0x5f, 0x00, 0xf2, 0x00,
  0x6a, 0x34, 0x61, 0xcc, 0xea, 0xa0, 0xf0, 0x00, 0x22, 0xff, 0x6a, 0x01, 0x4a, 0x4c, 0xee, 0x22,
  0x32, 0x52, 0x32, 0x01, 0x6c, 0x84, 0xea, 0xe1, 0xf7, 0x1f, 0x68, 0x0e, 0xd6, 0x0f, 0xd4, 0x2c,
  0xe8, 0x73, 0x28, 0x5c, 0xb2, 0x05, 0xd2, 0x03, 0x6a, 0x06, 0xd7, 0x04, 0xd2, 0x08, 0xd1, 0x07,
  0xd3, 0x61, 0xf4, 0x16, 0x6f, 0xc5, 0xf7, 0x04, 0x6e, 0xfa, 0x6d, 0x57, 0xb2, 0x40, 0xea, 0x02,
  0x6c, 0x31, 0x10, 0x05, 0x77, 0x80, 0xf0, 0x12, 0x60, 0x05, 0x5f, 0x80, 0xf0, 0x09, 0x61, 0x06,
  0x77, 0x03, 0x60, 0x07, 0x77, 0x80, 0xf0, 0x14, 0x60, 0x01, 0x6a, 0x4c, 0xee, 0xe2, 0x2e, 0x4f,
  0xb2, 0x40, 0x9a, 0xb1, 0x67, 0x40, 0xea, 0x83, 0x67, 0x1d, 0x10, 0x3f, 0x6c, 0xcc, 0xea, 0x8c,
  0xeb, 0x4b, 0xb7, 0x2d, 0x22, 0x22, 0x32, 0x52, 0x32, 0x01, 0x69, 0x24, 0xea, 0xff, 0x6a, 0x01,
  0x4a, 0x4c, 0xee, 0x0f, 0xd7, 0x47, 0xb2, 0x00, 0x6d, 0x83, 0x67, 0x0e, 0xd3, 0x1a, 0x26, 0x40,
  0xea, 0x00, 0x65, 0x0c, 0xea, 0x2d, 0xea, 0xc2, 0x67, 0x0e, 0x93, 0x0f, 0x97, 0x00, 0x6d, 0x83,
  0x67, 0x40, 0xef, 0x00, 0x65, 0x0c, 0x93, 0xff, 0xf7, 0x1f, 0x6a, 0x04, 0x4b, 0x4c, 0xeb, 0x40,
  0xf1, 0x00, 0x5b, 0x0c, 0xd3, 0x7f, 0xf7, 0x02, 0x61, 0x15, 0x97, 0x14, 0x91, 0x13, 0x90, 0x00,
  0xef, 0x0b, 0x63, 0x40, 0xea, 0x00, 0x65, 0x2f, 0xee, 0x4c, 0xee, 0x0c, 0xee, 0xe5, 0x17, 0xd1,
  0x67, 0x00, 0x6d, 0x83, 0x67, 0xe5, 0x17, 0x0d, 0x94, 0x62, 0x30, 0x31, 0xb2, 0x0e, 0xec, 0x08,
  0x24, 0xd0, 0x67, 0x01, 0x6d, 0x40, 0x6c, 0x0e, 0xd3, 0x40, 0xea, 0x0d, 0xd2, 0x0e, 0x93, 0x0d,
  0x92, 0x3f, 0x6c, 0x67, 0x33, 0x8c, 0xeb, 0x40, 0x6c, 0x8d, 0xeb, 0xff, 0x6c, 0xd1, 0x67, 0x01,
  0x6d, 0x40, 0xea, 0x6c, 0xec, 0x0d, 0xd0, 0xce, 0x17, 0x3f, 0x6c, 0x6c, 0xec, 0xff, 0x6e, 0xcc,
  0xec, 0x00, 0x6d, 0x24, 0xb2, 0x10, 0xd3, 0x40, 0xea, 0x11, 0xd7, 0x0f, 0x93, 0xff, 0x6e, 0x6c,
  0xea, 0x01, 0x5a, 0x58, 0x67, 0x01, 0x6b, 0x6e, 0xea, 0x0e, 0x93, 0x01, 0x5b, 0x98, 0x67, 0x8e,
  0xea, 0x4c, 0xee, 0xb8, 0x2e, 0x1c, 0xb2, 0x40, 0xea, 0x01, 0x6c, 0xff, 0x48, 0xff, 0xf7, 0x1f,
  0x6a, 0x4c, 0xe8, 0x11, 0x97, 0x10, 0x93, 0x6c, 0x17, 0x17, 0xb2, 0x40, 0xea, 0x91, 0x67, 0xaa,
  0x17, 0x01, 0x6a, 0x4c, 0xee, 0x7f, 0xf7, 0x05, 0x2e, 0x14, 0xb2, 0x4d, 0xe3, 0x20, 0xcb, 0xa2,
  0x17, 0x01, 0x6a, 0x4c, 0xee, 0x5f, 0xf7, 0x1d, 0x2e, 0x11, 0xb2, 0xf7, 0x17, 0x01, 0x6a, 0x4c,
  0xee, 0x5f, 0xf7, 0x17, 0x2e, 0x01, 0x6e, 0xb1, 0x67, 0x0e, 0xb2, 0x40, 0xea, 0x83, 0x67, 0x92,
  0x17, 0x01, 0x6a, 0x4c, 0xee, 0x5f, 0xf7, 0x0d, 0x2e, 0x0b, 0xb2, 0xe7, 0x17, 0xdd, 0xbf, 0x00,
  0x80, 0x14, 0xd7, 0x11, 0x80, 0x11, 0x46, 0x08, 0x80, 0xe8, 0x04, 0x12, 0x80, 0x2d, 0xcc, 0x03,
  0x80, 0x89, 0xca, 0x03, 0x80, 0x09, 0x9b, 0x00, 0x80, 0x00, 0xa0, 0x00, 0xb0, 0x00, 0xad, 0x00,
  0xb0, 0x3d, 0x1d, 0x01, 0x80, 0x00, 0x10, 0x00, 0xb6, 0xf5, 0x63, 0x15, 0x62, 0x14, 0xd1, 0x13,
  0xd0, 0xff, 0x6a, 0x0d, 0xd2, 0x01, 0x4a, 0x0c, 0xd2, 0x84, 0xb1, 0x20, 0xf0, 0x09, 0x05, 0x40,
  0xe9, 0x0c, 0x94, 0x0c, 0x92, 0xff, 0xf7, 0x1f, 0x68, 0x0a, 0x05, 0x81, 0x42, 0x40, 0xe9, 0x0c,
  0xec, 0x5d, 0x67, 0x20, 0xf0, 0xc8, 0xa2, 0x20, 0xf0, 0x49, 0xa2, 0x20, 0xf0, 0x09, 0x05, 0xc0,
  0x36, 0x4d, 0xee, 0x0c, 0x92, 0x0c, 0xee, 0x0e, 0xd6, 0x82, 0x42, 0x40, 0xe9, 0x0c, 0xec, 0x0c,
  0x92, 0x0a, 0x05, 0x83, 0x42, 0x40, 0xe9, 0x0c, 0xec, 0x0e, 0x96, 0x0a, 0xee, 0x7b, 0x60, 0x08,
  0xf0, 0x00, 0x6a, 0xcc, 0xea, 0x6d, 0x2a, 0x5d, 0x67, 0x20, 0xf0, 0x28, 0xa2, 0x20, 0xf0, 0x49,
  0xa2, 0x07, 0x6b, 0x20, 0x31, 0x4d, 0xe9, 0xc2, 0x32, 0x4e, 0x32, 0xe2, 0x67, 0x6c, 0xef, 0x0c,
  0xef, 0xe0, 0xf7, 0x1f, 0x6b, 0x03, 0x77, 0x0c, 0xe9, 0xcc, 0xeb, 0xa0, 0xf0, 0x0f, 0x60, 0x04,
  0x5f, 0x26, 0x60, 0x01, 0x77, 0x6e, 0x60, 0x02, 0x5f, 0x00, 0xf2, 0x00, 0x6a, 0x34, 0x61, 0xcc,
  0xea, 0xa0, 0xf0, 0x00, 0x22, 0xff, 0x6a, 0x01, 0x4a, 0x4c, 0xee, 0x22, 0x32, 0x52, 0x32, 0x01,
  0x6c, 0x84, 0xea, 0xe1, 0xf7, 0x1f, 0x68, 0x0e, 0xd6, 0x0f, 0xd4, 0x2c, 0xe8, 0x73, 0x28, 0x5c,
  0xb2, 0x05, 0xd2, 0x03, 0x6a, 0x06, 0xd7, 0x04, 0xd2, 0x08, 0xd1, 0x07, 0xd3, 0x61, 0xf4, 0x16,
  0x6f, 0x86, 0xf0, 0x0c, 0x6e, 0xfa, 0x6d, 0x57, 0xb2, 0x40, 0xea, 0x02, 0x6c, 0x31, 0x10, 0x05,
  0x77, 0x80, 0xf0, 0x12, 0x60, 0x05, 0x5f, 0x80, 0xf0, 0x09, 0x61, 0x06, 0x77, 0x03, 0x60, 0x07,
  0x77, 0x80, 0xf0, 0x14, 0x60, 0x01, 0x6a, 0x4c, 0xee, 0xe2, 0x2e, 0x4f, 0xb2, 0x40, 0x9a, 0xb1,
  0x67, 0x40, 0xea, 0x83, 0x67, 0x1d, 0x10, 0x3f, 0x6c, 0xcc, 0xea, 0x8c, 0xeb, 0x4b, 0xb7, 0x2d,
  0x22, 0x22, 0x32, 0x52, 0x32, 0x01, 0x69, 0x24, 0xea, 0xff, 0x6a, 0x01, 0x4a, 0x4c, 0xee, 0x0f,
  0xd7, 0x47, 0xb2, 0x00, 0x6d, 0x83, 0x67, 0x0e, 0xd3, 0x1a, 0x26, 0x40, 0xea, 0x00, 0x65, 0x0c,
  0xea, 0x2d, 0xea, 0xc2, 0x67, 0x0e, 0x93, 0x0f, 0x97, 0x00, 0x6d, 0x83, 0x67, 0x40, 0xef, 0x00,
  0x65, 0x0c, 0x93, 0xff, 0xf7, 0x1f, 0x6a, 0x04, 0x4b, 0x4c, 0xeb, 0x40, 0xf1, 0x00, 0x5b, 0x0c,
  0xd3, 0x7f, 0xf7, 0x02, 0x61, 0x15, 0x97, 0x14, 0x91, 0x13, 0x90, 0x00, 0xef, 0x0b, 0x63, 0x40,
  0xea, 0x00, 0x65, 0x2f, 0xee, 0x4c, 0xee, 0x0c, 0xee, 0xe5, 0x17, 0xd1, 0x67, 0x00, 0x6d, 0x83,
  0x67, 0xe5, 0x17, 0x0d, 0x94, 0x62, 0x30, 0x31, 0xb2, 0x0e, 0xec, 0x08, 0x24, 0xd0, 0x67, 0x01,
  0x6d, 0x40, 0x6c, 0x0e, 0xd3, 0x40, 0xea, 0x0d, 0xd2, 0x0e, 0x93, 0x0d, 0x92, 0x3f, 0x6c, 0x67,
  0x33, 0x8c, 0xeb, 0x40, 0x6c, 0x8d, 0xeb, 0xff, 0x6c, 0xd1, 0x67, 0x01, 0x6d, 0x40, 0xea, 0x6c,
  0xec, 0x0d, 0xd0, 0xce, 0x17, 0x3f, 0x6c, 0x6c, 0xec, 0xff, 0x6e, 0xcc, 0xec, 0x00, 0x6d, 0x24,
  0xb2, 0x10, 0xd3, 0x40, 0xea, 0x11, 0xd7, 0x0f, 0x93, 0xff, 0x6e, 0x6c, 0xea, 0x01, 0x5a, 0x58,
  0x67, 0x01, 0x6b, 0x6e, 0xea, 0x0e, 0x93, 0x01, 0x5b, 0x98, 0x67, 0x8e, 0xea, 0x4c, 0xee, 0xb8,
  0x2e, 0x1c, 0xb2, 0x40, 0xea, 0x01, 0x6c, 0xff, 0x48, 0xff, 0xf7, 0x1f, 0x6a, 0x4c, 0xe8, 0x11,
  0x97, 0x10, 0x93, 0x6c, 0x17, 0x17, 0xb2, 0x40, 0xea, 0x91, 0x67, 0xaa, 0x17, 0x01, 0x6a, 0x4c,
  0xee, 0x7f, 0xf7, 0x05, 0x2e, 0x14, 0xb2, 0x4d, 0xe3, 0x20, 0xcb, 0xa2, 0x17, 0x01, 0x6a, 0x4c,
  0xee, 0x5f, 0xf7, 0x1d, 0x2e, 0x11, 0xb2, 0xf7, 0x17, 0x01, 0x6a, 0x4c, 0xee, 0x5f, 0xf7, 0x17,
  0x2e, 0x01, 0x6e, 0xb1, 0x67, 0x0e, 0xb2, 0x40, 0xea, 0x83, 0x67, 0x92, 0x17, 0x01, 0x6a, 0x4c,
  0xee, 0x5f, 0xf7, 0x0d, 0x2e, 0x0b, 0xb2, 0xe7, 0x17, 0xdd, 0xbf, 0x00, 0x80, 0x14, 0xd7, 0x11,
  0x80, 0x11, 0x46, 0x08, 0x80, 0xe8, 0x04, 0x12, 0x80, 0x2d, 0xcc, 0x03, 0x80, 0x89, 0xca, 0x03,
  0x80, 0x09, 0x9b, 0x00, 0x80, 0x00, 0xa0, 0x00, 0xb0, 0x00, 0xad, 0x00, 0xb0, 0x3d, 0x1d, 0x01,
  0x80, 0x00, 0x10, 0x00, 0xb6, 0xf4, 0x63, 0x17, 0x62, 0x16, 0xd1, 0x15, 0xd0, 0x7e, 0xb1, 0x42,
  0xa1, 0x18, 0xd4, 0xff, 0xf7, 0x1f, 0x68, 0x12, 0xd2, 0x7c, 0xb2, 0x10, 0xd2, 0x80, 0xaa, 0x10,
  0x93, 0xff, 0xf7, 0x1e, 0x6a, 0x8c, 0xea, 0x40, 0xcb, 0x12, 0x92, 0x02, 0x72, 0x33, 0x61, 0x78,
  0xb2, 0xff, 0x6d, 0x40, 0xaa, 0x0c, 0xea, 0x11, 0xd2, 0x11, 0x93, 0x76, 0xb2, 0x60, 0xca, 0x40,
  0xf2, 0x7b, 0xa1, 0x01, 0x6a, 0x83, 0x67, 0x4c, 0xec, 0xac, 0xec, 0x21, 0x24, 0x72, 0xb4, 0x03,
  0x6e, 0xcb, 0xee, 0x80, 0xac, 0xcc, 0xeb, 0x0c, 0xec, 0x8c, 0xe8, 0x02, 0x30, 0x1e, 0x30, 0xac,
  0xe8, 0x0c, 0xea, 0x44, 0x32, 0x6d, 0xea, 0x02, 0x6b, 0x40, 0xf2, 0x5b, 0xc1, 0x6c, 0xea, 0xac,
  0xea, 0x0e, 0x22, 0x6a, 0xb2, 0x05, 0xd2, 0x02, 0x6a, 0x07, 0xd4, 0x04, 0xd2, 0x06, 0xd0, 0x42,
  0xf2, 0x0b, 0x6f, 0xc6, 0xf0, 0x12, 0x6e, 0xfa, 0x6d, 0x65, 0xb2, 0x40, 0xea, 0x02, 0x6c, 0x00,
  0x6c, 0x00, 0x68, 0x0a, 0x10, 0x40, 0xf2, 0x54, 0xa9, 0x40, 0xf2, 0x78, 0xa9, 0x40, 0xf2, 0x96,
  0xa9, 0x6b, 0xe2, 0x4c, 0xe8, 0x00, 0x6a, 0x11, 0xd2, 0x5e, 0xb5, 0x00, 0x6a, 0x42, 0xc1, 0x60,
  0xad, 0x12, 0x96, 0xdb, 0xf7, 0x0f, 0x6a, 0x4c, 0xeb, 0x01, 0x76, 0x43, 0x67, 0x03, 0x61, 0x34,
  0x6a, 0x4b, 0xea, 0x6c, 0xea, 0xff, 0xf7, 0x1f, 0x6b, 0x6c, 0xea, 0x40, 0xcd, 0x56, 0xb5, 0xef,
  0xf7, 0x1f, 0x6a, 0x6c, 0xea, 0xc0, 0xad, 0xc1, 0xf4, 0x19, 0x6f, 0xcc, 0xea, 0x40, 0xcd, 0x40,
  0xf2, 0x58, 0xa9, 0x06, 0xf1, 0x03, 0x6e, 0xfa, 0x6d, 0x0c, 0xd2, 0x40, 0xf2, 0x54, 0xa9, 0x0a,
  0xd4, 0x08, 0xd0, 0x0b, 0xd2, 0x11, 0x92, 0x09, 0xd2, 0x00, 0x6a, 0x07, 0xd2, 0x12, 0x92, 0x06,
  0xd2, 0x46, 0xb2, 0x05, 0xd2, 0x22, 0x67, 0x07, 0x6a, 0x04, 0xd2, 0x45, 0xb2, 0x40, 0xea, 0x06,
  0x6c, 0x10, 0x92, 0xff, 0xf7, 0x1f, 0x6b, 0x01, 0x6c, 0x40, 0xaa, 0x6c, 0xea, 0x8d, 0xea, 0x4c,
  0xeb, 0x10, 0x92, 0x60, 0xca, 0x41, 0xb2, 0x00, 0xf4, 0x66, 0xa2, 0x3d, 0xb2, 0x10, 0xd2, 0x40,
  0xb2, 0x3c, 0x23, 0x60, 0x9a, 0x3f, 0xb2, 0x40, 0x9a, 0x40, 0xea, 0x11, 0xd3, 0x11, 0x93, 0x40,
  0xeb, 0x82, 0x67, 0x3d, 0xb2, 0x01, 0x6b, 0x60, 0xc2, 0x00, 0x6a, 0x06, 0xd2, 0x04, 0xd2, 0x10,
  0x92, 0x05, 0xd1, 0xe1, 0xf5, 0x1e, 0x6f, 0x26, 0xf1, 0x04, 0x6e, 0xfa, 0x6d, 0x37, 0xb1, 0x40,
  0xea, 0x02, 0x6c, 0x40, 0x81, 0x0d, 0x2a, 0x36, 0xb3, 0xa0, 0xab, 0x36, 0xb3, 0x60, 0x9b, 0xff,
  0x6a, 0x01, 0x4a, 0x4d, 0xed, 0x40, 0xeb, 0xda, 0x6c, 0xff, 0x6a, 0x33, 0xb3, 0x01, 0x4a, 0x40,
  0xcb, 0x40, 0xa1, 0x01, 0x4a, 0x00, 0xf6, 0x40, 0x32, 0x00, 0xf6, 0x43, 0x32, 0x01, 0x72, 0x40,
  0xc1, 0x10, 0x61, 0x00, 0x6a, 0x2d, 0xb3, 0x80, 0xab, 0x00, 0xf2, 0x00, 0x6b, 0x8c, 0xeb, 0x09,
  0x2b, 0x2b, 0xb3, 0x43, 0xeb, 0x06, 0x61, 0x01, 0x4a, 0xf5, 0x17, 0x40, 0x9a, 0x40, 0xea, 0x00,
  0x6c, 0xc8, 0x17, 0x28, 0xb2, 0x01, 0xf0, 0x00, 0x6c, 0x40, 0xea, 0x01, 0x6d, 0x40, 0x81, 0x01,
  0x52, 0x02, 0x61, 0xff, 0x4a, 0x40, 0xc1, 0x20, 0x81, 0x08, 0x29, 0x1d, 0xb3, 0x1d, 0xb2, 0x40,
  0x9a, 0xa0, 0xab, 0x40, 0xea, 0xda, 0x6c, 0x1c, 0xb2, 0x20, 0xca, 0x18, 0x92, 0x80, 0xaa, 0x1e,
  0xb2, 0x40, 0xea, 0x0e, 0x05, 0x7d, 0x67, 0x00, 0x6a, 0x20, 0xf0, 0x5b, 0xc3, 0x1e, 0xcb, 0x06,
  0x6e, 0x0e, 0x05, 0x1a, 0xb2, 0x40, 0xea, 0x0e, 0x6c, 0x17, 0x97, 0x16, 0x91, 0x15, 0x90, 0x00,
  0x6a, 0x00, 0xef, 0x0c, 0x63, 0x04, 0x3c, 0x12, 0x80, 0x56, 0x10, 0x00, 0xb6, 0x0e, 0x11, 0x00,
  0xb6, 0xf6, 0xf9, 0x12, 0x80, 0x12, 0x11, 0x00, 0xb6, 0x14, 0xd7, 0x11, 0x80, 0x11, 0x46, 0x08,
  0x80, 0x34, 0x11, 0x00, 0xb6, 0x38, 0x11, 0x00, 0xb6, 0xa8, 0x00, 0x12, 0x80, 0xc4, 0x06, 0x12,
  0x80, 0xc0, 0x06, 0x12, 0x80, 0xf4, 0xf9, 0x12, 0x80, 0x9d, 0x14, 0x12, 0x80, 0xa0, 0x14, 0x12,
  0x80, 0xe8, 0x04, 0x12, 0x80, 0x9e, 0x14, 0x12, 0x80, 0xda, 0x00, 0x00, 0xb6, 0xa0, 0x86, 0x01,
  0x00, 0x19, 0x49, 0x01, 0x80, 0x1d, 0x52, 0x04, 0x80, 0x19, 0xcb, 0x01, 0x80, 0xfd, 0x63, 0x05,
  0x62, 0x04, 0xb2, 0x40, 0xea, 0x80, 0x6c, 0x05, 0x97, 0x00, 0x6a, 0x00, 0xef, 0x03, 0x63, 0x00,
  0x65, 0x15, 0x34, 0x01, 0x80, 0xfd, 0x63, 0x05, 0x62, 0x04, 0xd0, 0x10, 0xb3, 0x80, 0xab, 0x10,
  0xb2, 0xff, 0x68, 0x8c, 0xca, 0x81, 0xab, 0xac, 0xe8, 0x8d, 0xca, 0x82, 0xab, 0x63, 0xab, 0x8e,
  0xca, 0x6f, 0xca, 0x00, 0x6b, 0x60, 0xf1, 0x7c, 0xc2, 0x61, 0x9a, 0x05, 0x2b, 0x60, 0xf1, 0x8a,
  0xa2, 0x08, 0xb2, 0x40, 0xea, 0x00, 0x65, 0x03, 0x28, 0x07, 0xb2, 0x40, 0xea, 0x00, 0x6c, 0x05,
  0x97, 0x04, 0x90, 0x00, 0xef, 0x03, 0x63, 0x00, 0x65, 0xe4, 0xf9, 0x12, 0x80, 0xb0, 0x55, 0x12,
  0x80, 0x1d, 0xdd, 0x03, 0x80, 0xa9, 0xd4, 0x01, 0x80, 0xfa, 0x63, 0x0b, 0x62, 0x0a, 0xd1, 0x09,
  0xd0, 0x1f, 0xb2, 0x02, 0x9a, 0x1e, 0x20, 0x24, 0x67, 0x1e, 0xb2, 0x40, 0xea, 0x90, 0x67, 0x62,
  0x67, 0x48, 0xa0, 0x07, 0x6c, 0xff, 0x6d, 0x8c, 0xea, 0xac, 0xea, 0x04, 0x5a, 0x05, 0x60, 0x01,
  0x6c, 0x84, 0xea, 0x0b, 0x6e, 0xcc, 0xec, 0x13, 0x2c, 0x06, 0xd2, 0x17, 0xb2, 0x05, 0xd2, 0x01,
  0x6a, 0x04, 0xd2, 0x21, 0xf5, 0x19, 0x6f, 0x07, 0xf0, 0x10, 0x6e, 0xfa, 0x6d, 0x13, 0xb2, 0x40,
  0xea, 0x02, 0x6c, 0x0b, 0x97, 0x0a, 0x91, 0x09, 0x90, 0x00, 0x6a, 0x00, 0xef, 0x06, 0x63, 0x1d,
  0xa3, 0x01, 0x6a, 0x06, 0x30, 0x4c, 0xe8, 0x40, 0xa1, 0xac, 0xe8, 0x05, 0x72, 0x05, 0x61, 0x23,
  0x67, 0x0b, 0xb2, 0x40, 0xea, 0x00, 0x6c, 0x71, 0x67, 0xec, 0x20, 0x57, 0xa3, 0xea, 0x22, 0x9b,
  0xa3, 0xff, 0x4a, 0x42, 0xec, 0xe6, 0x61, 0x01, 0x4c, 0x9b, 0xc3, 0xe3, 0x17, 0x44, 0x4c, 0x12,
  0x80, 0x0d, 0x30, 0x05, 0x80, 0x14, 0xd7, 0x11, 0x80, 0x11, 0x46, 0x08, 0x80, 0x0d, 0xbe, 0x02,
  0x80, 0xb1, 0x63, 0x9d, 0x62, 0x9c, 0xd1, 0x9b, 0xd0, 0x9f, 0xd5, 0x4d, 0x84, 0x24, 0x67, 0x08,
  0x6c, 0x94, 0xd2, 0x93, 0xb2, 0x40, 0xa2, 0x66, 0x67, 0xa1, 0xd7, 0x8c, 0xea, 0xa2, 0x90, 0x0f,
  0x22, 0x00, 0x6a, 0x90, 0xb4, 0xa0, 0xd6, 0x06, 0xd2, 0x05, 0xd4, 0x04, 0xd2, 0x83, 0xf3, 0x06,
  0x6f, 0x69, 0xf7, 0x0d, 0x6e, 0xfa, 0x6d, 0x8c, 0xb2, 0x40, 0xea, 0x05, 0x6c, 0xa0, 0x93, 0x47,
  0x99, 0x09, 0x52, 0x14, 0x60, 0xa1, 0x94, 0x0a, 0x6e, 0x88, 0xb2, 0x40, 0xea, 0xff, 0x6d, 0xa1,
  0x93, 0x7f, 0x6a, 0x49, 0xc3, 0x00, 0x6a, 0x58, 0xc1, 0x20, 0x6a, 0x45, 0xd9, 0x4f, 0x6a, 0x40,
  0xd8, 0x9d, 0x97, 0x9c, 0x91, 0x9b, 0x90, 0x01, 0x6a, 0x00, 0xef, 0x4f, 0x63, 0x4a, 0xa1, 0xc7,
  0x41, 0x19, 0x4e, 0x49, 0xe1, 0x44, 0x82, 0x83, 0x67, 0x5c, 0x32, 0x96, 0xd2, 0x50, 0x81, 0x98,
  0xd6, 0x4b, 0xea, 0x40, 0x32, 0x40, 0x32, 0x43, 0x32, 0x43, 0x32, 0x5c, 0x32, 0x40, 0x32, 0x40,
  0x32, 0x43, 0x32, 0x43, 0x32, 0x97, 0xd2, 0x51, 0x81, 0x95, 0xd2, 0x75, 0xb2, 0x40, 0xea, 0x08,
  0x05, 0x94, 0x92, 0xff, 0xf7, 0x1f, 0x6c, 0x98, 0x96, 0x8c, 0xea, 0x82, 0x67, 0x00, 0x6a, 0x44,
  0x37, 0x08, 0x03, 0xf5, 0xe3, 0x60, 0xad, 0xfd, 0xe6, 0xe0, 0xaf, 0x78, 0xec, 0xa0, 0xf0, 0x40,
  0xcd, 0x01, 0x4a, 0x50, 0x52, 0x12, 0xeb, 0x7c, 0x33, 0xed, 0xe3, 0x60, 0xcd, 0xf0, 0x61, 0x50,
  0x6e, 0x58, 0x05, 0x68, 0xb2, 0x40, 0xea, 0x08, 0x04, 0x4e, 0x6f, 0x00, 0x6e, 0x30, 0x05, 0x66,
  0xb2, 0x40, 0xea, 0x58, 0x04, 0x0a, 0x6e, 0x4f, 0x6d, 0x64, 0xb2, 0x40, 0xea, 0x58, 0x04, 0x00,
  0x6b, 0x60, 0xd8, 0x9f, 0x93, 0x7c, 0x36, 0x4e, 0x6b, 0x08, 0x05, 0x64, 0x34, 0x91, 0xe5, 0x40,
  0xf1, 0xa0, 0x8c, 0x96, 0x94, 0xb7, 0xe6, 0xa2, 0xec, 0x11, 0x60, 0x01, 0x4b, 0x60, 0xd8, 0x4e,
  0x6b, 0x08, 0x05, 0x64, 0x34, 0x91, 0xe5, 0x40, 0xf1, 0x80, 0x8c, 0x97, 0x95, 0xa2, 0xec, 0x0a,
  0x60, 0xa1, 0x43, 0x14, 0x55, 0x0b, 0x60, 0x14, 0x6a, 0x40, 0xd8, 0x11, 0x10, 0xff, 0x4b, 0x00,
  0x53, 0xe3, 0x60, 0xed, 0x17, 0xff, 0x4b, 0x00, 0x53, 0xeb, 0x60, 0xf5, 0x17, 0x95, 0x94, 0x8b,
  0xec, 0x42, 0xec, 0xf1, 0x61, 0x40, 0x98, 0x42, 0xed, 0x53, 0x60, 0xfc, 0x4b, 0x60, 0xd8, 0xa0,
  0x98, 0x4b, 0xb2, 0x40, 0xea, 0x91, 0x67, 0x58, 0xc1, 0x40, 0x98, 0x14, 0x52, 0x02, 0x60, 0x14,
  0x6a, 0x40, 0xd8, 0x4e, 0x81, 0x01, 0x22, 0x40, 0xd8, 0x40, 0xb3, 0x50, 0x6e, 0x00, 0x6d, 0x80,
  0x04, 0x40, 0xeb, 0x94, 0xd3, 0xa1, 0x94, 0x94, 0x93, 0x0a, 0x6e, 0x40, 0xeb, 0x00, 0x6d, 0xc0,
  0x98, 0x00, 0x6a, 0xc2, 0xea, 0x37, 0x61, 0x4f, 0x6d, 0x3e, 0xb2, 0x40, 0xea, 0x58, 0x04, 0xa1,
  0x95, 0x4d, 0xc9, 0x3d, 0xb2, 0x40, 0xea, 0x80, 0x04, 0xa1, 0x94, 0x3c, 0xb5, 0x3c, 0xb2, 0x40,
  0xea, 0x0a, 0x6e, 0xa1, 0x94, 0x3b, 0xb2, 0x40, 0xea, 0x0a, 0x6d, 0xff, 0x6c, 0x8c, 0xea, 0x14,
  0x5a, 0x1a, 0x60, 0x14, 0x69, 0x47, 0xe1, 0x8c, 0xe9, 0x00, 0x6a, 0x00, 0x6e, 0x22, 0xee, 0x02,
  0x60, 0x50, 0x5a, 0x23, 0x61, 0xa1, 0x95, 0x30, 0xb2, 0x40, 0xea, 0x80, 0x04, 0x25, 0xb2, 0x05,
  0xd2, 0x01, 0x6a, 0x04, 0xd2, 0x06, 0xd1, 0x83, 0xf3, 0x17, 0x6f, 0x0a, 0xf0, 0x15, 0x6e, 0xfa,
  0x6d, 0x21, 0xb2, 0x40, 0xea, 0x02, 0x6c, 0xa1, 0x94, 0x2a, 0xb2, 0x40, 0xea, 0x0a, 0x6d, 0x37,
  0x17, 0xfb, 0x4a, 0x9a, 0x17, 0x08, 0x04, 0x44, 0x33, 0x6d, 0xe4, 0xa0, 0xf0, 0x60, 0x8b, 0x01,
  0x4a, 0x6d, 0xe4, 0x01, 0x6c, 0xe0, 0xf1, 0x80, 0xc3, 0xbc, 0x17, 0x08, 0x04, 0x44, 0x33, 0x6d,
  0xe4, 0xa0, 0xf0, 0xe0, 0x8b, 0x08, 0x6d, 0xff, 0x6b, 0xba, 0xef, 0x01, 0x2d, 0xe5, 0xe8, 0xef,
  0x34, 0x3b, 0x65, 0x6c, 0xec, 0x01, 0x6b, 0x1b, 0x65, 0x10, 0xed, 0x64, 0xed, 0xa3, 0x67, 0x79,
  0x67, 0xac, 0xeb, 0x16, 0xb5, 0x95, 0xe5, 0xa0, 0xa5, 0x6c, 0xed, 0x6e, 0xed, 0x0b, 0x2d, 0xa1,
  0x95, 0x91, 0xe5, 0x80, 0xa4, 0x8c, 0xeb, 0x06, 0x2b, 0x08, 0x03, 0xfd, 0xe3, 0x78, 0x67, 0xe0,
  0xf1, 0x60, 0xc7, 0x01, 0x4e, 0x01, 0x4a, 0xff, 0x6b, 0x6c, 0xea, 0xb0, 0x17, 0xb8, 0x32, 0x12,
  0x80, 0x14, 0xd7, 0x11, 0x80, 0x11, 0x46, 0x08, 0x80, 0x8d, 0xef, 0x00, 0x80, 0xf9, 0x72, 0x08,
  0x80, 0x9d, 0x71, 0x08, 0x80, 0x91, 0x72, 0x08, 0x80, 0x55, 0x71, 0x08, 0x80, 0xf5, 0x70, 0x08,
  0x80, 0x75, 0x71, 0x08, 0x80, 0xd1, 0x72, 0x08, 0x80, 0x1c, 0x52, 0x12, 0x80, 0x8d, 0xcf, 0x11,
  0x80, 0x09, 0xcf, 0x11, 0x80, 0xfd, 0x63, 0x05, 0x62, 0x43, 0xa4, 0x28, 0x5a, 0x12, 0x60, 0x0d,
  0xb5, 0xff, 0xf7, 0x1f, 0x6e, 0x04, 0x6b, 0x40, 0xad, 0x6b, 0xeb, 0x03, 0x6f, 0xcc, 0xea, 0x4c,
  0xeb, 0xed, 0xeb, 0xff, 0xf6, 0x1d, 0x4f, 0xec, 0xea, 0xff, 0x6f, 0xec, 0xeb, 0x6d, 0xea, 0xcc,
  0xea, 0x40, 0xcd, 0x05, 0xb2, 0x40, 0xea, 0x00, 0x65, 0x05, 0x97, 0x00, 0xef, 0x03, 0x63, 0x00,
  0x65, 0x34, 0x11, 0x00, 0xb6, 0xc9, 0x60, 0x04, 0x80, 0xfd, 0x63, 0x05, 0x62, 0x43, 0xa4, 0x28,
  0x5a, 0x12, 0x60, 0x0d, 0xb5, 0xff, 0xf7, 0x1f, 0x6e, 0x04, 0x6b, 0x40, 0xad, 0x6b, 0xeb, 0x03,
  0x6f, 0xcc, 0xea, 0x4c, 0xeb, 0xed, 0xeb, 0xff, 0xf6, 0x1d, 0x4f, 0xec, 0xea, 0xff, 0x6f, 0xec,
  0xeb, 0x6d, 0xea, 0xcc, 0xea, 0x40, 0xcd, 0x05, 0xb2, 0x40, 0xea, 0x00, 0x65, 0x05, 0x97, 0x00,
  0xef, 0x03, 0x63, 0x00, 0x65, 0x34, 0x11, 0x00, 0xb6, 0xb1, 0x60, 0x04, 0x80, 0xf3, 0x63, 0x19,
  0x62, 0x18, 0xd1, 0x17, 0xd0, 0x12, 0x6a, 0x7d, 0x67, 0x20, 0xf0, 0x5e, 0xc3, 0x43, 0xa4, 0xe6,
  0xa4, 0x04, 0x67, 0x12, 0xd2, 0x44, 0xa4, 0x27, 0xa4, 0x14, 0xd2, 0x45, 0xa4, 0x15, 0xd2, 0x8a,
  0xb2, 0x27, 0x2f, 0x40, 0xf2, 0x7c, 0xa2, 0x7f, 0x6c, 0x8c, 0xeb, 0x40, 0xf2, 0x7c, 0xc2, 0x12,
  0x92, 0x28, 0x5a, 0x12, 0x60, 0x85, 0xb4, 0xff, 0xf7, 0x1f, 0x6d, 0x04, 0x6b, 0x40, 0xac, 0x6b,
  0xeb, 0x03, 0x6e, 0xac, 0xea, 0x4c, 0xeb, 0xcd, 0xeb, 0xff, 0xf6, 0x1d, 0x4e, 0xcc, 0xea, 0xff,
  0x6e, 0xcc, 0xeb, 0x6d, 0xea, 0xac, 0xea, 0x40, 0xcc, 0x15, 0x97, 0x14, 0x96, 0x12, 0x95, 0x7c,
  0xb2, 0x40, 0xea, 0x80, 0xa8, 0x7d, 0x67, 0x20, 0xf0, 0x5e, 0xc3, 0x01, 0x6a, 0x1a, 0x65, 0x14,
  0x10, 0x15, 0x5f, 0x65, 0x60, 0x03, 0x59, 0x63, 0x60, 0x68, 0xa4, 0x01, 0x71, 0x10, 0xd3, 0x69,
  0xa4, 0x49, 0x61, 0x01, 0xf4, 0x99, 0xa2, 0x04, 0x6a, 0x4c, 0xec, 0x1c, 0x65, 0xc0, 0xf0, 0x18,
  0x61, 0x11, 0x6a, 0x7d, 0x67, 0x20, 0xf0, 0x5e, 0xc3, 0x58, 0x67, 0x10, 0xd2, 0x6d, 0xb2, 0xff,
  0xf7, 0x1f, 0x6b, 0x07, 0x6d, 0x40, 0xaa, 0x81, 0xf5, 0x07, 0x6f, 0xa1, 0xf6, 0x08, 0x6e, 0x6c,
  0xea, 0x0d, 0xd2, 0x65, 0xb3, 0x60, 0xf2, 0x44, 0xa3, 0x0c, 0xd2, 0x40, 0xf2, 0x5c, 0xa3, 0x52,
  0x34, 0xac, 0xec, 0x0b, 0xd4, 0x60, 0xf2, 0x83, 0xa3, 0x09, 0xd1, 0x5e, 0x32, 0x0a, 0xd4, 0x60,
  0xf2, 0x62, 0xa3, 0x07, 0xd2, 0x5d, 0x67, 0x08, 0xd3, 0x20, 0xf0, 0x5e, 0xa2, 0xfa, 0x6d, 0x06,
  0xd2, 0x5d, 0xb2, 0x05, 0xd2, 0x08, 0x6a, 0x04, 0xd2, 0x5c, 0xb2, 0x40, 0xea, 0x03, 0x6c, 0x10,
  0x92, 0x1a, 0x65, 0x80, 0xf0, 0x18, 0x61, 0x80, 0xa8, 0x59, 0xb2, 0x40, 0xea, 0x0e, 0x05, 0x5d,
  0x67, 0x20, 0xf0, 0x7e, 0xa2, 0x04, 0x6e, 0x0e, 0x05, 0x20, 0xf0, 0x7b, 0xc2, 0x55, 0xb2, 0x40,
  0xea, 0x0e, 0x6c, 0x89, 0x10, 0x80, 0xf0, 0x0f, 0x29, 0x10, 0x94, 0xff, 0x6d, 0xff, 0x4c, 0xac,
  0xec, 0x02, 0x5c, 0x0d, 0x60, 0x10, 0x94, 0x01, 0x74, 0x0c, 0x61, 0x01, 0xf4, 0x59, 0xa2, 0x04,
  0x6c, 0x8c, 0xea, 0xac, 0xea, 0x06, 0x2a, 0x11, 0x6a, 0x7d, 0x67, 0x20, 0xf0, 0x5e, 0xc3, 0x00,
  0x6a, 0x95, 0x17, 0x4e, 0x43, 0xff, 0x6c, 0x8c, 0xea, 0x0b, 0x5a, 0xf9, 0x60, 0x42, 0xa0, 0xa7,
  0x43, 0xae, 0xea, 0xf5, 0x2a, 0xa3, 0x40, 0x3d, 0x65, 0xbd, 0x67, 0x0e, 0xd2, 0x5e, 0xcd, 0x3a,
  0xb2, 0x01, 0xf4, 0xba, 0xa2, 0x0f, 0x6a, 0x4c, 0xed, 0x8c, 0xed, 0x13, 0xd5, 0x00, 0x6a, 0x99,
  0x67, 0x51, 0xe4, 0x87, 0xa4, 0x13, 0x95, 0x11, 0xd4, 0xa3, 0xec, 0xdd, 0x60, 0x46, 0x36, 0x0e,
  0x05, 0xd9, 0xe5, 0x48, 0x35, 0x1d, 0x65, 0x04, 0x6d, 0xfd, 0x65, 0x9f, 0x67, 0xb8, 0x67, 0x8c,
  0xed, 0x85, 0x67, 0x11, 0x95, 0x01, 0x4a, 0xa4, 0xec, 0x85, 0x67, 0xa0, 0xa6, 0xad, 0xec, 0x80,
  0xc6, 0xff, 0x6c, 0x8c, 0xea, 0x63, 0xea, 0xe3, 0x61, 0x6e, 0xea, 0x13, 0xd7, 0x11, 0xd3, 0xc7,
  0x2a, 0x06, 0x6e, 0x2d, 0xb4, 0x2d, 0xb2, 0x40, 0xea, 0x0e, 0x05, 0x11, 0x93, 0x13, 0x97, 0x10,
  0x92, 0x01, 0x72, 0x58, 0x67, 0x4b, 0xea, 0xc0, 0xf7, 0x42, 0x32, 0x1f, 0xb5, 0x40, 0xf2, 0xdc,
  0xa5, 0x80, 0x6c, 0x8b, 0xec, 0x8d, 0xee, 0x40, 0xf2, 0x9d, 0xa5, 0xfe, 0x65, 0x60, 0xf2, 0xe2,
  0xc5, 0x3c, 0x65, 0x10, 0x6c, 0x8b, 0xec, 0xd9, 0x67, 0x8c, 0xee, 0x0f, 0x6f, 0x86, 0x67, 0x2c,
  0xef, 0xed, 0xec, 0x40, 0xf2, 0x9d, 0xc5, 0x50, 0x34, 0x71, 0x6a, 0x4b, 0xea, 0xdf, 0x67, 0xcc,
  0xea, 0x8d, 0xea, 0x40, 0xf2, 0x5c, 0xc5, 0x10, 0x92, 0x60, 0xf2, 0x64, 0xc5, 0x60, 0xf2, 0x43,
  0xc5, 0x17, 0xb2, 0x40, 0x9a, 0x1f, 0xf7, 0x0b, 0x22, 0x20, 0xf0, 0x1e, 0x06, 0xb0, 0x67, 0x40,
  0xea, 0x00, 0x6c, 0x1f, 0xf7, 0x04, 0x22, 0x5d, 0x67, 0x20, 0xf0, 0x5e, 0xa2, 0x19, 0x97, 0x18,
  0x91, 0x17, 0x90, 0x00, 0xef, 0x0d, 0x63, 0xc3, 0x21, 0x02, 0x71, 0x81, 0x61, 0x03, 0x6a, 0xc5,
  0x17, 0x02, 0x6a, 0xc3, 0x17, 0x04, 0x3c, 0x12, 0x80, 0x34, 0x11, 0x00, 0xb6, 0x35, 0x5e, 0x04,
  0x80, 0xec, 0x10, 0x00, 0xb6, 0x14, 0xd7, 0x11, 0x80, 0x11, 0x46, 0x08, 0x80, 0x1d, 0x52, 0x04,
  0x80, 0x19, 0xcb, 0x01, 0x80, 0x69, 0x3e, 0x12, 0x80, 0x5d, 0xee, 0x00, 0x80, 0xa0, 0x15, 0x12,
  0x80, 0xf2, 0x63, 0x1b, 0x62, 0x1a, 0xd1, 0x19, 0xd0, 0x89, 0xb2, 0x8a, 0xb1, 0xff, 0xf7, 0x1f,
  0x6d, 0x00, 0xaa, 0x44, 0xa1, 0xac, 0xe8, 0xa0, 0xf0, 0x0e, 0x22, 0x87, 0xb2, 0x40, 0xea, 0x00,
  0x65, 0x68, 0xa2, 0xff, 0xf7, 0x1f, 0x6d, 0x0a, 0x73, 0x80, 0xf0, 0x0a, 0x61, 0x08, 0x9a, 0x48,
  0xa8, 0x22, 0xa8, 0x14, 0xd2, 0x49, 0xa8, 0x15, 0xd2, 0x80, 0xb2, 0x40, 0x9a, 0x40, 0xea, 0x00,
  0x65, 0x7f, 0xb3, 0xff, 0xf7, 0x1f, 0x6c, 0x46, 0x36, 0x60, 0xab, 0x8c, 0xeb, 0x62, 0x33, 0x0f,
  0x6c, 0x72, 0x33, 0xcc, 0xec, 0x63, 0xec, 0x80, 0xf0, 0x1b, 0x60, 0x56, 0x34, 0x05, 0x6e, 0x01,
  0x6d, 0x78, 0xb2, 0x40, 0xea, 0x12, 0xd3, 0x12, 0x93, 0x50, 0x32, 0x4d, 0xeb, 0x02, 0x6c, 0x8b,
  0xec, 0x6c, 0xec, 0xa2, 0x44, 0x74, 0xb2, 0x16, 0xd3, 0x12, 0xd5, 0x40, 0xea, 0x13, 0xd4, 0x16,
  0x93, 0x01, 0x6e, 0x12, 0x95, 0x6c, 0xee, 0x05, 0x26, 0xe0, 0xf1, 0x16, 0x5a, 0x02, 0x60, 0x13,
  0x94, 0xa4, 0x44, 0x14, 0x92, 0x24, 0x31, 0x0f, 0x07, 0x44, 0x32, 0x82, 0x42, 0x17, 0xd2, 0xa9,
  0xe4, 0x12, 0xd2, 0x15, 0x92, 0x12, 0x94, 0x10, 0x06, 0x44, 0x32, 0xfd, 0x4a, 0x89, 0xe2, 0x16,
  0xd2, 0xff, 0xf7, 0x1f, 0x6a, 0x4c, 0xe9, 0x0e, 0x02, 0x06, 0xd2, 0xff, 0x6a, 0x05, 0xd2, 0x00,
  0x6a, 0x04, 0xd2, 0x62, 0xb2, 0x40, 0x9a, 0xb1, 0x67, 0x83, 0x67, 0x13, 0xd1, 0x40, 0xea, 0x23,
  0x67, 0x13, 0x93, 0x08, 0x6a, 0x06, 0xd1, 0x0d, 0xd3, 0x15, 0x93, 0xab, 0xf2, 0x03, 0x6e, 0xfa,
  0x6d, 0x0c, 0xd3, 0x14, 0x93, 0x01, 0x6c, 0x14, 0xd1, 0x0b, 0xd3, 0x16, 0x93, 0x58, 0xb1, 0x04,
  0xd2, 0x0a, 0xd3, 0x12, 0x93, 0x81, 0xf5, 0x14, 0x6f, 0x09, 0xd3, 0x0f, 0x93, 0x08, 0xd3, 0x10,
  0x93, 0x07, 0xd3, 0x54, 0xb3, 0x40, 0xe9, 0x05, 0xd3, 0x10, 0x95, 0x52, 0xb6, 0xf9, 0x65, 0x01,
  0x6c, 0x0d, 0x25, 0x12, 0x93, 0x63, 0xed, 0x14, 0x93, 0x40, 0x61, 0x16, 0x94, 0xa3, 0xec, 0x3d,
  0x61, 0x12, 0x93, 0xff, 0xf7, 0x1f, 0x6a, 0x73, 0xe5, 0x86, 0x34, 0x4c, 0xec, 0xff, 0x6a, 0x4c,
  0xec, 0x49, 0xb2, 0x40, 0xea, 0x00, 0x65, 0x1b, 0x97, 0x1a, 0x91, 0x19, 0x90, 0x00, 0xef, 0x0e,
  0x63, 0x46, 0xb2, 0x68, 0xa2, 0x10, 0x6a, 0xff, 0x6c, 0x4c, 0xeb, 0x8c, 0xeb, 0x0c, 0xed, 0x0e,
  0x23, 0xaa, 0x33, 0x03, 0x6a, 0x4c, 0xeb, 0x6c, 0xec, 0x41, 0xb2, 0x40, 0xea, 0x00, 0x65, 0x48,
  0x30, 0x41, 0xe0, 0x40, 0x99, 0x08, 0x30, 0x22, 0x48, 0x01, 0xe2, 0x61, 0x17, 0xa2, 0x32, 0x03,
  0x6b, 0x6c, 0xea, 0x4c, 0xec, 0xf1, 0x17, 0x3b, 0xb2, 0xa0, 0xf1, 0x9e, 0xa2, 0xa0, 0xf1, 0x7c,
  0xaa, 0xc0, 0xf1, 0x2c, 0xaa, 0x44, 0x67, 0xac, 0xea, 0x14, 0xd3, 0x15, 0xd2, 0x00, 0x68, 0x54,
  0x17, 0x10, 0x6a, 0x4b, 0xea, 0x4c, 0xee, 0xcd, 0xeb, 0x69, 0x17, 0x17, 0x97, 0x73, 0xe5, 0x65,
  0xe7, 0x12, 0x97, 0x27, 0xe7, 0xff, 0x6f, 0xec, 0xe9, 0x23, 0xec, 0x27, 0x60, 0x0f, 0x97, 0xb5,
  0xe7, 0x10, 0xd5, 0x10, 0x92, 0x06, 0xd4, 0x04, 0x6c, 0x09, 0xd3, 0x08, 0xd2, 0x07, 0xd1, 0x05,
  0xd6, 0x04, 0xd4, 0x81, 0xf5, 0x15, 0x6f, 0x01, 0x6c, 0xcb, 0xf2, 0x0e, 0x6e, 0xfa, 0x6d, 0x5f,
  0x67, 0x40, 0xea, 0x12, 0xd3, 0x10, 0x92, 0x12, 0x93, 0x00, 0x6c, 0x6f, 0xe2, 0x13, 0x92, 0x27,
  0xe3, 0x23, 0xea, 0xa4, 0x61, 0x20, 0x31, 0x20, 0xb2, 0x3c, 0x31, 0x22, 0x31, 0x22, 0x31, 0x20,
  0xca, 0x10, 0xb2, 0x44, 0xa2, 0x17, 0x22, 0x28, 0xc8, 0x99, 0x17, 0x13, 0x97, 0x3d, 0xe7, 0x83,
  0xef, 0xd8, 0x60, 0x0f, 0x97, 0xfb, 0xec, 0x01, 0x2f, 0xe5, 0xe8, 0x3f, 0x65, 0x10, 0xef, 0x1f,
  0x65, 0x58, 0x67, 0x23, 0xea, 0x12, 0xef, 0x01, 0x60, 0xff, 0x4f, 0x59, 0x67, 0xf8, 0xea, 0x12,
  0xef, 0xf7, 0xe5, 0xc6, 0x17, 0x0f, 0xb2, 0xe0, 0xf1, 0x30, 0xca, 0x80, 0x17, 0xd8, 0x10, 0x00,
  0xb6, 0xc8, 0x49, 0x12, 0x80, 0x99, 0x28, 0x05, 0x80, 0xf0, 0x04, 0x12, 0x80, 0xd6, 0x10, 0x00,
  0xb6, 0xe5, 0xde, 0x03, 0x80, 0xcd, 0xed, 0x05, 0x80, 0xac, 0x0a, 0x12, 0x80, 0x11, 0x46, 0x08,
  0x80, 0x14, 0xd7, 0x11, 0x80, 0x19, 0x9c, 0x05, 0x80, 0xf8, 0x49, 0x12, 0x80, 0x21, 0x20, 0x05,
  0x80, 0x04, 0x3c, 0x12, 0x80, 0x0a, 0x10, 0x00, 0xb6, 0x60, 0xa4, 0xa0, 0xf2, 0x1c, 0x6a, 0x11,
  0xb4, 0x58, 0xeb, 0x12, 0xea, 0x51, 0xe4, 0xa0, 0xf0, 0x52, 0xa4, 0x0f, 0x72, 0x00, 0x6a, 0x16,
  0x61, 0x0d, 0xb5, 0x60, 0xf1, 0x6e, 0xa5, 0x02, 0x5b, 0x11, 0x61, 0x0c, 0xb2, 0x50, 0xa2, 0x0e,
  0x22, 0x0b, 0xb2, 0x40, 0xa2, 0x60, 0xf1, 0x71, 0xa5, 0x4d, 0xeb, 0xc0, 0xf0, 0x41, 0xa4, 0x4d,
  0xeb, 0xff, 0x6a, 0x4c, 0xeb, 0x00, 0x6a, 0x02, 0x2b, 0x40, 0xc6, 0x01, 0x6a, 0x20, 0xe8, 0x00,
  0x65, 0x50, 0x1c, 0x13, 0x80, 0xb0, 0x55, 0x12, 0x80, 0x00, 0xde, 0x12, 0x80, 0x15, 0xfa, 0x12,
  0x80, 0x29, 0xb3, 0x46, 0xab, 0xc0, 0xac, 0x4f, 0xea, 0xcc, 0xea, 0x40, 0xcc, 0x47, 0xab, 0x60,
  0xad, 0x01, 0x6e, 0x4f, 0xea, 0x6c, 0xea, 0x40, 0xcd, 0x41, 0xa4, 0xff, 0x6c, 0xcc, 0xea, 0x8c,
  0xea, 0x32, 0x22, 0xff, 0x63, 0x01, 0xd1, 0x00, 0xd0, 0x20, 0xb2, 0x60, 0x6b, 0x1b, 0x65, 0x40,
  0xaa, 0xff, 0xf7, 0x1f, 0x68, 0x78, 0x67, 0x0c, 0xea, 0x4c, 0xeb, 0x8c, 0xeb, 0x60, 0x73, 0x00,
  0x6f, 0x0e, 0x61, 0x1f, 0x6b, 0x1b, 0x65, 0x1a, 0xb1, 0x78, 0x67, 0x20, 0xa1, 0x4c, 0xeb, 0x8c,
  0xeb, 0x22, 0xeb, 0x05, 0x60, 0x0c, 0xea, 0x42, 0x32, 0xcc, 0xea, 0x8c, 0xea, 0xe2, 0x67, 0x15,
  0xb2, 0xeb, 0xc2, 0x40, 0x85, 0x00, 0x52, 0x0a, 0x60, 0x13, 0xb2, 0x60, 0xaa, 0x11, 0xb2, 0x62,
  0xca, 0x12, 0xb3, 0x60, 0xab, 0x63, 0xca, 0x12, 0xb3, 0x60, 0xab, 0x64, 0xca, 0x01, 0x91, 0x00,
  0x90, 0x00, 0x6a, 0x20, 0xe8, 0x01, 0x63, 0x40, 0x85, 0x00, 0x52, 0x0a, 0x60, 0x0a, 0xb2, 0x60,
  0xaa, 0x08, 0xb2, 0x62, 0xca, 0x09, 0xb3, 0x60, 0xab, 0x63, 0xca, 0x09, 0xb3, 0x60, 0xab, 0x64,
  0xca, 0x20, 0xe8, 0x00, 0x6a, 0x04, 0x3c, 0x12, 0x80, 0x80, 0x11, 0x00, 0xb6, 0x34, 0x09, 0x12,
  0x80, 0x08, 0xfa, 0x12, 0x80, 0xf4, 0x11, 0x00, 0xb6, 0xf6, 0x11, 0x00, 0xb6, 0xf8, 0x11, 0x00,
  0xb6, 0x40, 0xa4, 0x08, 0x72, 0x0b, 0x60, 0x09, 0x5a, 0x04, 0x60, 0x03, 0x72, 0x07, 0x60, 0x20,
  0xe8, 0x00, 0x6a, 0x30, 0x72, 0x03, 0x60, 0x59, 0x72, 0x00, 0x6a, 0x08, 0x61, 0x42, 0xa4, 0x40,
  0xc5, 0x44, 0xa4, 0x63, 0xa4, 0x40, 0x32, 0x6d, 0xea, 0x40, 0xce, 0x01, 0x6a, 0x20, 0xe8, 0x00,
  0x65, 0x16, 0xb2, 0x41, 0xa2, 0x1c, 0x6b, 0x6c, 0xea, 0x04, 0x72, 0x23, 0x61, 0xfb, 0x63, 0x09,
  0x62, 0x13, 0xb2, 0x40, 0xea, 0xff, 0x6c, 0x20, 0x72, 0x12, 0xb4, 0x13, 0xb3, 0x10, 0x61, 0x03,
  0x6a, 0x06, 0xd2, 0x01, 0x6a, 0x05, 0xd4, 0x04, 0xd2, 0x2e, 0xf5, 0x10, 0x6f, 0xe5, 0xf1, 0x11,
  0x6e, 0xfa, 0x6d, 0x40, 0xeb, 0x01, 0x6c, 0x09, 0x97, 0x00, 0x6a, 0x00, 0xef, 0x05, 0x63, 0x02,
  0x6a, 0x06, 0xd2, 0x01, 0x6a, 0x05, 0xd4, 0x04, 0xd2, 0x2e, 0xf5, 0x10, 0x6f, 0xe5, 0xf1, 0x15,
  0x6e, 0xef, 0x17, 0x20, 0xe8, 0x00, 0x6a, 0x00, 0x65, 0x3c, 0x1c, 0x12, 0x80, 0xfd, 0x1c, 0x01,
  0x80, 0x14, 0xd7, 0x11, 0x80, 0x11, 0x46, 0x08, 0x80, 0xfc, 0x63, 0x07, 0x62, 0x06, 0xd1, 0x05,
  0xd0, 0x0a, 0x6e, 0x10, 0xb1, 0x40, 0xe9, 0x04, 0x67, 0x0a, 0x6e, 0x0f, 0xb5, 0x0f, 0xb2, 0x40,
  0xea, 0x90, 0x67, 0x0f, 0xb2, 0x40, 0xea, 0x0a, 0x6d, 0xff, 0x6b, 0x6c, 0xea, 0x14, 0x5a, 0x0a,
  0x60, 0x0c, 0xb2, 0x40, 0x9a, 0x40, 0xea, 0x00, 0x65, 0x0a, 0x6e, 0x0b, 0xb5, 0x01, 0x2a, 0x06,
  0xb5, 0x40, 0xe9, 0x90, 0x67, 0x07, 0x97, 0x06, 0x91, 0x05, 0x90, 0x00, 0xef, 0x04, 0x63, 0x00,
  0x65, 0x5d, 0xee, 0x00, 0x80, 0x1c, 0x52, 0x12, 0x80, 0x8d, 0xcf, 0x11, 0x80, 0x09, 0xcf, 0x11,
  0x80, 0xd4, 0x04, 0x12, 0x80, 0xa0, 0x51, 0x12, 0x80, 0x62, 0xa4, 0x10, 0x6a, 0x4b, 0xea, 0x6c,
  0xea, 0x20, 0x72, 0x18, 0x61, 0x0d, 0xb2, 0x44, 0x9a, 0x01, 0x72, 0x14, 0x60, 0xfd, 0x63, 0x05,
  0x62, 0x0b, 0xb3, 0x4d, 0xab, 0xff, 0xf7, 0x1f, 0x6c, 0x8e, 0xea, 0x08, 0x2a, 0x09, 0xb5, 0x01,
  0x6c, 0x40, 0xf0, 0x81, 0xc3, 0x4d, 0xcb, 0x08, 0xb2, 0x40, 0xea, 0x27, 0x6c, 0x05, 0x97, 0x00,
  0x6a, 0x00, 0xef, 0x03, 0x63, 0x20, 0xe8, 0x00, 0x6a, 0xb0, 0x55, 0x12, 0x80, 0x00, 0xde, 0x12,
  0x80, 0x00, 0x00, 0x80, 0x00, 0x69, 0xf4, 0x00, 0x80, 0xfd, 0x63, 0x05, 0x62, 0x04, 0xd0, 0x08,
  0xb0, 0x43, 0xa0, 0x07, 0x22, 0x07, 0xb2, 0x40, 0xea, 0x82, 0xa0, 0x42, 0xa0, 0x01, 0x5a, 0x58,
  0x67, 0x42, 0xc0, 0x05, 0x97, 0x04, 0x90, 0x00, 0xef, 0x03, 0x63, 0x00, 0x65, 0x08, 0xfa, 0x12,
  0x80, 0x99, 0x9b, 0x05, 0x80, 0xfd, 0x63, 0x05, 0x62, 0x04, 0xd0, 0x18, 0xb2, 0x40, 0xea, 0x80,
  0x6c, 0x17, 0xb2, 0x80, 0x6b, 0x17, 0xb0, 0x40, 0xaa, 0x17, 0xb2, 0x60, 0xca, 0x17, 0xb2, 0x40,
  0xea, 0x00, 0x65, 0x00, 0x6a, 0x40, 0xd8, 0x16, 0xb2, 0x40, 0xea, 0x00, 0x65, 0x15, 0xb2, 0x40,
  0xd8, 0x15, 0xb2, 0x00, 0xf1, 0x4a, 0xa2, 0x13, 0x22, 0x14, 0xb2, 0x60, 0xf1, 0x4a, 0xa2, 0x01,
  0x6b, 0x6c, 0xea, 0x0d, 0x22, 0x12, 0xb2, 0xff, 0xf7, 0x1f, 0x6b, 0x04, 0xf0, 0x00, 0x6d, 0x40,
  0xaa, 0x36, 0x6c, 0x6c, 0xea, 0x4d, 0xed, 0x0f, 0xb2, 0x40, 0x9a, 0x40, 0xea, 0x6c, 0xed, 0x05,
  0x97, 0x04, 0x90, 0x01, 0x6a, 0x00, 0xef, 0x03, 0x63, 0xe1, 0x33, 0x01, 0x80, 0xc2, 0x10, 0x00,
  0xb6, 0x98, 0x12, 0x12, 0x80, 0x80, 0x10, 0x00, 0xb6, 0xcd, 0xbc, 0x11, 0x80, 0x1d, 0x89, 0x03,
  0x80, 0x35, 0x5d, 0x11, 0x80, 0x80, 0x34, 0x12, 0x80, 0xb0, 0x55, 0x12, 0x80, 0x36, 0x00, 0x00,
  0xb6, 0xe8, 0x04, 0x12, 0x80, 0xfd, 0x63, 0x05, 0x62, 0x04, 0xd0, 0x60, 0x9c, 0x02, 0x6a, 0x4b,
  0xea, 0x6c, 0xea, 0x40, 0xdc, 0x0f, 0xb2, 0x00, 0xaa, 0xff, 0xf7, 0x1f, 0x6a, 0x4c, 0xe8, 0x04,
  0x6a, 0x0c, 0xea, 0x03, 0x22, 0x0c, 0xb2, 0x40, 0xea, 0x00, 0x65, 0x08, 0x6a, 0x4c, 0xe8, 0x0b,
  0x20, 0x0a, 0xb2, 0x40, 0xea, 0x00, 0x65, 0x0a, 0xb2, 0x80, 0x9a, 0x0a, 0xb2, 0x40, 0xea, 0x00,
  0x6d, 0x09, 0xb2, 0x00, 0x6b, 0x60, 0xc2, 0x05, 0x97, 0x04, 0x90, 0x00, 0x6a, 0x00, 0xef, 0x03,
  0x63, 0xf0, 0x01, 0x00, 0xb6, 0x65, 0x08, 0x04, 0x80, 0xe9, 0x16, 0x04, 0x80, 0xf8, 0x05, 0x12,
  0x80, 0xb9, 0x9e, 0x00, 0x80, 0x20, 0x13, 0x12, 0x80, 0xfa, 0x63, 0x0b, 0x62, 0x0a, 0xd1, 0x09,
  0xd0, 0x05, 0x6e, 0x15, 0xb1, 0x40, 0xe9, 0x04, 0x67, 0x14, 0xb2, 0x05, 0x6e, 0x14, 0xb5, 0x90,
  0x67, 0x40, 0xea, 0x06, 0xd2, 0x13, 0xb3, 0x14, 0xb4, 0x40, 0xeb, 0x04, 0x05, 0x06, 0x92, 0x05,
  0x6e, 0x04, 0x05, 0x40, 0xea, 0x90, 0x67, 0x11, 0xb2, 0x40, 0xea, 0x05, 0x6d, 0xff, 0x6b, 0x6c,
  0xea, 0x02, 0x5a, 0x0a, 0x60, 0x0e, 0xb2, 0x40, 0x9a, 0x40, 0xea, 0x00, 0x65, 0x05, 0x6e, 0x04,
  0x05, 0x01, 0x2a, 0x07, 0xb5, 0x40, 0xe9, 0x90, 0x67, 0x0b, 0x97, 0x0a, 0x91, 0x09, 0x90, 0x00,
  0xef, 0x06, 0x63, 0x00, 0x65, 0x5d, 0xee, 0x00, 0x80, 0x8d, 0xcf, 0x11, 0x80, 0x14, 0x3c, 0x12,
  0x80, 0x55, 0x24, 0x07, 0x80, 0xa0, 0x51, 0x12, 0x80, 0x09, 0xcf, 0x11, 0x80, 0xd4, 0x04, 0x12,
  0x80, 0xfc, 0x63, 0x07, 0x62, 0x06, 0xd0, 0x04, 0x67, 0x0e, 0xb2, 0x40, 0xea, 0x85, 0xa4, 0x13,
  0x22, 0x63, 0xa0, 0x01, 0x73, 0x10, 0x61, 0x5d, 0xa2, 0x02, 0x6b, 0x6c, 0xea, 0x0c, 0x22, 0x0a,
  0xb2, 0x04, 0x6e, 0x04, 0x05, 0x04, 0xd2, 0x09, 0xb2, 0x40, 0xea, 0x0e, 0x6c, 0x00, 0x6a, 0x07,
  0x97, 0x06, 0x90, 0x00, 0xef, 0x04, 0x63, 0x06, 0xb2, 0x40, 0xea, 0x90, 0x67, 0xf8, 0x17, 0x00,
  0x65, 0x55, 0x19, 0x05, 0x80, 0x01, 0x39, 0x20, 0x00, 0x19, 0xcb, 0x01, 0x80, 0x2d, 0xa9, 0x04,
  0x80, 0xfd, 0x63, 0x05, 0x62, 0x04, 0xd0, 0x14, 0xb2, 0x40, 0xea, 0x04, 0x67, 0x15, 0x22, 0x5d,
  0xa0, 0x03, 0x6b, 0x6b, 0xeb, 0x6c, 0xea, 0x5d, 0xc0, 0x10, 0xb2, 0xff, 0xf7, 0x1f, 0x6b, 0x40,
  0xaa, 0x6c, 0xea, 0x0f, 0xb3, 0x62, 0x9b, 0x0e, 0xeb, 0x0b, 0x2b, 0x0a, 0x6b, 0x6c, 0xea, 0x08,
  0x2a, 0x0c, 0xb2, 0x40, 0x9a, 0x40, 0xea, 0x00, 0x65, 0x05, 0x97, 0x04, 0x90, 0x00, 0xef, 0x03,
  0x63, 0x09, 0xb2, 0x40, 0xea, 0x90, 0x67, 0x00, 0x6e, 0xb0, 0x67, 0x08, 0xb2, 0x40, 0xea, 0x44,
  0x6c, 0xf3, 0x17, 0x00, 0x65, 0xa1, 0x33, 0x05, 0x80, 0x70, 0x11, 0x00, 0xb6, 0x44, 0x4c, 0x12,
  0x80, 0x40, 0x0a, 0x12, 0x80, 0x4d, 0x30, 0x05, 0x80, 0x79, 0x89, 0x05, 0x80, 0x40, 0xa5, 0x11,
  0x72, 0x18, 0x61, 0x80, 0xac, 0xa0, 0xf2, 0x1c, 0x6a, 0x58, 0xec, 0x0c, 0xb2, 0x12, 0xeb, 0x69,
  0xe2, 0xb6, 0x9a, 0x00, 0xf2, 0x54, 0xa5, 0x0d, 0x22, 0x00, 0xf2, 0x52, 0xa5, 0x0a, 0x2a, 0xfd,
  0x63, 0x05, 0x62, 0x7f, 0x4d, 0x06, 0xb2, 0x40, 0xea, 0x43, 0x4d, 0x05, 0x97, 0x00, 0x6a, 0x00,
  0xef, 0x03, 0x63, 0x20, 0xe8, 0x00, 0x6a, 0x00, 0x65, 0x50, 0x1c, 0x13, 0x80, 0xad, 0x4e, 0x01,
  0x80, 0xfd, 0x63, 0x05, 0x62, 0x04, 0xd0, 0x0f, 0xb2, 0x40, 0xea, 0x04, 0x67, 0x15, 0x22, 0xb0,
  0xa0, 0x0d, 0xb4, 0xc0, 0xf0, 0x63, 0x45, 0x70, 0x33, 0x6d, 0xe4, 0xc3, 0x8b, 0xc2, 0xcb, 0x00,
  0xf1, 0x1f, 0x6b, 0x21, 0xf4, 0xce, 0xcc, 0x21, 0xf4, 0x6a, 0xcc, 0x71, 0xa0, 0x02, 0x73, 0x04,
  0x61, 0x21, 0xf4, 0xaa, 0xc4, 0x21, 0xf4, 0x6b, 0xc4, 0x05, 0x97, 0x04, 0x90, 0x00, 0xef, 0x03,
  0x63, 0x55, 0x9f, 0x06, 0x80, 0x04, 0x3c, 0x12, 0x80, 0xfb, 0x63, 0x09, 0x62, 0x08, 0xd1, 0x07,
  0xd0, 0x10, 0xb1, 0x60, 0xa1, 0x10, 0xb5, 0x11, 0xb7, 0x64, 0x30, 0x61, 0xe0, 0x14, 0x30, 0x15,
  0xe5, 0x20, 0x6e, 0x0f, 0xb4, 0x05, 0xd3, 0x40, 0xef, 0x04, 0xd7, 0x04, 0x97, 0x0d, 0xb5, 0x15,
  0xe5, 0x0d, 0xb4, 0x40, 0xef, 0x40, 0x6e, 0x05, 0x93, 0x09, 0x97, 0x07, 0x90, 0x41, 0x43, 0x04,
  0x6b, 0x7a, 0xea, 0x01, 0x2b, 0xe5, 0xe8, 0x10, 0xea, 0x40, 0xc1, 0x08, 0x91, 0x00, 0xef, 0x05,
  0x63, 0xb0, 0xf8, 0x12, 0x80, 0x28, 0xe0, 0x11, 0x80, 0x5d, 0xee, 0x00, 0x80, 0x4c, 0x25, 0x12,
  0x80, 0x48, 0xe0, 0x11, 0x80, 0xcc, 0x24, 0x12, 0x80, 0xd1, 0x63, 0x5d, 0x62, 0x5c, 0xd1, 0x5b,
  0xd0, 0x69, 0xb2, 0x40, 0xf1, 0x06, 0x05, 0x40, 0xea, 0x52, 0x04, 0x55, 0xd2, 0x80, 0xf0, 0x12,
  0x2a, 0x5d, 0x67, 0x40, 0xf1, 0x46, 0xaa, 0x65, 0xb3, 0x06, 0x6e, 0x54, 0xd2, 0x64, 0xb5, 0x50,
  0x04, 0x64, 0xb2, 0x40, 0xea, 0x23, 0x67, 0x54, 0x92, 0xa0, 0xf2, 0x1c, 0x6b, 0xe1, 0xf4, 0x0a,
  0x6f, 0x78, 0xea, 0x61, 0xb2, 0x4a, 0xf3, 0x11, 0x6e, 0xfa, 0x6d, 0x12, 0xe8, 0x01, 0xe2, 0xc0,
  0xf0, 0x4c, 0xa0, 0x0e, 0xd2, 0x54, 0x92, 0x0d, 0xd2, 0x5d, 0x67, 0x40, 0xf1, 0x48, 0xa2, 0x0c,
  0xd2, 0x5d, 0x67, 0x40, 0xf1, 0x45, 0xa2, 0x0b, 0xd2, 0x5d, 0x67, 0x40, 0xf1, 0x44, 0xa2, 0x0a,
  0xd2, 0x5d, 0x67, 0x40, 0xf1, 0x43, 0xa2, 0x09, 0xd2, 0x5d, 0x67, 0x40, 0xf1, 0x42, 0xa2, 0x08,
  0xd2, 0x5d, 0x67, 0x40, 0xf1, 0x41, 0xa2, 0x07, 0xd2, 0x5d, 0x67, 0x40, 0xf1, 0x40, 0xa2, 0x06,
  0xd2, 0x4e, 0xb2, 0x05, 0xd2, 0x09, 0x6a, 0x04, 0xd2, 0x4d, 0xb2, 0x40, 0xea, 0x04, 0x6c, 0x4a,
  0xa1, 0x89, 0xa1, 0x71, 0x67, 0x40, 0x32, 0x8d, 0xea, 0x56, 0xd2, 0x4b, 0xa1, 0xef, 0xa3, 0xd0,
  0xf0, 0x81, 0x40, 0x57, 0xd2, 0x4c, 0xa1, 0x06, 0x6e, 0x50, 0x05, 0x58, 0xd2, 0x4d, 0xa1, 0x2e,
  0xa1, 0x20, 0x31, 0x4d, 0xe9, 0x3f, 0xb2, 0x40, 0xea, 0x59, 0xd7, 0x56, 0x92, 0x59, 0x97, 0x40,
  0xf2, 0x56, 0xc8, 0x57, 0x92, 0xe0, 0xf0, 0xe1, 0xc0, 0xc0, 0xf0, 0x5e, 0xc0, 0x58, 0x92, 0xe0,
  0xf0, 0x40, 0xc0, 0x5d, 0x67, 0x40, 0xf1, 0x48, 0xa2, 0xc0, 0xf0, 0x57, 0xc0, 0x01, 0x6a, 0x40,
  0xf2, 0x58, 0xc0, 0x5d, 0x67, 0x40, 0xf1, 0x86, 0xaa, 0x36, 0xb2, 0x40, 0xea, 0x00, 0x65, 0x55,
  0x92, 0x22, 0x34, 0x9e, 0x34, 0x00, 0xf1, 0x40, 0xc0, 0xa0, 0xf2, 0x1c, 0x6b, 0x2e, 0xb0, 0x00,
  0x6a, 0x03, 0x24, 0xef, 0xf7, 0x1f, 0x6a, 0x2c, 0xea, 0x54, 0x94, 0x78, 0xec, 0x27, 0xb4, 0x12,
  0xeb, 0x61, 0xe0, 0x60, 0xf0, 0x58, 0xc8, 0x2c, 0xb2, 0x40, 0xea, 0x00, 0x65, 0x26, 0x22, 0x5d,
  0x67, 0x40, 0xf1, 0x88, 0xa2, 0xc0, 0xf0, 0xac, 0xa0, 0x28, 0xb2, 0x40, 0xea, 0x00, 0x65, 0x28,
  0xb2, 0x40, 0xea, 0x50, 0x04, 0x7d, 0x67, 0x02, 0x6a, 0x40, 0xf0, 0x40, 0xcb, 0x00, 0x68, 0x1c,
  0xb5, 0x40, 0xf0, 0x03, 0x04, 0x1b, 0xb2, 0x40, 0xf0, 0x02, 0xc3, 0x40, 0xea, 0x06, 0x6e, 0x7d,
  0x67, 0x01, 0x6a, 0x40, 0xf0, 0x49, 0xc3, 0x0b, 0x6e, 0x10, 0x05, 0x1e, 0xb2, 0x40, 0xf0, 0x0a,
  0xc3, 0x40, 0xea, 0x03, 0x6c, 0x1c, 0xb2, 0x00, 0xc2, 0x0e, 0x10, 0x5d, 0x67, 0x40, 0xf1, 0x86,
  0xaa, 0x1a, 0xb2, 0x40, 0xea, 0x01, 0x6d, 0x01, 0x6a, 0x19, 0xb3, 0x41, 0xdb, 0x19, 0xb3, 0x40,
  0xc3, 0x15, 0xb2, 0x02, 0x6b, 0x60, 0xc2, 0xff, 0x6e, 0x03, 0x4e, 0x08, 0xb4, 0x16, 0xb2, 0x40,
  0xea, 0x00, 0x6d, 0x16, 0xb2, 0x00, 0x6b, 0x60, 0xc2, 0x5d, 0x97, 0x5c, 0x91, 0x5b, 0x90, 0x00,
  0xef, 0x2f, 0x63, 0x00, 0x65, 0x61, 0x08, 0x07, 0x80, 0xe0, 0xf8, 0x12, 0x80, 0xe3, 0xf8, 0x12,
  0x80, 0x5d, 0xee, 0x00, 0x80, 0x50, 0x1c, 0x13, 0x80, 0x14, 0xd7, 0x11, 0x80, 0x11, 0x46, 0x08,
  0x80, 0x1d, 0x79, 0x03, 0x80, 0xf9, 0x82, 0x03, 0x80, 0x95, 0x07, 0x07, 0x80, 0x85, 0x07, 0x07,
  0x80, 0x19, 0xcb, 0x01, 0x80, 0xe2, 0xf9, 0x12, 0x80, 0x95, 0x10, 0x08, 0x80, 0xb0, 0x55, 0x12,
  0x80, 0x1c, 0x11, 0x12, 0x80, 0x8d, 0xef, 0x00, 0x80, 0xdc, 0xf8, 0x12, 0x80, 0xfd, 0x63, 0x05,
  0x62, 0x03, 0xb2, 0x40, 0xea, 0x00, 0x65, 0x05, 0x97, 0x00, 0xef, 0x03, 0x63, 0x49, 0xbe, 0x11,
  0x80, 0xfd, 0x63, 0x05, 0x62, 0x05, 0xb4, 0x06, 0xb6, 0x9b, 0xe6, 0x06, 0xb2, 0x40, 0xea, 0x00,
  0x6d, 0x05, 0x97, 0x00, 0xef, 0x03, 0x63, 0x00, 0x65, 0x00, 0xfc, 0x11, 0x80, 0x00, 0x00, 0x12,
  0x80, 0x8d, 0xef, 0x00, 0x80, 0xf7, 0x63, 0x11, 0x62, 0x10, 0xd1, 0x0f, 0xd0, 0x00, 0x68, 0x37,
  0xb2, 0x40, 0x9a, 0x00, 0x35, 0xff, 0xf7, 0x1f, 0x69, 0xb0, 0x35, 0xe0, 0xf1, 0x10, 0x6c, 0x40,
  0xea, 0x2c, 0xed, 0x33, 0xb2, 0x08, 0x04, 0x60, 0xaa, 0x04, 0x32, 0x49, 0xe4, 0x2c, 0xeb, 0x60,
  0xca, 0x40, 0xa2, 0x01, 0x6b, 0x5a, 0x32, 0x6c, 0xea, 0x13, 0x22, 0x2e, 0xb2, 0x09, 0xe2, 0x07,
  0x58, 0x41, 0xa2, 0x40, 0x60, 0x0d, 0x2a, 0x2c, 0xb2, 0x05, 0xd2, 0x01, 0x6a, 0x06, 0xd0, 0x04,
  0xd2, 0xdf, 0xf7, 0x1a, 0x6f, 0x6c, 0xf1, 0x1d, 0x6e, 0xfa, 0x6d, 0x28, 0xb2, 0x40, 0xea, 0x02,
  0x6c, 0x01, 0x48, 0xff, 0x6a, 0x4c, 0xe8, 0x0c, 0x58, 0xd2, 0x61, 0xff, 0x69, 0x00, 0x6a, 0x24,
  0xb3, 0x4d, 0xe3, 0x64, 0xa3, 0x01, 0x6d, 0x66, 0x34, 0xac, 0xec, 0x03, 0x24, 0xac, 0xeb, 0x01,
  0x23, 0x22, 0x67, 0x01, 0x4a, 0xff, 0x6b, 0x6c, 0xea, 0x04, 0x5a, 0xf1, 0x61, 0xff, 0x71, 0x15,
  0x60, 0x1c, 0xb2, 0x40, 0xa2, 0x12, 0x2a, 0x01, 0x68, 0x4f, 0x40, 0x48, 0x32, 0x29, 0xe2, 0x44,
  0x32, 0x19, 0xb3, 0x49, 0xe3, 0x40, 0xa2, 0x04, 0x2a, 0xb1, 0x67, 0x18, 0xb2, 0x40, 0xea, 0x90,
  0x67, 0x01, 0x48, 0xff, 0x6a, 0x4c, 0xe8, 0x08, 0x58, 0xef, 0x61, 0x11, 0x97, 0x10, 0x91, 0x0f,
  0x90, 0x00, 0xef, 0x09, 0x63, 0x07, 0x22, 0x0e, 0xb2, 0x43, 0xa2, 0x69, 0x40, 0x47, 0xeb, 0x01,
  0x6b, 0x6c, 0xea, 0xc6, 0x2a, 0x08, 0xb2, 0x05, 0xd2, 0x01, 0x6a, 0x06, 0xd0, 0x04, 0xd2, 0xdf,
  0xf7, 0x1b, 0x6f, 0x8c, 0xf1, 0x04, 0x6e, 0xb8, 0x17, 0xe8, 0x04, 0x12, 0x80, 0xf0, 0x01, 0x00,
  0xb6, 0xc0, 0x32, 0x12, 0x80, 0x14, 0xd7, 0x11, 0x80, 0x11, 0x46, 0x08, 0x80, 0xa4, 0x32, 0x12,
  0x80, 0xac, 0x55, 0x12, 0x80, 0x78, 0x5c, 0x12, 0x80, 0x45, 0x48, 0x01, 0x80, 0xf9, 0x63, 0x0d,
  0x62, 0x0c, 0xd0, 0x13, 0xb2, 0x40, 0xea, 0x00, 0x65, 0x12, 0xb3, 0x02, 0x67, 0x42, 0xa3, 0x29,
  0xf2, 0x19, 0x6f, 0xe3, 0xf3, 0x08, 0x6e, 0x0a, 0xd2, 0x0f, 0xb2, 0x8e, 0xa2, 0xfa, 0x6d, 0x09,
  0xd4, 0x90, 0xa2, 0x08, 0xd4, 0x4f, 0xa2, 0x07, 0xd2, 0x43, 0xa3, 0x06, 0xd2, 0x0b, 0xb2, 0x05,
  0xd2, 0x05, 0x6a, 0x04, 0xd2, 0x0a, 0xb2, 0x40, 0xea, 0x01, 0x6c, 0x0a, 0xb2, 0x40, 0xea, 0x00,
  0x65, 0x50, 0x67, 0x0d, 0x97, 0x0c, 0x90, 0x00, 0xef, 0x07, 0x63, 0x00, 0x65, 0xad, 0xb7, 0x11,
  0x80, 0x90, 0xfa, 0x12, 0x80, 0x00, 0xde, 0x12, 0x80, 0x14, 0xd7, 0x11, 0x80, 0x11, 0x46, 0x08,
  0x80, 0x69, 0xa7, 0x11, 0x80, 0xfc, 0x63, 0x07, 0x62, 0x06, 0xd0, 0x0b, 0xb2, 0x04, 0x67, 0x04,
  0xf0, 0x0e, 0x6c, 0x40, 0xea, 0x04, 0x05, 0x5d, 0x67, 0x13, 0xc2, 0x04, 0x6e, 0x04, 0x05, 0x07,
  0xb2, 0x40, 0xea, 0x0e, 0x6c, 0x06, 0xb2, 0x00, 0x6b, 0x60, 0xc2, 0x07, 0x97, 0x06, 0x90, 0x00,
  0xef, 0x04, 0x63, 0x00, 0x65, 0x1d, 0x52, 0x04, 0x80, 0x19, 0xcb, 0x01, 0x80, 0x14, 0xfa, 0x12,
  0x80, 0x0c, 0xb2, 0xa0, 0xf1, 0x44, 0xa2, 0x0c, 0xb4, 0x84, 0xa4, 0x01, 0x6b, 0x6c, 0xea, 0x8d,
  0xea, 0xff, 0x6c, 0x8c, 0xea, 0x04, 0x22, 0x09, 0xb2, 0x60, 0xc2, 0x20, 0xe8, 0x00, 0x6a, 0xfd,
  0x63, 0x05, 0x62, 0x07, 0xb2, 0x40, 0xea, 0x0c, 0x6c, 0x05, 0x97, 0x00, 0x6a, 0x00, 0xef, 0x03,
  0x63, 0x04, 0x3c, 0x12, 0x80, 0xc8, 0x49, 0x12, 0x80, 0x14, 0xfa, 0x12, 0x80, 0xe5, 0x63, 0x11,
  0x80, 0xf8, 0x63, 0x0f, 0x62, 0x0e, 0xd1, 0x0d, 0xd0, 0x3a, 0xb0, 0x43, 0xa0, 0x07, 0x22, 0x3a,
  0xb2, 0x40, 0xea, 0x80, 0xa0, 0x40, 0xa0, 0x01, 0x5a, 0x58, 0x67, 0x40, 0xc0, 0x37, 0xb2, 0x20,
  0xa2, 0x01, 0x71, 0x58, 0x67, 0x4e, 0x2a, 0x36, 0xb5, 0xff, 0xf7, 0x1e, 0x6c, 0xc0, 0xad, 0xcc,
  0xec, 0x80, 0xcd, 0x34, 0xb4, 0x40, 0xcc, 0x34, 0xb4, 0x40, 0xcc, 0x34, 0xb4, 0x40, 0xcc, 0x34,
  0xb2, 0x04, 0xa2, 0x0a, 0xd2, 0x24, 0x20, 0x33, 0xb2, 0x40, 0x9a, 0x00, 0x6c, 0x40, 0xea, 0x01,
  0x68, 0x31, 0xb2, 0x40, 0xea, 0x00, 0x6c, 0x35, 0x21, 0x30, 0xb1, 0x45, 0xa1, 0x00, 0xf2, 0x00,
  0x6c, 0x2f, 0xb3, 0x40, 0x32, 0x8c, 0xea, 0x3c, 0x22, 0x00, 0x6a, 0x04, 0xd2, 0xf0, 0x67, 0x01,
  0x6e, 0x00, 0x6d, 0x40, 0xeb, 0x02, 0x6c, 0x38, 0x20, 0x0a, 0x92, 0x91, 0xa2, 0x01, 0x6a, 0x44,
  0xec, 0xc0, 0xf1, 0x92, 0xa9, 0x4f, 0xea, 0x8c, 0xea, 0xc0, 0xf1, 0x52, 0xc9, 0x1a, 0x10, 0x23,
  0xb4, 0xa0, 0xf1, 0x64, 0xa4, 0x01, 0x69, 0x6c, 0xe9, 0x21, 0x21, 0x22, 0xb2, 0x40, 0xea, 0x0b,
  0xd4, 0x04, 0x6b, 0x6e, 0xea, 0x0b, 0x94, 0x12, 0x2a, 0x9d, 0x67, 0x40, 0xf4, 0x16, 0x6b, 0x08,
  0xd2, 0x70, 0xcc, 0x04, 0xd2, 0x1c, 0xb2, 0x80, 0x9a, 0x08, 0x97, 0x1c, 0xb5, 0x1c, 0xb2, 0x40,
  0xea, 0x00, 0x6e, 0x0f, 0x97, 0x0e, 0x91, 0x0d, 0x90, 0x00, 0xef, 0x08, 0x63, 0xa0, 0xf1, 0x44,
  0xa4, 0x02, 0x6d, 0xab, 0xed, 0xac, 0xea, 0xa0, 0xf1, 0x44, 0xc4, 0xba, 0x17, 0x11, 0x67, 0xb8,
  0x17, 0x04, 0xd2, 0xf0, 0x67, 0x00, 0x6e, 0xc4, 0x17, 0xc0, 0xf1, 0x85, 0xa1, 0xc7, 0x17, 0x00,
  0x65, 0x08, 0xfa, 0x12, 0x80, 0x99, 0x9b, 0x05, 0x80, 0x14, 0xfa, 0x12, 0x80, 0x02, 0x10, 0x00,
  0xb6, 0xfa, 0x11, 0x00, 0xb6, 0xfc, 0x11, 0x00, 0xb6, 0xfe, 0x11, 0x00, 0xb6, 0xc8, 0x49, 0x12,
  0x80, 0xcc, 0x09, 0x12, 0x80, 0xe5, 0x63, 0x11, 0x80, 0x04, 0x3c, 0x12, 0x80, 0x19, 0x6f, 0x04,
  0x80, 0x79, 0x97, 0x05, 0x80, 0x18, 0x20, 0x12, 0x80, 0x61, 0x64, 0x11, 0x80, 0x61, 0x9d, 0x00,
  0x80, 0x54, 0x9c, 0x61, 0x42, 0x08, 0x23, 0x06, 0xb3, 0x01, 0x6d, 0xa0, 0xc3, 0x05, 0xb3, 0x40,
  0xdb, 0x01, 0x6a, 0x4b, 0xea, 0x54, 0xdc, 0x20, 0xe8, 0x00, 0x65, 0x00, 0x65, 0x00, 0xfa, 0x12,
  0x80, 0xfc, 0xf9, 0x12, 0x80, 0xfb, 0x63, 0x09, 0x62, 0x08, 0xd1, 0x07, 0xd0, 0x00, 0x6b, 0x22,
  0xb2, 0x60, 0xc2, 0x22, 0xb2, 0x40, 0xea, 0x24, 0x67, 0x21, 0xb3, 0x22, 0xb7, 0x04, 0xd2, 0x9d,
  0x9b, 0x5a, 0x9b, 0xd9, 0x9b, 0xe6, 0xaf, 0xbc, 0x9b, 0x00, 0x68, 0x05, 0xd3, 0x82, 0xe8, 0x15,
  0x60, 0x50, 0x33, 0x6d, 0xe6, 0x64, 0xab, 0x20, 0xf3, 0x0c, 0x73, 0x24, 0x61, 0x2a, 0xef, 0x22,
  0x61, 0x19, 0xb4, 0x1a, 0xb2, 0x40, 0xea, 0x00, 0x65, 0xa0, 0xf2, 0x1c, 0x6a, 0x58, 0xe9, 0x18,
  0xb2, 0x12, 0xec, 0x89, 0xe2, 0x01, 0x6c, 0x8b, 0xec, 0x94, 0xda, 0x05, 0x92, 0x5d, 0x9a, 0x4e,
  0xe8, 0x09, 0x28, 0xa0, 0xf2, 0x1c, 0x6a, 0x58, 0xe9, 0x11, 0xb2, 0x12, 0xeb, 0x69, 0xe2, 0x0e,
  0xb3, 0x60, 0x9b, 0x74, 0xda, 0x0f, 0xb2, 0x40, 0xea, 0x04, 0x94, 0x09, 0x97, 0x08, 0x91, 0x07,
  0x90, 0x00, 0xef, 0x05, 0x63, 0x01, 0x4a, 0x4a, 0xed, 0x01, 0x61, 0x00, 0x6a, 0x61, 0x40, 0xff,
  0x68, 0x6c, 0xe8, 0xcc, 0x17, 0x00, 0xfa, 0x12, 0x80, 0xe4, 0x94, 0x00, 0x80, 0x3c, 0xd4, 0x12,
  0x80, 0x7c, 0x59, 0x12, 0x80, 0xfc, 0xf9, 0x12, 0x80, 0x51, 0x9f, 0x00, 0x80, 0x50, 0x1c, 0x13,
  0x80, 0x00, 0x95, 0x00, 0x80, 0xf8, 0x63, 0x0f, 0x62, 0x0e, 0xd1, 0x0d, 0xd0, 0x44, 0xac, 0x04,
  0x67, 0xff, 0x69, 0xc0, 0xf2, 0x0d, 0x72, 0x0b, 0x61, 0x35, 0xb2, 0x26, 0xaa, 0xa0, 0xf2, 0x1c,
  0x6a, 0x34, 0xb4, 0x58, 0xe9, 0x12, 0xea, 0x51, 0xe4, 0x33, 0xb2, 0x40, 0xea, 0x00, 0x65, 0x44,
  0xa8, 0xc0, 0xf2, 0x10, 0x72, 0x46, 0x61, 0x40, 0xa0, 0x1e, 0x6b, 0xff, 0x6f, 0x6c, 0xea, 0xec,
  0xea, 0x40, 0x2a, 0x2e, 0xb3, 0x40, 0xa3, 0x0a, 0xd3, 0x3c, 0x22, 0x0c, 0x6a, 0xa1, 0xa0, 0x1a,
  0x65, 0x58, 0x67, 0xac, 0xea, 0xec, 0xea, 0x04, 0x72, 0x34, 0x61, 0x29, 0xb2, 0x80, 0x9a, 0xe0,
  0xf7, 0x1f, 0x6a, 0x82, 0x35, 0xc4, 0x67, 0xa2, 0x35, 0x4c, 0xee, 0x4c, 0xed, 0xc0, 0xf6, 0x82,
  0x32, 0x03, 0x6c, 0x8c, 0xea, 0xa3, 0xee, 0xec, 0xea, 0xb3, 0xe6, 0x35, 0x61, 0x60, 0x98, 0x21,
  0xb7, 0x49, 0xe4, 0x62, 0x33, 0x72, 0x33, 0xec, 0xeb, 0x4c, 0xef, 0xe0, 0x34, 0x90, 0x34, 0xe0,
  0x98, 0x1c, 0x65, 0x1d, 0xb4, 0x07, 0xd2, 0x1d, 0xb2, 0xec, 0xec, 0xf8, 0x67, 0xed, 0xec, 0x05,
  0xd2, 0x04, 0x6a, 0x80, 0xd8, 0x09, 0xd5, 0x08, 0xd6, 0x06, 0xd3, 0x04, 0xd2, 0xe1, 0xf5, 0x1d,
  0x6f, 0xa3, 0xf0, 0x09, 0x6e, 0xfa, 0x6d, 0x16, 0xb2, 0x40, 0xea, 0x02, 0x6c, 0x0a, 0x93, 0x00,
  0x6a, 0x40, 0xc3, 0x14, 0xb2, 0x40, 0xea, 0x90, 0x67, 0x13, 0xb2, 0x40, 0xa2, 0x07, 0x22, 0x44,
  0xa8, 0xc0, 0xf2, 0x0d, 0x72, 0x03, 0x61, 0x11, 0xb2, 0x40, 0xea, 0x91, 0x67, 0x0f, 0x97, 0x0e,
  0x91, 0x0d, 0x90, 0x00, 0xef, 0x08, 0x63, 0x01, 0xf0, 0x00, 0x4c, 0xc8, 0x17, 0x7c, 0x59, 0x12,
  0x80, 0x50, 0x1c, 0x13, 0x80, 0x91, 0x65, 0x11, 0x80, 0xf4, 0xf9, 0x12, 0x80, 0x3c, 0xa3, 0x00,
  0xb0, 0xff, 0xff, 0x01, 0x00, 0xff, 0x0f, 0x00, 0xe0, 0x14, 0xd7, 0x11, 0x80, 0x11, 0x46, 0x08,
  0x80, 0x59, 0x2e, 0x04, 0x80, 0x00, 0xfa, 0x12, 0x80, 0xb5, 0x65, 0x11, 0x80, 0xfb, 0x63, 0x09,
  0x62, 0x08, 0xd1, 0x07, 0xd0, 0x6a, 0xb5, 0x20, 0xf0, 0x4a, 0xa5, 0x01, 0x6f, 0x69, 0xb3, 0xed,
  0xea, 0x20, 0xf0, 0x4a, 0xc5, 0x68, 0xb2, 0x6e, 0xda, 0x54, 0x6b, 0x20, 0xf0, 0x7c, 0xc2, 0x05,
  0x6b, 0x60, 0xf1, 0x64, 0xc2, 0x65, 0xb3, 0x66, 0xb4, 0x66, 0xb1, 0x40, 0x9b, 0x8c, 0xea, 0x66,
  0xb4, 0x8d, 0xea, 0x40, 0xdb, 0xc0, 0xf0, 0xd9, 0xa1, 0xc0, 0xf0, 0x78, 0xa1, 0xc0, 0xf0, 0x9a,
  0xa1, 0xc0, 0x36, 0x6d, 0xee, 0xc0, 0xf0, 0x7b, 0xa1, 0x80, 0x34, 0x80, 0x34, 0x8d, 0xee, 0x00,
  0xf6, 0x60, 0x33, 0xcd, 0xeb, 0xec, 0xeb, 0x0c, 0x2b, 0x01, 0xf4, 0x58, 0xa5, 0xfd, 0x4b, 0x6c,
  0xea, 0x01, 0xf4, 0x58, 0xc5, 0xc0, 0xf1, 0x54, 0xa5, 0xc2, 0x4b, 0x6c, 0xea, 0xc0, 0xf1, 0x54,
  0xc5, 0x00, 0x6c, 0x56, 0xb2, 0x01, 0x68, 0x80, 0xc2, 0x0b, 0xe8, 0x55, 0xb2, 0x55, 0xb3, 0x00,
  0xda, 0x55, 0xb2, 0x80, 0xc2, 0x51, 0xa3, 0x02, 0x6d, 0xab, 0xed, 0xac, 0xea, 0x51, 0xc3, 0x53,
  0xb2, 0x40, 0xea, 0x00, 0x65, 0x52, 0xb2, 0x40, 0xea, 0x00, 0x65, 0x52, 0xb2, 0xff, 0xf7, 0x1f,
  0x6d, 0x10, 0xf0, 0x00, 0x6e, 0x60, 0xaa, 0xcb, 0xee, 0x00, 0x6c, 0xac, 0xeb, 0xcd, 0xeb, 0xac,
  0xeb, 0x60, 0xca, 0x4d, 0xb2, 0x60, 0xf1, 0x67, 0xa2, 0x80, 0x6d, 0xab, 0xed, 0xad, 0xeb, 0x60,
  0xf1, 0x67, 0xc2, 0x4a, 0xb6, 0x60, 0xa6, 0x00, 0xf1, 0x8a, 0xc2, 0x00, 0x6a, 0xa0, 0xf0, 0x49,
  0xc1, 0x47, 0xb2, 0x04, 0x6f, 0xed, 0xeb, 0x60, 0xc6, 0x46, 0xb4, 0x60, 0x9a, 0xa0, 0xf0, 0xa8,
  0xc1, 0x48, 0xf0, 0x00, 0x69, 0x8c, 0xeb, 0x60, 0xda, 0x60, 0x9a, 0x43, 0xb4, 0xb1, 0x67, 0x8c,
  0xeb, 0x60, 0xda, 0x42, 0xb2, 0x60, 0x9a, 0xca, 0x6c, 0x40, 0xeb, 0x04, 0xd2, 0x04, 0x92, 0xb1,
  0x67, 0x40, 0x9a, 0x40, 0xea, 0xcc, 0x6c, 0x3e, 0xb2, 0x20, 0xca, 0x3e, 0xb1, 0x40, 0x99, 0x01,
  0x4a, 0x03, 0x22, 0x3d, 0xb2, 0x40, 0xea, 0x91, 0x67, 0x00, 0xd9, 0x3c, 0xb2, 0x00, 0x69, 0x20,
  0xc2, 0x3b, 0xb2, 0x00, 0xc2, 0xff, 0x6e, 0x3b, 0xb2, 0x20, 0xc2, 0x03, 0x4e, 0x3a, 0xb4, 0x3b,
  0xb2, 0x40, 0xea, 0x00, 0x6d, 0x3a, 0xb2, 0x20, 0xc2, 0x3a, 0xb0, 0x3b, 0xb2, 0x20, 0xc2, 0x40,
  0x98, 0x01, 0x4a, 0x03, 0x22, 0x30, 0xb2, 0x40, 0xea, 0x90, 0x67, 0x01, 0x6a, 0x4b, 0xea, 0x40,
  0xd8, 0x36, 0xb2, 0x37, 0xb4, 0x77, 0xf6, 0x0c, 0x6b, 0x60, 0xca, 0xa0, 0xac, 0xe1, 0xf7, 0x1f,
  0x6a, 0xff, 0xf7, 0x1f, 0x6b, 0xac, 0xea, 0x0e, 0xf0, 0x00, 0x6d, 0xab, 0xed, 0xad, 0xea, 0x6c,
  0xea, 0x40, 0xcc, 0x30, 0xb2, 0x0f, 0x6d, 0xab, 0xed, 0x80, 0xaa, 0xac, 0xeb, 0xfd, 0xf7, 0x1f,
  0x6d, 0x8c, 0xeb, 0x60, 0xca, 0x2c, 0xb2, 0x64, 0x6b, 0x09, 0x6c, 0x60, 0xca, 0x00, 0x6b, 0x2b,
  0xb2, 0x60, 0xc2, 0x2b, 0xb3, 0x40, 0xa3, 0x8b, 0xec, 0x8c, 0xea, 0x40, 0xc3, 0x29, 0xb2, 0x40,
  0xea, 0xac, 0x6c, 0x09, 0x97, 0x08, 0x91, 0x07, 0x90, 0x00, 0xef, 0x05, 0x63, 0x04, 0x3c, 0x12,
  0x80, 0x52, 0x54, 0x5f, 0x42, 0xb0, 0x55, 0x12, 0x80, 0x8c, 0x00, 0x00, 0xb4, 0xf0, 0xf0, 0xf0,
  0xf0, 0xa8, 0x00, 0x12, 0x80, 0x09, 0x07, 0x03, 0x0c, 0x00, 0xfa, 0x12, 0x80, 0xfc, 0xf9, 0x12,
  0x80, 0x94, 0x59, 0x12, 0x80, 0x15, 0xfa, 0x12, 0x80, 0xc9, 0x9a, 0x11, 0x80, 0x2d, 0xb7, 0x11,
  0x80, 0x36, 0x11, 0x00, 0xb6, 0x80, 0x34, 0x12, 0x80, 0xd4, 0x32, 0x12, 0x80, 0x50, 0xad, 0x00,
  0xb0, 0xff, 0x7f, 0xfe, 0xff, 0xff, 0xff, 0xff, 0xfd, 0xe8, 0x04, 0x12, 0x80, 0x10, 0x11, 0x00,
  0xb6, 0xf0, 0xf9, 0x12, 0x80, 0x51, 0x9f, 0x00, 0x80, 0xed, 0xf9, 0x12, 0x80, 0xec, 0xf9, 0x12,
  0x80, 0xe2, 0xf9, 0x12, 0x80, 0xe0, 0xf8, 0x12, 0x80, 0x8d, 0xef, 0x00, 0x80, 0xdd, 0xf8, 0x12,
  0x80, 0xd8, 0xf8, 0x12, 0x80, 0xdc, 0xf8, 0x12, 0x80, 0x10, 0x12, 0x00, 0xb6, 0x28, 0x12, 0x00,
  0xb6, 0x58, 0x12, 0x00, 0xb6, 0x76, 0x11, 0x00, 0xb6, 0xb1, 0xf8, 0x12, 0x80, 0xe0, 0x32, 0x12,
  0x80, 0x79, 0x3e, 0x04, 0x80, 0x1c, 0xb3, 0x1d, 0xb2, 0x63, 0xea, 0x31, 0x61, 0xfb, 0x63, 0x09,
  0x62, 0x08, 0xd1, 0x07, 0xd0, 0x1a, 0xb3, 0x1b, 0xb2, 0x80, 0x9b, 0x8e, 0xea, 0x04, 0x2a, 0x02,
  0xab, 0x19, 0xb1, 0x1a, 0xb5, 0x05, 0x28, 0x09, 0x97, 0x08, 0x91, 0x07, 0x90, 0x00, 0xef, 0x05,
  0x63, 0x42, 0x45, 0x43, 0xe9, 0xf8, 0x61, 0xc2, 0xa5, 0xff, 0xf7, 0x1f, 0x6a, 0x83, 0x46, 0x83,
  0xe8, 0xf2, 0x61, 0x8d, 0xe5, 0x63, 0xe9, 0x04, 0xd3, 0xee, 0x61, 0x83, 0xe0, 0x81, 0xa5, 0xe0,
  0xa5, 0x4c, 0xe8, 0x80, 0x34, 0xed, 0xec, 0x4c, 0xec, 0x20, 0xf4, 0x01, 0x5c, 0xe4, 0x60, 0x0c,
  0xb2, 0x91, 0xe2, 0x0c, 0xb2, 0x40, 0xea, 0x03, 0x4d, 0x04, 0x93, 0xa3, 0x67, 0xdb, 0x17, 0x20,
  0xe8, 0x00, 0x65, 0x00, 0x65, 0xd0, 0xe2, 0x11, 0x80, 0xf0, 0xfb, 0x11, 0x80, 0xd4, 0xe2, 0x11,
  0x80, 0x55, 0xab, 0x23, 0x87, 0xff, 0xfb, 0x11, 0x80, 0xda, 0xe2, 0x11, 0x80, 0xa8, 0x00, 0x12,
  0x80, 0x5d, 0xee, 0x00, 0x80, 0x11, 0xb2, 0x60, 0xf1, 0x4e, 0xa2, 0x1b, 0x22, 0xfd, 0x63, 0x05,
  0x62, 0x0f, 0xb2, 0x10, 0xb4, 0x90, 0xa4, 0x40, 0xaa, 0xff, 0xf7, 0x1f, 0x6b, 0x40, 0xf2, 0x01,
  0x6d, 0x6c, 0xea, 0xab, 0xed, 0x4c, 0xed, 0x09, 0x24, 0x0b, 0xb2, 0x40, 0x9a, 0xff, 0x6c, 0x6c,
  0xed, 0x40, 0xea, 0x1d, 0x4c, 0x05, 0x97, 0x00, 0xef, 0x03, 0x63, 0x40, 0xf2, 0x00, 0x6a, 0x4d,
  0xed, 0xf3, 0x17, 0x20, 0xe8, 0x00, 0x65, 0x00, 0x65, 0xb0, 0x55, 0x12, 0x80, 0x1c, 0x01, 0x00,
  0xb6, 0x00, 0xde, 0x12, 0x80, 0xe8, 0x04, 0x12, 0x80, 0xfb, 0x63, 0x09, 0x62, 0x08, 0xd1, 0x07,
  0xd0, 0x00, 0x68, 0xa0, 0xf2, 0x1c, 0x6a, 0x58, 0xe8, 0x14, 0xb2, 0x12, 0xeb, 0x69, 0xe2, 0xc0,
  0xf0, 0x2f, 0xa2, 0x01, 0x6b, 0x6e, 0xe9, 0x15, 0x29, 0xc0, 0xf0, 0xac, 0xa2, 0xc0, 0xf0, 0x97,
  0xa2, 0x0f, 0xb2, 0x40, 0xea, 0x00, 0x65, 0x04, 0xd2, 0x0e, 0xb2, 0x40, 0xea, 0x00, 0x65, 0x04,
  0x95, 0x0d, 0xb4, 0x0e, 0xb3, 0xb1, 0xe4, 0x20, 0xc4, 0xad, 0xe3, 0x82, 0x67, 0x0c, 0xb2, 0x40,
  0xea, 0x20, 0xc3, 0x01, 0x48, 0xff, 0x6a, 0x4c, 0xe8, 0x0a, 0x58, 0xdb, 0x61, 0x09, 0x97, 0x08,
  0x91, 0x07, 0x90, 0x00, 0xef, 0x05, 0x63, 0x00, 0x65, 0x50, 0x1c, 0x13, 0x80, 0xd9, 0x3a, 0x04,
  0x80, 0xe4, 0x94, 0x00, 0x80, 0x04, 0x13, 0x12, 0x80, 0x10, 0x13, 0x12, 0x80, 0x00, 0x95, 0x00,
  0x80, 0x20, 0xe8, 0x00, 0x6a, 0x44, 0xac, 0x67, 0x72, 0x69, 0x61, 0xfa, 0x63, 0x0b, 0x62, 0x0a,
  0xd0, 0x34, 0xb3, 0x40, 0xa3, 0xff, 0x6c, 0x01, 0x4a, 0x8c, 0xea, 0x64, 0x72, 0x98, 0x67, 0x59,
  0x24, 0x40, 0xc3, 0x31, 0xb0, 0x40, 0xa8, 0xe0, 0xf3, 0x09, 0x5a, 0x01, 0x4a, 0x04, 0x61, 0x2f,
  0xb2, 0x40, 0xea, 0x00, 0x65, 0x00, 0x6a, 0x40, 0xc8, 0x2d, 0xb2, 0x40, 0xea, 0x00, 0x65, 0x2d,
  0xb3, 0x2d, 0xb2, 0xc0, 0xf1, 0x9c, 0xa3, 0x60, 0xf1, 0x4e, 0xa2, 0x40, 0xf0, 0x64, 0xa3, 0x8d,
  0xea, 0x2a, 0xb4, 0x84, 0xa4, 0x8d, 0xea, 0x2a, 0xb4, 0x88, 0xa4, 0x8d, 0xea, 0x01, 0x6c, 0x8c,
  0xeb, 0x6d, 0xea, 0xff, 0x6b, 0x6c, 0xea, 0x31, 0x22, 0x26, 0xb2, 0x27, 0xb4, 0x27, 0xb6, 0xa0,
  0x9a, 0x40, 0x9c, 0x4a, 0xed, 0x30, 0x61, 0xa2, 0x32, 0xe0, 0xf7, 0x1f, 0x6f, 0x65, 0x67, 0x42,
  0x32, 0xec, 0xeb, 0xec, 0xea, 0x4b, 0xe3, 0xe0, 0xf3, 0x1e, 0x72, 0x03, 0x60, 0x00, 0xf4, 0x02,
  0x4a, 0x22, 0x2a, 0x40, 0xa6, 0x01, 0x4a, 0x40, 0xc6, 0x40, 0xa6, 0xc9, 0x5a, 0x16, 0x61, 0x08,
  0xd5, 0x09, 0xd2, 0x40, 0x9c, 0xa4, 0xf3, 0x0f, 0x6f, 0x02, 0x6c, 0x07, 0xd2, 0xbb, 0xf6, 0x0d,
  0x6a, 0x06, 0xd2, 0x17, 0xb2, 0x05, 0xd2, 0x04, 0x6a, 0x04, 0xd2, 0x44, 0xf4, 0x04, 0x6e, 0x15,
  0xb2, 0x40, 0xea, 0xfa, 0x6d, 0x14, 0xb2, 0x40, 0xea, 0x53, 0x6c, 0x0b, 0x97, 0x0a, 0x90, 0x00,
  0xef, 0x06, 0x63, 0x80, 0xc3, 0xa6, 0x17, 0xa0, 0xdc, 0x00, 0x6a, 0xdd, 0x17, 0x20, 0xe8, 0x00,
  0x65, 0xfa, 0xf9, 0x12, 0x80, 0xf8, 0xf9, 0x12, 0x80, 0x11, 0xca, 0x11, 0x80, 0x75, 0x62, 0x11,
  0x80, 0x04, 0x3c, 0x12, 0x80, 0xb0, 0x55, 0x12, 0x80, 0xf8, 0x49, 0x12, 0x80, 0x90, 0xfa, 0x12,
  0x80, 0x3c, 0xa3, 0x00, 0xb0, 0xb4, 0xf8, 0x12, 0x80, 0xb8, 0xf8, 0x12, 0x80, 0x14, 0xd7, 0x11,
  0x80, 0x11, 0x46, 0x08, 0x80, 0x15, 0xcc, 0x01, 0x80, 0xfd, 0x63, 0x05, 0x62, 0x04, 0xd0, 0x06,
  0xb2, 0x40, 0xea, 0x04, 0x67, 0x05, 0xb2, 0x40, 0xea, 0x90, 0x67, 0x05, 0x97, 0x04, 0x90, 0x00,
  0xef, 0x03, 0x63, 0x00, 0x65, 0x41, 0x3c, 0x01, 0x80, 0x25, 0x6b, 0x11, 0x80, 0x42, 0xa4, 0x07,
  0x72, 0x12, 0x6a, 0x13, 0x61, 0x49, 0xa4, 0x02, 0x5a, 0x12, 0x6a, 0x0f, 0x60, 0x68, 0xa4, 0x04,
  0x5b, 0x0c, 0x60, 0x43, 0xa4, 0x03, 0x5a, 0x05, 0x61, 0x03, 0x72, 0x00, 0x6a, 0x06, 0x60, 0x20,
  0xe8, 0x12, 0x6a, 0x01, 0x73, 0x12, 0x6a, 0x01, 0x61, 0x00, 0x6a, 0x20, 0xe8, 0x00, 0x65, 0x00,
  0x65, 0xfb, 0x63, 0x09, 0x62, 0x08, 0xd1, 0x07, 0xd0, 0x14, 0x6a, 0x5b, 0xec, 0x01, 0x2a, 0xe5,
  0xe8, 0x39, 0xb1, 0x0b, 0xd5, 0x01, 0x6e, 0x44, 0x6d, 0x38, 0xb0, 0x12, 0xeb, 0x68, 0x32, 0x69,
  0xe2, 0x40, 0xf5, 0x40, 0x32, 0x04, 0xf7, 0x10, 0x6b, 0x05, 0x4a, 0x7b, 0xea, 0x01, 0x2b, 0xe5,
  0xe8, 0x12, 0xea, 0x04, 0xd2, 0x04, 0x02, 0xe0, 0xaa, 0x40, 0x99, 0x40, 0xea, 0x02, 0x6c, 0x40,
  0x98, 0x01, 0x6e, 0x45, 0x6d, 0x40, 0xea, 0x02, 0x6c, 0x04, 0x93, 0x0f, 0x6c, 0x01, 0x6e, 0x62,
  0x37, 0xe2, 0x37, 0x8c, 0xef, 0x10, 0x6c, 0x8b, 0xec, 0x8c, 0xea, 0x60, 0x99, 0x4d, 0xef, 0xff,
  0xf7, 0x1f, 0x6a, 0x4c, 0xef, 0x45, 0x6d, 0x40, 0xeb, 0x02, 0x6c, 0x60, 0x98, 0x01, 0x6e, 0x71,
  0x6d, 0x40, 0xeb, 0x06, 0x6c, 0x02, 0x6f, 0x60, 0x99, 0xeb, 0xef, 0xec, 0xea, 0xff, 0xf7, 0x1f,
  0x6f, 0x4c, 0xef, 0x01, 0x6e, 0x71, 0x6d, 0x06, 0x6c, 0x40, 0xeb, 0x04, 0xd2, 0x04, 0x92, 0x60,
  0x99, 0x01, 0x6f, 0x4d, 0xef, 0xff, 0xf7, 0x1f, 0x6a, 0x4c, 0xef, 0x01, 0x6e, 0x71, 0x6d, 0x40,
  0xeb, 0x06, 0x6c, 0x96, 0x69, 0x40, 0x98, 0x01, 0x6e, 0x7a, 0x6d, 0x40, 0xea, 0x06, 0x6c, 0x01,
  0x6b, 0x6c, 0xea, 0x08, 0x2a, 0x12, 0xb2, 0x40, 0xea, 0x01, 0x6c, 0xff, 0x49, 0xff, 0xf7, 0x1f,
  0x6a, 0x4c, 0xe9, 0xf0, 0x29, 0x40, 0x98, 0x01, 0x6e, 0x7a, 0x6d, 0x40, 0xea, 0x06, 0x6c, 0x22,
  0x67, 0x40, 0x98, 0x01, 0x6e, 0x7b, 0x6d, 0x40, 0xea, 0x06, 0x6c, 0x0a, 0xb3, 0x20, 0x31, 0x20,
  0x31, 0x6c, 0xe9, 0x0b, 0x93, 0x2d, 0xea, 0x01, 0x23, 0x40, 0xdb, 0x09, 0x97, 0x08, 0x91, 0x07,
  0x90, 0x00, 0xef, 0x05, 0x63, 0x10, 0x07, 0x12, 0x80, 0x0c, 0x07, 0x12, 0x80, 0x09, 0x9b, 0x00,
  0x80, 0x00, 0x00, 0x3e, 0x00, 0xfb, 0x63, 0x09, 0x62, 0x08, 0xd1, 0x07, 0xd0, 0x1e, 0xb3, 0x40,
  0x9b, 0x0a, 0xd4, 0x0b, 0xd5, 0x01, 0x6e, 0x5a, 0x6d, 0x00, 0x6c, 0x40, 0xea, 0x04, 0xd3, 0x00,
  0xf3, 0x01, 0x6f, 0x1a, 0xb1, 0xeb, 0xef, 0x4c, 0xef, 0x40, 0x99, 0xff, 0xf7, 0x1f, 0x68, 0x0c,
  0xef, 0x01, 0x6e, 0x5a, 0x6d, 0x40, 0xea, 0x00, 0x6c, 0x15, 0xb2, 0x40, 0x9a, 0x40, 0xea, 0x00,
  0x65, 0x0a, 0x97, 0x40, 0x99, 0x01, 0x6e, 0x0c, 0xef, 0x44, 0x6d, 0x40, 0xea, 0x02, 0x6c, 0x0b,
  0x97, 0x40, 0x99, 0x01, 0x6e, 0x0c, 0xef, 0x45, 0x6d, 0x40, 0xea, 0x02, 0x6c, 0x04, 0x93, 0x01,
  0x6e, 0x71, 0x6d, 0x40, 0x9b, 0x40, 0xea, 0x06, 0x6c, 0x02, 0x6f, 0xeb, 0xef, 0x4c, 0xef, 0x40,
  0x99, 0x0c, 0xef, 0x01, 0x6e, 0x71, 0x6d, 0x40, 0xea, 0x06, 0x6c, 0x09, 0x97, 0x08, 0x91, 0x07,
  0x90, 0x00, 0xef, 0x05, 0x63, 0x0c, 0x07, 0x12, 0x80, 0x10, 0x07, 0x12, 0x80, 0x74, 0x06, 0x12,
  0x80, 0x00, 0x6a, 0x01, 0x6b, 0x83, 0xeb, 0x05, 0x61, 0x8e, 0xeb, 0x01, 0x23, 0xff, 0x4a, 0x20,
  0xe8, 0x00, 0x65, 0xb8, 0xeb, 0x01, 0x4a, 0x12, 0xeb, 0xf5, 0x17, 0x00, 0x65, 0xfa, 0x63, 0x0b,
  0x62, 0x0a, 0xd1, 0x09, 0xd0, 0x0e, 0xd6, 0x42, 0xb6, 0x40, 0x9e, 0x0f, 0xd7, 0x0d, 0xd5, 0x04,
  0x67, 0x00, 0x6c, 0x40, 0xea, 0x06, 0xd6, 0x9d, 0x67, 0x48, 0xcc, 0x42, 0x33, 0x0f, 0x6a, 0x4c,
  0xeb, 0x30, 0x6a, 0x4d, 0xeb, 0x71, 0xc4, 0x3b, 0xb1, 0xa8, 0xac, 0x40, 0x99, 0x40, 0xea, 0x00,
  0x6c, 0x06, 0x96, 0x40, 0x9e, 0x40, 0xea, 0x3f, 0x6c, 0x7d, 0x67, 0x48, 0xcb, 0x80, 0x6a, 0x4b,
  0xea, 0x4d, 0xe8, 0x10, 0xc3, 0xa8, 0xab, 0x40, 0x99, 0x33, 0xb0, 0x40, 0xea, 0x3f, 0x6c, 0x40,
  0x99, 0x0d, 0x95, 0xff, 0xf7, 0x1f, 0x69, 0x40, 0xea, 0x01, 0x6c, 0x40, 0x98, 0x01, 0x6e, 0x5a,
  0x6d, 0x40, 0xea, 0x00, 0x6c, 0x2d, 0xb3, 0x00, 0xf3, 0x00, 0x6f, 0x4d, 0xef, 0x40, 0x9b, 0x2c,
  0xef, 0x01, 0x6e, 0x5a, 0x6d, 0x00, 0x6c, 0x40, 0xea, 0x06, 0xd3, 0x29, 0xb2, 0x40, 0x9a, 0x40,
  0xea, 0x00, 0x65, 0x40, 0x98, 0x01, 0x6e, 0x71, 0x6d, 0x40, 0xea, 0x06, 0x6c, 0x0e, 0x94, 0xc2,
  0x67, 0x02, 0x6d, 0x24, 0xb2, 0x40, 0xea, 0x3a, 0x65, 0xf9, 0x4a, 0xff, 0x6c, 0x8c, 0xea, 0x0f,
  0x6c, 0x07, 0x6f, 0x8b, 0xec, 0xec, 0xea, 0x8c, 0xee, 0x0f, 0x94, 0x44, 0x32, 0x4d, 0xee, 0x59,
  0x67, 0x40, 0xea, 0x02, 0x6d, 0x0f, 0x6c, 0x8c, 0xea, 0xf1, 0x6c, 0x8b, 0xec, 0x50, 0x32, 0x8c,
  0xee, 0x4d, 0xee, 0x02, 0x02, 0x20, 0xf0, 0x58, 0xa2, 0x06, 0x93, 0x71, 0x6d, 0xec, 0xea, 0x00,
  0xf7, 0x01, 0x6f, 0xeb, 0xef, 0x40, 0x32, 0xcc, 0xef, 0x4d, 0xef, 0x40, 0x9b, 0x2c, 0xef, 0x01,
  0x6e, 0x40, 0xea, 0x06, 0x6c, 0x40, 0x98, 0x01, 0x6e, 0x44, 0x6d, 0x40, 0xea, 0x02, 0x6c, 0x11,
  0x93, 0x01, 0x6e, 0x45, 0x6d, 0x40, 0xdb, 0x40, 0x98, 0x40, 0xea, 0x02, 0x6c, 0x12, 0x93, 0x0b,
  0x97, 0x0a, 0x91, 0x09, 0x90, 0x40, 0xdb, 0x00, 0xef, 0x06, 0x63, 0x00, 0x65, 0x04, 0x07, 0x12,
  0x80, 0x08, 0x07, 0x12, 0x80, 0x0c, 0x07, 0x12, 0x80, 0x10, 0x07, 0x12, 0x80, 0x68, 0x06, 0x12,
  0x80, 0x21, 0x6e, 0x11, 0x80, 0xf9, 0x63, 0x0d, 0x62, 0x0c, 0xd1, 0x0b, 0xd0, 0x08, 0x02, 0x06,
  0xd2, 0x09, 0x02, 0x05, 0xd2, 0x00, 0x6a, 0x04, 0xd2, 0x40, 0xf2, 0x16, 0x6e, 0x1e, 0xf7, 0x10,
  0x6d, 0x0e, 0xb2, 0x40, 0xea, 0x20, 0x6f, 0x00, 0x69, 0xa0, 0xf4, 0x10, 0x68, 0x00, 0x6d, 0x0c,
  0xb2, 0x40, 0xea, 0x90, 0x67, 0x43, 0xe9, 0x01, 0x60, 0x22, 0x67, 0x21, 0x48, 0x40, 0xf6, 0x01,
  0x58, 0xf5, 0x61, 0x08, 0x95, 0x07, 0xb2, 0x40, 0xea, 0x09, 0x94, 0x51, 0x67, 0x0d, 0x97, 0x0c,
  0x91, 0x0b, 0x90, 0x00, 0xef, 0x07, 0x63, 0x00, 0x65, 0x3d, 0x6e, 0x11, 0x80, 0x91, 0x6c, 0x11,
  0x80, 0x95, 0x6d, 0x11, 0x80, 0xf7, 0x63, 0x11, 0x62, 0x10, 0xd1, 0x0f, 0xd0, 0x62, 0xf0, 0x10,
  0x6c, 0x35, 0xb1, 0x40, 0xe9, 0x02, 0x6d, 0x02, 0x6d, 0x62, 0xf0, 0x10, 0x6c, 0x40, 0xe9, 0x02,
  0x67, 0x00, 0x6b, 0x07, 0x6a, 0x6c, 0xea, 0x0d, 0xd3, 0x30, 0xb3, 0x40, 0xf4, 0x40, 0x32, 0x02,
  0x6e, 0x6c, 0xe8, 0x4d, 0xe8, 0xb0, 0x67, 0x62, 0xf0, 0x10, 0x6c, 0x2d, 0xb2, 0x40, 0xea, 0x0b,
  0xd3, 0x2c, 0xb5, 0x26, 0x6c, 0x40, 0xed, 0x0a, 0xd5, 0x0a, 0x95, 0x4e, 0x6c, 0x40, 0xed, 0x22,
  0x67, 0x0a, 0xd2, 0x09, 0xd2, 0xa1, 0xf1, 0x10, 0x6a, 0x08, 0xd2, 0xd8, 0x4a, 0x06, 0xd2, 0x26,
  0xb2, 0x05, 0xd2, 0x04, 0x6a, 0x07, 0xd1, 0x04, 0xd2, 0xc4, 0xf3, 0x18, 0x6f, 0x66, 0xf4, 0x0f,
  0x6e, 0xfa, 0x6d, 0x22, 0xb2, 0x40, 0xea, 0x04, 0x6c, 0x0f, 0x59, 0x1f, 0xb2, 0x1c, 0xb7, 0x0c,
  0xd2, 0x1e, 0xb1, 0x0d, 0x93, 0x15, 0x60, 0x0a, 0x92, 0x0f, 0x5a, 0x12, 0x60, 0x1a, 0xb2, 0x05,
  0xd2, 0x01, 0x6a, 0x04, 0xd2, 0x06, 0xd3, 0x26, 0xf2, 0x01, 0x6f, 0x66, 0xf4, 0x14, 0x6e, 0xfa,
  0x6d, 0x51, 0x67, 0x40, 0xea, 0x01, 0x6c, 0x11, 0x97, 0x10, 0x91, 0x0f, 0x90, 0x00, 0xef, 0x09,
  0x63, 0x41, 0x43, 0xff, 0x6b, 0x4c, 0xeb, 0x08, 0x5b, 0xb4, 0x61, 0x0b, 0x92, 0x10, 0xb5, 0x02,
  0x6e, 0x4c, 0xe8, 0x62, 0xf0, 0x10, 0x6c, 0x40, 0xef, 0x0d, 0xed, 0x0c, 0x92, 0x00, 0x6b, 0x06,
  0xd3, 0x05, 0xd2, 0x04, 0xd3, 0x26, 0xf2, 0x02, 0x6f, 0x66, 0xf4, 0x1e, 0x6e, 0xfa, 0x6d, 0x40,
  0xe9, 0x02, 0x6c, 0xe1, 0x17, 0x45, 0x1c, 0x01, 0x80, 0xff, 0xff, 0xf1, 0xff, 0x3d, 0x1d, 0x01,
  0x80, 0x65, 0x6f, 0x11, 0x80, 0x14, 0xd7, 0x11, 0x80, 0x11, 0x46, 0x08, 0x80, 0x00, 0x00, 0x06,
  0x00, 0xfd, 0x63, 0x05, 0x62, 0x0d, 0xb2, 0x8c, 0xaa, 0x0d, 0xb3, 0x80, 0xcb, 0x8d, 0xaa, 0x81,
  0xcb, 0x8e, 0xaa, 0x82, 0xcb, 0x8f, 0xaa, 0x83, 0xcb, 0x0a, 0xb3, 0x60, 0xf1, 0x8a, 0xa2, 0x66,
  0xda, 0x09, 0xb3, 0x67, 0xda, 0x01, 0x6b, 0x60, 0xf1, 0x7c, 0xc2, 0x08, 0xb2, 0x40, 0xea, 0x00,
  0x65, 0x05, 0x97, 0x00, 0xef, 0x03, 0x63, 0x00, 0x65, 0xb0, 0x55, 0x12, 0x80, 0xe4, 0xf9, 0x12,
  0x80, 0x00, 0x02, 0x12, 0x00, 0x00, 0x04, 0x00, 0x01, 0x1d, 0xdd, 0x03, 0x80, 0xfb, 0x63, 0x09,
  0x62, 0x08, 0xd1, 0x07, 0xd0, 0x06, 0x74, 0x20, 0x61, 0x13, 0xb1, 0x60, 0xa1, 0x13, 0xb5, 0x14,
  0xb7, 0x6c, 0x30, 0x61, 0xe0, 0x0c, 0x30, 0x18, 0x6e, 0x15, 0xe5, 0x12, 0xb4, 0x05, 0xd3, 0x40,
  0xef, 0x04, 0xd7, 0x04, 0x97, 0x10, 0xb5, 0x30, 0x6e, 0x10, 0xb4, 0x40, 0xef, 0x15, 0xe5, 0x05,
  0x93, 0x41, 0x43, 0x04, 0x6b, 0x7a, 0xea, 0x01, 0x2b, 0xe5, 0xe8, 0x10, 0xea, 0x40, 0xc1, 0x09,
  0x97, 0x08, 0x91, 0x07, 0x90, 0x00, 0xef, 0x05, 0x63, 0x08, 0x74, 0xf9, 0x61, 0x08, 0xb2, 0x40,
  0xea, 0x00, 0x65, 0xf5, 0x17, 0x08, 0xf8, 0x12, 0x80, 0xa8, 0xe1, 0x11, 0x80, 0x5d, 0xee, 0x00,
  0x80, 0x9c, 0x24, 0x12, 0x80, 0xc0, 0xe1, 0x11, 0x80, 0x3c, 0x24, 0x12, 0x80, 0xe9, 0x5f, 0x11,
  0x80, 0xfb, 0x63, 0x09, 0x62, 0x08, 0xd1, 0x07, 0xd0, 0x30, 0xb2, 0x31, 0xb3, 0x72, 0xda, 0x31,
  0xb3, 0x6c, 0xda, 0x31, 0xb3, 0x78, 0xda, 0x31, 0xb3, 0x60, 0xda, 0x31, 0xb4, 0x31, 0xb3, 0x80,
  0xdb, 0x31, 0xb3, 0x32, 0xb4, 0x80, 0xdb, 0x32, 0xb3, 0x32, 0xb4, 0x81, 0xdb, 0x32, 0xb3, 0x33,
  0xb4, 0x80, 0xdb, 0x33, 0xb4, 0x33, 0xb3, 0x80, 0xdb, 0x33, 0xb3, 0x66, 0xda, 0x33, 0xb2, 0x40,
  0xea, 0x00, 0x65, 0x33, 0xb2, 0x40, 0xea, 0x00, 0x65, 0x32, 0xb2, 0x48, 0xf0, 0x00, 0x6b, 0x32,
  0xb0, 0x60, 0xca, 0x02, 0x6e, 0x01, 0x6d, 0x40, 0xe8, 0x40, 0x6c, 0x30, 0xb3, 0x01, 0x6d, 0x6b,
  0x6c, 0x40, 0xeb, 0x04, 0xd3, 0xe3, 0xf7, 0x1f, 0x6e, 0x4c, 0xee, 0x0c, 0xf0, 0x00, 0x6a, 0x4b,
  0xea, 0x4d, 0xee, 0xff, 0xf7, 0x1f, 0x69, 0x2c, 0xee, 0x01, 0x6d, 0x40, 0xe8, 0x6b, 0x6c, 0x04,
  0x93, 0x01, 0x6d, 0x40, 0xeb, 0x6c, 0x6c, 0x08, 0x6e, 0xcb, 0xee, 0x4c, 0xee, 0x05, 0x6a, 0x4d,
  0xee, 0x2c, 0xee, 0x01, 0x6d, 0x40, 0xe8, 0x6c, 0x6c, 0x00, 0x6e, 0x01, 0x6d, 0x40, 0xe8, 0x40,
  0x6c, 0x1f, 0xb2, 0x40, 0xea, 0x06, 0x6c, 0x1f, 0xb2, 0x40, 0xea, 0x00, 0x65, 0x1e, 0xb2, 0x60,
  0x9a, 0x1e, 0xb2, 0x09, 0x97, 0x60, 0xda, 0x1e, 0xb2, 0x60, 0x9a, 0x08, 0x91, 0x07, 0x90, 0x1d,
  0xb2, 0x60, 0xda, 0x00, 0xef, 0x05, 0x63, 0x00, 0x65, 0x1c, 0xd5, 0x12, 0x80, 0x09, 0x85, 0x11,
  0x80, 0x3d, 0x73, 0x11, 0x80, 0x6d, 0x47, 0x11, 0x80, 0x39, 0x6c, 0x11, 0x80, 0x15, 0x7f, 0x11,
  0x80, 0x60, 0x13, 0x12, 0x80, 0x58, 0x13, 0x12, 0x80, 0x55, 0x46, 0x11, 0x80, 0xbc, 0x1d, 0x12,
  0x80, 0xf1, 0x45, 0x11, 0x80, 0x3c, 0x17, 0x12, 0x80, 0xd5, 0x46, 0x11, 0x80, 0x21, 0x80, 0x11,
  0x80, 0x64, 0x13, 0x12, 0x80, 0x65, 0x66, 0x11, 0x80, 0xe1, 0x95, 0x11, 0x80, 0xc5, 0x6f, 0x11,
  0x80, 0x10, 0x11, 0x00, 0xb6, 0x2d, 0xcc, 0x03, 0x80, 0x89, 0xca, 0x03, 0x80, 0x0d, 0x71, 0x11,
  0x80, 0xe9, 0x5f, 0x11, 0x80, 0xfc, 0x2d, 0x11, 0x80, 0xac, 0xf8, 0x12, 0x80, 0xf8, 0x2d, 0x11,
  0x80, 0x04, 0xf8, 0x12, 0x80, 0xfb, 0x63, 0x09, 0x62, 0x08, 0xd1, 0x07, 0xd0, 0x17, 0xb0, 0x20,
  0xa0, 0x01, 0x6a, 0x04, 0xd0, 0x4e, 0xe9, 0x16, 0xb0, 0x23, 0x29, 0x16, 0xb4, 0x16, 0xb2, 0x40,
  0xea, 0x00, 0x65, 0x14, 0xb4, 0xa7, 0xa4, 0x15, 0xb4, 0xa0, 0xc4, 0x15, 0x2a, 0x14, 0xb2, 0x03,
  0x6c, 0x81, 0xda, 0x01, 0x6a, 0x13, 0xb4, 0x40, 0xc4, 0x40, 0xc0, 0xff, 0x6e, 0x03, 0x4e, 0x0d,
  0xb4, 0x11, 0xb2, 0x40, 0xea, 0x00, 0x6d, 0x04, 0x93, 0x00, 0x6a, 0x40, 0xc3, 0x09, 0x97, 0x08,
  0x91, 0x07, 0x90, 0x00, 0xef, 0x05, 0x63, 0x0d, 0xb2, 0x40, 0xea, 0x0c, 0x6c, 0x20, 0xc0, 0xed,
  0x17, 0x00, 0x6a, 0x40, 0xc0, 0xf3, 0x17, 0x00, 0x65, 0xdd, 0xf8, 0x12, 0x80, 0xe2, 0xf9, 0x12,
  0x80, 0xe0, 0xf8, 0x12, 0x80, 0xf9, 0x82, 0x03, 0x80, 0x3a, 0x5f, 0x12, 0x80, 0xb0, 0x55, 0x12,
  0x80, 0x1c, 0x11, 0x12, 0x80, 0x8d, 0xef, 0x00, 0x80, 0xa9, 0xd4, 0x01, 0x80, 0xf8, 0x63, 0x0f,
  0x62, 0x0e, 0xd1, 0x0d, 0xd0, 0x44, 0xac, 0x04, 0x67, 0xe0, 0xf1, 0x14, 0x72, 0x80, 0xf1, 0x1d,
  0x60, 0x40, 0xf4, 0x12, 0x72, 0x0e, 0x61, 0x20, 0x9c, 0x40, 0xa1, 0x0e, 0x72, 0x4d, 0x60, 0x0f,
  0x5a, 0x18, 0x60, 0x03, 0x72, 0xe0, 0xf0, 0x1f, 0x60, 0x04, 0x5a, 0x07, 0x60, 0x01, 0x72, 0x20,
  0xf1, 0x1c, 0x60, 0xcb, 0xb2, 0x40, 0xea, 0x90, 0x67, 0xd6, 0x10, 0x05, 0x72, 0x00, 0xf1, 0x00,
  0x60, 0x07, 0x72, 0xf7, 0x61, 0xc7, 0xb2, 0x40, 0xa2, 0xf4, 0x2a, 0xc7, 0xb2, 0x40, 0xea, 0x00,
  0x65, 0xf0, 0x17, 0x12, 0x72, 0xa0, 0xf0, 0x0b, 0x60, 0x13, 0x5a, 0x08, 0x60, 0x11, 0x72, 0xe9,
  0x61, 0xc2, 0xb2, 0x45, 0xaa, 0x62, 0xa1, 0x6e, 0xea, 0xe4, 0x2a, 0x19, 0x11, 0x13, 0x72, 0x00,
  0xf1, 0x00, 0x60, 0x3e, 0x72, 0xde, 0x61, 0x42, 0xa1, 0x02, 0x72, 0xa0, 0xf0, 0x06, 0x60, 0x03,
  0x5a, 0x80, 0xf0, 0x1e, 0x60, 0x01, 0x72, 0xd5, 0x61, 0x43, 0xa1, 0x06, 0x2a, 0xb8, 0xb2, 0x40,
  0xa2, 0x03, 0x22, 0xb8, 0xb2, 0x40, 0xea, 0x0c, 0x6c, 0xb7, 0xb2, 0xc0, 0xf1, 0x4f, 0xa2, 0x01,
  0x6b, 0x6c, 0xea, 0xc7, 0x22, 0x04, 0xf0, 0x00, 0x6c, 0xb4, 0xb2, 0x40, 0xea, 0x00, 0x65, 0xc1,
  0x22, 0xb3, 0xb2, 0x40, 0xea, 0x00, 0x65, 0xbd, 0x17, 0x44, 0xa1, 0x63, 0xa1, 0x40, 0x32, 0x6d,
  0xea, 0x40, 0x32, 0x40, 0x32, 0x43, 0x32, 0x43, 0x32, 0x21, 0xf4, 0x08, 0x72, 0x4a, 0x60, 0x21,
  0xf4, 0x09, 0x52, 0x1a, 0x60, 0x00, 0xf4, 0x02, 0x72, 0xac, 0x61, 0x45, 0xa1, 0xa9, 0xb3, 0x0c,
  0x72, 0x0c, 0x61, 0x40, 0xa3, 0x0a, 0x2a, 0xa8, 0xb4, 0x40, 0x9c, 0x01, 0x4a, 0x04, 0x22, 0xa7,
  0xb2, 0x40, 0xea, 0x08, 0xd3, 0x08, 0x93, 0x00, 0x6a, 0x45, 0xc1, 0x00, 0x6a, 0x40, 0xc3, 0xfe,
  0x6d, 0xa3, 0xb2, 0x40, 0xea, 0x00, 0x6c, 0x95, 0x17, 0x04, 0xf0, 0x1e, 0x72, 0x03, 0x60, 0x24,
  0xf0, 0x14, 0x72, 0x8f, 0x61, 0x98, 0xb2, 0x00, 0xf4, 0x46, 0xa2, 0x00, 0x6b, 0x1b, 0x65, 0x05,
  0x22, 0x9c, 0xb2, 0x40, 0x9a, 0x40, 0xea, 0x00, 0x65, 0x1a, 0x65, 0x9b, 0xb3, 0x9b, 0xb1, 0x85,
  0xa1, 0x40, 0x9b, 0xf8, 0x67, 0x00, 0x6e, 0x00, 0x6d, 0x0a, 0xd7, 0x40, 0xea, 0x09, 0xd3, 0x09,
  0x93, 0x08, 0xd2, 0x86, 0xa1, 0x40, 0x9b, 0x0a, 0x93, 0x00, 0x6e, 0x00, 0x6d, 0x40, 0xea, 0xe3,
  0x67, 0x08, 0x93, 0x40, 0x32, 0x6d, 0xea, 0xff, 0xf7, 0x1f, 0x6b, 0x6c, 0xea, 0x90, 0xb3, 0x40,
  0xcb, 0x68, 0x17, 0x45, 0xa1, 0x7f, 0xf7, 0x05, 0x2a, 0x47, 0xa1, 0x86, 0xa1, 0x40, 0x32, 0x4d,
  0xec, 0x8c, 0xb2, 0x40, 0xea, 0x06, 0x05, 0x5f, 0xf7, 0x1c, 0x2a, 0x5d, 0x67, 0x6c, 0xaa, 0xa0,
  0xf2, 0x1c, 0x6a, 0xff, 0xf7, 0x1f, 0x6c, 0x58, 0xeb, 0x87, 0xb3, 0x12, 0xea, 0x4d, 0xe3, 0x60,
  0xf0, 0x4e, 0xab, 0x44, 0x32, 0x8c, 0xea, 0x01, 0xf0, 0x00, 0x5a, 0x05, 0x61, 0xe0, 0xf7, 0x1f,
  0x6a, 0x60, 0xf0, 0x4e, 0xcb, 0x46, 0x17, 0xa0, 0x5a, 0xfb, 0x60, 0xa0, 0x6a, 0xf9, 0x17, 0x7f,
  0xb2, 0x40, 0xa2, 0x01, 0x72, 0x3f, 0xf7, 0x1d, 0x61, 0x7d, 0xb2, 0x40, 0xea, 0x00, 0x6c, 0x39,
  0x17, 0x0a, 0x72, 0x16, 0x60, 0x0d, 0x72, 0x3f, 0xf7, 0x14, 0x61, 0x7a, 0xb1, 0x7a, 0xb2, 0x40,
  0xea, 0x81, 0x99, 0xff, 0x6b, 0x6c, 0xea, 0x03, 0x5a, 0x3f, 0xf7, 0x0b, 0x60, 0xa0, 0x98, 0x81,
  0x99, 0x76, 0xb2, 0x40, 0xea, 0x00, 0x65, 0x0f, 0x97, 0x0e, 0x91, 0x0d, 0x90, 0x00, 0xef, 0x08,
  0x63, 0x43, 0xa1, 0x1f, 0xf7, 0x1e, 0x2a, 0x46, 0xa1, 0x01, 0x6b, 0x6e, 0xea, 0x70, 0xb3, 0x09,
  0x2a, 0x6a, 0xa3, 0x09, 0x23, 0x4e, 0xc1, 0x4f, 0xc1, 0x50, 0xc1, 0x51, 0xc1, 0x52, 0xc1, 0x53,
  0xc1, 0x02, 0x10, 0x4b, 0xa3, 0xf7, 0x22, 0x56, 0xb2, 0x40, 0xa2, 0x1f, 0xf7, 0x0a, 0x22, 0x55,
  0xb2, 0x40, 0xea, 0x0c, 0x6c, 0x06, 0x17, 0x4f, 0xb2, 0x40, 0xa2, 0x03, 0x2a, 0x4e, 0xb2, 0x40,
  0xea, 0x00, 0x65, 0x64, 0xb2, 0x00, 0x6b, 0x60, 0xc2, 0x63, 0xb2, 0x40, 0xea, 0x00, 0x65, 0x2c,
  0x17, 0x62, 0xb2, 0xc0, 0xf1, 0x50, 0xa2, 0x01, 0x6b, 0x6c, 0xea, 0x61, 0xb3, 0x60, 0xf1, 0x73,
  0xa3, 0x6d, 0xea, 0xff, 0x6b, 0x6c, 0xea, 0xff, 0xf6, 0x0c, 0x2a, 0x5e, 0xb1, 0x5e, 0xb2, 0x40,
  0xea, 0x80, 0x99, 0x01, 0x72, 0xff, 0xf6, 0x05, 0x61, 0x80, 0x99, 0x5c, 0xb2, 0x40, 0xea, 0x00,
  0x6d, 0xe0, 0x16, 0x82, 0xa1, 0x00, 0x6b, 0x84, 0x35, 0x4f, 0x45, 0x3a, 0x65, 0x3b, 0xb2, 0xe5,
  0xaa, 0x83, 0xeb, 0xdf, 0xf6, 0x16, 0x60, 0xa9, 0xe1, 0x42, 0xa2, 0x01, 0xf7, 0x00, 0x6e, 0x40,
  0x32, 0xcc, 0xea, 0xd9, 0x67, 0xd9, 0xe1, 0xc2, 0xa6, 0xcd, 0xea, 0xee, 0xea, 0x02, 0x2a, 0x50,
  0xb2, 0x08, 0x17, 0x01, 0x4b, 0xff, 0x6a, 0x4c, 0xeb, 0xeb, 0x17, 0x2e, 0xb2, 0x40, 0xa2, 0x16,
  0x2a, 0x4c, 0xb2, 0x40, 0xa2, 0x47, 0x22, 0x4c, 0xb3, 0x40, 0x9b, 0x01, 0x4a, 0x0f, 0x2a, 0x04,
  0xd2, 0xa3, 0x67, 0x00, 0x6f, 0x49, 0xb6, 0x00, 0x6c, 0x49, 0xb2, 0x40, 0xea, 0x08, 0xd3, 0x08,
  0x93, 0x05, 0x2a, 0xc0, 0xf7, 0x10, 0x6d, 0x47, 0xb2, 0x40, 0xea, 0x80, 0x9b, 0x29, 0xb2, 0x60,
  0xa2, 0x08, 0xd2, 0xbf, 0xf6, 0x06, 0x23, 0x40, 0xa1, 0x01, 0x72, 0xbf, 0xf6, 0x02, 0x61, 0x26,
  0xb2, 0x80, 0x9a, 0x09, 0xd2, 0x40, 0xb1, 0x61, 0x44, 0x0c, 0x23, 0x40, 0xb2, 0x40, 0xea, 0x00,
  0x65, 0x04, 0x22, 0xa0, 0xa1, 0x22, 0xb2, 0x40, 0xea, 0x00, 0x6c, 0x1f, 0xb4, 0x1f, 0xb2, 0x40,
  0xea, 0x00, 0x65, 0x00, 0x6b, 0x04, 0xd3, 0x00, 0x6f, 0x1d, 0xb6, 0x1b, 0xb5, 0x34, 0xb2, 0x40,
  0xea, 0x00, 0x6c, 0x08, 0x92, 0x40, 0xa2, 0x48, 0x35, 0x55, 0xe5, 0x09, 0x92, 0x80, 0x9a, 0x31,
  0xb2, 0x40, 0xea, 0xa0, 0x35, 0x08, 0x92, 0x00, 0x6b, 0x60, 0xc1, 0x60, 0xc2, 0x1d, 0xb2, 0xa0,
  0x98, 0x81, 0x9a, 0x4e, 0x17, 0x2e, 0xb3, 0x40, 0xc3, 0xc9, 0x17, 0x80, 0xac, 0x2d, 0xb3, 0x01,
  0x6a, 0x44, 0xec, 0x80, 0xab, 0x4f, 0xea, 0x8c, 0xea, 0x02, 0x17, 0x00, 0x65, 0x55, 0x06, 0x02,
  0x80, 0x1c, 0x11, 0x12, 0x80, 0xb5, 0x72, 0x11, 0x80, 0x00, 0xde, 0x12, 0x80, 0x14, 0xfa, 0x12,
  0x80, 0xe5, 0x63, 0x11, 0x80, 0xa8, 0x00, 0x12, 0x80, 0x99, 0x32, 0x01, 0x80, 0xa1, 0xc9, 0x11,
  0x80, 0xed, 0xf9, 0x12, 0x80, 0xf0, 0xf9, 0x12, 0x80, 0x51, 0x9f, 0x00, 0x80, 0xc5, 0x51, 0x11,
  0x80, 0xc0, 0x06, 0x12, 0x80, 0xd0, 0x06, 0x12, 0x80, 0x60, 0x38, 0x12, 0x80, 0xe8, 0x10, 0x00,
  0xb6, 0xc9, 0x01, 0x07, 0x80, 0x50, 0x1c, 0x13, 0x80, 0x20, 0xfa, 0x12, 0x80, 0xe5, 0x99, 0x11,
  0x80, 0xbc, 0x29, 0x12, 0x80, 0x05, 0xa0, 0x00, 0x80, 0x15, 0xa0, 0x00, 0x80, 0x08, 0xfa, 0x12,
  0x80, 0x24, 0xfa, 0x12, 0x80, 0x19, 0x81, 0x08, 0x80, 0x04, 0x3c, 0x12, 0x80, 0xb0, 0x55, 0x12,
  0x80, 0x2c, 0x0d, 0x12, 0x80, 0x8d, 0x9e, 0x00, 0x80, 0xb9, 0x9e, 0x00, 0x80, 0x71, 0xb1, 0x11,
  0x80, 0xdc, 0xf8, 0x12, 0x80, 0xd8, 0xf8, 0x12, 0x80, 0xf5, 0x78, 0x11, 0x80, 0xa5, 0x9f, 0x00,
  0x80, 0xf5, 0x9e, 0x00, 0x80, 0xec, 0xf9, 0x12, 0x80, 0x1d, 0x58, 0x08, 0x80, 0xe2, 0xf9, 0x12,
  0x80, 0x04, 0xfa, 0x12, 0x80, 0xfb, 0x63, 0x09, 0x62, 0x08, 0xd1, 0x07, 0xd0, 0x40, 0xac, 0x05,
  0x67, 0x0f, 0x96, 0x01, 0xf4, 0x03, 0x72, 0x0e, 0x95, 0x5d, 0x60, 0x01, 0xf4, 0x04, 0x5a, 0x11,
  0x60, 0x00, 0xf4, 0x04, 0x72, 0x6e, 0x60, 0x00, 0xf4, 0x08, 0x72, 0x80, 0xf0, 0x05, 0x60, 0x00,
  0xf4, 0x02, 0x72, 0x67, 0x60, 0x00, 0x68, 0x50, 0x67, 0x09, 0x97, 0x08, 0x91, 0x07, 0x90, 0x00,
  0xef, 0x05, 0x63, 0x02, 0xf0, 0x05, 0x72, 0x78, 0x67, 0x49, 0x23, 0x02, 0xf0, 0x0e, 0x72, 0x7e,
  0x60, 0x02, 0xf0, 0x02, 0x72, 0xef, 0x61, 0x84, 0x45, 0x40, 0xb2, 0x40, 0xea, 0x0e, 0xd5, 0x0e,
  0x95, 0x09, 0x6b, 0x6b, 0xeb, 0x20, 0xf0, 0x44, 0xa5, 0x01, 0x6c, 0x6c, 0xea, 0x20, 0xf0, 0x44,
  0xc5, 0x20, 0xf0, 0x46, 0xa5, 0x02, 0x4b, 0x4c, 0xeb, 0x20, 0xf0, 0x66, 0xc5, 0x38, 0xb3, 0xc0,
  0xf0, 0x78, 0xa3, 0x8c, 0xeb, 0x11, 0x2b, 0x01, 0x6b, 0x6c, 0xea, 0x20, 0xf0, 0x46, 0xc5, 0x20,
  0xf0, 0x47, 0xa5, 0x08, 0x6b, 0x6b, 0xeb, 0x6c, 0xea, 0x20, 0xf0, 0x47, 0xc5, 0x20, 0xf0, 0x4b,
  0xa5, 0x03, 0x4b, 0x6c, 0xea, 0x20, 0xf0, 0x4b, 0xc5, 0x2e, 0xb2, 0x40, 0xa2, 0xff, 0x6b, 0xff,
  0x4a, 0x6c, 0xea, 0x02, 0x5a, 0x09, 0x60, 0x44, 0xa5, 0x12, 0x6b, 0x6b, 0xeb, 0x6c, 0xea, 0x44,
  0xc5, 0x4b, 0xa5, 0x7f, 0x6b, 0x6c, 0xea, 0x4b, 0xc5, 0x44, 0x6e, 0x27, 0xb2, 0x40, 0xea, 0x0e,
  0x6c, 0x01, 0x68, 0xb1, 0x17, 0x25, 0xb2, 0x40, 0xea, 0x00, 0x68, 0xad, 0x17, 0x20, 0xb2, 0xa0,
  0xf0, 0x96, 0xa2, 0x84, 0xc5, 0xa0, 0xf0, 0x57, 0xa2, 0x68, 0xc5, 0x6a, 0xc5, 0x45, 0xc5, 0x01,
  0x6a, 0x4b, 0xea, 0x46, 0xc5, 0x05, 0x6a, 0x47, 0xc5, 0x0b, 0x6a, 0x49, 0xc5, 0x40, 0xc6, 0x0b,
  0x6e, 0xe4, 0x17, 0x98, 0x28, 0x1a, 0xb2, 0x60, 0xa2, 0x95, 0x23, 0x1a, 0xb3, 0x60, 0xa3, 0x12,
  0x23, 0x19, 0xb1, 0x40, 0x99, 0x01, 0x4a, 0x8e, 0x2a, 0x04, 0xd0, 0x00, 0x6f, 0x17, 0xb6, 0xb1,
  0x67, 0x17, 0xb2, 0x40, 0xea, 0x00, 0x6c, 0x86, 0x2a, 0xc0, 0xf7, 0x10, 0x6d, 0x15, 0xb2, 0x40,
  0xea, 0x80, 0x99, 0x81, 0x17, 0x00, 0xc2, 0x7f, 0x17, 0x7f, 0xf7, 0x1c, 0x28, 0x0c, 0xb2, 0x40,
  0xa2, 0x7f, 0xf7, 0x18, 0x22, 0x10, 0xb2, 0x40, 0xea, 0x00, 0x65, 0x75, 0x17, 0xc1, 0x28, 0x05,
  0x6a, 0x04, 0xc5, 0x40, 0xc6, 0x05, 0x6e, 0xb9, 0x17, 0x9d, 0xc5, 0x01, 0x80, 0xa8, 0x00, 0x12,
  0x80, 0xa0, 0xfa, 0x12, 0x80, 0x19, 0xcb, 0x01, 0x80, 0x7d, 0x67, 0x11, 0x80, 0xe2, 0xf9, 0x12,
  0x80, 0xdc, 0xf8, 0x12, 0x80, 0xd8, 0xf8, 0x12, 0x80, 0xf5, 0x78, 0x11, 0x80, 0xa5, 0x9f, 0x00,
  0x80, 0xf5, 0x9e, 0x00, 0x80, 0xb5, 0x72, 0x11, 0x80, 0x08, 0xb2, 0x40, 0xa2, 0x01, 0x72, 0x08,
  0x61, 0xfd, 0x63, 0x05, 0x62, 0x06, 0xb2, 0x40, 0xea, 0x00, 0x65, 0x05, 0x97, 0x00, 0xef, 0x03,
  0x63, 0x04, 0xb2, 0x00, 0x6b, 0x20, 0xe8, 0x60, 0xc2, 0xdc, 0xf8, 0x12, 0x80, 0x49, 0x60, 0x11,
  0x80, 0xe2, 0xf9, 0x12, 0x80, 0xfd, 0x63, 0x05, 0x62, 0x07, 0xb4, 0x40, 0x9c, 0x01, 0x4a, 0x03,
  0x22, 0x06, 0xb2, 0x40, 0xea, 0x00, 0x65, 0x06, 0xb2, 0x40, 0xea, 0x00, 0x65, 0x05, 0x97, 0x00,
  0xef, 0x03, 0x63, 0x00, 0x65, 0xd8, 0xf8, 0x12, 0x80, 0x51, 0x9f, 0x00, 0x80, 0xc9, 0x78, 0x11,
  0x80, 0xef, 0x63, 0x21, 0x62, 0x20, 0xd1, 0x1f, 0xd0, 0xa0, 0xf2, 0x1c, 0x6a, 0x58, 0xed, 0x88,
  0xb1, 0x23, 0xd5, 0x04, 0x67, 0x1b, 0xd1, 0x12, 0xea, 0x49, 0xe1, 0xc0, 0xf0, 0x6c, 0xa2, 0xc0,
  0xf0, 0xd0, 0xa2, 0x18, 0xd3, 0xe0, 0xf0, 0x19, 0x2e, 0x82, 0xb3, 0x84, 0xa3, 0x08, 0x6f, 0xff,
  0x6d, 0xec, 0xec, 0xac, 0xec, 0xe0, 0xf0, 0x11, 0x24, 0xe0, 0xf0, 0x68, 0xa2, 0xec, 0xeb, 0xac,
  0xeb, 0xe0, 0xf0, 0x0b, 0x23, 0x86, 0xa0, 0x67, 0xa0, 0xa5, 0xa0, 0x80, 0x34, 0x28, 0xa0, 0x60,
  0x33, 0x8d, 0xed, 0x60, 0x33, 0xad, 0xeb, 0x18, 0x95, 0x00, 0xf6, 0x20, 0x31, 0x6d, 0xe9, 0x16,
  0x04, 0x75, 0xb3, 0x1c, 0xd6, 0x40, 0xeb, 0x1a, 0xd2, 0x49, 0xa0, 0x1c, 0x96, 0x01, 0x72, 0x19,
  0xd2, 0x1a, 0x92, 0x67, 0x61, 0x53, 0xa0, 0x7f, 0x6b, 0x6c, 0xea, 0x70, 0xb3, 0x53, 0xc0, 0x80,
  0x9b, 0x02, 0x6a, 0x4b, 0xea, 0x4c, 0xe9, 0x6e, 0xb2, 0x40, 0xea, 0x1a, 0xd3, 0x1a, 0x93, 0x05,
  0x2a, 0x6c, 0xb2, 0xa0, 0x9a, 0x6c, 0xb2, 0x40, 0xea, 0x80, 0x9b, 0x23, 0x93, 0xa0, 0xf2, 0x1c,
  0x6a, 0xa7, 0x40, 0x58, 0xeb, 0x0a, 0x6e, 0x12, 0xea, 0x1a, 0xd2, 0x1b, 0x92, 0x12, 0xeb, 0x6d,
  0xe2, 0x19, 0x92, 0x1d, 0xd3, 0x00, 0xf2, 0x59, 0xc3, 0x1b, 0x93, 0x12, 0xea, 0x20, 0xf2, 0x04,
  0x4a, 0x49, 0xe3, 0x82, 0x67, 0x1b, 0xd2, 0x61, 0xb2, 0x40, 0xea, 0x03, 0x4d, 0x16, 0x94, 0x24,
  0x32, 0xa2, 0x67, 0x1c, 0xd2, 0x5e, 0xb2, 0x40, 0xea, 0x00, 0x65, 0x1c, 0x93, 0x02, 0x72, 0x98,
  0x67, 0x3b, 0x65, 0x5c, 0xb1, 0x1d, 0x93, 0x34, 0x2c, 0x06, 0xd4, 0x04, 0xd4, 0xfa, 0x6d, 0x05,
  0xd1, 0x82, 0x6f, 0x0a, 0xf4, 0x09, 0x6e, 0x58, 0xb0, 0x40, 0xe8, 0x18, 0xd3, 0x19, 0x92, 0x18,
  0x93, 0x01, 0x72, 0xc0, 0xf0, 0xac, 0xa3, 0xc0, 0xf0, 0x97, 0xa3, 0x1e, 0x61, 0x53, 0xb2, 0x40,
  0xea, 0x1b, 0x96, 0x18, 0x93, 0x60, 0xf6, 0x16, 0x6f, 0x0a, 0xf4, 0x12, 0x6e, 0xc0, 0xf0, 0x4c,
  0xa3, 0xfa, 0x6d, 0x06, 0x6c, 0x08, 0xd2, 0xc0, 0xf0, 0x57, 0xa3, 0x05, 0xd1, 0x07, 0xd2, 0x23,
  0x92, 0x06, 0xd2, 0x03, 0x6a, 0x40, 0xe8, 0x04, 0xd2, 0x21, 0x97, 0x20, 0x91, 0x1f, 0x90, 0x00,
  0xef, 0x11, 0x63, 0x00, 0xf2, 0xd2, 0xc2, 0xa9, 0x17, 0x45, 0xb2, 0x40, 0xea, 0x00, 0x65, 0xf4,
  0x17, 0x16, 0x95, 0x03, 0x72, 0xf8, 0x67, 0x59, 0x67, 0xaf, 0xe2, 0x12, 0x2f, 0x99, 0x67, 0x00,
  0x6e, 0x40, 0xb2, 0x40, 0xea, 0x1b, 0xd7, 0x1b, 0x97, 0x19, 0xd2, 0x05, 0xd1, 0x06, 0xd7, 0x04,
  0xd7, 0x2a, 0xf4, 0x00, 0x6e, 0x83, 0x6f, 0xfa, 0x6d, 0x37, 0xb2, 0x40, 0xea, 0x00, 0x6c, 0x19,
  0x93, 0x66, 0x33, 0x23, 0x94, 0x68, 0x32, 0x6d, 0xe2, 0x37, 0xb2, 0x40, 0xea, 0x19, 0xd3, 0x1a,
  0x95, 0x23, 0x97, 0x27, 0xb1, 0x00, 0x6a, 0x50, 0x4d, 0xb5, 0xe1, 0x04, 0xd2, 0x33, 0xb6, 0x34,
  0xb2, 0x40, 0xea, 0x00, 0x6c, 0x23, 0x93, 0xa0, 0xf2, 0x1c, 0x6a, 0x58, 0xeb, 0x19, 0x93, 0x6e,
  0x35, 0x12, 0xea, 0x45, 0xe1, 0x24, 0xb2, 0x40, 0xea, 0x94, 0x99, 0x6b, 0xa0, 0x44, 0xa0, 0x2d,
  0xb4, 0x14, 0xd3, 0x6a, 0xa0, 0x01, 0xf4, 0x15, 0x6f, 0x4a, 0xf4, 0x0a, 0x6e, 0x13, 0xd3, 0x69,
  0xa0, 0xfa, 0x6d, 0x12, 0xd3, 0x68, 0xa0, 0x11, 0xd3, 0x67, 0xa0, 0x10, 0xd3, 0x66, 0xa0, 0x0f,
  0xd3, 0x65, 0xa0, 0x0d, 0xd2, 0x0e, 0xd3, 0x18, 0x93, 0x71, 0xe4, 0x84, 0xa4, 0x01, 0x6b, 0x6c,
  0xec, 0x0c, 0xd4, 0x4c, 0xeb, 0x8b, 0xa8, 0x0a, 0xd3, 0x18, 0x93, 0x0b, 0xd4, 0x46, 0x32, 0x09,
  0xd3, 0x79, 0xa0, 0x07, 0xd2, 0x16, 0x92, 0x08, 0xd3, 0x06, 0xd2, 0x12, 0xb2, 0x05, 0xd2, 0x0f,
  0x6a, 0x04, 0xd2, 0x11, 0xb2, 0x40, 0xea, 0x04, 0x6c, 0x8f, 0x17, 0x44, 0xa0, 0x23, 0x94, 0x01,
  0x6e, 0x4c, 0xee, 0x24, 0x6f, 0x14, 0xb2, 0x40, 0xea, 0x3c, 0x6d, 0xc7, 0x17, 0x50, 0x1c, 0x13,
  0x80, 0x94, 0x59, 0x12, 0x80, 0x99, 0x5d, 0x03, 0x80, 0x2c, 0x0d, 0x12, 0x80, 0x8d, 0x9e, 0x00,
  0x80, 0x30, 0x0d, 0x12, 0x80, 0xf5, 0x9e, 0x00, 0x80, 0x5d, 0xee, 0x00, 0x80, 0x2d, 0x39, 0x04,
  0x80, 0x14, 0xd7, 0x11, 0x80, 0x11, 0x46, 0x08, 0x80, 0xb9, 0x4b, 0x01, 0x80, 0x49, 0x50, 0x01,
  0x80, 0xe5, 0xde, 0x03, 0x80, 0x3d, 0x30, 0x07, 0x80, 0xa1, 0x30, 0x07, 0x80, 0xa5, 0x9f, 0x00,
  0x80, 0xa4, 0x32, 0x12, 0x80, 0x19, 0x19, 0x08, 0x80, 0x20, 0xe8, 0x00, 0x6a, 0xfd, 0x63, 0x05,
  0x62, 0x04, 0xd0, 0x06, 0xb2, 0x40, 0xea, 0x04, 0x67, 0x05, 0xb2, 0x40, 0xea, 0x90, 0x67, 0x05,
  0x97, 0x04, 0x90, 0x00, 0xef, 0x03, 0x63, 0x00, 0x65, 0xbd, 0xd6, 0x11, 0x80, 0xb5, 0x59, 0x00,
  0x80, 0x63, 0xa4, 0x4f, 0x43, 0x10, 0x5a, 0x11, 0x6a, 0x03, 0x60, 0x03, 0xb2, 0x63, 0xc2, 0x00,
  0x6a, 0x20, 0xe8, 0x00, 0x65, 0x68, 0x21, 0x12, 0x80, 0xf0, 0x4c, 0x0b, 0x5c, 0x08, 0xb4, 0x06,
  0x61, 0x20, 0xf1, 0x7b, 0xa4, 0x02, 0x6a, 0x4c, 0xeb, 0x05, 0x6a, 0x06, 0x2b, 0x20, 0xf1, 0x50,
  0x84, 0x00, 0x52, 0x00, 0x6a, 0x01, 0x60, 0x04, 0x6a, 0x20, 0xe8, 0x00, 0x65, 0xb0, 0x55, 0x12,
  0x80, 0xf5, 0x63, 0x15, 0x62, 0x14, 0xd1, 0x13, 0xd0, 0x3e, 0xb0, 0x24, 0x67, 0x81, 0x98, 0x3e,
  0xb2, 0x40, 0xea, 0x0e, 0x05, 0x10, 0xd0, 0x0e, 0x22, 0x00, 0x6a, 0x3c, 0xb3, 0x06, 0xd2, 0x05,
  0xd3, 0x04, 0xd2, 0x31, 0x6f, 0xab, 0xf3, 0x06, 0x6e, 0xfa, 0x6d, 0x00, 0x6c, 0x38, 0xb2, 0x40,
  0xea, 0x00, 0x65, 0x61, 0x10, 0x37, 0xb7, 0xb1, 0x67, 0x04, 0x6e, 0x0c, 0x04, 0x40, 0xef, 0x11,
  0xd7, 0x5d, 0x67, 0x20, 0xf0, 0x31, 0xa2, 0x34, 0xb2, 0x40, 0xea, 0x91, 0x67, 0x05, 0x72, 0x02,
  0x67, 0x11, 0x97, 0x4f, 0x61, 0x08, 0x05, 0x31, 0xb2, 0x40, 0xea, 0x91, 0x67, 0x11, 0x97, 0x13,
  0x22, 0x2a, 0xb2, 0x05, 0xd2, 0x01, 0x6a, 0x04, 0xd2, 0x06, 0xd1, 0x84, 0xf5, 0x0a, 0x6f, 0xab,
  0xf3, 0x19, 0x6e, 0xfa, 0x6d, 0x26, 0xb2, 0x40, 0xea, 0x02, 0x6c, 0x02, 0x6a, 0x15, 0x97, 0x14,
  0x91, 0x13, 0x90, 0x00, 0xef, 0x0b, 0x63, 0x5d, 0x67, 0x90, 0xaa, 0xa0, 0xf2, 0x1c, 0x6a, 0x7d,
  0x67, 0x58, 0xec, 0x23, 0xb2, 0x12, 0xec, 0x89, 0xe2, 0x56, 0x9a, 0x20, 0xf0, 0x43, 0xa2, 0x20,
  0xf0, 0x54, 0xc3, 0x59, 0x6a, 0x0e, 0x94, 0xd0, 0x67, 0x0c, 0x05, 0x40, 0xc4, 0x40, 0xef, 0x02,
  0x4c, 0x0e, 0x95, 0x40, 0xf4, 0x12, 0x6a, 0x7d, 0x67, 0x01, 0xc5, 0x54, 0xcb, 0x0b, 0x92, 0x09,
  0x96, 0x0a, 0x97, 0x04, 0xd2, 0x17, 0xb2, 0x80, 0x9a, 0x17, 0xb2, 0x40, 0xea, 0x08, 0xd5, 0x13,
  0x22, 0x10, 0x92, 0x81, 0x9a, 0x15, 0xb2, 0x40, 0xea, 0x0e, 0x95, 0x00, 0x6a, 0x0b, 0xb3, 0x06,
  0xd2, 0x05, 0xd3, 0x04, 0xd2, 0x40, 0xf5, 0x03, 0x6f, 0xcb, 0xf3, 0x17, 0x6e, 0xfa, 0x6d, 0x02,
  0x6c, 0x9d, 0x17, 0x04, 0x72, 0x02, 0x60, 0x01, 0x6a, 0xc1, 0x17, 0x08, 0x6a, 0xd3, 0x17, 0x00,
  0x65, 0xbc, 0x29, 0x12, 0x80, 0x6d, 0xa0, 0x00, 0x80, 0x14, 0xd7, 0x11, 0x80, 0x11, 0x46, 0x08,
  0x80, 0x5d, 0xee, 0x00, 0x80, 0xd9, 0x7b, 0x11, 0x80, 0xc9, 0x01, 0x07, 0x80, 0x50, 0x1c, 0x13,
  0x80, 0x10, 0x20, 0x12, 0x80, 0x61, 0x9d, 0x00, 0x80, 0x15, 0xa0, 0x00, 0x80, 0xfd, 0x63, 0x05,
  0x62, 0x40, 0xa4, 0x08, 0x72, 0x0d, 0x60, 0x36, 0x72, 0x04, 0x60, 0x04, 0x72, 0x10, 0x60, 0x00,
  0x6a, 0x0b, 0x10, 0x0e, 0xb2, 0x40, 0xea, 0x06, 0x6c, 0x0d, 0xb2, 0x40, 0xea, 0x00, 0x65, 0xf7,
  0x17, 0x0c, 0xb2, 0x40, 0xea, 0x85, 0x67, 0x01, 0x6a, 0x05, 0x97, 0x00, 0xef, 0x03, 0x63, 0x0a,
  0xb3, 0x0a, 0xb4, 0x40, 0x9b, 0x4d, 0xec, 0x80, 0xdb, 0x09, 0xb4, 0x8c, 0xea, 0x40, 0xdb, 0x09,
  0xb2, 0x40, 0xea, 0x01, 0x6c, 0xe4, 0x17, 0x00, 0x65, 0x0d, 0x71, 0x11, 0x80, 0xe9, 0x5f, 0x11,
  0x80, 0x01, 0x7c, 0x11, 0x80, 0x38, 0xad, 0x00, 0xb0, 0x00, 0x00, 0x00, 0x02, 0xff, 0xff, 0xff,
  0xfd, 0x09, 0x9b, 0x00, 0x80, 0xfa, 0x63, 0x0b, 0x62, 0x0a, 0xd1, 0x09, 0xd0, 0x40, 0xa4, 0x51,
  0xb3, 0x4c, 0x32, 0x49, 0xe3, 0x23, 0xa2, 0xff, 0x71, 0x57, 0x60, 0xa0, 0xf2, 0x1c, 0x6a, 0x58,
  0xe9, 0x4d, 0xb3, 0x12, 0xe8, 0x01, 0xe3, 0xc0, 0xf0, 0x70, 0xa0, 0x01, 0x73, 0x4d, 0x61, 0x4b,
  0xb3, 0xa2, 0xa3, 0x4b, 0xb3, 0xad, 0xe3, 0x80, 0xf1, 0x67, 0xa3, 0x02, 0x5b, 0x45, 0x61, 0x05,
  0xd4, 0xc0, 0xf0, 0xac, 0xa0, 0xc0, 0xf0, 0x97, 0xa0, 0x46, 0xb3, 0x40, 0xeb, 0x00, 0x65, 0xc0,
  0xf0, 0xac, 0xa0, 0xc0, 0xf0, 0x97, 0xa0, 0x44, 0xb3, 0x40, 0xeb, 0x40, 0x6e, 0xc0, 0xf0, 0xcc,
  0xa0, 0x42, 0xb2, 0xff, 0x6f, 0xd4, 0x33, 0xd5, 0xe3, 0xa8, 0x35, 0xb1, 0xe2, 0x04, 0xd3, 0x60,
  0xa4, 0x01, 0x6c, 0x6c, 0xec, 0xec, 0xec, 0x98, 0x34, 0xb1, 0xe4, 0x91, 0xe2, 0x20, 0xf0, 0xf2,
  0xa4, 0x1d, 0x27, 0x20, 0xf0, 0x90, 0xa4, 0x2e, 0xec, 0x24, 0x2c, 0x05, 0x92, 0x31, 0xb3, 0x04,
  0xd6, 0x40, 0xa2, 0x4c, 0x32, 0x41, 0xe3, 0x43, 0xa8, 0x35, 0xb3, 0x69, 0xe2, 0x40, 0xaa, 0xff,
  0xf7, 0x1f, 0x6b, 0x6c, 0xea, 0x42, 0x32, 0x52, 0x32, 0x09, 0x22, 0x32, 0xb2, 0x40, 0x9a, 0x40,
  0xea, 0x00, 0x65, 0x04, 0x96, 0xa2, 0x67, 0x30, 0xb2, 0x40, 0xea, 0x86, 0x67, 0x2f, 0xb3, 0x80,
  0xab, 0x01, 0x6a, 0x44, 0xe9, 0x8d, 0xea, 0x40, 0xcb, 0x0b, 0x97, 0x0a, 0x91, 0x09, 0x90, 0x00,
  0xef, 0x06, 0x63, 0x01, 0x73, 0x01, 0x6c, 0x18, 0x67, 0x8c, 0xe8, 0x18, 0x30, 0xb5, 0xe0, 0xb5,
  0xe2, 0x20, 0xf0, 0x92, 0xa5, 0xeb, 0x24, 0x20, 0xf0, 0x90, 0xa5, 0x2e, 0xec, 0xe7, 0x2c, 0x90,
  0x9d, 0x20, 0xf0, 0xb3, 0xa5, 0x06, 0xd2, 0x01, 0x75, 0x23, 0x61, 0x21, 0xb5, 0x40, 0xed, 0x05,
  0xd6, 0x05, 0x96, 0x06, 0x92, 0x04, 0x93, 0xd1, 0xe3, 0x88, 0x34, 0x91, 0xe2, 0xa1, 0xa4, 0x02,
  0x75, 0x02, 0x60, 0x01, 0x4d, 0xa1, 0xc4, 0x04, 0x93, 0x01, 0x6f, 0xcd, 0xe3, 0x68, 0x33, 0x79,
  0xe2, 0x80, 0xa6, 0x6d, 0xe0, 0x69, 0xe2, 0x01, 0x74, 0xb8, 0x67, 0xec, 0xed, 0x03, 0x6f, 0xeb,
  0xef, 0xa4, 0x35, 0xec, 0xec, 0xad, 0xec, 0x00, 0x6b, 0x80, 0xc6, 0x20, 0xf0, 0x72, 0xc2, 0xbe,
  0x17, 0xa6, 0x67, 0x10, 0xb7, 0x40, 0xef, 0x05, 0xd6, 0x06, 0x92, 0x05, 0x96, 0xdb, 0x17, 0x00,
  0x65, 0xe4, 0x32, 0x12, 0x80, 0x50, 0x1c, 0x13, 0x80, 0xa4, 0x32, 0x12, 0x80, 0xb0, 0x55, 0x12,
  0x80, 0xa5, 0x82, 0x01, 0x80, 0x15, 0x82, 0x01, 0x80, 0x34, 0x36, 0x12, 0x80, 0x00, 0x00, 0x00,
  0xb6, 0xf0, 0x04, 0x12, 0x80, 0xf1, 0x2d, 0x00, 0x80, 0x04, 0xfa, 0x12, 0x80, 0x25, 0xa4, 0x07,
  0x80, 0x0d, 0x7e, 0x01, 0x80, 0xfd, 0x63, 0x05, 0x62, 0x04, 0xb2, 0x40, 0xea, 0x00, 0x65, 0x05,
  0x97, 0x00, 0x6a, 0x00, 0xef, 0x03, 0x63, 0x00, 0x65, 0x95, 0x7d, 0x11, 0x80, 0xfb, 0x63, 0x09,
  0x62, 0x08, 0xd1, 0x07, 0xd0, 0x60, 0xa4, 0x31, 0xb2, 0x31, 0xb5, 0x6c, 0x33, 0x69, 0xe2, 0x63,
  0xa2, 0xa0, 0xf2, 0x1c, 0x6a, 0x58, 0xeb, 0x12, 0xe8, 0x01, 0xe5, 0xc0, 0xf0, 0x50, 0xa0, 0x01,
  0x72, 0x49, 0x61, 0x2c, 0xb2, 0x62, 0xa2, 0x2c, 0xb2, 0x69, 0xe2, 0x80, 0xf1, 0x47, 0xa2, 0x02,
  0x5a, 0x41, 0x61, 0x01, 0x6c, 0x8b, 0xec, 0xff, 0x69, 0x00, 0x6b, 0xa0, 0xf2, 0x1c, 0x6a, 0x58,
  0xeb, 0x12, 0xea, 0x49, 0xe5, 0xc0, 0xf0, 0xcf, 0xa2, 0x01, 0x76, 0x11, 0x61, 0x00, 0xf2, 0xc6,
  0xa2, 0x01, 0x76, 0x0d, 0x61, 0xc0, 0xf0, 0xd0, 0xa2, 0x01, 0x76, 0x09, 0x61, 0xcf, 0x9a, 0xe1,
  0x46, 0x06, 0x27, 0x83, 0xee, 0x04, 0x60, 0xff, 0x69, 0x02, 0x67, 0x6c, 0xe9, 0x86, 0x67, 0x01,
  0x4b, 0x0a, 0x5b, 0xe3, 0x61, 0x19, 0xb2, 0x40, 0x9a, 0x40, 0xea, 0x04, 0xd4, 0x04, 0x94, 0xa2,
  0x67, 0x17, 0xb2, 0x40, 0xea, 0x00, 0x6e, 0x46, 0x34, 0x6c, 0x5c, 0x60, 0xf2, 0x11, 0x6b, 0x17,
  0x61, 0x78, 0xec, 0x12, 0xed, 0x78, 0xf5, 0x08, 0x4d, 0x12, 0xb2, 0x01, 0x6e, 0x40, 0xea, 0x01,
  0x6c, 0xc0, 0xf0, 0x77, 0xa0, 0x10, 0xb2, 0x60, 0xc2, 0xc0, 0xf0, 0x6c, 0xa0, 0x0f, 0xb2, 0x60,
  0xc2, 0x0f, 0xb2, 0x20, 0xc2, 0x09, 0x97, 0x08, 0x91, 0x07, 0x90, 0x00, 0xef, 0x05, 0x63, 0x4a,
  0x32, 0x78, 0xea, 0x12, 0xed, 0xe9, 0x17, 0x00, 0x65, 0xe4, 0x32, 0x12, 0x80, 0x50, 0x1c, 0x13,
  0x80, 0xa4, 0x32, 0x12, 0x80, 0xb0, 0x55, 0x12, 0x80, 0xf0, 0x04, 0x12, 0x80, 0xe5, 0xde, 0x03,
  0x80, 0x79, 0x35, 0x01, 0x80, 0x03, 0xfa, 0x12, 0x80, 0x02, 0xfa, 0x12, 0x80, 0x01, 0xfa, 0x12,
  0x80, 0xfd, 0x63, 0x05, 0x62, 0x04, 0xb2, 0x40, 0xea, 0x00, 0x65, 0x05, 0x97, 0x00, 0x6a, 0x00,
  0xef, 0x03, 0x63, 0x00, 0x65, 0x2d, 0x7f, 0x11, 0x80, 0xfd, 0x63, 0x05, 0x62, 0x07, 0xb2, 0xff,
  0xf7, 0x0b, 0x6d, 0xff, 0x6c, 0x60, 0xaa, 0x06, 0xb2, 0x40, 0x9a, 0x6c, 0xed, 0x40, 0xea, 0x21,
  0x4c, 0x05, 0x97, 0x00, 0xef, 0x03, 0x63, 0x00, 0x65, 0x20, 0x01, 0x00, 0xb6, 0xe8, 0x04, 0x12,
  0x80, 0xfd, 0x63, 0x05, 0x62, 0x0c, 0xb2, 0xff, 0xf7, 0x1f, 0x6d, 0x15, 0x6b, 0x40, 0xaa, 0x6b,
  0xeb, 0x14, 0x6c, 0xac, 0xea, 0x4c, 0xeb, 0x8d, 0xeb, 0xff, 0xf6, 0x0c, 0x4c, 0x8c, 0xea, 0xff,
  0x6c, 0x8c, 0xeb, 0x6d, 0xea, 0x05, 0xb3, 0x60, 0x9b, 0x4c, 0xed, 0x40, 0xeb, 0x21, 0x4c, 0x05,
  0x97, 0x00, 0xef, 0x03, 0x63, 0x20, 0x01, 0x00, 0xb6, 0xe8, 0x04, 0x12, 0x80, 0xfd, 0x63, 0x05,
  0x62, 0x06, 0xb2, 0x50, 0xa2, 0x06, 0x22, 0x06, 0xb2, 0x40, 0xea, 0x00, 0x65, 0x05, 0x97, 0x00,
  0xef, 0x03, 0x63, 0x04, 0xb2, 0xf9, 0x17, 0x00, 0x65, 0x00, 0xde, 0x12, 0x80, 0x39, 0x80, 0x11,
  0x80, 0x61, 0x80, 0x11, 0x80, 0xf9, 0x63, 0x0d, 0x62, 0x0c, 0xd0, 0x14, 0xb2, 0x40, 0xea, 0x00,
  0x65, 0x02, 0x67, 0x13, 0xb2, 0x40, 0xea, 0x00, 0x65, 0x12, 0xb3, 0x42, 0xa3, 0x29, 0xf2, 0x19,
  0x6f, 0x03, 0xf4, 0x0c, 0x6e, 0x0a, 0xd2, 0x10, 0xb2, 0x8e, 0xa2, 0xfa, 0x6d, 0x09, 0xd4, 0x90,
  0xa2, 0x08, 0xd4, 0x4f, 0xa2, 0x07, 0xd2, 0x43, 0xa3, 0x06, 0xd2, 0x0c, 0xb2, 0x05, 0xd2, 0x05,
  0x6a, 0x04, 0xd2, 0x0b, 0xb2, 0x40, 0xea, 0x01, 0x6c, 0x0a, 0xb2, 0x40, 0xea, 0x00, 0x65, 0x50,
  0x67, 0x0d, 0x97, 0x0c, 0x90, 0x00, 0xef, 0x07, 0x63, 0x81, 0xb9, 0x11, 0x80, 0x9d, 0x80, 0x11,
  0x80, 0x90, 0xfa, 0x12, 0x80, 0x00, 0xde, 0x12, 0x80, 0x14, 0xd7, 0x11, 0x80, 0x11, 0x46, 0x08,
  0x80, 0x69, 0xa7, 0x11, 0x80, 0xf9, 0x63, 0x0d, 0x62, 0x0c, 0xd0, 0x40, 0xac, 0x04, 0x67, 0x5f,
  0xf4, 0x11, 0x72, 0x3a, 0x60, 0x5f, 0xf4, 0x12, 0x6b, 0x63, 0xea, 0x0f, 0x60, 0x1f, 0xf4, 0x19,
  0x72, 0x1b, 0x60, 0x1f, 0xf4, 0x1b, 0x72, 0x20, 0x60, 0x01, 0x6a, 0x40, 0xc5, 0x00, 0x6a, 0x40,
  0xc6, 0x00, 0x6a, 0x0d, 0x97, 0x0c, 0x90, 0x00, 0xef, 0x07, 0x63, 0x9f, 0xf4, 0x17, 0x72, 0x78,
  0x67, 0x27, 0x23, 0xbf, 0xf5, 0x0b, 0x72, 0x00, 0x6a, 0xef, 0x61, 0x80, 0xa8, 0xa2, 0x67, 0x42,
  0xb2, 0x40, 0xea, 0x00, 0x6e, 0x01, 0x6a, 0xed, 0x17, 0x40, 0xb2, 0x60, 0xa2, 0x00, 0x6a, 0xf5,
  0x2b, 0x3f, 0xb2, 0x40, 0xea, 0x00, 0x65, 0xf1, 0x17, 0x3c, 0xb3, 0x40, 0xa3, 0x0a, 0x2a, 0x83,
  0xa4, 0x84, 0x32, 0x89, 0xe2, 0x82, 0xa0, 0x44, 0x32, 0x01, 0x4a, 0x8e, 0xea, 0x02, 0x2a, 0x01,
  0x6a, 0x40, 0xc3, 0x90, 0x67, 0x37, 0xb2, 0xed, 0x17, 0x37, 0xb2, 0x40, 0xea, 0x00, 0x65, 0xdd,
  0x17, 0x5d, 0x67, 0x36, 0xb6, 0x70, 0xca, 0x00, 0x6a, 0x48, 0xc6, 0x51, 0xa4, 0x63, 0xce, 0x62,
  0xce, 0x61, 0xce, 0x60, 0xce, 0x72, 0xa4, 0x40, 0x32, 0x04, 0x05, 0x6d, 0xea, 0x7d, 0x67, 0x48,
  0xcb, 0x4f, 0xa4, 0x70, 0xa4, 0x40, 0x32, 0x6d, 0xea, 0x7d, 0x67, 0x49, 0xcb, 0x4d, 0xa4, 0x6e,
  0xa4, 0x40, 0x32, 0x6d, 0xea, 0x7d, 0x67, 0x4a, 0xcb, 0x4b, 0xa4, 0x6c, 0xa4, 0x40, 0x32, 0x6d,
  0xea, 0x7d, 0x67, 0x4b, 0xcb, 0x49, 0xa4, 0x6a, 0xa4, 0x40, 0x32, 0x6d, 0xea, 0x7d, 0x67, 0x4c,
  0xcb, 0x47, 0xa4, 0x68, 0xa4, 0x40, 0x32, 0x6d, 0xea, 0x7d, 0x67, 0x4d, 0xcb, 0x45, 0xa4, 0x66,
  0xa4, 0x40, 0x32, 0x6d, 0xea, 0x7d, 0x67, 0x4e, 0xcb, 0x43, 0xa4, 0x64, 0xa4, 0x40, 0x32, 0x6d,
  0xea, 0x7d, 0x67, 0x4f, 0xcb, 0x1a, 0xb2, 0x00, 0xf4, 0x65, 0xa2, 0x00, 0xf4, 0x84, 0xa2, 0x60,
  0x33, 0x8d, 0xeb, 0x9d, 0x67, 0x77, 0xcc, 0x00, 0xf4, 0x63, 0xa2, 0x00, 0xf4, 0x82, 0xa2, 0x60,
  0x33, 0x8d, 0xeb, 0x9d, 0x67, 0x76, 0xcc, 0x00, 0xf4, 0x61, 0xa2, 0x00, 0xf4, 0x40, 0xa2, 0x60,
  0x33, 0x6d, 0xea, 0x55, 0xcc, 0x0f, 0xb3, 0x10, 0xb2, 0x40, 0xaa, 0x60, 0xab, 0x54, 0xcc, 0x6e,
  0xea, 0x52, 0xcc, 0x01, 0x6a, 0x4b, 0xea, 0x51, 0xcc, 0x73, 0xcc, 0x0c, 0xb2, 0x40, 0xea, 0x08,
  0x04, 0x00, 0x6a, 0x7b, 0x17, 0xc1, 0x0c, 0x03, 0x80, 0xcc, 0xf8, 0x12, 0x80, 0x7d, 0x63, 0x11,
  0x80, 0xc5, 0x80, 0x11, 0x80, 0x41, 0xb9, 0x11, 0x80, 0xbc, 0xf8, 0x12, 0x80, 0xa8, 0x00, 0x12,
  0x80, 0x98, 0x00, 0x12, 0x80, 0x9a, 0x00, 0x12, 0x80, 0x61, 0xc1, 0x05, 0x80, 0xf6, 0x63, 0x13,
  0x62, 0x12, 0xd1, 0x11, 0xd0, 0x89, 0xb2, 0x40, 0x82, 0x11, 0x69, 0x00, 0x52, 0x47, 0x60, 0xa0,
  0xf2, 0x1c, 0x6b, 0x78, 0xed, 0x01, 0x6a, 0xe4, 0xa4, 0xfa, 0x65, 0x5f, 0x67, 0x4c, 0xef, 0xff,
  0x69, 0x47, 0x67, 0x2c, 0xea, 0x3a, 0x65, 0x45, 0xa4, 0x05, 0x67, 0x0c, 0xd2, 0x80, 0xb2, 0x12,
  0xeb, 0x6d, 0xe2, 0xa0, 0xf0, 0xd2, 0xa3, 0x04, 0x76, 0x1e, 0x61, 0x00, 0xf2, 0xab, 0xa3, 0xfa,
  0x4e, 0xcc, 0xed, 0xed, 0xed, 0x00, 0xf2, 0xab, 0xc3, 0xa0, 0xf2, 0x1c, 0x6b, 0x78, 0xe8, 0xb9,
  0x67, 0x12, 0xeb, 0x69, 0xe2, 0xc0, 0xf0, 0x70, 0xa2, 0xae, 0xeb, 0x26, 0x2b, 0x80, 0xf0, 0x40,
  0xaa, 0x04, 0x6b, 0x6c, 0xea, 0x21, 0x2a, 0x24, 0x6f, 0xd9, 0x67, 0x17, 0x6d, 0x71, 0xb2, 0x40,
  0xea, 0x90, 0x67, 0x01, 0x69, 0x13, 0x10, 0x10, 0x76, 0xf6, 0x61, 0x00, 0xf2, 0xab, 0xa3, 0xdf,
  0x67, 0xcc, 0xed, 0x2c, 0xed, 0xd9, 0x67, 0xce, 0xed, 0xdf, 0x25, 0xc0, 0xf0, 0x30, 0xa3, 0x01,
  0x71, 0xdb, 0x61, 0x23, 0x6f, 0x17, 0x6d, 0x67, 0xb2, 0x40, 0xea, 0x90, 0x67, 0x51, 0x67, 0x13,
  0x97, 0x12, 0x91, 0x11, 0x90, 0x00, 0xef, 0x0a, 0x63, 0x47, 0xa4, 0x66, 0xa4, 0x2b, 0xa4, 0xea,
  0xa4, 0x40, 0x32, 0x6d, 0xea, 0x20, 0x31, 0x08, 0xd2, 0xed, 0xe9, 0x49, 0xa4, 0xa8, 0xa4, 0x20,
  0x31, 0x20, 0x31, 0x40, 0x32, 0x23, 0x31, 0xad, 0xea, 0x23, 0x31, 0xff, 0xf7, 0x1f, 0x6b, 0x09,
  0xd2, 0x51, 0x67, 0x6c, 0xea, 0x0a, 0xd2, 0x4d, 0xa4, 0x8c, 0xa4, 0xff, 0x6e, 0x40, 0x32, 0x8d,
  0xea, 0x6c, 0xea, 0x0b, 0xd2, 0x54, 0xb2, 0x40, 0xa2, 0x08, 0x6b, 0x4c, 0xeb, 0xcc, 0xeb, 0x65,
  0x23, 0xa0, 0xf2, 0x1c, 0x6c, 0x98, 0xe8, 0x4e, 0xb3, 0x07, 0x6f, 0xec, 0xea, 0xcc, 0xea, 0x00,
  0x6f, 0x12, 0xed, 0xb5, 0xe3, 0x00, 0xf2, 0xac, 0xa5, 0x43, 0xed, 0x02, 0x60, 0xe1, 0x45, 0xcc,
  0xef, 0x98, 0xe8, 0xee, 0xea, 0x12, 0xec, 0x8d, 0xe3, 0x00, 0xf2, 0xec, 0xc3, 0x4e, 0x2a, 0x0a,
  0x92, 0x02, 0x6f, 0x02, 0x5a, 0x03, 0x61, 0x24, 0x37, 0xff, 0x69, 0x2c, 0xef, 0x0b, 0x92, 0x03,
  0x22, 0x02, 0x4f, 0xff, 0x69, 0x2c, 0xef, 0x59, 0x67, 0x0e, 0xd2, 0x08, 0x92, 0x09, 0x96, 0x00,
  0x6d, 0x04, 0xd2, 0x3e, 0xb2, 0x40, 0xea, 0x90, 0x67, 0x62, 0x67, 0xa0, 0xf2, 0x1c, 0x6a, 0x58,
  0xe8, 0x37, 0xb1, 0xc2, 0xf7, 0x1a, 0x6f, 0x2c, 0xf7, 0x15, 0x6e, 0xfa, 0x6d, 0x0d, 0xd3, 0x12,
  0xea, 0x45, 0xe1, 0x00, 0xf2, 0x4c, 0xa1, 0x06, 0xd3, 0x07, 0xd2, 0x35, 0xb2, 0x05, 0xd2, 0x02,
  0x6a, 0x04, 0xd2, 0x34, 0xb2, 0x40, 0xea, 0x04, 0x6c, 0x0e, 0x92, 0x0d, 0x93, 0x3a, 0x65, 0x1d,
  0x23, 0x00, 0x6a, 0x00, 0xf2, 0x4c, 0xc1, 0x00, 0x6a, 0x04, 0xd2, 0x16, 0x6f, 0xd9, 0x67, 0x17,
  0x6d, 0x2d, 0xb3, 0x40, 0xeb, 0x90, 0x67, 0x09, 0x92, 0x80, 0xf0, 0x54, 0xc9, 0x0a, 0x92, 0x80,
  0xf0, 0x58, 0xc9, 0x0b, 0x92, 0x80, 0xf0, 0x5c, 0xc9, 0x08, 0x92, 0x80, 0xf0, 0x56, 0xc9, 0x00,
  0x6a, 0x00, 0xf2, 0x4d, 0xc1, 0x00, 0xf2, 0x4e, 0xc1, 0x5c, 0x17, 0x0b, 0x92, 0x08, 0x97, 0x0c,
  0x95, 0x06, 0xd2, 0x0a, 0x92, 0x99, 0x67, 0xd0, 0x67, 0x05, 0xd2, 0x09, 0x92, 0x08, 0xd4, 0x04,
  0xd2, 0x1e, 0xb2, 0x40, 0xea, 0x01, 0x69, 0x08, 0x93, 0x7f, 0xf7, 0x00, 0x22, 0xe2, 0x67, 0xc3,
  0x67, 0x90, 0x67, 0x17, 0x6d, 0x13, 0xb3, 0x40, 0xeb, 0x09, 0xd2, 0xa0, 0xf2, 0x1c, 0x6b, 0x78,
  0xe8, 0x0f, 0xb4, 0x09, 0x92, 0x00, 0x6e, 0xb0, 0x67, 0x12, 0xeb, 0x6d, 0xe4, 0x80, 0xf0, 0xf4,
  0xab, 0x82, 0x67, 0x13, 0xb2, 0x40, 0xea, 0x08, 0xd3, 0x04, 0x6d, 0x12, 0xb2, 0x40, 0xea, 0x90,
  0x67, 0x08, 0x93, 0x01, 0x6a, 0x4b, 0xea, 0x00, 0xf2, 0x48, 0xcb, 0x00, 0x6a, 0x00, 0xf2, 0x4a,
  0xc3, 0x0d, 0xb2, 0x40, 0xea, 0x00, 0x65, 0x3a, 0x17, 0x94, 0x59, 0x12, 0x80, 0x50, 0x1c, 0x13,
  0x80, 0x19, 0x19, 0x08, 0x80, 0x44, 0x33, 0x12, 0x80, 0x39, 0x1e, 0x08, 0x80, 0x14, 0xd7, 0x11,
  0x80, 0x11, 0x46, 0x08, 0x80, 0x51, 0x19, 0x08, 0x80, 0x0d, 0x25, 0x08, 0x80, 0x19, 0xd0, 0x01,
  0x80, 0x95, 0x10, 0x08, 0x80, 0x5d, 0x1b, 0x08, 0x80, 0xf0, 0x63, 0x1f, 0x62, 0x1e, 0xd1, 0x1d,
  0xd0, 0x44, 0xac, 0x24, 0x67, 0x80, 0xf4, 0x00, 0x72, 0x26, 0x60, 0x80, 0xf4, 0x09, 0x72, 0x20,
  0xf1, 0x16, 0x60, 0xb5, 0xb2, 0x40, 0xea, 0x91, 0x67, 0x44, 0xa9, 0x40, 0xf2, 0x19, 0x72, 0x0a,
  0x61, 0xb2, 0xb3, 0x60, 0xa3, 0x01, 0x73, 0x06, 0x61, 0xb1, 0xb3, 0x84, 0x9b, 0x01, 0x74, 0x02,
  0x61, 0x03, 0x6c, 0x81, 0xdb, 0xaf, 0xb3, 0x60, 0xa3, 0x00, 0xf1, 0x11, 0x23, 0x80, 0xf4, 0x09,
  0x72, 0x04, 0x60, 0x80, 0xf4, 0x00, 0x72, 0x00, 0xf1, 0x0a, 0x61, 0x40, 0x99, 0x8b, 0xaa, 0xaa,
  0xb2, 0x40, 0xea, 0x00, 0x65, 0x04, 0x11, 0x60, 0x9c, 0x8b, 0xab, 0x44, 0xa3, 0x18, 0xd4, 0x18,
  0x95, 0xa0, 0xf2, 0x1c, 0x6c, 0x46, 0x32, 0x98, 0xed, 0x18, 0x72, 0xa4, 0xb4, 0x12, 0xe8, 0x81,
  0xe0, 0x52, 0x60, 0x19, 0x5a, 0x1a, 0x60, 0x13, 0x72, 0x4a, 0x60, 0x17, 0x72, 0x78, 0x60, 0x03,
  0x72, 0xc8, 0x61, 0x45, 0xa3, 0x13, 0x72, 0xc5, 0x61, 0x9d, 0xb2, 0x40, 0xea, 0x90, 0x67, 0xc0,
  0xf0, 0x4f, 0xa0, 0xbf, 0x22, 0xa0, 0xf0, 0x72, 0xa0, 0x05, 0x6a, 0x4b, 0xea, 0x6c, 0xea, 0x0a,
  0x72, 0xb8, 0x61, 0x98, 0xb2, 0x40, 0xea, 0x01, 0x6c, 0xb4, 0x17, 0x3c, 0x72, 0xc0, 0xf0, 0x1c,
  0x60, 0x3e, 0x72, 0x25, 0x60, 0x2e, 0x72, 0xad, 0x61, 0xa0, 0xf0, 0x52, 0xa0, 0x0f, 0x72, 0xa9,
  0x61, 0xc0, 0xf0, 0x50, 0xa0, 0x01, 0x72, 0xa5, 0x61, 0x8f, 0xb2, 0x62, 0xa2, 0x88, 0xb2, 0x69,
  0xe2, 0x80, 0xf1, 0x47, 0xa2, 0x02, 0x5a, 0x9d, 0x61, 0x80, 0xf0, 0x54, 0xa8, 0x25, 0x5a, 0x99,
  0x61, 0x18, 0x93, 0xa0, 0xf2, 0x1c, 0x6a, 0x58, 0xeb, 0x12, 0xea, 0x49, 0xe4, 0x80, 0xf0, 0x78,
  0xaa, 0x08, 0x5b, 0x8f, 0x60, 0xc0, 0xf0, 0xac, 0xa2, 0xc0, 0xf0, 0x97, 0xa2, 0x2d, 0x10, 0x77,
  0x98, 0x43, 0x9b, 0x41, 0xa2, 0x01, 0x72, 0x85, 0x61, 0x80, 0xb2, 0x44, 0xdb, 0x82, 0x17, 0x7c,
  0xb2, 0x40, 0xea, 0x90, 0x67, 0x7e, 0x17, 0xa0, 0xf0, 0x52, 0xa0, 0x0f, 0x72, 0x7f, 0xf7, 0x19,
  0x61, 0xc0, 0xf0, 0x50, 0xa0, 0x01, 0x72, 0x7f, 0xf7, 0x14, 0x61, 0x77, 0xb2, 0x62, 0xa2, 0x70,
  0xb2, 0x69, 0xe2, 0x80, 0xf1, 0x47, 0xa2, 0x02, 0x5a, 0x7f, 0xf7, 0x0b, 0x61, 0x80, 0xf0, 0x54,
  0xa8, 0x25, 0x5a, 0x7f, 0xf7, 0x06, 0x61, 0x80, 0xf0, 0x58, 0xa8, 0x08, 0x5a, 0x7f, 0xf7, 0x01,
  0x60, 0xc0, 0xf0, 0xac, 0xa0, 0xc0, 0xf0, 0x97, 0xa0, 0x6d, 0xb2, 0x40, 0xea, 0x00, 0x65, 0x18,
  0x94, 0x6c, 0xb3, 0x01, 0x6a, 0x44, 0xec, 0x80, 0xab, 0x8d, 0xea, 0x40, 0xcb, 0x52, 0x17, 0x21,
  0x99, 0xff, 0x6e, 0x16, 0x04, 0xb1, 0x67, 0xcc, 0xed, 0xba, 0xc3, 0x67, 0xb2, 0x40, 0xea, 0x19,
  0xd3, 0x19, 0x93, 0x01, 0x6d, 0xff, 0x6e, 0x4b, 0xa3, 0x84, 0xa3, 0x01, 0xf4, 0x15, 0x6f, 0x14,
  0xd2, 0x4a, 0xa3, 0x13, 0xd2, 0x49, 0xa3, 0x12, 0xd2, 0x48, 0xa3, 0x11, 0xd2, 0x47, 0xa3, 0x10,
  0xd2, 0x46, 0xa3, 0x0f, 0xd2, 0x45, 0xa3, 0x0d, 0xd4, 0xac, 0xec, 0x0e, 0xd2, 0x56, 0xb2, 0x29,
  0xe2, 0x44, 0xa2, 0x1b, 0xd3, 0xac, 0xea, 0xcc, 0xea, 0x0c, 0xd2, 0x4b, 0xab, 0x0a, 0xd4, 0x09,
  0xd1, 0x0b, 0xd2, 0x59, 0xa3, 0x55, 0xb1, 0x02, 0xf1, 0x0f, 0x6e, 0x08, 0xd2, 0x17, 0x6a, 0x07,
  0xd2, 0x16, 0x92, 0x05, 0xd1, 0xfa, 0x6d, 0x06, 0xd2, 0x0f, 0x6a, 0x04, 0xd2, 0x50, 0xb2, 0x40,
  0xea, 0x04, 0x6c, 0x18, 0x92, 0x19, 0xd1, 0x4f, 0xb7, 0x0a, 0x5a, 0x4d, 0xb2, 0x1a, 0xd2, 0x4e,
  0xb6, 0x1b, 0x93, 0x14, 0x60, 0xc0, 0xf0, 0x2f, 0xa0, 0x01, 0x71, 0x11, 0x61, 0x18, 0x94, 0xa3,
  0x67, 0x4a, 0xb2, 0x03, 0x67, 0x19, 0xd6, 0x40, 0xea, 0x27, 0x67, 0x18, 0x95, 0x48, 0xb2, 0x40,
  0xea, 0x90, 0x67, 0x80, 0x99, 0x19, 0x96, 0x40, 0xee, 0xb0, 0x67, 0x21, 0x10, 0x00, 0x69, 0x80,
  0x9f, 0x40, 0xee, 0xa3, 0x67, 0x0d, 0x22, 0x00, 0x6a, 0x19, 0x93, 0x06, 0xd2, 0x04, 0xd2, 0x1a,
  0x92, 0x05, 0xd3, 0xe0, 0xf6, 0x05, 0x6f, 0x02, 0xf1, 0x18, 0x6e, 0xfa, 0x6d, 0x40, 0xea, 0x06,
  0x6c, 0x18, 0x92, 0x07, 0xd1, 0xc1, 0xf1, 0x10, 0x6f, 0x06, 0xd2, 0x19, 0x92, 0x02, 0xf1, 0x1d,
  0x6e, 0xfa, 0x6d, 0x05, 0xd2, 0x02, 0x6a, 0x04, 0xd2, 0x1a, 0x92, 0x40, 0xea, 0x02, 0x6c, 0x1f,
  0x97, 0x1e, 0x91, 0x1d, 0x90, 0x00, 0xef, 0x10, 0x63, 0x18, 0x95, 0x83, 0x67, 0x31, 0xb2, 0x40,
  0xea, 0x03, 0x67, 0x2c, 0xb2, 0x80, 0x9a, 0x2c, 0xb2, 0x40, 0xea, 0xb0, 0x67, 0xf0, 0x17, 0x60,
  0x9c, 0x2d, 0xb5, 0x45, 0xa3, 0x04, 0xa3, 0x6b, 0xab, 0x19, 0xd2, 0x06, 0x30, 0x83, 0x67, 0x40,
  0xed, 0x18, 0xd3, 0x03, 0x70, 0x18, 0x93, 0x19, 0x92, 0x13, 0x60, 0x3c, 0x6a, 0x4e, 0xe8, 0xbf,
  0xf6, 0x18, 0x28, 0x26, 0xb2, 0x40, 0xf0, 0x62, 0xa2, 0xbf, 0xf6, 0x13, 0x23, 0x01, 0x6b, 0x24,
  0xb5, 0x6b, 0xeb, 0x40, 0xf0, 0x02, 0xc2, 0x6e, 0xca, 0x22, 0xb2, 0x40, 0xea, 0x27, 0x6c, 0xa9,
  0x16, 0x13, 0x72, 0xbf, 0xf6, 0x06, 0x61, 0xa0, 0xf2, 0x1c, 0x6a, 0x58, 0xeb, 0x0b, 0xb2, 0x12,
  0xee, 0x59, 0xe6, 0x0b, 0xb2, 0x40, 0xea, 0x86, 0x67, 0xc0, 0xf0, 0x4f, 0xa6, 0x9f, 0xf6, 0x19,
  0x22, 0xe0, 0x16, 0x00, 0x65, 0xc5, 0x0a, 0x08, 0x80, 0xe2, 0xf9, 0x12, 0x80, 0xb0, 0x55, 0x12,
  0x80, 0x00, 0xfa, 0x12, 0x80, 0xb5, 0x65, 0x11, 0x80, 0x50, 0x1c, 0x13, 0x80, 0x91, 0x65, 0x11,
  0x80, 0xe5, 0x99, 0x11, 0x80, 0xa4, 0x32, 0x12, 0x80, 0x81, 0x89, 0x11, 0x80, 0xa5, 0x82, 0x01,
  0x80, 0x04, 0xfa, 0x12, 0x80, 0x99, 0x5d, 0x03, 0x80, 0x14, 0xd7, 0x11, 0x80, 0x11, 0x46, 0x08,
  0x80, 0x98, 0x51, 0x12, 0x80, 0x15, 0xa0, 0x00, 0x80, 0x25, 0x09, 0x07, 0x80, 0xad, 0x82, 0x11,
  0x80, 0x21, 0x79, 0x11, 0x80, 0x9d, 0xb6, 0x11, 0x80, 0x00, 0xde, 0x12, 0x80, 0x00, 0x00, 0x20,
  0x00, 0x69, 0xf4, 0x00, 0x80, 0xfa, 0x63, 0x0b, 0x62, 0x0a, 0xd1, 0x09, 0xd0, 0x44, 0xac, 0x04,
  0x67, 0x20, 0xf3, 0x0a, 0x72, 0x1c, 0x60, 0x20, 0xf3, 0x0b, 0x5a, 0x07, 0x60, 0x20, 0xf3, 0x09,
  0x72, 0x26, 0x60, 0x2a, 0xb2, 0x40, 0xea, 0x90, 0x67, 0x0d, 0x10, 0x20, 0xf3, 0x0d, 0x72, 0x0a,
  0x60, 0x20, 0xf3, 0x0e, 0x72, 0xf6, 0x61, 0x40, 0x9c, 0xba, 0xa2, 0x99, 0xa2, 0x24, 0xb2, 0x40,
  0xea, 0x04, 0x06, 0xef, 0x22, 0x0b, 0x97, 0x0a, 0x91, 0x09, 0x90, 0x00, 0xef, 0x06, 0x63, 0x40,
  0x9c, 0x3c, 0x6b, 0x44, 0xa2, 0x46, 0x32, 0x6e, 0xea, 0xe4, 0x2a, 0x1e, 0xb5, 0x1e, 0xb3, 0x01,
  0x6c, 0x40, 0xf0, 0x82, 0xc3, 0x4e, 0xcb, 0x1d, 0xb2, 0x40, 0xea, 0x27, 0x6c, 0xda, 0x17, 0x64,
  0xa4, 0x20, 0xa4, 0x04, 0x06, 0xa3, 0x67, 0x91, 0x67, 0x15, 0xb2, 0x40, 0xea, 0x06, 0xd3, 0xe2,
  0x2a, 0x5d, 0x67, 0x88, 0xaa, 0xa0, 0xf2, 0x1c, 0x6a, 0x06, 0x93, 0x58, 0xec, 0x14, 0xb2, 0x12,
  0xed, 0xa9, 0xe2, 0xa0, 0xf0, 0xb2, 0xa2, 0x0f, 0x75, 0xc4, 0x61, 0xc0, 0xf0, 0x50, 0xa2, 0x01,
  0x72, 0xc0, 0x61, 0x10, 0xb2, 0x40, 0xaa, 0x47, 0xec, 0x01, 0x6c, 0x8c, 0xea, 0xcb, 0x2a, 0xa3,
  0x67, 0x0d, 0xb2, 0x40, 0xea, 0x91, 0x67, 0x0d, 0xb3, 0x49, 0xe3, 0x60, 0xa2, 0x41, 0x6c, 0x8b,
  0xec, 0x8c, 0xeb, 0x60, 0xc2, 0xae, 0x17, 0x00, 0x65, 0x01, 0x31, 0x04, 0x80, 0x91, 0x01, 0x07,
  0x80, 0x00, 0x00, 0x10, 0x00, 0x00, 0xde, 0x12, 0x80, 0x69, 0xf4, 0x00, 0x80, 0x50, 0x1c, 0x13,
  0x80, 0x04, 0xfa, 0x12, 0x80, 0xd9, 0x3a, 0x04, 0x80, 0xe0, 0x10, 0x12, 0x80, 0xfd, 0x63, 0x05,
  0x62, 0x04, 0xd0, 0x0d, 0xb2, 0x06, 0x75, 0xa8, 0x36, 0x40, 0xf0, 0x47, 0xa2, 0x0b, 0xb0, 0x0c,
  0xb7, 0x0c, 0x61, 0x44, 0x33, 0x49, 0xe3, 0x50, 0x32, 0xa4, 0x67, 0x40, 0xef, 0x51, 0xe0, 0x05,
  0x97, 0x04, 0x90, 0x01, 0x5a, 0x58, 0x67, 0x00, 0xef, 0x03, 0x63, 0x58, 0x32, 0x7f, 0x4a, 0x11,
  0x4a, 0xf3, 0x17, 0x00, 0x65, 0x68, 0x21, 0x12, 0x80, 0x3c, 0x24, 0x12, 0x80, 0xa0, 0x96, 0x00,
  0x80, 0xf9, 0x63, 0x0d, 0x62, 0x0c, 0xd1, 0x0b, 0xd0, 0xa0, 0xf2, 0x1c, 0x6a, 0x58, 0xec, 0x44,
  0xb2, 0x12, 0xeb, 0x69, 0xe2, 0x16, 0x9a, 0x41, 0xa0, 0x22, 0x72, 0x07, 0x61, 0x08, 0xd4, 0x0a,
  0x25, 0xff, 0x6a, 0x4c, 0xed, 0x3f, 0xb2, 0x40, 0xea, 0x00, 0x65, 0x0d, 0x97, 0x0c, 0x91, 0x0b,
  0x90, 0x00, 0xef, 0x07, 0x63, 0xe0, 0xf1, 0xd1, 0xa0, 0xe0, 0xf0, 0x84, 0x98, 0x70, 0xf1, 0x2e,
  0x40, 0x39, 0xb2, 0x40, 0xea, 0xb1, 0x67, 0xe0, 0xf1, 0xb1, 0xa0, 0x38, 0xb2, 0x40, 0xea, 0x91,
  0x67, 0x01, 0x72, 0x27, 0x61, 0x40, 0xf0, 0x50, 0xa0, 0x08, 0x93, 0x35, 0xb4, 0x01, 0x72, 0x05,
  0xd4, 0x01, 0x6c, 0x06, 0xd3, 0x33, 0xb2, 0x34, 0xb1, 0x04, 0xd4, 0x10, 0x61, 0x89, 0xf6, 0x08,
  0x6f, 0x66, 0xf7, 0x0f, 0x6e, 0xfa, 0x6d, 0x40, 0xea, 0x02, 0x6c, 0x08, 0x94, 0x2f, 0xb2, 0x40,
  0xea, 0x05, 0x6d, 0xe0, 0xf1, 0x91, 0xa0, 0x40, 0xe9, 0x00, 0x65, 0xcf, 0x17, 0x02, 0x6c, 0x89,
  0xf6, 0x09, 0x6f, 0x66, 0xf7, 0x17, 0x6e, 0x40, 0xea, 0xfa, 0x6d, 0xe0, 0xf1, 0x91, 0xa0, 0x40,
  0xe9, 0x00, 0x65, 0x40, 0xf0, 0x50, 0xa0, 0x01, 0x72, 0x06, 0x61, 0xe0, 0xf0, 0xa0, 0xa0, 0x24,
  0xb2, 0x40, 0xea, 0x08, 0x94, 0xba, 0x17, 0xe0, 0xf1, 0x51, 0xa0, 0x06, 0x72, 0x20, 0x61, 0x21,
  0xb2, 0x40, 0xf0, 0x87, 0xa2, 0xe0, 0xf0, 0xa4, 0x98, 0x84, 0x32, 0x89, 0xe2, 0x50, 0x32, 0x1e,
  0xb4, 0x51, 0xe4, 0x1e, 0xb2, 0x40, 0xea, 0x00, 0x65, 0x08, 0x94, 0xe0, 0xf0, 0xa0, 0x40, 0x1c,
  0xb6, 0x1c, 0xb2, 0x40, 0xea, 0xe5, 0x67, 0x00, 0xf2, 0x94, 0xa0, 0x1b, 0xb2, 0x14, 0x24, 0x1b,
  0xb5, 0x40, 0xea, 0x08, 0x94, 0x21, 0x6d, 0x1a, 0xb2, 0x40, 0xea, 0x90, 0x67, 0x96, 0x17, 0x08,
  0x72, 0xeb, 0x61, 0x10, 0xb2, 0x40, 0xf0, 0x47, 0xa2, 0x16, 0xb4, 0xe0, 0xf0, 0xa4, 0x98, 0x58,
  0x32, 0x51, 0xe4, 0x15, 0xb2, 0xdf, 0x17, 0x15, 0xb5, 0xeb, 0x17, 0x00, 0x65, 0x50, 0x1c, 0x13,
  0x80, 0xa5, 0x61, 0x02, 0x80, 0xc5, 0x52, 0x02, 0x80, 0x3d, 0x89, 0x11, 0x80, 0x14, 0xd7, 0x11,
  0x80, 0x11, 0x46, 0x08, 0x80, 0x0d, 0x71, 0x11, 0x80, 0x31, 0xf9, 0x07, 0x80, 0x09, 0x5f, 0x02,
  0x80, 0x68, 0x21, 0x12, 0x80, 0x3c, 0x24, 0x12, 0x80, 0x6d, 0x52, 0x02, 0x80, 0x6d, 0x63, 0x02,
  0x80, 0xb5, 0x7e, 0x07, 0x80, 0x2d, 0x3d, 0x02, 0x80, 0xf0, 0x49, 0x02, 0x00, 0xc9, 0x3a, 0x02,
  0x80, 0xcc, 0x24, 0x12, 0x80, 0x99, 0x52, 0x02, 0x80, 0xc0, 0xd4, 0x01, 0x00, 0xf8, 0x63, 0x0f,
  0x62, 0x0e, 0xd1, 0x0d, 0xd0, 0x40, 0xac, 0x24, 0x67, 0x01, 0xf0, 0x07, 0x72, 0x60, 0xf1, 0x10,
  0x60, 0x01, 0xf0, 0x08, 0x5a, 0x2c, 0x60, 0x00, 0xf4, 0x03, 0x72, 0xa0, 0xf0, 0x08, 0x60, 0x00,
  0xf4, 0x04, 0x5a, 0x0e, 0x60, 0x00, 0xf4, 0x01, 0x72, 0x5e, 0x60, 0x00, 0xf4, 0x02, 0x72, 0x00,
  0xf1, 0x0c, 0x60, 0x00, 0x68, 0x50, 0x67, 0x0f, 0x97, 0x0e, 0x91, 0x0d, 0x90, 0x00, 0xef, 0x08,
  0x63, 0x00, 0xf4, 0x08, 0x72, 0xe0, 0xf0, 0x07, 0x60, 0x00, 0xf4, 0x19, 0x72, 0xc0, 0xf0, 0x16,
  0x60, 0x00, 0xf4, 0x05, 0x72, 0xee, 0x61, 0xb5, 0xb2, 0x40, 0xa2, 0xff, 0x6b, 0xff, 0x4a, 0x6c,
  0xea, 0x02, 0x5a, 0xa0, 0xf0, 0x03, 0x60, 0x0c, 0x6d, 0x00, 0xf4, 0x05, 0x6c, 0x78, 0x10, 0x01,
  0xf4, 0x1e, 0x72, 0x78, 0x67, 0x00, 0xf1, 0x03, 0x23, 0x01, 0xf4, 0x1f, 0x5a, 0x25, 0x60, 0x01,
  0xf4, 0x1a, 0x72, 0x98, 0x67, 0x00, 0xf1, 0x1c, 0x24, 0x01, 0xf4, 0x1c, 0x72, 0x78, 0x67, 0xd1,
  0x2b, 0xa7, 0xb6, 0x60, 0xf1, 0x0a, 0xa6, 0x02, 0x6a, 0x4c, 0xe8, 0xcc, 0x20, 0x00, 0x6c, 0xa5,
  0xb0, 0x09, 0xd3, 0x40, 0xe8, 0x0a, 0xd6, 0xa4, 0xb2, 0x40, 0xea, 0x91, 0x67, 0x0a, 0x96, 0x08,
  0xd2, 0x60, 0xf1, 0x8a, 0xa6, 0x40, 0xe8, 0x00, 0x65, 0x09, 0x93, 0x08, 0x92, 0x00, 0x6f, 0x04,
  0xd3, 0x00, 0x6e, 0xa2, 0x67, 0x80, 0xa9, 0x6e, 0x10, 0x81, 0xf4, 0x04, 0x72, 0xb8, 0x67, 0x20,
  0xf1, 0x05, 0x25, 0x02, 0xf0, 0x0e, 0x72, 0xb8, 0x67, 0x80, 0xf0, 0x14, 0x25, 0x21, 0xf4, 0x1f,
  0x72, 0xa8, 0x61, 0x96, 0xb2, 0x41, 0x10, 0x91, 0xb2, 0x40, 0xa2, 0xff, 0x6c, 0x0c, 0x6d, 0xff,
  0x4a, 0x8c, 0xea, 0x02, 0x5a, 0x32, 0x61, 0x46, 0xa1, 0x05, 0x5a, 0x17, 0x61, 0x90, 0xb3, 0x05,
  0x6d, 0xa0, 0xcb, 0x90, 0xb3, 0x01, 0x6d, 0x60, 0xab, 0xac, 0xeb, 0x05, 0x4b, 0x58, 0xeb, 0x0a,
  0x6b, 0x12, 0xed, 0x7a, 0xed, 0x01, 0x2b, 0xe5, 0xe8, 0x12, 0xeb, 0x8c, 0xeb, 0x6b, 0xe2, 0x66,
  0xc1, 0x89, 0xb3, 0x40, 0xc3, 0x89, 0xb2, 0x40, 0xea, 0x00, 0x65, 0x89, 0xb2, 0x40, 0xea, 0x00,
  0x65, 0x88, 0xb2, 0x40, 0xa2, 0x18, 0x22, 0x02, 0x72, 0x7f, 0xf7, 0x1b, 0x61, 0x86, 0xb2, 0x40,
  0xea, 0x91, 0x67, 0x02, 0x67, 0x09, 0x2a, 0xff, 0x6e, 0x03, 0x4e, 0x84, 0xb4, 0x84, 0xb2, 0x40,
  0xea, 0xb1, 0x67, 0x84, 0xb2, 0x01, 0x6b, 0x60, 0xc2, 0xb0, 0x67, 0x00, 0xf4, 0x01, 0x6c, 0x82,
  0xb2, 0x40, 0xea, 0x01, 0x68, 0x67, 0x17, 0x7b, 0xb2, 0x01, 0x6b, 0x60, 0xc2, 0x62, 0x17, 0x79,
  0xb2, 0x40, 0xa2, 0xf9, 0x22, 0x02, 0x72, 0x5f, 0xf7, 0x1c, 0x61, 0x7c, 0xb2, 0x40, 0xea, 0x00,
  0x65, 0x02, 0x67, 0x09, 0x2a, 0xff, 0x6e, 0x03, 0x4e, 0x74, 0xb4, 0x75, 0xb2, 0x40, 0xea, 0xb1,
  0x67, 0x74, 0xb2, 0x01, 0x6b, 0x60, 0xc2, 0x00, 0x6a, 0x04, 0xd2, 0x00, 0x6f, 0x00, 0x6e, 0xb0,
  0x67, 0x00, 0xf4, 0x03, 0x6c, 0x72, 0xb2, 0x40, 0xea, 0x01, 0x68, 0x44, 0x17, 0x71, 0xb2, 0x40,
  0xea, 0x00, 0x65, 0x71, 0xb2, 0x01, 0x6b, 0x60, 0xc2, 0x70, 0xb2, 0x40, 0xea, 0x00, 0x65, 0x65,
  0xb2, 0x00, 0xa2, 0x19, 0x20, 0x01, 0x70, 0x3f, 0xf7, 0x14, 0x61, 0x6d, 0xb2, 0x40, 0xea, 0x91,
  0x67, 0x62, 0x67, 0x0b, 0x2a, 0xff, 0x6e, 0x08, 0xd2, 0x60, 0xb4, 0x03, 0x4e, 0x60, 0xb2, 0x40,
  0xea, 0xb1, 0x67, 0x08, 0x93, 0x67, 0xb2, 0x01, 0x6c, 0x80, 0xc2, 0x00, 0xf4, 0x05, 0x6c, 0x5e,
  0xb2, 0x40, 0xea, 0xa3, 0x67, 0x1f, 0x17, 0x02, 0x6b, 0x60, 0xc2, 0x1c, 0x17, 0x5d, 0xb2, 0x40,
  0xea, 0x00, 0x68, 0x18, 0x17, 0x60, 0xb2, 0x40, 0xea, 0x00, 0x6f, 0x04, 0xd5, 0x00, 0x6e, 0xa2,
  0x67, 0x02, 0xf0, 0x0e, 0x6c, 0xc7, 0x17, 0x4f, 0xb2, 0x20, 0xa2, 0x01, 0x6a, 0x00, 0x68, 0x4e,
  0xe9, 0x1f, 0xf7, 0x08, 0x29, 0x57, 0xb3, 0x00, 0xa3, 0x1f, 0xf7, 0x04, 0x20, 0xff, 0x6e, 0x03,
  0x67, 0x03, 0x4e, 0x4a, 0xb4, 0x55, 0xb2, 0x40, 0xea, 0x00, 0x6d, 0x20, 0xc0, 0x00, 0x6f, 0x04,
  0xd1, 0x00, 0x6e, 0x00, 0x6d, 0x00, 0xf4, 0x08, 0x6c, 0xad, 0x17, 0x42, 0xb2, 0x20, 0xa2, 0x02,
  0x6a, 0x00, 0x68, 0x4e, 0xe9, 0xff, 0xf6, 0x0e, 0x29, 0x42, 0xb3, 0x00, 0xa3, 0xff, 0xf6, 0x0a,
  0x20, 0xff, 0x6e, 0x03, 0x67, 0x03, 0x4e, 0x3d, 0xb4, 0x48, 0xb2, 0x40, 0xea, 0x00, 0x6d, 0x20,
  0xc0, 0x00, 0x6f, 0x04, 0xd1, 0x00, 0x6e, 0x00, 0x6d, 0x00, 0xf4, 0x02, 0x6c, 0x93, 0x17, 0x2c,
  0xb5, 0x60, 0xf1, 0x0a, 0xa5, 0x01, 0x6a, 0x4c, 0xe8, 0xdf, 0xf6, 0x14, 0x20, 0x29, 0xb6, 0x00,
  0x6c, 0x0a, 0xd3, 0x0b, 0xd5, 0x40, 0xee, 0x09, 0xd6, 0x3d, 0xb2, 0x40, 0xea, 0x91, 0x67, 0x0b,
  0x95, 0x09, 0x96, 0x08, 0xd2, 0x60, 0xf1, 0x8a, 0xa5, 0x40, 0xee, 0x00, 0x65, 0x0a, 0x93, 0x08,
  0x92, 0x00, 0x6f, 0x04, 0xd3, 0x80, 0xa9, 0xa2, 0x67, 0x2d, 0xb2, 0x40, 0xea, 0x00, 0x6e, 0xba,
  0x16, 0x1a, 0xb2, 0x40, 0xa2, 0xff, 0x6b, 0xff, 0x4a, 0x6c, 0xea, 0x02, 0x5a, 0x07, 0x60, 0x04,
  0xd4, 0x00, 0x6f, 0x00, 0x6e, 0x0c, 0x6d, 0x01, 0xf4, 0x1a, 0x6c, 0x64, 0x17, 0x03, 0xa1, 0x01,
  0x6a, 0x4c, 0xe8, 0x6c, 0xe8, 0xbf, 0xf6, 0x06, 0x20, 0x2a, 0xb2, 0x40, 0xea, 0x00, 0x68, 0xa2,
  0x16, 0x01, 0x6a, 0x4b, 0xea, 0x7d, 0x67, 0x4c, 0xcb, 0x44, 0xa1, 0x83, 0xa4, 0x40, 0x32, 0x4d,
  0xec, 0x25, 0xb2, 0x40, 0xea, 0x06, 0x05, 0x00, 0x68, 0x9f, 0xf6, 0x14, 0x2a, 0x5d, 0x67, 0xac,
  0xaa, 0x22, 0xb2, 0x40, 0xea, 0x91, 0x67, 0xa2, 0x67, 0x80, 0xa9, 0x21, 0x17, 0x20, 0xb2, 0x40,
  0xea, 0x00, 0x6f, 0x04, 0xd5, 0x00, 0x6e, 0xcd, 0x16, 0xa0, 0xfa, 0x12, 0x80, 0xb0, 0x55, 0x12,
  0x80, 0x69, 0xda, 0x03, 0x80, 0xfd, 0xe7, 0x01, 0x80, 0x15, 0xfa, 0x12, 0x80, 0x84, 0x10, 0x00,
  0xb6, 0x86, 0x10, 0x00, 0xb6, 0xed, 0xf9, 0x12, 0x80, 0xc1, 0x70, 0x11, 0x80, 0x9d, 0x80, 0x11,
  0x80, 0xe2, 0xf9, 0x12, 0x80, 0xb5, 0x0f, 0x02, 0x80, 0xe0, 0xf8, 0x12, 0x80, 0x5d, 0xee, 0x00,
  0x80, 0xdd, 0xf8, 0x12, 0x80, 0x55, 0xe1, 0x01, 0x80, 0x29, 0x0e, 0x02, 0x80, 0xcd, 0xd6, 0x01,
  0x80, 0x55, 0x6a, 0x11, 0x80, 0x24, 0xfa, 0x12, 0x80, 0x19, 0x81, 0x08, 0x80, 0x4d, 0x0f, 0x02,
  0x80, 0xdc, 0xf8, 0x12, 0x80, 0x5d, 0x6c, 0x11, 0x80, 0x8d, 0xef, 0x00, 0x80, 0xad, 0xe7, 0x01,
  0x80, 0xdd, 0xa6, 0x01, 0x80, 0xc9, 0x01, 0x07, 0x80, 0x69, 0xd0, 0x11, 0x80, 0xc1, 0x7b, 0x11,
  0x80, 0x13, 0xb2, 0x53, 0xa2, 0x14, 0x2a, 0x40, 0xac, 0x12, 0xb3, 0xc0, 0xa3, 0x12, 0xb3, 0x68,
  0xa3, 0xff, 0xf7, 0x1f, 0x6c, 0x02, 0x5b, 0x0e, 0x60, 0x0e, 0x2e, 0xef, 0xf7, 0x16, 0x6b, 0x6b,
  0xeb, 0x6d, 0xea, 0x8c, 0xea, 0x04, 0xf0, 0x00, 0x6b, 0x6d, 0xea, 0x8c, 0xea, 0x07, 0x10, 0xef,
  0xf7, 0x1a, 0x6a, 0xea, 0x17, 0x06, 0x26, 0xeb, 0xf7, 0x15, 0x6b, 0x6c, 0xea, 0x40, 0xcd, 0x20,
  0xe8, 0x00, 0x6a, 0xef, 0xf7, 0x15, 0x6b, 0x6c, 0xea, 0xed, 0x17, 0x00, 0x65, 0x00, 0xde, 0x12,
  0x80, 0x1c, 0xfa, 0x12, 0x80, 0x90, 0xfa, 0x12, 0x80, 0x04, 0xb3, 0x43, 0x8b, 0x03, 0x22, 0xff,
  0x6b, 0x20, 0xe8, 0x6c, 0xea, 0x20, 0xe8, 0x44, 0xa3, 0x6c, 0xfa, 0x12, 0x80, 0xfb, 0x63, 0x09,
  0x62, 0x08, 0xd1, 0x07, 0xd0, 0x25, 0xb2, 0xff, 0xf7, 0x1f, 0x68, 0x01, 0x6d, 0x40, 0xaa, 0x0c,
  0xea, 0x56, 0x33, 0x23, 0xb2, 0xc0, 0xf1, 0xd0, 0xa2, 0xac, 0xeb, 0x6c, 0x32, 0x21, 0xb3, 0xac,
  0xee, 0x40, 0xf0, 0x85, 0xa3, 0xcd, 0xea, 0x40, 0xf0, 0xc1, 0xa3, 0xac, 0xec, 0x94, 0x34, 0xac,
  0xee, 0xc8, 0x36, 0x8d, 0xea, 0xcd, 0xea, 0x1c, 0xb4, 0x1c, 0xb6, 0x20, 0xa4, 0x80, 0xa6, 0xac,
  0xe9, 0x8b, 0xec, 0xc0, 0xf7, 0x82, 0x34, 0xac, 0xec, 0xa8, 0xa6, 0x38, 0x31, 0x2d, 0xea, 0x90,
  0x34, 0x02, 0x5d, 0x4d, 0xec, 0xb8, 0x67, 0x01, 0x6a, 0x4e, 0xed, 0x53, 0xa3, 0x7f, 0x69, 0xbc,
  0x35, 0x8c, 0xe9, 0xad, 0xe9, 0x11, 0x22, 0x12, 0xb2, 0x40, 0xea, 0x04, 0xd3, 0x11, 0xb2, 0x00,
  0xf2, 0x1a, 0x6c, 0xa0, 0xaa, 0x01, 0x6a, 0x0c, 0xed, 0x4d, 0xed, 0x0f, 0xb2, 0x40, 0x9a, 0x40,
  0xea, 0x0c, 0xed, 0x04, 0x93, 0x00, 0x6a, 0x53, 0xc3, 0xff, 0x6a, 0x2c, 0xea, 0x09, 0x97, 0x08,
  0x91, 0x07, 0x90, 0x00, 0xef, 0x05, 0x63, 0x00, 0x65, 0xa6, 0x01, 0x00, 0xb6, 0x04, 0x3c, 0x12,
  0x80, 0x00, 0xde, 0x12, 0x80, 0x20, 0xfa, 0x12, 0x80, 0x90, 0xfa, 0x12, 0x80, 0x19, 0x81, 0x08,
  0x80, 0x1a, 0x02, 0x00, 0xb6, 0xe8, 0x04, 0x12, 0x80, 0xfb, 0x63, 0x09, 0x62, 0x40, 0x9c, 0x68,
  0xf6, 0x12, 0x6f, 0x42, 0xf0, 0x1f, 0x6e, 0x06, 0xd2, 0x06, 0xb2, 0x05, 0xd2, 0x01, 0x6a, 0x04,
  0xd2, 0xfe, 0x6d, 0x05, 0xb2, 0x40, 0xea, 0x04, 0x6c, 0x09, 0x97, 0x00, 0x6a, 0x00, 0xef, 0x05,
  0x63, 0x14, 0xd7, 0x11, 0x80, 0x11, 0x46, 0x08, 0x80, 0xfa, 0x63, 0x0b, 0x62, 0x0a, 0xd1, 0x09,
  0xd0, 0x04, 0x67, 0x43, 0xa0, 0x81, 0x9c, 0x01, 0x72, 0x06, 0x60, 0x03, 0x72, 0x14, 0x60, 0x19,
  0xb2, 0x40, 0xea, 0x90, 0x67, 0x0e, 0x10, 0x87, 0x35, 0x7f, 0x6a, 0x4c, 0xed, 0x3f, 0x6a, 0x4c,
  0xed, 0x15, 0xb2, 0x40, 0x6b, 0x40, 0x9a, 0x82, 0x34, 0x6d, 0xed, 0x01, 0x6b, 0x01, 0x6e, 0x40,
  0xea, 0x6c, 0xec, 0x22, 0x67, 0x07, 0x10, 0x11, 0xb3, 0xff, 0xf7, 0x1f, 0x6a, 0x4c, 0xec, 0x71,
  0xe4, 0x20, 0xac, 0x4c, 0xe9, 0x43, 0xa0, 0x07, 0xd1, 0x25, 0xf7, 0x04, 0x6f, 0x06, 0xd2, 0x0c,
  0xb2, 0x05, 0xd2, 0x02, 0x6a, 0x04, 0xd2, 0x02, 0xf7, 0x0c, 0x6e, 0xfe, 0x6d, 0x09, 0xb2, 0x40,
  0xea, 0x04, 0x6c, 0x51, 0x67, 0x0b, 0x97, 0x0a, 0x91, 0x09, 0x90, 0x00, 0xef, 0x06, 0x63, 0x00,
  0x65, 0x05, 0xf3, 0x00, 0x80, 0x0c, 0x07, 0x12, 0x80, 0x00, 0xa0, 0x00, 0xb0, 0x14, 0xd7, 0x11,
  0x80, 0x11, 0x46, 0x08, 0x80, 0x21, 0xb2, 0x6a, 0xa2, 0x3d, 0x23, 0xfa, 0x63, 0x0b, 0x62, 0x0a,
  0xd1, 0x09, 0xd0, 0x63, 0xa4, 0x21, 0x9a, 0x04, 0x67, 0x01, 0x73, 0x41, 0x9c, 0x06, 0x60, 0x03,
  0x73, 0x29, 0x60, 0x1b, 0xb2, 0x40, 0xea, 0x00, 0x65, 0x11, 0x10, 0x47, 0x35, 0x7f, 0x6b, 0x6c,
  0xed, 0x3f, 0x6b, 0x6c, 0xed, 0x17, 0xb3, 0x40, 0x6c, 0x60, 0x9b, 0x42, 0x32, 0xff, 0xf7, 0x1f,
  0x6f, 0x8d, 0xed, 0x01, 0x6c, 0x2c, 0xef, 0x01, 0x6e, 0x40, 0xeb, 0x4c, 0xec, 0x07, 0xd1, 0x43,
  0xa0, 0x25, 0xf7, 0x05, 0x6f, 0x22, 0xf7, 0x1e, 0x6e, 0x06, 0xd2, 0x0f, 0xb2, 0x05, 0xd2, 0x02,
  0x6a, 0x04, 0xd2, 0xfe, 0x6d, 0x0d, 0xb2, 0x40, 0xea, 0x02, 0x6c, 0x0b, 0x97, 0x0a, 0x91, 0x09,
  0x90, 0x00, 0xef, 0x06, 0x63, 0x0a, 0xb4, 0xff, 0xf7, 0x1f, 0x6b, 0x6c, 0xea, 0x89, 0xe2, 0x2c,
  0xeb, 0x60, 0xca, 0xe4, 0x17, 0x20, 0xe8, 0x00, 0x65, 0x50, 0x1d, 0x12, 0x80, 0x61, 0xf2, 0x00,
  0x80, 0x10, 0x07, 0x12, 0x80, 0x14, 0xd7, 0x11, 0x80, 0x11, 0x46, 0x08, 0x80, 0x00, 0xa0, 0x00,
  0xb0, 0xfc, 0x63, 0x07, 0x62, 0x06, 0xd1, 0x05, 0xd0, 0x08, 0xb0, 0x24, 0x67, 0x40, 0xe8, 0x02,
  0x6c, 0x06, 0x22, 0x40, 0xe8, 0x01, 0x6c, 0x03, 0x22, 0x05, 0xb2, 0x40, 0xea, 0x91, 0x67, 0x07,
  0x97, 0x06, 0x91, 0x05, 0x90, 0x00, 0xef, 0x04, 0x63, 0x99, 0x32, 0x01, 0x80, 0x09, 0xfb, 0x00,
  0x80, 0xfb, 0x63, 0x09, 0x62, 0x08, 0xd1, 0x07, 0xd0, 0x31, 0xb2, 0x40, 0xea, 0x01, 0x68, 0x31,
  0xb5, 0x20, 0xf0, 0x7c, 0xa5, 0x01, 0x2b, 0x00, 0x68, 0x2f, 0xb3, 0x60, 0xf1, 0x8f, 0xa3, 0x60,
  0xf1, 0xd1, 0xa3, 0xcd, 0xec, 0x02, 0x24, 0x03, 0x6c, 0x8d, 0xe8, 0x64, 0x9b, 0x02, 0x23, 0x04,
  0x6b, 0x6d, 0xe8, 0x8e, 0xa5, 0x70, 0xa5, 0xff, 0x69, 0x09, 0x6f, 0x8d, 0xeb, 0x8f, 0xa5, 0xeb,
  0xef, 0xec, 0xe8, 0x8d, 0xeb, 0x2c, 0xeb, 0x6b, 0xeb, 0xc0, 0xf7, 0x62, 0x33, 0x2c, 0xeb, 0x6c,
  0x34, 0x8d, 0xe8, 0x01, 0x6e, 0x90, 0x67, 0xcc, 0xec, 0x8d, 0xeb, 0x02, 0x6c, 0x8b, 0xec, 0xcc,
  0xeb, 0x8c, 0xe8, 0x82, 0x67, 0x1d, 0xb2, 0x6d, 0xe8, 0x40, 0xea, 0x04, 0xd5, 0x1c, 0xb2, 0x43,
  0xa2, 0x01, 0x6e, 0x04, 0x95, 0x4b, 0xea, 0xc0, 0xf7, 0x42, 0x32, 0xcc, 0xea, 0x50, 0x33, 0x11,
  0x6a, 0x4b, 0xea, 0x0c, 0xea, 0x6d, 0xea, 0x6f, 0xa5, 0x21, 0x6c, 0x8b, 0xec, 0x6b, 0xeb, 0xc0,
  0xf7, 0x62, 0x33, 0xcc, 0xeb, 0x74, 0x33, 0x8c, 0xea, 0x6d, 0xea, 0x70, 0xa5, 0x7f, 0x6c, 0x09,
  0x97, 0x6b, 0xeb, 0xc0, 0xf7, 0x62, 0x33, 0x6c, 0xee, 0x41, 0x6b, 0x6b, 0xeb, 0x6c, 0xea, 0x6e,
  0xa5, 0xd8, 0x36, 0xcd, 0xea, 0x6b, 0xeb, 0xc0, 0xf7, 0x62, 0x33, 0x7c, 0x33, 0x8c, 0xea, 0x6d,
  0xea, 0x2c, 0xea, 0x07, 0x90, 0x08, 0x91, 0x00, 0xef, 0x05, 0x63, 0x00, 0x65, 0xe4, 0x94, 0x00,
  0x80, 0x00, 0xde, 0x12, 0x80, 0xb0, 0x55, 0x12, 0x80, 0x00, 0x95, 0x00, 0x80, 0x90, 0xfa, 0x12,
  0x80, 0xfd, 0x63, 0x05, 0x62, 0x04, 0xd0, 0x16, 0xb2, 0x40, 0xea, 0x00, 0x65, 0x15, 0xb5, 0x63,
  0xad, 0x82, 0x67, 0x10, 0x5b, 0x01, 0x61, 0x0f, 0x6b, 0x20, 0xf0, 0xdf, 0xa5, 0x0f, 0x6a, 0x4c,
  0xeb, 0x11, 0xb2, 0x01, 0x6d, 0x44, 0x9a, 0xcc, 0xed, 0xb4, 0x35, 0xad, 0xeb, 0x02, 0x72, 0x03,
  0x67, 0x04, 0x61, 0x03, 0x2e, 0x80, 0x68, 0x0b, 0xe8, 0x6d, 0xe8, 0x0c, 0xb2, 0x40, 0xea, 0x00,
  0x65, 0x0b, 0xb2, 0x60, 0xaa, 0x05, 0x97, 0x6b, 0xeb, 0xc0, 0xf7, 0x62, 0x33, 0x70, 0x32, 0x0d,
  0xea, 0x04, 0x90, 0xff, 0x6b, 0x6c, 0xea, 0x00, 0xef, 0x03, 0x63, 0x00, 0x65, 0xe4, 0x94, 0x00,
  0x80, 0x00, 0xde, 0x12, 0x80, 0xb0, 0x55, 0x12, 0x80, 0x00, 0x95, 0x00, 0x80, 0x1e, 0xfa, 0x12,
  0x80, 0xfb, 0x63, 0x09, 0x62, 0x08, 0xd1, 0x07, 0xd0, 0x19, 0xb2, 0x2a, 0xa2, 0x19, 0xb2, 0x52,
  0x9a, 0x01, 0x6b, 0x3c, 0x31, 0x5f, 0xa2, 0x00, 0x68, 0x6c, 0xea, 0x58, 0x32, 0x4d, 0xe9, 0x71,
  0x67, 0xa0, 0xf2, 0x1c, 0x6a, 0x58, 0xe8, 0x14, 0xb2, 0x12, 0xec, 0x89, 0xe2, 0xc0, 0xf0, 0x8f,
  0xa2, 0x01, 0x74, 0x16, 0x61, 0x00, 0xf2, 0x86, 0xa2, 0x13, 0x24, 0x9d, 0x67, 0x70, 0xc4, 0x40,
  0xf2, 0x94, 0xaa, 0x0e, 0xb2, 0x40, 0xea, 0x00, 0x65, 0x7d, 0x67, 0x70, 0xa3, 0x09, 0x2a, 0x20,
  0x6b, 0x2d, 0xeb, 0x09, 0x97, 0x08, 0x91, 0x07, 0x90, 0xff, 0x6a, 0x6c, 0xea, 0x00, 0xef, 0x05,
  0x63, 0x01, 0x48, 0xff, 0x6a, 0x4c, 0xe8, 0x0a, 0x58, 0xdb, 0x61, 0xf3, 0x17, 0x90, 0xfa, 0x12,
  0x80, 0x00, 0xde, 0x12, 0x80, 0x50, 0x1c, 0x13, 0x80, 0x35, 0xbb, 0x11, 0x80, 0xfd, 0x63, 0x05,
  0x62, 0x03, 0xb2, 0x40, 0xea, 0x00, 0x65, 0x05, 0x97, 0x00, 0xef, 0x03, 0x63, 0x71, 0x34, 0x01,
  0x80, 0xfb, 0x63, 0x09, 0x62, 0x11, 0xb2, 0x40, 0x9a, 0xa0, 0xf2, 0x00, 0x6d, 0xa0, 0xf1, 0x06,
  0x6c, 0x40, 0xea, 0x00, 0x65, 0x0e, 0xb2, 0x00, 0xf1, 0x4b, 0xa2, 0x12, 0x2a, 0x0d, 0xb2, 0xff,
  0xf7, 0x1f, 0x6b, 0xa4, 0xf3, 0x0c, 0x6f, 0x40, 0xaa, 0x41, 0xf0, 0x15, 0x6e, 0xfe, 0x6d, 0x6c,
  0xea, 0x06, 0xd2, 0x09, 0xb2, 0x05, 0xd2, 0x01, 0x6a, 0x04, 0xd2, 0x08, 0xb2, 0x40, 0xea, 0x05,
  0x6c, 0x09, 0x97, 0x00, 0xef, 0x05, 0x63, 0x00, 0x65, 0xe8, 0x04, 0x12, 0x80, 0x80, 0x34, 0x12,
  0x80, 0xfa, 0x00, 0x00, 0xb6, 0x14, 0xd7, 0x11, 0x80, 0x11, 0x46, 0x08, 0x80, 0xfa, 0x63, 0x0b,
  0x62, 0x0a, 0xd1, 0x09, 0xd0, 0x28, 0xb2, 0x29, 0xb1, 0x40, 0xea, 0x00, 0x65, 0x28, 0xb0, 0x20,
  0x6e, 0x00, 0x6d, 0x40, 0xe8, 0x91, 0x67, 0xff, 0x6d, 0x26, 0xb4, 0x40, 0xe8, 0x16, 0x6e, 0x26,
  0xb0, 0x32, 0xd8, 0x26, 0xb5, 0xc0, 0xf0, 0x99, 0xa5, 0xc0, 0xf0, 0x58, 0xa5, 0xc0, 0xf0, 0x7a,
  0xa5, 0x80, 0x34, 0x4d, 0xec, 0x60, 0x33, 0xc0, 0xf0, 0x5b, 0xa5, 0x60, 0x33, 0x6d, 0xec, 0x20,
  0xb3, 0x00, 0xf6, 0x40, 0x32, 0x8d, 0xea, 0x6c, 0xea, 0x28, 0x22, 0x1e, 0xb1, 0x40, 0x99, 0x01,
  0x4a, 0x03, 0x22, 0x1d, 0xb2, 0x40, 0xea, 0x91, 0x67, 0x00, 0x6a, 0x04, 0xd2, 0x00, 0x6f, 0x1b,
  0xb6, 0x18, 0xb5, 0x1b, 0xb2, 0x40, 0xea, 0x01, 0x6c, 0xa0, 0x98, 0x1a, 0xb2, 0x40, 0xea, 0x80,
  0x99, 0x19, 0xb2, 0x00, 0xf1, 0x4b, 0xa2, 0x0e, 0x2a, 0x40, 0x99, 0xe5, 0xf6, 0x05, 0x6f, 0x80,
  0xf5, 0x08, 0x6e, 0x06, 0xd2, 0x15, 0xb2, 0x05, 0xd2, 0x01, 0x6a, 0x04, 0xd2, 0xfe, 0x6d, 0x14,
  0xb2, 0x40, 0xea, 0x02, 0x6c, 0x13, 0xb2, 0x40, 0xea, 0x00, 0x65, 0x0b, 0x97, 0x0a, 0x91, 0x09,
  0x90, 0x00, 0xef, 0x06, 0x63, 0xf9, 0x83, 0x08, 0x80, 0x6c, 0xfa, 0x12, 0x80, 0x8d, 0xef, 0x00,
  0x80, 0x74, 0xfa, 0x12, 0x80, 0x00, 0xde, 0x12, 0x80, 0xa8, 0x00, 0x12, 0x80, 0x00, 0x00, 0x00,
  0x40, 0x68, 0x0e, 0x12, 0x80, 0x51, 0x9f, 0x00, 0x80, 0xf1, 0xa4, 0x11, 0x80, 0xa5, 0x9f, 0x00,
  0x80, 0xf5, 0x9e, 0x00, 0x80, 0x80, 0x34, 0x12, 0x80, 0x14, 0xd7, 0x11, 0x80, 0x11, 0x46, 0x08,
  0x80, 0x55, 0x82, 0x08, 0x80, 0xfc, 0x63, 0x07, 0x62, 0x06, 0xd1, 0x05, 0xd0, 0x13, 0xb0, 0x60,
  0x98, 0x01, 0x6a, 0x6c, 0xea, 0x1b, 0x22, 0x42, 0xa8, 0x20, 0xf0, 0x6c, 0xa4, 0x6e, 0xea, 0x16,
  0x2a, 0x45, 0xa8, 0x02, 0x6c, 0x01, 0x4a, 0x45, 0xc8, 0x0d, 0xb2, 0x40, 0x9a, 0x40, 0xea, 0x30,
  0x67, 0x88, 0xa0, 0xff, 0x6b, 0x42, 0x32, 0x6c, 0xea, 0x8c, 0xeb, 0x43, 0xeb, 0x01, 0x60, 0x82,
  0x67, 0x88, 0xc0, 0x89, 0xa1, 0x83, 0xea, 0x01, 0x60, 0x82, 0x67, 0x89, 0xc1, 0x07, 0x97, 0x06,
  0x91, 0x05, 0x90, 0x00, 0xef, 0x04, 0x63, 0x00, 0x65, 0x28, 0xfa, 0x12, 0x80, 0x04, 0x07, 0x12,
  0x80, 0xfd, 0x63, 0x05, 0x62, 0x5d, 0x67, 0xd0, 0xca, 0x20, 0xf0, 0x4e, 0xa4, 0x02, 0x72, 0x1c,
  0x61, 0x20, 0xf0, 0x4c, 0xa4, 0xff, 0x72, 0x18, 0x60, 0xa0, 0xf2, 0x1c, 0x6a, 0x58, 0xed, 0x0d,
  0xb3, 0x12, 0xea, 0x4d, 0xe3, 0xc0, 0xf0, 0x77, 0xa3, 0x20, 0xf0, 0x50, 0xa4, 0x6e, 0xea, 0x0c,
  0x2a, 0x5d, 0x67, 0x20, 0xf0, 0x40, 0xa2, 0x74, 0xac, 0x52, 0x32, 0x40, 0x32, 0x50, 0x32, 0x6e,
  0xea, 0x03, 0x2a, 0x05, 0xb2, 0x40, 0xea, 0x00, 0x65, 0x05, 0x97, 0x00, 0x6a, 0x00, 0xef, 0x03,
  0x63, 0x50, 0x1c, 0x13, 0x80, 0x65, 0x94, 0x11, 0x80, 0x14, 0xb2, 0x60, 0x9a, 0x01, 0x6e, 0x6c,
  0xee, 0x62, 0x67, 0x1f, 0x26, 0xc2, 0xaa, 0x20, 0xf0, 0xec, 0xa4, 0xee, 0xee, 0x1a, 0x2e, 0x01,
  0x75, 0x0f, 0x61, 0x46, 0xaa, 0x01, 0x4a, 0x46, 0xcb, 0x20, 0xf0, 0x4f, 0xa4, 0x02, 0x72, 0x05,
  0x61, 0x4f, 0x9c, 0x84, 0x9b, 0x41, 0xaa, 0x89, 0xe2, 0x44, 0xdb, 0x00, 0x6a, 0x20, 0xe8, 0x46,
  0xc3, 0x20, 0xf0, 0x92, 0xa4, 0x66, 0xa2, 0x83, 0xeb, 0x04, 0x60, 0x67, 0xaa, 0x86, 0xc2, 0x01,
  0x4b, 0x67, 0xca, 0x20, 0xe8, 0x00, 0x65, 0x00, 0x65, 0x28, 0xfa, 0x12, 0x80, 0xfc, 0x63, 0x07,
  0x62, 0x06, 0xd1, 0x05, 0xd0, 0x01, 0x75, 0x04, 0x67, 0x25, 0x67, 0x08, 0x61, 0x0a, 0xd6, 0x85,
  0x9c, 0xa6, 0x67, 0x08, 0xb2, 0x40, 0xea, 0x0b, 0xd7, 0x0b, 0x97, 0x0a, 0x96, 0xb1, 0x67, 0x06,
  0xb2, 0x40, 0xea, 0x90, 0x67, 0x07, 0x97, 0x06, 0x91, 0x05, 0x90, 0x00, 0xef, 0x04, 0x63, 0x00,
  0x65, 0x19, 0x95, 0x11, 0x80, 0x8d, 0x34, 0x00, 0x80, 0xfd, 0x63, 0x05, 0x62, 0x04, 0xd0, 0x0a,
  0xb2, 0x40, 0xa2, 0x0a, 0xb0, 0x07, 0x22, 0x01, 0x6a, 0x40, 0xc0, 0x40, 0xa0, 0x05, 0x97, 0x04,
  0x90, 0x00, 0xef, 0x03, 0x63, 0x06, 0xb2, 0x40, 0xea, 0x02, 0x6c, 0x01, 0x5a, 0x58, 0x67, 0x01,
  0x6b, 0x6e, 0xea, 0xf2, 0x17, 0xe3, 0x0f, 0x12, 0x80, 0x88, 0x00, 0x12, 0x80, 0x99, 0x32, 0x01,
  0x80, 0xfd, 0x63, 0x05, 0x62, 0x04, 0xd0, 0x2f, 0xb2, 0x2f, 0xb3, 0x30, 0xb0, 0x7b, 0xda, 0xe0,
  0xf0, 0x85, 0xa0, 0xe0, 0xf0, 0x44, 0xa0, 0xe0, 0xf0, 0x66, 0xa0, 0x80, 0x34, 0x4d, 0xec, 0x60,
  0x33, 0xe0, 0xf0, 0x47, 0xa0, 0x60, 0x33, 0x6d, 0xec, 0x29, 0xb3, 0x00, 0xf6, 0x40, 0x32, 0x8d,
  0xea, 0x6d, 0xea, 0x42, 0x33, 0xe0, 0xf0, 0x65, 0xc0, 0x62, 0x33, 0xe0, 0xf0, 0x66, 0xc0, 0x25,
  0xb3, 0xe0, 0xf0, 0x44, 0xc0, 0x00, 0xf6, 0x42, 0x32, 0xe0, 0xf0, 0x47, 0xc0, 0x40, 0x9b, 0x08,
  0xf0, 0x00, 0x6c, 0x8d, 0xea, 0x40, 0xdb, 0x20, 0xb2, 0x40, 0xea, 0x00, 0x65, 0x1f, 0xb2, 0xff,
  0xf7, 0x1f, 0x6b, 0x01, 0x6d, 0x40, 0xaa, 0x00, 0xf2, 0x1a, 0x6c, 0x6c, 0xea, 0x4d, 0xed, 0x1c,
  0xb2, 0x40, 0x9a, 0x40, 0xea, 0x6c, 0xed, 0xc0, 0xf1, 0x4f, 0xa0, 0x01, 0x6b, 0x6c, 0xea, 0x03,
  0x22, 0x18, 0xb2, 0x40, 0xea, 0x08, 0x6c, 0x10, 0xf0, 0x00, 0x6c, 0x17, 0xb2, 0x40, 0xea, 0x00,
  0x65, 0x13, 0x2a, 0x10, 0xf0, 0x00, 0x6c, 0x13, 0xb2, 0x40, 0xea, 0x00, 0x65, 0x62, 0xf0, 0x04,
  0x6c, 0x12, 0xb2, 0x40, 0xea, 0x02, 0x6d, 0x12, 0xb5, 0x62, 0xf0, 0x04, 0x6c, 0xac, 0xea, 0x11,
  0xb5, 0x4d, 0xed, 0x11, 0xb2, 0x40, 0xea, 0x02, 0x6e, 0x05, 0x97, 0x04, 0x90, 0x00, 0xef, 0x03,
  0x63, 0x1c, 0xd5, 0x12, 0x80, 0x11, 0x91, 0x11, 0x80, 0xa8, 0x00, 0x12, 0x80, 0x00, 0x00, 0x00,
  0x80, 0xbc, 0xad, 0x00, 0xb0, 0x19, 0x81, 0x08, 0x80, 0x1a, 0x02, 0x00, 0xb6, 0xe8, 0x04, 0x12,
  0x80, 0x15, 0x34, 0x01, 0x80, 0x99, 0x32, 0x01, 0x80, 0x45, 0x1c, 0x01, 0x80, 0x3f, 0xfe, 0x1f,
  0xff, 0x80, 0x00, 0x20, 0x00, 0x3d, 0x1d, 0x01, 0x80, 0xfd, 0x63, 0x05, 0x62, 0x0b, 0xb2, 0x40,
  0xea, 0x00, 0x65, 0x0b, 0xb2, 0x0a, 0x6b, 0x60, 0xca, 0x28, 0x6b, 0x61, 0xca, 0x05, 0x97, 0x50,
  0x6b, 0x62, 0xca, 0x63, 0xca, 0x00, 0x6b, 0x64, 0xca, 0x65, 0xca, 0x66, 0xca, 0x67, 0xca, 0x05,
  0xb2, 0x6b, 0xca, 0x00, 0xef, 0x03, 0x63, 0x00, 0x65, 0xad, 0x82, 0x08, 0x80, 0xf0, 0xdd, 0x12,
  0x80, 0x00, 0xde, 0x12, 0x80, 0xfd, 0x63, 0x05, 0x62, 0x09, 0xb2, 0x60, 0x9a, 0x41, 0x43, 0x07,
  0x22, 0x6c, 0x32, 0x6b, 0xe2, 0x48, 0x32, 0x07, 0xb3, 0x49, 0xe3, 0x07, 0xb3, 0x63, 0xda, 0x07,
  0xb2, 0x40, 0xea, 0x00, 0x65, 0x05, 0x97, 0x00, 0xef, 0x03, 0x63, 0x00, 0x65, 0x68, 0x0e, 0x12,
  0x80, 0xb0, 0xd6, 0x12, 0x80, 0xf1, 0xa4, 0x11, 0x80, 0xd9, 0x96, 0x11, 0x80, 0xfd, 0x63, 0x05,
  0x62, 0x10, 0xb2, 0x40, 0xea, 0x00, 0x65, 0x10, 0xb3, 0x10, 0xb4, 0x60, 0xf1, 0x8e, 0xa4, 0xc0,
  0xf1, 0x7c, 0xa3, 0xff, 0x6d, 0x42, 0x32, 0x8d, 0xeb, 0xac, 0xeb, 0x01, 0x6c, 0x42, 0x32, 0x8c,
  0xea, 0x6b, 0xec, 0xc0, 0xf7, 0x82, 0x34, 0x8e, 0xea, 0xac, 0xea, 0x06, 0x22, 0x08, 0xb4, 0x09,
  0xb2, 0x01, 0x2b, 0x09, 0xb2, 0x40, 0xea, 0x00, 0x65, 0x05, 0x97, 0x00, 0xef, 0x03, 0x63, 0x00,
  0x65, 0xbd, 0x33, 0x01, 0x80, 0x04, 0x3c, 0x12, 0x80, 0xb0, 0x55, 0x12, 0x80, 0x00, 0x00, 0x01,
  0x00, 0x15, 0x34, 0x01, 0x80, 0xe1, 0x33, 0x01, 0x80, 0x07, 0xb2, 0x08, 0xb3, 0x60, 0xda, 0x08,
  0xb3, 0x61, 0xda, 0x08, 0xb3, 0x62, 0xda, 0x08, 0xb3, 0x63, 0xda, 0x08, 0xb3, 0x64, 0xda, 0x08,
  0xb3, 0x20, 0xe8, 0x65, 0xda, 0xf0, 0x0f, 0x12, 0x80, 0x41, 0x91, 0x11, 0x80, 0x21, 0x92, 0x11,
  0x80, 0xe9, 0x8e, 0x11, 0x80, 0xfd, 0x8e, 0x11, 0x80, 0xd9, 0xab, 0x11, 0x80, 0x91, 0x92, 0x11,
  0x80, 0xfc, 0x63, 0x07, 0x62, 0x06, 0xd1, 0x05, 0xd0, 0x26, 0xb2, 0x27, 0xb3, 0x60, 0xda, 0x27,
  0xb2, 0x27, 0xb3, 0x60, 0xda, 0x27, 0xb2, 0x28, 0xb3, 0x60, 0xda, 0x28, 0xb2, 0x28, 0xb3, 0x60,
  0xda, 0x28, 0xb3, 0x29, 0xb2, 0x60, 0xda, 0x29, 0xb2, 0x40, 0xea, 0x00, 0x68, 0x28, 0xb2, 0x29,
  0xb3, 0x60, 0xda, 0x29, 0xb2, 0x29, 0xb3, 0x60, 0xda, 0x29, 0xb2, 0x2a, 0xb3, 0x60, 0xda, 0x2a,
  0xb2, 0x00, 0xca, 0x2a, 0xb2, 0x00, 0xc2, 0x2a, 0xb3, 0x2a, 0xb2, 0x60, 0xda, 0x2a, 0xb1, 0x2b,
  0xb2, 0x2b, 0xb3, 0x40, 0xe9, 0x60, 0xda, 0x2b, 0xb2, 0x2b, 0xb3, 0x40, 0xe9, 0x60, 0xda, 0x2b,
  0xb2, 0x01, 0x6b, 0x00, 0xc2, 0x6b, 0xeb, 0x2a, 0xb2, 0x60, 0xca, 0x2a, 0xb2, 0x40, 0xf0, 0x02,
  0xc2, 0x07, 0x6b, 0x29, 0xb2, 0x73, 0xca, 0x74, 0xca, 0x28, 0xb2, 0x29, 0xb3, 0x60, 0xda, 0x29,
  0xb2, 0x29, 0xb3, 0x60, 0xda, 0x29, 0xb2, 0x2a, 0xb3, 0x60, 0xda, 0x2a, 0xb2, 0x2a, 0xb3, 0x60,
  0xda, 0x2a, 0xb2, 0x00, 0xc2, 0x07, 0x97, 0x06, 0x91, 0x05, 0x90, 0x00, 0xef, 0x04, 0x63, 0x00,
  0x65, 0x54, 0x1a, 0x12, 0x80, 0x7d, 0x93, 0x11, 0x80, 0x7c, 0x00, 0x12, 0x80, 0xe9, 0x8f, 0x11,
  0x80, 0x80, 0x00, 0x12, 0x80, 0x75, 0x90, 0x11, 0x80, 0xe8, 0x0f, 0x12, 0x80, 0xe1, 0xb3, 0x11,
  0x80, 0x8d, 0xad, 0x11, 0x80, 0xec, 0x0f, 0x12, 0x80, 0xa9, 0x97, 0x11, 0x80, 0xa0, 0x10, 0x12,
  0x80, 0x99, 0xaa, 0x11, 0x80, 0xa4, 0x10, 0x12, 0x80, 0xb9, 0x8f, 0x11, 0x80, 0xdc, 0x04, 0x12,
  0x80, 0x0d, 0x93, 0x11, 0x80, 0x1e, 0xfa, 0x12, 0x80, 0x1c, 0xfa, 0x12, 0x80, 0x91, 0x8e, 0x11,
  0x80, 0x58, 0x1a, 0x12, 0x80, 0xd9, 0x96, 0x11, 0x80, 0x50, 0x1a, 0x12, 0x80, 0x21, 0x93, 0x11,
  0x80, 0x70, 0x13, 0x12, 0x80, 0xc1, 0xa3, 0x11, 0x80, 0x24, 0xfa, 0x12, 0x80, 0x22, 0xfa, 0x12,
  0x80, 0x00, 0xde, 0x12, 0x80, 0x40, 0xfa, 0x12, 0x80, 0x08, 0x10, 0x12, 0x80, 0xdd, 0xc9, 0x11,
  0x80, 0x0c, 0x10, 0x12, 0x80, 0xf5, 0xc9, 0x11, 0x80, 0x8c, 0x13, 0x12, 0x80, 0xc1, 0x94, 0x11,
  0x80, 0x48, 0x06, 0x12, 0x80, 0x6d, 0x95, 0x11, 0x80, 0xb1, 0xf8, 0x12, 0x80, 0xfa, 0x63, 0x0b,
  0x62, 0x0a, 0xd1, 0x09, 0xd0, 0x62, 0xa4, 0x00, 0x6e, 0x24, 0x67, 0x05, 0xd6, 0x1f, 0x23, 0xa8,
  0x43, 0xea, 0x4d, 0xff, 0x6c, 0x8c, 0xed, 0x03, 0x5d, 0x00, 0x6a, 0x40, 0x60, 0x44, 0xa1, 0x01,
  0x72, 0x46, 0x67, 0x3c, 0x61, 0xa8, 0x35, 0x21, 0xb2, 0x55, 0xe5, 0x00, 0x68, 0x24, 0x25, 0x1e,
  0x73, 0x04, 0x68, 0x05, 0x60, 0x1f, 0x73, 0x18, 0x67, 0x01, 0x58, 0x18, 0x67, 0x8c, 0xe8, 0xd0,
  0x67, 0x05, 0x04, 0x1b, 0xb2, 0x40, 0xea, 0x06, 0xd3, 0x06, 0x93, 0x15, 0x10, 0x19, 0xb2, 0x40,
  0xaa, 0x9d, 0x67, 0x01, 0x6d, 0x4a, 0xcc, 0x18, 0xb2, 0x40, 0xaa, 0x04, 0x68, 0x56, 0xc4, 0x17,
  0xb4, 0x17, 0xb2, 0xc0, 0xf1, 0x8f, 0xa4, 0x4a, 0xa2, 0xac, 0xec, 0x0f, 0x6d, 0x90, 0x34, 0xac,
  0xea, 0x8d, 0xea, 0x9d, 0x67, 0x57, 0xc4, 0x30, 0x6a, 0x9d, 0x67, 0x50, 0xc4, 0x41, 0xa1, 0x10,
  0x6c, 0x8b, 0xec, 0x8c, 0xea, 0x10, 0x30, 0x9d, 0x67, 0x51, 0xc4, 0x72, 0xc4, 0x13, 0xc4, 0x0d,
  0xb2, 0x40, 0x9a, 0x05, 0x96, 0x04, 0x95, 0x40, 0xea, 0x02, 0x6c, 0x01, 0x6a, 0x0b, 0x97, 0x0a,
  0x91, 0x09, 0x90, 0x00, 0xef, 0x06, 0x63, 0x00, 0x65, 0xd0, 0xf8, 0x12, 0x80, 0x5d, 0xee, 0x00,
  0x80, 0x98, 0x00, 0x12, 0x80, 0x9a, 0x00, 0x12, 0x80, 0xa8, 0x00, 0x12, 0x80, 0xb4, 0xfa, 0x12,
  0x80, 0x78, 0x00, 0x12, 0x80, 0xfd, 0x63, 0x05, 0x62, 0x06, 0xb3, 0x40, 0xa3, 0x8e, 0xea, 0x05,
  0x22, 0x05, 0xb5, 0x80, 0xc3, 0x05, 0xb2, 0x40, 0xea, 0x27, 0x6c, 0x05, 0x97, 0x00, 0xef, 0x03,
  0x63, 0x20, 0xfa, 0x12, 0x80, 0x00, 0x00, 0x08, 0x00, 0x69, 0xf4, 0x00, 0x80, 0x4c, 0x44, 0x04,
  0x5a, 0x01, 0x61, 0x07, 0x6c, 0x02, 0xb2, 0x20, 0xe8, 0x94, 0xca, 0x00, 0x65, 0x40, 0xfa, 0x12,
  0x80, 0xfa, 0x63, 0x0b, 0x62, 0x0a, 0xd1, 0x09, 0xd0, 0x18, 0xb1, 0x53, 0xa9, 0x8e, 0xea, 0x26,
  0x22, 0x17, 0xb2, 0x40, 0x9a, 0x04, 0x67, 0x01, 0x6e, 0x45, 0x6d, 0x40, 0xea, 0x00, 0x6c, 0xc0,
  0xf1, 0x00, 0x6b, 0x18, 0x37, 0x6c, 0xef, 0x7f, 0xf4, 0x1f, 0x4b, 0x6c, 0xea, 0x4d, 0xef, 0x11,
  0xb2, 0x40, 0x9a, 0xff, 0xf7, 0x1f, 0x6b, 0x6c, 0xef, 0x01, 0x6e, 0x45, 0x6d, 0x40, 0xea, 0x00,
  0x6c, 0x0d, 0xb2, 0x05, 0xd2, 0x01, 0x6a, 0x04, 0xd2, 0x06, 0xd0, 0x68, 0xf6, 0x19, 0x6f, 0xe1,
  0xf5, 0x1d, 0x6e, 0xfe, 0x6d, 0x04, 0x6c, 0x09, 0xb2, 0x40, 0xea, 0x13, 0xc9, 0x0b, 0x97, 0x0a,
  0x91, 0x09, 0x90, 0x00, 0xef, 0x06, 0x63, 0x00, 0x65, 0x40, 0xfa, 0x12, 0x80, 0x0c, 0x07, 0x12,
  0x80, 0x10, 0x07, 0x12, 0x80, 0x14, 0xd7, 0x11, 0x80, 0x11, 0x46, 0x08, 0x80, 0x02, 0xb2, 0x20,
  0xe8, 0x54, 0xaa, 0x00, 0x65, 0x40, 0xfa, 0x12, 0x80, 0x84, 0x32, 0x89, 0xe2, 0x44, 0x32, 0x06,
  0xb4, 0x51, 0xe4, 0xff, 0x6a, 0x47, 0xcc, 0x01, 0x6a, 0x4b, 0xea, 0x48, 0xcc, 0x00, 0x6a, 0x20,
  0xe8, 0x52, 0xc4, 0x00, 0x65, 0x40, 0xfa, 0x12, 0x80, 0xfd, 0x63, 0x05, 0x62, 0x0a, 0xb2, 0x40,
  0xea, 0x00, 0x65, 0x0a, 0xb3, 0x40, 0xeb, 0x00, 0x6c, 0x40, 0xeb, 0x01, 0x6c, 0x40, 0xeb, 0x02,
  0x6c, 0x40, 0xeb, 0x03, 0x6c, 0x01, 0x6b, 0x06, 0xb2, 0x6b, 0xeb, 0x60, 0xc2, 0x05, 0x97, 0x00,
  0xef, 0x03, 0x63, 0x00, 0x65, 0x15, 0x97, 0x11, 0x80, 0xa9, 0x9a, 0x11, 0x80, 0x3c, 0xfa, 0x12,
  0x80, 0xfa, 0x63, 0x0b, 0x62, 0x0a, 0xd1, 0x09, 0xd0, 0x00, 0x68, 0x24, 0x67, 0x65, 0x67, 0x04,
  0x32, 0x09, 0xe2, 0x44, 0x32, 0x11, 0xb6, 0x59, 0xe6, 0x88, 0xae, 0x04, 0x05, 0x10, 0xb2, 0x0d,
  0xd3, 0x40, 0xea, 0x06, 0xd6, 0xff, 0x72, 0x0d, 0x93, 0x0f, 0x60, 0x5d, 0x67, 0x48, 0xaa, 0x06,
  0x96, 0x2e, 0xea, 0x0a, 0x2a, 0x52, 0x86, 0x40, 0xc3, 0x00, 0x6a, 0x0b, 0x97, 0x0a, 0x91, 0x09,
  0x90, 0xff, 0x6b, 0x6c, 0xea, 0x00, 0xef, 0x06, 0x63, 0x01, 0x48, 0xff, 0x6a, 0x4c, 0xe8, 0x04,
  0x58, 0xde, 0x61, 0x01, 0x6a, 0x4b, 0xea, 0xf1, 0x17, 0x40, 0xfa, 0x12, 0x80, 0xc9, 0x01, 0x07,
  0x80, 0xfa, 0x63, 0x0b, 0x62, 0x0a, 0xd1, 0x09, 0xd0, 0x16, 0xb2, 0x43, 0xaa, 0x16, 0xb1, 0x48,
  0xc9, 0x16, 0xb2, 0x64, 0xaa, 0x6b, 0xc9, 0x65, 0xaa, 0x46, 0xaa, 0x6e, 0xc9, 0x51, 0xc9, 0x00,
  0x6b, 0x64, 0x30, 0x61, 0xe0, 0x04, 0x30, 0x01, 0xe1, 0x88, 0xa8, 0xff, 0xf7, 0x1f, 0x74, 0x58,
  0x67, 0x0d, 0x2a, 0x52, 0xc0, 0xff, 0x6a, 0x47, 0xc8, 0x01, 0x4b, 0xff, 0x6a, 0x4c, 0xeb, 0x04,
  0x5b, 0xef, 0x61, 0x0b, 0x97, 0x0a, 0x91, 0x09, 0x90, 0x00, 0xef, 0x06, 0x63, 0x04, 0x05, 0x08,
  0xb2, 0x40, 0xea, 0x06, 0xd3, 0xff, 0x72, 0x06, 0x93, 0xef, 0x60, 0x5d, 0x67, 0x48, 0xaa, 0xeb,
  0x17, 0x90, 0xfa, 0x12, 0x80, 0x40, 0xfa, 0x12, 0x80, 0x00, 0xde, 0x12, 0x80, 0xc9, 0x01, 0x07,
  0x80, 0xf7, 0x63, 0x11, 0x62, 0x10, 0xd1, 0x0f, 0xd0, 0x2d, 0xb2, 0x0a, 0x05, 0x40, 0xea, 0x12,
  0xd4, 0xff, 0x72, 0x4f, 0x60, 0x5d, 0x67, 0x74, 0xaa, 0xa0, 0xf2, 0x1c, 0x6a, 0x58, 0xeb, 0x29,
  0xb3, 0x12, 0xe8, 0x01, 0xe3, 0x60, 0xf0, 0x5c, 0xa8, 0x44, 0x2a, 0xcd, 0x98, 0x00, 0x6d, 0x26,
  0x6c, 0x25, 0xb1, 0x40, 0xe9, 0x0c, 0xd6, 0x0c, 0x96, 0xcc, 0xea, 0x3b, 0x2a, 0x7d, 0x67, 0x25,
  0x6c, 0x20, 0xf0, 0x80, 0xc3, 0x21, 0xb4, 0x40, 0xf1, 0x85, 0xa4, 0x21, 0xb5, 0x03, 0x6f, 0x20,
  0xf0, 0x82, 0xc3, 0xa0, 0xf0, 0x85, 0xa5, 0xa0, 0xf0, 0xc4, 0xa5, 0x08, 0x05, 0x80, 0x34, 0xcd,
  0xec, 0x20, 0xf0, 0x83, 0xc3, 0x82, 0x34, 0x20, 0xf0, 0x84, 0xc3, 0x1a, 0xb4, 0x80, 0xac, 0x07,
  0x6e, 0x20, 0xf0, 0x85, 0xc3, 0x82, 0x34, 0x20, 0xf0, 0x86, 0xc3, 0x05, 0xd2, 0x64, 0x6a, 0x04,
  0xd2, 0x15, 0xb2, 0x40, 0xea, 0x94, 0xab, 0x00, 0x6d, 0x40, 0xe9, 0x26, 0x6c, 0x6c, 0x98, 0x25,
  0xf7, 0x02, 0x6f, 0x01, 0xf7, 0x1c, 0x6e, 0x6d, 0xea, 0x4c, 0xd8, 0x12, 0x92, 0xfe, 0x6d, 0x07,
  0xd2, 0x25, 0x6a, 0x06, 0xd2, 0x0d, 0xb2, 0x05, 0xd2, 0x02, 0x6a, 0x04, 0xd2, 0x0c, 0xb2, 0x40,
  0xea, 0x04, 0x6c, 0x11, 0x97, 0x10, 0x91, 0x0f, 0x90, 0x00, 0xef, 0x09, 0x63, 0xc9, 0x01, 0x07,
  0x80, 0x50, 0x1c, 0x13, 0x80, 0x31, 0x00, 0x07, 0x80, 0xb0, 0x55, 0x12, 0x80, 0xa8, 0x00, 0x12,
  0x80, 0x98, 0x00, 0x12, 0x80, 0xb5, 0x0c, 0x07, 0x80, 0x14, 0xd7, 0x11, 0x80, 0x11, 0x46, 0x08,
  0x80, 0xfc, 0x63, 0x07, 0x62, 0x06, 0xd0, 0x09, 0xb2, 0x05, 0x67, 0x40, 0xea, 0x04, 0x05, 0x00,
  0x6d, 0x05, 0x2a, 0x5d, 0x67, 0xa8, 0xaa, 0x0e, 0xed, 0x01, 0x5d, 0xb8, 0x67, 0x07, 0x97, 0x06,
  0x90, 0x45, 0x67, 0x00, 0xef, 0x04, 0x63, 0x00, 0x65, 0xc9, 0x01, 0x07, 0x80, 0xa0, 0xf2, 0x1c,
  0x6a, 0x58, 0xed, 0x0b, 0xb2, 0x12, 0xeb, 0x69, 0xe2, 0xa0, 0xf0, 0x57, 0xa2, 0x02, 0x72, 0x00,
  0x6a, 0x0a, 0x61, 0x40, 0xac, 0x04, 0xf2, 0x05, 0x6b, 0x6b, 0xeb, 0x6c, 0xea, 0x02, 0xf1, 0x02,
  0x6b, 0x6d, 0xea, 0x40, 0xcc, 0x01, 0x6a, 0x20, 0xe8, 0x00, 0x65, 0x00, 0x65, 0x50, 0x1c, 0x13,
  0x80, 0xfd, 0x63, 0x05, 0x62, 0x03, 0xb2, 0x40, 0xea, 0x00, 0x6c, 0x05, 0x97, 0x00, 0xef, 0x03,
  0x63, 0x45, 0x34, 0x01, 0x80, 0x09, 0xb2, 0x50, 0xa2, 0x0d, 0x22, 0x09, 0xb2, 0x09, 0xb3, 0xc0,
  0xf1, 0x5c, 0xa2, 0x60, 0xf1, 0x8e, 0xa3, 0x89, 0xe2, 0x01, 0x72, 0x00, 0x6a, 0x03, 0x61, 0x44,
  0x9b, 0x01, 0x5a, 0x58, 0x67, 0x20, 0xe8, 0x00, 0x65, 0x00, 0xde, 0x12, 0x80, 0x04, 0x3c, 0x12,
  0x80, 0xb0, 0x55, 0x12, 0x80, 0xfd, 0x63, 0x05, 0x62, 0x05, 0xb2, 0x40, 0xea, 0x00, 0x65, 0x05,
  0x97, 0x4b, 0xea, 0xc0, 0xf7, 0x42, 0x32, 0x00, 0xef, 0x03, 0x63, 0x00, 0x65, 0x25, 0x9d, 0x11,
  0x80, 0xf9, 0x63, 0x0d, 0x62, 0x0c, 0xd1, 0x0b, 0xd0, 0x40, 0x9c, 0x00, 0xf2, 0x02, 0x6b, 0x28,
  0xb0, 0x6c, 0xea, 0x6a, 0xea, 0x15, 0x61, 0xff, 0x6a, 0x44, 0xc8, 0x26, 0xb2, 0x40, 0xea, 0x00,
  0x65, 0x01, 0x72, 0x07, 0x61, 0x01, 0x6b, 0x64, 0xc8, 0x0d, 0x97, 0x0c, 0x91, 0x0b, 0x90, 0x00,
  0xef, 0x07, 0x63, 0x21, 0xb2, 0x4e, 0xa2, 0xf8, 0x22, 0x02, 0x6a, 0x44, 0xc8, 0x01, 0x6a, 0xf4,
  0x17, 0x1e, 0xb2, 0x00, 0x69, 0x22, 0xd8, 0x60, 0xaa, 0xff, 0xf3, 0x1f, 0x6d, 0x1c, 0xb2, 0x6c,
  0xed, 0x60, 0x9a, 0xff, 0x6c, 0x1d, 0x4c, 0x40, 0xeb, 0x08, 0xd2, 0x1a, 0xb3, 0x08, 0x92, 0x7f,
  0xf7, 0x1f, 0x6d, 0x60, 0xab, 0x40, 0x9a, 0xff, 0x6c, 0x6c, 0xed, 0x40, 0xea, 0x21, 0x4c, 0x16,
  0xb3, 0x2c, 0xc0, 0x06, 0xd1, 0x01, 0x69, 0x05, 0xd3, 0x88, 0xf6, 0x05, 0x6f, 0x02, 0xf1, 0x02,
  0x6e, 0xfe, 0x6d, 0x05, 0x6c, 0x04, 0xd1, 0x11, 0xb2, 0x40, 0xea, 0x08, 0xd3, 0x44, 0xa8, 0x08,
  0x93, 0x04, 0xd1, 0x06, 0xd2, 0x05, 0xd3, 0x05, 0xf7, 0x1c, 0x6f, 0x02, 0xf1, 0x09, 0x6e, 0xfe,
  0x6d, 0x0a, 0xb2, 0x40, 0xea, 0x05, 0x6c, 0x00, 0x6a, 0xbf, 0x17, 0x00, 0x65, 0x40, 0xfa, 0x12,
  0x80, 0x55, 0x9d, 0x11, 0x80, 0x00, 0xde, 0x12, 0x80, 0x1c, 0x01, 0x00, 0xb6, 0xe8, 0x04, 0x12,
  0x80, 0x20, 0x01, 0x00, 0xb6, 0x14, 0xd7, 0x11, 0x80, 0x11, 0x46, 0x08, 0x80, 0x20, 0xe8, 0x00,
  0x65, 0xfd, 0x63, 0x05, 0x62, 0x40, 0x9c, 0x10, 0x6b, 0x07, 0x6c, 0x6c, 0xea, 0x02, 0x22, 0x05,
  0xb2, 0x94, 0xaa, 0x05, 0xb2, 0x40, 0xea, 0x00, 0x65, 0x05, 0x97, 0x00, 0xef, 0x03, 0x63, 0x00,
  0x65, 0x40, 0xfa, 0x12, 0x80, 0x21, 0x9a, 0x11, 0x80, 0x1d, 0xb2, 0xc0, 0xf1, 0x4f, 0xa2, 0x01,
  0x6b, 0x6c, 0xea, 0x32, 0x22, 0xf9, 0x63, 0x0d, 0x62, 0x0c, 0xd1, 0x0b, 0xd0, 0x19, 0xb2, 0x04,
  0xf0, 0x00, 0x68, 0x40, 0xea, 0x08, 0xd4, 0x22, 0x67, 0x17, 0xb2, 0x40, 0xea, 0x90, 0x67, 0x0c,
  0xe9, 0x4e, 0xe9, 0x18, 0x21, 0x08, 0x93, 0x90, 0x67, 0x40, 0x9b, 0x0c, 0xea, 0x18, 0x22, 0x13,
  0xb2, 0x40, 0xea, 0x00, 0x65, 0x01, 0x6a, 0x12, 0xb3, 0x06, 0xd2, 0x04, 0xd2, 0x05, 0xd3, 0x25,
  0xf7, 0x09, 0x6f, 0xa2, 0xf1, 0x09, 0x6e, 0xfe, 0x6d, 0x0e, 0xb2, 0x40, 0xea, 0x04, 0x6c, 0x0e,
  0xb2, 0x40, 0xea, 0x00, 0x65, 0x0d, 0x97, 0x0c, 0x91, 0x0b, 0x90, 0x00, 0xef, 0x07, 0x63, 0x0b,
  0xb2, 0x40, 0xea, 0x00, 0x65, 0x0a, 0xb2, 0xf4, 0x17, 0x20, 0xe8, 0x00, 0x65, 0xa8, 0x00, 0x12,
  0x80, 0xbd, 0x33, 0x01, 0x80, 0x99, 0x32, 0x01, 0x80, 0x15, 0x34, 0x01, 0x80, 0x14, 0xd7, 0x11,
  0x80, 0x11, 0x46, 0x08, 0x80, 0xa1, 0xc9, 0x11, 0x80, 0xe1, 0x33, 0x01, 0x80, 0xbd, 0xc9, 0x11,
  0x80, 0xfb, 0x63, 0x09, 0x62, 0x40, 0x9c, 0x01, 0x6b, 0x88, 0xf6, 0x04, 0x6f, 0x42, 0x32, 0x52,
  0x32, 0x6c, 0xea, 0x09, 0xb3, 0x40, 0xc3, 0x06, 0xd2, 0x08, 0xb2, 0x05, 0xd2, 0x01, 0x6a, 0x04,
  0xd2, 0xe2, 0xf1, 0x1c, 0x6e, 0xfe, 0x6d, 0x06, 0xb2, 0x40, 0xea, 0x04, 0x6c, 0x09, 0x97, 0x00,
  0xef, 0x05, 0x63, 0x00, 0x65, 0x1c, 0xfa, 0x12, 0x80, 0x14, 0xd7, 0x11, 0x80, 0x11, 0x46, 0x08,
  0x80, 0x40, 0x9c, 0x08, 0xb5, 0x01, 0x6b, 0x44, 0x32, 0x42, 0x32, 0x5e, 0x32, 0x6c, 0xea, 0x61,
  0xa5, 0x03, 0x6c, 0x8b, 0xec, 0x44, 0x32, 0x8c, 0xeb, 0x6d, 0xea, 0x20, 0xe8, 0x41, 0xc5, 0x00,
  0x65, 0xb8, 0x32, 0x12, 0x80, 0xfa, 0x63, 0x0b, 0x62, 0x0a, 0xd1, 0x09, 0xd0, 0x15, 0xb2, 0x01,
  0xf0, 0x00, 0x68, 0x40, 0xea, 0x0c, 0xd4, 0x22, 0x67, 0x13, 0xb2, 0x40, 0xea, 0x90, 0x67, 0x0c,
  0xe9, 0x4e, 0xe9, 0x15, 0x21, 0x0c, 0x93, 0x90, 0x67, 0x40, 0x9b, 0x0c, 0xea, 0x15, 0x22, 0x0f,
  0xb2, 0x40, 0xea, 0x00, 0x65, 0x01, 0x6a, 0x0e, 0xb3, 0x06, 0xd2, 0x04, 0xd2, 0x05, 0xd3, 0x25,
  0xf7, 0x03, 0x6f, 0xe2, 0xf1, 0x00, 0x6e, 0xfe, 0x6d, 0x0a, 0xb2, 0x40, 0xea, 0x04, 0x6c, 0x0b,
  0x97, 0x0a, 0x91, 0x09, 0x90, 0x00, 0xef, 0x06, 0x63, 0x07, 0xb2, 0x40, 0xea, 0x00, 0x65, 0xf7,
  0x17, 0xbd, 0x33, 0x01, 0x80, 0x99, 0x32, 0x01, 0x80, 0x15, 0x34, 0x01, 0x80, 0x14, 0xd7, 0x11,
  0x80, 0x11, 0x46, 0x08, 0x80, 0xe1, 0x33, 0x01, 0x80, 0xef, 0xf7, 0x1f, 0x6b, 0x00, 0x6a, 0xa0,
  0xf2, 0x1c, 0x6c, 0x98, 0xea, 0x27, 0xb4, 0x12, 0xed, 0xb1, 0xe4, 0xc0, 0xf0, 0xaf, 0xa4, 0x01,
  0x75, 0x05, 0x61, 0x80, 0xf0, 0x88, 0x8c, 0x62, 0xec, 0x01, 0x60, 0x64, 0x67, 0x01, 0x4a, 0xff,
  0x6c, 0x8c, 0xea, 0x0a, 0x5a, 0xec, 0x61, 0x20, 0xb5, 0xc0, 0xf1, 0xd2, 0xad, 0x00, 0x6a, 0x86,
  0x67, 0x87, 0xea, 0x01, 0x6f, 0xec, 0xec, 0x0a, 0x24, 0x87, 0x42, 0x79, 0x4c, 0x88, 0x34, 0x91,
  0xe5, 0x80, 0x9c, 0x60, 0xf0, 0x90, 0x8c, 0x62, 0xec, 0x01, 0x60, 0x64, 0x67, 0x01, 0x4a, 0xff,
  0x6c, 0x8c, 0xea, 0x0b, 0x5a, 0xec, 0x61, 0x10, 0x6a, 0x5a, 0xeb, 0x01, 0x2a, 0xe5, 0xe8, 0x13,
  0xb2, 0x46, 0xaa, 0x13, 0xb4, 0x12, 0xeb, 0x4d, 0xe3, 0x60, 0x33, 0x60, 0x33, 0x63, 0x33, 0x42,
  0x8c, 0x63, 0x33, 0xff, 0x73, 0xa2, 0x67, 0x06, 0x60, 0xff, 0x6d, 0x6c, 0xed, 0xa0, 0x35, 0xa0,
  0x35, 0xa3, 0x35, 0xa3, 0x35, 0x4b, 0xe5, 0xc0, 0xf7, 0x43, 0x33, 0x6e, 0xea, 0x6b, 0xe2, 0x06,
  0x52, 0xa3, 0xcc, 0x00, 0x6a, 0x02, 0x61, 0xa2, 0xcc, 0x01, 0x6a, 0x20, 0xe8, 0x00, 0x65, 0x00,
  0x65, 0x50, 0x1c, 0x13, 0x80, 0x04, 0x3c, 0x12, 0x80, 0xac, 0x51, 0x12, 0x80, 0x6c, 0xfa, 0x12,
  0x80, 0xfc, 0x63, 0x07, 0x62, 0x06, 0xd0, 0x25, 0xb2, 0x40, 0xea, 0x04, 0x67, 0x24, 0xb3, 0x84,
  0x9b, 0x03, 0x6a, 0x24, 0xb6, 0x8c, 0xea, 0x01, 0x5a, 0x58, 0x67, 0x01, 0x72, 0x58, 0x67, 0x42,
  0xc0, 0x60, 0xf1, 0x51, 0xa3, 0x60, 0xf1, 0x6f, 0xa3, 0x69, 0xe2, 0x01, 0x52, 0x01, 0x6b, 0x58,
  0x67, 0x6e, 0xea, 0x43, 0xc0, 0x00, 0xf6, 0x40, 0x34, 0x4f, 0xa6, 0x00, 0xf6, 0x83, 0x34, 0x00,
  0x6b, 0x01, 0x22, 0x02, 0x6b, 0xb0, 0xa6, 0x04, 0x6a, 0x01, 0x2d, 0x00, 0x6a, 0xee, 0xa6, 0x08,
  0x6d, 0x01, 0x2f, 0x00, 0x6d, 0x14, 0xb7, 0xea, 0xa7, 0xf0, 0x37, 0xed, 0xec, 0x8d, 0xeb, 0x6d,
  0xea, 0xad, 0xea, 0x40, 0xc0, 0x01, 0x6a, 0x49, 0xc0, 0x85, 0xae, 0x10, 0xb2, 0x40, 0xea, 0x04,
  0x05, 0xff, 0x72, 0x0c, 0x60, 0x5d, 0x67, 0x68, 0xaa, 0xa0, 0xf2, 0x1c, 0x6a, 0x58, 0xeb, 0x0c,
  0xb2, 0x12, 0xeb, 0x69, 0xe2, 0x00, 0xf2, 0x46, 0xa2, 0x01, 0x72, 0x02, 0x61, 0x00, 0x6a, 0x49,
  0xc0, 0x07, 0x97, 0x06, 0x90, 0x00, 0xef, 0x04, 0x63, 0x2d, 0x83, 0x08, 0x80, 0xb0, 0x55, 0x12,
  0x80, 0x00, 0xde, 0x12, 0x80, 0x90, 0xfa, 0x12, 0x80, 0xc9, 0x01, 0x07, 0x80, 0x50, 0x1c, 0x13,
  0x80, 0xff, 0x63, 0x01, 0xd1, 0x00, 0xd0, 0x43, 0x9c, 0x3a, 0xb1, 0xa1, 0xa4, 0x3a, 0x65, 0x20,
  0xf0, 0x5c, 0xa1, 0x62, 0xa4, 0x20, 0xf0, 0xde, 0xa1, 0x4e, 0xed, 0x20, 0xf0, 0x5d, 0xa1, 0xff,
  0x68, 0x0c, 0xed, 0x4e, 0xeb, 0x40, 0xa4, 0x0c, 0xeb, 0x6b, 0xeb, 0xce, 0xea, 0x0c, 0xea, 0xab,
  0xed, 0xc0, 0xf7, 0x62, 0x33, 0x4b, 0xea, 0x0c, 0xeb, 0xc0, 0xf7, 0xa2, 0x35, 0xc0, 0xf7, 0x42,
  0x32, 0x40, 0xf0, 0xe5, 0xa1, 0x64, 0x33, 0x0c, 0xed, 0x0c, 0xea, 0x4c, 0x32, 0x6d, 0xed, 0x4d,
  0xed, 0x4a, 0xa4, 0x1f, 0x65, 0xf8, 0x67, 0x64, 0xa4, 0xee, 0xea, 0x0c, 0xea, 0x01, 0x6e, 0x4b,
  0xea, 0xcc, 0xeb, 0xc0, 0xf7, 0x42, 0x32, 0x0c, 0xea, 0x70, 0x33, 0xcc, 0xea, 0xad, 0xeb, 0xa8,
  0xa4, 0x54, 0x32, 0x4d, 0xeb, 0x45, 0xa4, 0xcc, 0xed, 0x01, 0x6f, 0xa0, 0x35, 0xee, 0xea, 0xa4,
  0x35, 0x01, 0x5a, 0xad, 0xeb, 0xa6, 0xa4, 0x58, 0x67, 0x0c, 0xea, 0xee, 0xed, 0xcc, 0xea, 0x40,
  0xf0, 0xe3, 0xa1, 0x58, 0x32, 0x01, 0x5d, 0x4d, 0xeb, 0x47, 0xa4, 0xb8, 0x67, 0x1f, 0x65, 0x0c,
  0xed, 0xf8, 0x67, 0xcc, 0xed, 0xee, 0xea, 0xbc, 0x35, 0x0c, 0xea, 0xad, 0xeb, 0x89, 0xa4, 0x40,
  0xf0, 0xa4, 0xa1, 0x4b, 0xea, 0xc0, 0xf7, 0x42, 0x32, 0x0c, 0xea, 0xcc, 0xea, 0xae, 0xec, 0x0c,
  0xec, 0x40, 0x32, 0x6d, 0xea, 0x8b, 0xec, 0x79, 0x67, 0x64, 0xa3, 0xc0, 0xf7, 0x82, 0x34, 0x0c,
  0xec, 0xcc, 0xec, 0x80, 0x34, 0x6c, 0xee, 0x88, 0x34, 0xc0, 0x36, 0xd0, 0x36, 0x4d, 0xec, 0x01,
  0x91, 0x00, 0x90, 0xcd, 0xec, 0xff, 0xf7, 0x1f, 0x6a, 0x8c, 0xea, 0x20, 0xe8, 0x01, 0x63, 0x00,
  0x65, 0x00, 0xde, 0x12, 0x80, 0xfd, 0x63, 0x05, 0x62, 0x04, 0xd0, 0x08, 0xb2, 0x40, 0xea, 0x04,
  0x67, 0x60, 0xa0, 0x07, 0xb2, 0x20, 0xf0, 0x7e, 0xc2, 0x69, 0xa0, 0x40, 0xf0, 0x64, 0xc2, 0x05,
  0x97, 0x04, 0x90, 0x00, 0xef, 0x03, 0x63, 0x00, 0x65, 0xc9, 0x83, 0x08, 0x80, 0x00, 0xde, 0x12,
  0x80, 0xfd, 0x63, 0x05, 0x62, 0x03, 0xb2, 0x40, 0xea, 0x00, 0x65, 0x05, 0x97, 0x00, 0xef, 0x03,
  0x63, 0x65, 0x94, 0x11, 0x80, 0xfd, 0x63, 0x05, 0x62, 0x03, 0xb2, 0x40, 0xea, 0x00, 0x65, 0x05,
  0x97, 0x00, 0xef, 0x03, 0x63, 0x19, 0x95, 0x11, 0x80, 0xfb, 0x63, 0x09, 0x62, 0x08, 0xd1, 0x07,
  0xd0, 0x60, 0xa4, 0x2b, 0x2b, 0x17, 0xb7, 0x40, 0x9f, 0x01, 0x68, 0x0c, 0xea, 0x20, 0x22, 0x45,
  0x67, 0x24, 0x67, 0x0c, 0x6e, 0x82, 0x67, 0x14, 0xb5, 0x14, 0xb2, 0x05, 0xd7, 0x40, 0xea, 0x04,
  0xd3, 0x40, 0xa1, 0x05, 0x97, 0x04, 0x93, 0x50, 0x32, 0x04, 0x4a, 0xe9, 0xe2, 0x60, 0xda, 0x62,
  0xda, 0x61, 0xda, 0x63, 0xda, 0x40, 0xa1, 0x01, 0x6b, 0x6b, 0xeb, 0x50, 0x32, 0x49, 0xe7, 0x69,
  0xc2, 0x40, 0xa1, 0x01, 0x6b, 0x04, 0xea, 0x40, 0x9f, 0x0f, 0xe8, 0x4c, 0xe8, 0x00, 0xdf, 0x09,
  0x97, 0x08, 0x91, 0x07, 0x90, 0x43, 0x67, 0x00, 0xef, 0x05, 0x63, 0x00, 0x6b, 0xf8, 0x17, 0x00,
  0x65, 0x28, 0xfa, 0x12, 0x80, 0x30, 0xfa, 0x12, 0x80, 0x5d, 0xee, 0x00, 0x80, 0x09, 0xb5, 0x60,
  0x9d, 0xff, 0x6a, 0x01, 0x73, 0x07, 0x61, 0x20, 0xe8, 0x00, 0x65, 0x4d, 0xeb, 0x60, 0xdd, 0x82,
  0xcd, 0x20, 0xe8, 0x00, 0x6a, 0x01, 0x6a, 0xc3, 0x67, 0x4c, 0xee, 0xf7, 0x26, 0x20, 0xe8, 0xff,
  0x6a, 0x28, 0xfa, 0x12, 0x80, 0xfc, 0x63, 0x07, 0x62, 0x0c, 0xb2, 0xa4, 0x67, 0x0c, 0xb4, 0x40,
  0xea, 0x00, 0x65, 0x0e, 0x22, 0x0b, 0xb2, 0x85, 0xaa, 0x0b, 0xb2, 0x40, 0xea, 0x04, 0x05, 0xff,
  0x72, 0x07, 0x60, 0x5d, 0x67, 0x88, 0xaa, 0x09, 0xb2, 0x40, 0xea, 0x00, 0x65, 0x04, 0xb3, 0x40,
  0xc3, 0x07, 0x97, 0x00, 0xef, 0x04, 0x63, 0x00, 0x65, 0x89, 0xa2, 0x11, 0x80, 0x3c, 0xfa, 0x12,
  0x80, 0x00, 0xde, 0x12, 0x80, 0xc9, 0x01, 0x07, 0x80, 0xfd, 0xa2, 0x11, 0x80, 0xfa, 0x63, 0x0b,
  0x62, 0x0a, 0xd0, 0x00, 0x6a, 0x04, 0x67, 0x04, 0xd2, 0x05, 0xd2, 0x06, 0xd2, 0x0f, 0xb2, 0x40,
  0xea, 0x04, 0x04, 0x7d, 0x67, 0x20, 0xf6, 0x19, 0x6a, 0x4e, 0xcb, 0x49, 0xab, 0x1e, 0xc3, 0x02,
  0x6c, 0x5f, 0xc3, 0x4a, 0xab, 0x20, 0xf0, 0x40, 0xc3, 0x4b, 0xab, 0x20, 0xf0, 0x41, 0xc3, 0x68,
  0xab, 0x5d, 0x67, 0x71, 0xca, 0x06, 0xb2, 0x08, 0x96, 0x40, 0x9a, 0x40, 0xea, 0x07, 0x95, 0x0b,
  0x97, 0x0a, 0x90, 0x00, 0xef, 0x06, 0x63, 0x00, 0x65, 0x25, 0xa3, 0x11, 0x80, 0x78, 0x00, 0x12,
  0x80, 0x68, 0xac, 0xff, 0x73, 0x2a, 0x60, 0x17, 0xb2, 0xb0, 0xa2, 0x27, 0x25, 0xa0, 0xf2, 0x1c,
  0x6d, 0xb8, 0xeb, 0x15, 0xb3, 0x45, 0xaa, 0x12, 0xed, 0xad, 0xe3, 0x40, 0xf2, 0x74, 0xab, 0x6e,
  0xea, 0x1c, 0x2a, 0x6a, 0xa4, 0x11, 0xb2, 0x6c, 0x33, 0x69, 0xe2, 0x40, 0xa2, 0x04, 0x22, 0x43,
  0xa4, 0x04, 0x6b, 0x6c, 0xea, 0x12, 0x2a, 0x0e, 0xb2, 0x40, 0xa2, 0x0a, 0x5a, 0x0e, 0x61, 0xfd,
  0x63, 0x05, 0x62, 0x0c, 0xb2, 0x40, 0xea, 0x02, 0x6c, 0x00, 0xf2, 0x00, 0x6c, 0x0a, 0xb2, 0x40,
  0xea, 0x00, 0x65, 0x05, 0x97, 0x00, 0x6a, 0x00, 0xef, 0x03, 0x63, 0x20, 0xe8, 0x00, 0x6a, 0x00,
  0x65, 0x00, 0xde, 0x12, 0x80, 0x50, 0x1c, 0x13, 0x80, 0xe4, 0x32, 0x12, 0x80, 0x3d, 0xfa, 0x12,
  0x80, 0x6d, 0xa3, 0x11, 0x80, 0x99, 0x32, 0x01, 0x80, 0xf8, 0x63, 0x0f, 0x62, 0x0e, 0xd1, 0x0d,
  0xd0, 0x24, 0xb2, 0x85, 0xaa, 0x24, 0xb2, 0x40, 0xea, 0x0b, 0x05, 0xff, 0x72, 0x23, 0xb0, 0x38,
  0x67, 0x40, 0xa0, 0x2a, 0x21, 0x17, 0x2a, 0x5d, 0x67, 0x96, 0xaa, 0x21, 0xb2, 0x40, 0xea, 0x00,
  0x65, 0x20, 0xb3, 0x40, 0xc3, 0xff, 0x6b, 0x6e, 0xea, 0x1f, 0xb4, 0x20, 0xb3, 0x10, 0x2a, 0x05,
  0xd4, 0x06, 0xd2, 0x04, 0xd2, 0x88, 0xf6, 0x07, 0x6f, 0x42, 0xf7, 0x15, 0x6e, 0xfe, 0x6d, 0x02,
  0x6c, 0x40, 0xeb, 0x00, 0x65, 0x0f, 0x97, 0x0e, 0x91, 0x0d, 0x90, 0x00, 0xef, 0x08, 0x63, 0x01,
  0x6a, 0x40, 0xc0, 0x01, 0x6a, 0x05, 0xd4, 0x06, 0xd2, 0x04, 0xd2, 0x88, 0xf6, 0x06, 0x6f, 0x42,
  0xf7, 0x1a, 0x6e, 0xfe, 0x6d, 0x01, 0x6c, 0xec, 0x17, 0xed, 0x22, 0x0e, 0xb4, 0x10, 0xb2, 0x40,
  0xea, 0x08, 0x05, 0x0d, 0xb2, 0x05, 0xd2, 0x01, 0x6a, 0x04, 0xd2, 0x06, 0xd1, 0x88, 0xf6, 0x06,
  0x6f, 0x62, 0xf7, 0x05, 0x6e, 0xfe, 0x6d, 0x05, 0x6c, 0x08, 0xb2, 0x40, 0xea, 0x20, 0xc0, 0xda,
  0x17, 0x00, 0xde, 0x12, 0x80, 0xc9, 0x01, 0x07, 0x80, 0x00, 0xf8, 0x12, 0x80, 0xfd, 0xa2, 0x11,
  0x80, 0x3c, 0xfa, 0x12, 0x80, 0x14, 0xd7, 0x11, 0x80, 0x11, 0x46, 0x08, 0x80, 0x89, 0xa2, 0x11,
  0x80, 0xf7, 0x63, 0x11, 0x62, 0x10, 0xd1, 0x0f, 0xd0, 0x00, 0x69, 0x0c, 0x02, 0x0b, 0xd2, 0x08,
  0xd1, 0x09, 0xd1, 0x0a, 0xd1, 0x0c, 0xd1, 0x3b, 0xb2, 0x40, 0xea, 0x0d, 0xd1, 0x02, 0x67, 0x5d,
  0x67, 0x20, 0xf0, 0x24, 0xc2, 0x0b, 0x94, 0x01, 0x6b, 0x50, 0x67, 0x6c, 0xea, 0xff, 0xf7, 0x1f,
  0x6d, 0xac, 0xea, 0x24, 0xc4, 0x21, 0x22, 0x34, 0xb2, 0xa1, 0x9a, 0x05, 0x25, 0xbd, 0x67, 0x20,
  0xf0, 0x64, 0xc5, 0x62, 0xaa, 0x63, 0xca, 0x32, 0x9a, 0x00, 0x6b, 0x62, 0xca, 0x5e, 0xa1, 0x7f,
  0xa1, 0x4e, 0xeb, 0x10, 0x23, 0x01, 0x6b, 0x64, 0xc4, 0x5f, 0xc1, 0x06, 0xd2, 0x2b, 0xb2, 0x05,
  0xd2, 0x01, 0x6a, 0x04, 0xd2, 0x29, 0xf4, 0x12, 0x6f, 0x60, 0xf6, 0x09, 0x6e, 0xfe, 0x6d, 0x28,
  0xb2, 0x40, 0xea, 0x04, 0x6c, 0x00, 0x6a, 0x5e, 0xc1, 0x26, 0xb2, 0x40, 0xea, 0x90, 0x67, 0x7d,
  0x67, 0x20, 0xf0, 0x48, 0xc3, 0x04, 0x6a, 0x0c, 0xea, 0x22, 0x2a, 0x20, 0xf0, 0x45, 0xc3, 0x08,
  0x6a, 0x4c, 0xe8, 0x29, 0x28, 0x5d, 0x67, 0x20, 0xf0, 0x06, 0xc2, 0x1f, 0xb2, 0x40, 0xea, 0x08,
  0x04, 0x1e, 0xb2, 0x40, 0xea, 0x08, 0x04, 0x02, 0x67, 0x1d, 0xb2, 0x40, 0xea, 0x08, 0x04, 0x04,
  0x20, 0xb0, 0x67, 0x1c, 0xb2, 0x40, 0xea, 0x27, 0x6c, 0x1b, 0xb2, 0x40, 0xea, 0x00, 0x65, 0x1b,
  0xb2, 0x40, 0xea, 0x00, 0x65, 0x11, 0x97, 0x10, 0x91, 0x0f, 0x90, 0x00, 0xef, 0x09, 0x63, 0x01,
  0x6a, 0x7d, 0x67, 0x20, 0xf0, 0x45, 0xc3, 0x0c, 0xb2, 0x00, 0x6b, 0x40, 0xf0, 0x61, 0xc2, 0x01,
  0x6b, 0x6b, 0xeb, 0x6d, 0xca, 0xd4, 0x17, 0x01, 0x6a, 0x7d, 0x67, 0x20, 0xf0, 0x46, 0xc3, 0x06,
  0xb2, 0x00, 0x6b, 0x40, 0xf0, 0x62, 0xc2, 0x01, 0x6b, 0x6b, 0xeb, 0x6e, 0xca, 0xce, 0x17, 0x00,
  0x65, 0xd1, 0x82, 0x08, 0x80, 0x00, 0xde, 0x12, 0x80, 0x14, 0xd7, 0x11, 0x80, 0x11, 0x46, 0x08,
  0x80, 0xd9, 0x9f, 0x11, 0x80, 0x91, 0xa0, 0x11, 0x80, 0x41, 0xa1, 0x11, 0x80, 0x35, 0xa2, 0x11,
  0x80, 0x69, 0xf4, 0x00, 0x80, 0x4d, 0x97, 0x11, 0x80, 0x39, 0xa4, 0x11, 0x80, 0xfc, 0x63, 0x07,
  0x62, 0x01, 0x6a, 0x4b, 0xea, 0x05, 0xd2, 0x14, 0xb2, 0xa2, 0xa2, 0x00, 0x6a, 0xa3, 0xea, 0x02,
  0x60, 0x04, 0x5a, 0x10, 0x61, 0x7d, 0x67, 0x40, 0xf6, 0x05, 0x6a, 0x48, 0xcb, 0x00, 0x6a, 0x52,
  0xc3, 0xb3, 0xc3, 0x0e, 0xb2, 0x05, 0x96, 0x04, 0x95, 0x40, 0x9a, 0x40, 0xea, 0x02, 0x6c, 0x07,
  0x97, 0x00, 0xef, 0x04, 0x63, 0x84, 0x42, 0x84, 0x34, 0x09, 0xb3, 0x8d, 0xe3, 0x60, 0xab, 0xff,
  0xf7, 0x1f, 0x73, 0xe8, 0x60, 0x9d, 0x67, 0x51, 0xe4, 0x74, 0xc4, 0x01, 0x4a, 0xff, 0x6b, 0x6c,
  0xea, 0xdd, 0x17, 0x00, 0x65, 0x90, 0xfa, 0x12, 0x80, 0x78, 0x00, 0x12, 0x80, 0x6c, 0xfa, 0x12,
  0x80, 0xfa, 0x63, 0x0b, 0x62, 0x0a, 0xd1, 0x09, 0xd0, 0x00, 0x6a, 0x25, 0x67, 0x04, 0x67, 0x04,
  0xd2, 0x05, 0xd2, 0x06, 0x05, 0x28, 0xb2, 0x40, 0xea, 0x91, 0x67, 0x44, 0x2a, 0x01, 0x70, 0x14,
  0x60, 0x02, 0x70, 0x2a, 0x60, 0x07, 0x6a, 0x7d, 0x67, 0x51, 0xc3, 0x7d, 0x67, 0x45, 0x6a, 0x50,
  0xc3, 0x12, 0xc3, 0x22, 0xb2, 0x05, 0x96, 0x04, 0x95, 0x40, 0x9a, 0x40, 0xea, 0x02, 0x6c, 0x0b,
  0x97, 0x0a, 0x91, 0x09, 0x90, 0x00, 0xef, 0x06, 0x63, 0x5d, 0x67, 0x6c, 0xaa, 0x33, 0xc2, 0xa0,
  0xf2, 0x1c, 0x6a, 0x58, 0xeb, 0x1a, 0xb2, 0x9d, 0x67, 0x12, 0xeb, 0x69, 0xe2, 0x60, 0xf0, 0x7c,
  0xaa, 0x74, 0xc4, 0x00, 0xf1, 0x81, 0xa2, 0x7d, 0x67, 0x95, 0xc3, 0x00, 0xf1, 0x82, 0xa2, 0x00,
  0xf1, 0x43, 0xa2, 0x96, 0xc3, 0x57, 0xc3, 0xd6, 0x17, 0x5d, 0x67, 0x6c, 0xaa, 0x33, 0xc2, 0xa0,
  0xf2, 0x1c, 0x6a, 0x58, 0xeb, 0x0e, 0xb2, 0x12, 0xeb, 0x69, 0xe2, 0x00, 0xf1, 0x84, 0xa2, 0x7d,
  0x67, 0x94, 0xc3, 0x00, 0xf1, 0x85, 0xa2, 0x95, 0xc3, 0x00, 0xf1, 0x86, 0xa2, 0x00, 0xf1, 0x47,
  0xa2, 0x96, 0xc3, 0xe8, 0x17, 0x02, 0x6a, 0x7d, 0x67, 0x51, 0xc3, 0x01, 0x6a, 0x4b, 0xea, 0x33,
  0xc3, 0x05, 0xd2, 0xbb, 0x17, 0xc9, 0x01, 0x07, 0x80, 0x78, 0x00, 0x12, 0x80, 0x50, 0x1c, 0x13,
  0x80, 0xfd, 0x63, 0x05, 0x62, 0x06, 0xb2, 0x07, 0xb3, 0x82, 0xa2, 0x40, 0xa3, 0x8e, 0xea, 0x03,
  0x22, 0x05, 0xb2, 0x40, 0xea, 0x80, 0xc3, 0x05, 0x97, 0x00, 0xef, 0x03, 0x63, 0x90, 0xfa, 0x12,
  0x80, 0x1b, 0xfa, 0x12, 0x80, 0x1d, 0xa6, 0x11, 0x80, 0xfc, 0x63, 0x07, 0x62, 0x06, 0xd1, 0x05,
  0xd0, 0x1a, 0xb1, 0x50, 0xa1, 0x10, 0x6c, 0x22, 0x22, 0x19, 0xb2, 0x40, 0xea, 0x00, 0x68, 0x19,
  0xb2, 0x40, 0x9a, 0x80, 0xf1, 0x10, 0x6c, 0x40, 0xea, 0x00, 0x6d, 0x17, 0xb2, 0x42, 0xa2, 0x43,
  0xe8, 0x17, 0x61, 0x16, 0xb2, 0x40, 0xea, 0x00, 0x65, 0x15, 0xb2, 0x40, 0xea, 0x00, 0x65, 0x15,
  0xb5, 0x15, 0xb2, 0x40, 0xea, 0x27, 0x6c, 0x15, 0xb2, 0x40, 0xea, 0x85, 0xa9, 0x14, 0xb2, 0x40,
  0xea, 0x00, 0x65, 0x07, 0x97, 0x06, 0x91, 0x05, 0x90, 0x00, 0xef, 0x04, 0x63, 0x11, 0xb2, 0xdd,
  0x17, 0x64, 0x40, 0x64, 0x33, 0x10, 0xb2, 0x69, 0xe2, 0x80, 0xaa, 0x10, 0xb2, 0x40, 0xea, 0x01,
  0x48, 0xff, 0x6a, 0x4c, 0xe8, 0xda, 0x17, 0x00, 0x65, 0x00, 0xde, 0x12, 0x80, 0x15, 0x34, 0x01,
  0x80, 0xe8, 0x04, 0x12, 0x80, 0x90, 0xfa, 0x12, 0x80, 0x19, 0x81, 0x08, 0x80, 0x61, 0x9b, 0x11,
  0x80, 0x00, 0x00, 0x01, 0x00, 0x69, 0xf4, 0x00, 0x80, 0xd1, 0x9b, 0x11, 0x80, 0x41, 0xa7, 0x11,
  0x80, 0xe1, 0x33, 0x01, 0x80, 0x6c, 0xfa, 0x12, 0x80, 0xf9, 0x7f, 0x08, 0x80, 0xfc, 0x63, 0x07,
  0x62, 0x01, 0x6a, 0x4b, 0xea, 0x7d, 0x67, 0x05, 0xd2, 0x40, 0xf6, 0x05, 0x6a, 0x48, 0xcb, 0x10,
  0x6a, 0x52, 0xc3, 0x0a, 0xb3, 0x90, 0xa3, 0xbd, 0x67, 0x8b, 0xea, 0xc0, 0xf7, 0x42, 0x32, 0x53,
  0xc5, 0x02, 0x24, 0x45, 0xab, 0x54, 0xc5, 0x06, 0xb2, 0x05, 0x96, 0x04, 0x95, 0x40, 0x9a, 0x40,
  0xea, 0x02, 0x6c, 0x07, 0x97, 0x00, 0xef, 0x04, 0x63, 0x00, 0xde, 0x12, 0x80, 0x78, 0x00, 0x12,
  0x80, 0xfc, 0x63, 0x07, 0x62, 0x01, 0x6a, 0x4b, 0xea, 0x7d, 0x67, 0x05, 0xd2, 0x40, 0xf6, 0x05,
  0x6a, 0x48, 0xcb, 0x20, 0x6a, 0x52, 0xc3, 0x0a, 0xb3, 0x8e, 0xa3, 0xbd, 0x67, 0x8b, 0xea, 0xc0,
  0xf7, 0x42, 0x32, 0x53, 0xc5, 0x02, 0x24, 0x46, 0xab, 0x54, 0xc5, 0x06, 0xb2, 0x05, 0x96, 0x04,
  0x95, 0x40, 0x9a, 0x40, 0xea, 0x02, 0x6c, 0x07, 0x97, 0x00, 0xef, 0x04, 0x63, 0x00, 0xde, 0x12,
  0x80, 0x78, 0x00, 0x12, 0x80, 0xfd, 0x63, 0x05, 0x62, 0x10, 0xb2, 0x40, 0xa2, 0x01, 0x6b, 0x4c,
  0xeb, 0x11, 0x23, 0x0f, 0xb2, 0xff, 0xf7, 0x1f, 0x6b, 0x00, 0xf2, 0x00, 0x6d, 0x40, 0xaa, 0x6c,
  0xea, 0x4d, 0xed, 0x0c, 0xb2, 0x40, 0x9a, 0x80, 0xf2, 0x10, 0x6c, 0x40, 0xea, 0x6c, 0xed, 0x05,
  0x97, 0x00, 0xef, 0x03, 0x63, 0x04, 0x6b, 0x6c, 0xea, 0xfa, 0x22, 0x05, 0xb2, 0xff, 0xf5, 0x1f,
  0x6d, 0x60, 0xaa, 0x04, 0xb2, 0x40, 0x9a, 0xef, 0x17, 0x18, 0xfa, 0x12, 0x80, 0x90, 0x02, 0x00,
  0xb6, 0xe8, 0x04, 0x12, 0x80, 0xfd, 0x63, 0x05, 0x62, 0x0b, 0xb5, 0x0c, 0xb2, 0x60, 0x9a, 0xa0,
  0xad, 0xff, 0xf7, 0x1f, 0x6a, 0x0a, 0x24, 0x4c, 0xed, 0x01, 0xf0, 0x00, 0x6c, 0x8d, 0xed, 0x4c,
  0xed, 0x40, 0xeb, 0x5e, 0x6c, 0x05, 0x97, 0x00, 0xef, 0x03, 0x63, 0x01, 0xf0, 0x01, 0x6c, 0x8b,
  0xec, 0x8c, 0xea, 0xf5, 0x17, 0x5e, 0x00, 0x00, 0xb6, 0xe8, 0x04, 0x12, 0x80, 0xf9, 0x63, 0x0d,
  0x62, 0x0c, 0xd1, 0x0b, 0xd0, 0x3d, 0xb3, 0x04, 0x67, 0x02, 0x6c, 0x40, 0xeb, 0x08, 0xd3, 0x3c,
  0xb1, 0x08, 0x93, 0x5c, 0x22, 0x00, 0xf2, 0x00, 0x6c, 0x40, 0xeb, 0x00, 0x65, 0x57, 0x22, 0x39,
  0xb2, 0x48, 0xa2, 0x54, 0x22, 0x4c, 0xa1, 0x2b, 0x20, 0x01, 0x72, 0x18, 0x67, 0x23, 0x28, 0x36,
  0xb2, 0xff, 0xf3, 0x1f, 0x6d, 0xff, 0x6c, 0x60, 0xaa, 0x34, 0xb2, 0x1d, 0x4c, 0x6c, 0xed, 0x60,
  0x9a, 0x40, 0xeb, 0x08, 0xd2, 0x32, 0xb3, 0x08, 0x92, 0x7f, 0xf7, 0x1f, 0x6d, 0x60, 0xab, 0x40,
  0x9a, 0xff, 0x6c, 0x6c, 0xed, 0x40, 0xea, 0x21, 0x4c, 0x2e, 0xb2, 0x05, 0xd2, 0x01, 0x6a, 0x0c,
  0xc1, 0x06, 0xd0, 0x04, 0xd2, 0x88, 0xf6, 0x05, 0x6f, 0x63, 0xf2, 0x10, 0x6e, 0xfe, 0x6d, 0x2a,
  0xb2, 0x40, 0xea, 0x05, 0x6c, 0x0d, 0x97, 0x0c, 0x91, 0x0b, 0x90, 0x00, 0xef, 0x07, 0x63, 0xfa,
  0x2a, 0x21, 0xb2, 0xff, 0xf7, 0x1f, 0x68, 0xff, 0x6c, 0xa0, 0xaa, 0x00, 0xf4, 0x00, 0x6a, 0x1d,
  0x4c, 0x0c, 0xed, 0x4d, 0xed, 0x1d, 0xb2, 0x60, 0x9a, 0x0c, 0xed, 0x40, 0xeb, 0x08, 0xd2, 0x1c,
  0xb3, 0x08, 0x92, 0xff, 0x6c, 0xa0, 0xab, 0x40, 0x9a, 0x80, 0x6b, 0x0c, 0xed, 0x6d, 0xed, 0x0c,
  0xed, 0x40, 0xea, 0x21, 0x4c, 0x01, 0x6a, 0x4c, 0xc1, 0x16, 0xb3, 0x01, 0x6a, 0x06, 0xd2, 0x05,
  0xd3, 0x04, 0xd2, 0x88, 0xf6, 0x05, 0x6f, 0x63, 0xf2, 0x17, 0x6e, 0xd0, 0x17, 0x0e, 0xb2, 0x0f,
  0xb0, 0xff, 0xf3, 0x1f, 0x6d, 0x40, 0xaa, 0xff, 0x6c, 0x4c, 0xed, 0x40, 0x98, 0x40, 0xea, 0x1d,
  0x4c, 0x0b, 0xb2, 0x7f, 0xf7, 0x1f, 0x6d, 0xff, 0x6c, 0x60, 0xaa, 0x40, 0x98, 0x21, 0x4c, 0x40,
  0xea, 0x6c, 0xed, 0x00, 0x6a, 0x4c, 0xc1, 0xbe, 0x17, 0x99, 0x32, 0x01, 0x80, 0x40, 0xfa, 0x12,
  0x80, 0x90, 0xfa, 0x12, 0x80, 0x1c, 0x01, 0x00, 0xb6, 0xe8, 0x04, 0x12, 0x80, 0x20, 0x01, 0x00,
  0xb6, 0x14, 0xd7, 0x11, 0x80, 0x11, 0x46, 0x08, 0x80, 0xfb, 0x63, 0x09, 0x62, 0x08, 0xd1, 0x07,
  0xd0, 0x13, 0xb2, 0xc0, 0xf1, 0x4f, 0xa2, 0x01, 0x69, 0x2c, 0xea, 0x1a, 0x22, 0x40, 0x9c, 0x10,
  0xf0, 0x00, 0x6b, 0x6c, 0xea, 0x15, 0x22, 0x0f, 0xb2, 0x60, 0xa2, 0x12, 0x2b, 0x0e, 0xb0, 0xd0,
  0xf0, 0x03, 0x6e, 0x00, 0x6d, 0x0e, 0x6c, 0x40, 0xe8, 0x04, 0xd2, 0x5f, 0xf7, 0x10, 0x6e, 0x00,
  0x6d, 0x40, 0xe8, 0x22, 0x6c, 0xc3, 0x6e, 0x00, 0x6d, 0x40, 0xe8, 0x0e, 0x6c, 0x04, 0x92, 0x20,
  0xc2, 0x09, 0x97, 0x08, 0x91, 0x07, 0x90, 0x00, 0xef, 0x05, 0x63, 0x00, 0x65, 0xa8, 0x00, 0x12,
  0x80, 0xb1, 0xf8, 0x12, 0x80, 0x2d, 0xcc, 0x03, 0x80, 0xf9, 0x63, 0x0d, 0x62, 0x0c, 0xd1, 0x0b,
  0xd0, 0x43, 0x85, 0x00, 0x52, 0x69, 0x60, 0x3a, 0xb3, 0x05, 0x67, 0xff, 0x6c, 0x40, 0xa3, 0x80,
  0x6d, 0xab, 0xed, 0x8c, 0xea, 0xad, 0xea, 0x8c, 0xea, 0x40, 0xc3, 0x40, 0x98, 0x35, 0xb3, 0x36,
  0xb1, 0x68, 0xf6, 0x14, 0x6f, 0x6c, 0xea, 0x06, 0xd2, 0x01, 0x6a, 0xc1, 0xf7, 0x12, 0x6e, 0xfe,
  0x6d, 0x04, 0xd2, 0x04, 0x6c, 0x05, 0xd1, 0x31, 0xb2, 0x40, 0xea, 0x08, 0xd3, 0x30, 0xb2, 0x40,
  0xea, 0x90, 0x67, 0x30, 0xb2, 0x40, 0xea, 0x90, 0x67, 0x2f, 0xb2, 0x40, 0xea, 0x90, 0x67, 0x2f,
  0xb2, 0x40, 0xea, 0x90, 0x67, 0x2e, 0xb2, 0x40, 0xea, 0x90, 0x67, 0x2e, 0xb2, 0x40, 0xea, 0x90,
  0x67, 0x2d, 0xb2, 0x40, 0xea, 0x90, 0x67, 0x40, 0x98, 0x08, 0x93, 0x24, 0xb0, 0x4c, 0xeb, 0x03,
  0x6a, 0x4c, 0xeb, 0x32, 0x2b, 0x29, 0xb2, 0x40, 0xa2, 0x04, 0x22, 0x29, 0xb2, 0x40, 0x9a, 0x40,
  0xea, 0x00, 0x65, 0x28, 0xb3, 0x41, 0xa3, 0x01, 0x6c, 0x8e, 0xea, 0x1d, 0x2a, 0x41, 0xc3, 0x26,
  0xb2, 0x40, 0xea, 0x00, 0x65, 0x25, 0xb3, 0x26, 0xb2, 0xa0, 0x9a, 0x40, 0x9b, 0x08, 0xd3, 0x40,
  0xea, 0x09, 0xd5, 0x09, 0x95, 0x40, 0xed, 0x82, 0x67, 0x08, 0x93, 0x40, 0x9b, 0x40, 0xea, 0x00,
  0x65, 0x06, 0xd2, 0x01, 0x6a, 0x05, 0xd1, 0x04, 0xd2, 0x05, 0xf7, 0x19, 0x6f, 0x22, 0xf0, 0x1f,
  0x6e, 0xfe, 0x6d, 0x40, 0xe8, 0x01, 0x6c, 0x1b, 0xb3, 0x40, 0xeb, 0x00, 0x6c, 0x40, 0xeb, 0x01,
  0x6c, 0x40, 0xeb, 0x02, 0x6c, 0x40, 0xeb, 0x03, 0x6c, 0x17, 0xb2, 0x40, 0xea, 0x00, 0x65, 0x0d,
  0x97, 0x0c, 0x91, 0x0b, 0x90, 0x01, 0x6a, 0x00, 0xef, 0x07, 0x63, 0x00, 0x65, 0xbd, 0xad, 0x00,
  0xb0, 0xff, 0xff, 0xff, 0x7f, 0x14, 0xd7, 0x11, 0x80, 0x11, 0x46, 0x08, 0x80, 0x41, 0x9e, 0x11,
  0x80, 0x71, 0x9d, 0x11, 0x80, 0x65, 0x9f, 0x11, 0x80, 0x01, 0x9f, 0x11, 0x80, 0x69, 0x9e, 0x11,
  0x80, 0x39, 0xaa, 0x11, 0x80, 0x41, 0x9f, 0x11, 0x80, 0x8c, 0x1c, 0x12, 0x80, 0x68, 0x00, 0x12,
  0x80, 0x88, 0x1c, 0x12, 0x80, 0xdd, 0xc9, 0x11, 0x80, 0xc0, 0x06, 0x12, 0x80, 0xc4, 0x06, 0x12,
  0x80, 0xa9, 0x9a, 0x11, 0x80, 0x19, 0x81, 0x08, 0x80, 0xfa, 0x63, 0x0b, 0x62, 0x0a, 0xd1, 0x09,
  0xd0, 0x36, 0xb7, 0x6f, 0xa7, 0x00, 0x6a, 0x48, 0x23, 0x00, 0x6b, 0x00, 0x69, 0x00, 0x68, 0x84,
  0x41, 0x84, 0x34, 0x33, 0xb2, 0x89, 0xe2, 0x80, 0xaa, 0xff, 0x74, 0x31, 0x60, 0x06, 0xd3, 0xff,
  0x6a, 0x7d, 0x67, 0x48, 0xcb, 0x2f, 0xb2, 0x40, 0xea, 0x04, 0x05, 0x5d, 0x67, 0x48, 0xaa, 0x06,
  0x93, 0x00, 0x6d, 0x3a, 0x65, 0x2c, 0xb2, 0xb9, 0xe2, 0x80, 0xf1, 0x91, 0xa6, 0xff, 0x74, 0x12,
  0x60, 0x59, 0x67, 0x4e, 0xec, 0x0f, 0x2c, 0xa0, 0xf1, 0x89, 0xa6, 0x27, 0xb6, 0x88, 0x32, 0x91,
  0xe2, 0xd0, 0xf0, 0x48, 0x45, 0x44, 0x32, 0x49, 0xe6, 0x40, 0xaa, 0x42, 0xec, 0x02, 0x6a, 0x01,
  0x60, 0x01, 0x6a, 0x4d, 0xe8, 0x01, 0x4d, 0xff, 0x6a, 0x4c, 0xed, 0x06, 0x5d, 0xe3, 0x61, 0x01,
  0x4b, 0x4c, 0xeb, 0x03, 0x70, 0x1d, 0xb2, 0x42, 0xa2, 0x08, 0x60, 0x43, 0xeb, 0x05, 0x60, 0x01,
  0x49, 0xff, 0x6a, 0x4c, 0xe9, 0x0b, 0x59, 0xc3, 0x61, 0x02, 0x20, 0x40, 0xf0, 0x00, 0xc7, 0x40,
  0xf0, 0x40, 0xa7, 0x03, 0x6b, 0x6c, 0xea, 0x50, 0x32, 0x14, 0xb4, 0x62, 0xa4, 0x04, 0x5b, 0x01,
  0x61, 0x03, 0x6b, 0x40, 0xf0, 0xa2, 0xa7, 0x3f, 0x6c, 0x78, 0x33, 0x8c, 0xea, 0x40, 0xf0, 0x84,
  0xa7, 0x01, 0x6e, 0x6d, 0xea, 0x40, 0xf0, 0x63, 0xa7, 0xcc, 0xed, 0xa4, 0x35, 0xcc, 0xec, 0x88,
  0x34, 0xad, 0xea, 0xcc, 0xeb, 0x6c, 0x33, 0x8d, 0xea, 0x0b, 0x97, 0x0a, 0x91, 0x09, 0x90, 0x6d,
  0xea, 0xff, 0x6b, 0x6c, 0xea, 0x00, 0xef, 0x06, 0x63, 0x00, 0xde, 0x12, 0x80, 0x6c, 0xfa, 0x12,
  0x80, 0xd9, 0xd2, 0x11, 0x80, 0xb0, 0x55, 0x12, 0x80, 0x90, 0xfa, 0x12, 0x80, 0xfa, 0x63, 0x0b,
  0x62, 0x0a, 0xd1, 0x09, 0xd0, 0x84, 0x31, 0x89, 0xe1, 0x22, 0xb0, 0x44, 0x32, 0x49, 0xe0, 0x48,
  0xaa, 0xff, 0xf7, 0x1f, 0x72, 0x3a, 0x60, 0x64, 0x67, 0x1f, 0xb4, 0x00, 0xf1, 0x43, 0xa4, 0x00,
  0xf1, 0xe2, 0xa4, 0x40, 0x32, 0xed, 0xea, 0x40, 0x32, 0x40, 0x32, 0x43, 0x32, 0x43, 0x32, 0xa9,
  0xe2, 0xbf, 0xf7, 0x06, 0x52, 0x0d, 0x61, 0x00, 0xf1, 0x45, 0xa4, 0x00, 0xf1, 0xc4, 0xa4, 0x40,
  0x32, 0xcd, 0xea, 0x40, 0x32, 0x40, 0x32, 0x43, 0x32, 0x43, 0x32, 0xa9, 0xe2, 0x0b, 0x52, 0x11,
  0x61, 0x00, 0x6a, 0x06, 0xd2, 0x11, 0xb2, 0x05, 0xd2, 0x01, 0x6a, 0x04, 0xd2, 0xfe, 0x6d, 0x68,
  0xf6, 0x1c, 0x6f, 0x41, 0xf6, 0x10, 0x6e, 0x02, 0x6c, 0x0d, 0xb2, 0x40, 0xea, 0x0c, 0xd3, 0x0c,
  0x93, 0x00, 0x6d, 0x65, 0xe1, 0x24, 0x31, 0x25, 0xe0, 0xb2, 0xc1, 0x00, 0x6a, 0x0b, 0x97, 0x0a,
  0x91, 0x09, 0x90, 0xff, 0x6b, 0x6c, 0xea, 0x00, 0xef, 0x06, 0x63, 0x01, 0x6a, 0x4b, 0xea, 0xf6,
  0x17, 0x40, 0xfa, 0x12, 0x80, 0xa8, 0x00, 0x12, 0x80, 0x14, 0xd7, 0x11, 0x80, 0x11, 0x46, 0x08,
  0x80, 0x04, 0x5c, 0x08, 0x60, 0xfd, 0x63, 0x05, 0x62, 0x04, 0xb2, 0x40, 0xea, 0x00, 0x65, 0x05,
  0x97, 0x00, 0xef, 0x03, 0x63, 0x20, 0xe8, 0x00, 0x65, 0xcd, 0xac, 0x11, 0x80, 0xf5, 0x63, 0x15,
  0x62, 0x14, 0xd1, 0x13, 0xd0, 0x00, 0x6a, 0x0b, 0xd2, 0x42, 0xa4, 0x04, 0x67, 0x2e, 0x72, 0xc0,
  0xf0, 0x0b, 0x60, 0x2f, 0x5a, 0x0f, 0x60, 0x2b, 0x72, 0xc0, 0xf0, 0x03, 0x60, 0x2d, 0x72, 0xe0,
  0xf0, 0x03, 0x60, 0x2a, 0x72, 0xa0, 0xf0, 0x19, 0x60, 0x00, 0x6a, 0x15, 0x97, 0x14, 0x91, 0x13,
  0x90, 0x00, 0xef, 0x0b, 0x63, 0x31, 0x72, 0x4e, 0x60, 0x32, 0x5a, 0x25, 0x60, 0x30, 0x72, 0xf4,
  0x61, 0x7b, 0xb2, 0x85, 0xaa, 0x7b, 0xb2, 0x40, 0xea, 0x0c, 0x05, 0x00, 0x6b, 0x77, 0x2a, 0x5d,
  0x67, 0x78, 0xaa, 0xa0, 0xf2, 0x1c, 0x6a, 0x9d, 0x67, 0x58, 0xeb, 0x77, 0xb2, 0x12, 0xeb, 0x69,
  0xe2, 0x60, 0xf0, 0x7c, 0xaa, 0x20, 0xf0, 0x6c, 0xc4, 0x00, 0xf1, 0x81, 0xa2, 0x7d, 0x67, 0x20,
  0xf0, 0x8d, 0xc3, 0x00, 0xf1, 0x82, 0xa2, 0x00, 0xf1, 0x43, 0xa2, 0x20, 0xf0, 0x8e, 0xc3, 0x20,
  0xf0, 0x4f, 0xc3, 0x04, 0x6b, 0x5b, 0x10, 0x32, 0x72, 0x3c, 0x60, 0x33, 0x72, 0xcd, 0x61, 0x64,
  0xa4, 0x43, 0x84, 0x6a, 0xb4, 0x0e, 0xd2, 0x64, 0x32, 0x69, 0xe2, 0x44, 0x32, 0x49, 0xe4, 0x28,
  0xaa, 0xff, 0xf7, 0x1f, 0x71, 0x61, 0x61, 0xff, 0x6b, 0x0e, 0x92, 0x08, 0xd3, 0x06, 0xd1, 0x07,
  0xd2, 0x63, 0xb2, 0x05, 0xd2, 0x03, 0x6a, 0x04, 0xd2, 0x68, 0xf6, 0x1b, 0x6f, 0x41, 0xf5, 0x1f,
  0x6e, 0xfe, 0x6d, 0x01, 0x6c, 0x5f, 0xb2, 0x40, 0xea, 0x0f, 0xd3, 0x0f, 0x93, 0x5d, 0x67, 0x20,
  0xf0, 0x6c, 0xc2, 0xd7, 0x17, 0xff, 0x6a, 0x7d, 0x67, 0x58, 0xcb, 0x55, 0xb2, 0x85, 0xaa, 0x55,
  0xb2, 0x40, 0xea, 0x0c, 0x05, 0x0c, 0x2a, 0x5d, 0x67, 0x78, 0xaa, 0xa0, 0xf2, 0x1c, 0x6a, 0x58,
  0xeb, 0x51, 0xb2, 0x12, 0xeb, 0x69, 0xe2, 0x60, 0xf0, 0x4e, 0xaa, 0x7d, 0x67, 0x56, 0xcb, 0x02,
  0x6b, 0x1d, 0x10, 0x51, 0xb2, 0x40, 0xea, 0x83, 0xa4, 0x50, 0xb2, 0x40, 0xea, 0x00, 0x65, 0x00,
  0xf5, 0x01, 0x6c, 0x8b, 0xec, 0x4c, 0xec, 0x49, 0xb2, 0x74, 0xaa, 0x05, 0x5b, 0x0b, 0x61, 0xfc,
  0x4b, 0xff, 0x6a, 0x60, 0x33, 0x01, 0x4a, 0x6c, 0xea, 0x00, 0xf4, 0x00, 0x6d, 0x64, 0x33, 0xac,
  0xeb, 0x4d, 0xeb, 0x6d, 0xec, 0x46, 0xb2, 0x40, 0xea, 0x00, 0x65, 0x00, 0x6b, 0x30, 0x6a, 0x9d,
  0x67, 0x20, 0xf0, 0x48, 0xc4, 0x81, 0xa0, 0x5d, 0x67, 0x70, 0x33, 0x20, 0xf0, 0x89, 0xc2, 0x82,
  0xa0, 0x20, 0xf0, 0x6b, 0xc2, 0x0b, 0x96, 0x20, 0xf0, 0x8a, 0xc2, 0x3e, 0xb2, 0x40, 0x9a, 0x0a,
  0x95, 0x40, 0xea, 0x02, 0x6c, 0x01, 0x6a, 0x61, 0x17, 0x0c, 0x05, 0x91, 0x67, 0x31, 0xb2, 0x40,
  0xea, 0x10, 0xd3, 0xff, 0x72, 0x98, 0x60, 0x10, 0x93, 0x5d, 0x67, 0xf8, 0xaa, 0x0e, 0x95, 0x83,
  0x67, 0x35, 0xb2, 0x40, 0xea, 0x0f, 0xd7, 0x0f, 0x97, 0xa0, 0xf2, 0x1c, 0x6a, 0x58, 0xef, 0x2a,
  0xb2, 0x12, 0xeb, 0x69, 0xe2, 0xc0, 0xf0, 0x7c, 0xa2, 0x87, 0x17, 0x42, 0xf6, 0x15, 0x6a, 0x0b,
  0xd2, 0xae, 0x17, 0x2e, 0xb2, 0x40, 0xaa, 0xfb, 0x17, 0x63, 0xa4, 0x02, 0x73, 0x0c, 0x60, 0x04,
  0x73, 0x13, 0x60, 0x01, 0x73, 0x04, 0x6b, 0xc2, 0x61, 0x29, 0xb2, 0xbc, 0xaa, 0x5b, 0xaa, 0x9d,
  0x67, 0xb6, 0xcc, 0x57, 0xcc, 0xbb, 0x17, 0x27, 0xb2, 0xa0, 0xf1, 0x8a, 0xaa, 0xa0, 0xf1, 0x48,
  0xaa, 0x7d, 0x67, 0x96, 0xcb, 0x57, 0xcb, 0x55, 0x17, 0x22, 0xb2, 0x40, 0xf0, 0xa8, 0xaa, 0x9d,
  0x67, 0x40, 0xf0, 0x46, 0xaa, 0xb6, 0xcc, 0xed, 0x17, 0x1d, 0xb2, 0x20, 0xf0, 0x74, 0xa2, 0x5d,
  0x67, 0x20, 0xf0, 0x4c, 0xa2, 0x02, 0x6c, 0x01, 0x6d, 0x8b, 0xec, 0xac, 0xeb, 0x8c, 0xea, 0x6d,
  0xea, 0x18, 0xb3, 0xa0, 0xf1, 0x84, 0xa3, 0x03, 0x6e, 0xcb, 0xee, 0xac, 0xec, 0x40, 0xf0, 0x64,
  0xa3, 0x84, 0x34, 0xcc, 0xea, 0x8d, 0xea, 0x05, 0x6c, 0xac, 0xeb, 0x8b, 0xec, 0x68, 0x33, 0x8c,
  0xea, 0x6d, 0xea, 0x7d, 0x67, 0x20, 0xf0, 0x4c, 0xc3, 0x01, 0x6b, 0x88, 0x17, 0x00, 0xde, 0x12,
  0x80, 0xc9, 0x01, 0x07, 0x80, 0x50, 0x1c, 0x13, 0x80, 0x40, 0xfa, 0x12, 0x80, 0x14, 0xd7, 0x11,
  0x80, 0x11, 0x46, 0x08, 0x80, 0x0d, 0x9a, 0x11, 0x80, 0xbd, 0x33, 0x01, 0x80, 0x45, 0x34, 0x01,
  0x80, 0x78, 0x00, 0x12, 0x80, 0x71, 0xad, 0x11, 0x80, 0xc8, 0xe2, 0x11, 0x80, 0x50, 0xde, 0x12,
  0x80, 0x04, 0x3c, 0x12, 0x80, 0xfd, 0x63, 0x05, 0x62, 0x04, 0xd0, 0x09, 0xb2, 0x40, 0xea, 0xf0,
  0x6c, 0x02, 0x67, 0x08, 0xb2, 0x40, 0xea, 0x02, 0x6c, 0x0c, 0xea, 0x01, 0x5a, 0x05, 0x97, 0x04,
  0x90, 0x58, 0x67, 0x01, 0x6b, 0x6e, 0xea, 0x00, 0xef, 0x03, 0x63, 0x00, 0x65, 0xfd, 0x1c, 0x01,
  0x80, 0x99, 0x32, 0x01, 0x80, 0xf6, 0x63, 0x13, 0x62, 0x12, 0xd1, 0x11, 0xd0, 0x34, 0xb2, 0xe0,
  0x9a, 0x01, 0x6a, 0x4b, 0xea, 0x7d, 0x67, 0x50, 0xcb, 0x32, 0xb2, 0x85, 0xaa, 0x08, 0x05, 0x32,
  0xb2, 0x40, 0xea, 0x07, 0x67, 0x07, 0x22, 0x00, 0x68, 0x50, 0x67, 0x13, 0x97, 0x12, 0x91, 0x11,
  0x90, 0x00, 0xef, 0x0a, 0x63, 0x5d, 0x67, 0x50, 0xaa, 0xf0, 0x67, 0x0b, 0xd2, 0x0b, 0x93, 0xa0,
  0xf2, 0x1c, 0x6a, 0x58, 0xeb, 0x29, 0xb2, 0x0d, 0xd2, 0x12, 0xeb, 0x4d, 0xe3, 0x0c, 0xd3, 0x60,
  0xf0, 0x6e, 0xab, 0x68, 0x32, 0x02, 0x2b, 0x40, 0xf6, 0x00, 0x6a, 0x0a, 0xd2, 0x00, 0x69, 0x00,
  0x68, 0x24, 0x2f, 0xe1, 0x20, 0x2e, 0xe8, 0xdf, 0x28, 0x0b, 0x93, 0xa0, 0xf2, 0x1c, 0x6a, 0x58,
  0xeb, 0x0d, 0x93, 0x12, 0xea, 0x49, 0xe3, 0xc0, 0xf0, 0xcc, 0xa2, 0xc0, 0xf0, 0x97, 0xa2, 0x1c,
  0xb2, 0x40, 0xea, 0x01, 0x6d, 0x01, 0x72, 0x02, 0x67, 0xce, 0x61, 0x0a, 0x92, 0x06, 0xd1, 0x88,
  0xf6, 0x08, 0x6f, 0x07, 0xd2, 0x17, 0xb2, 0x05, 0xd2, 0x02, 0x6a, 0x04, 0xd2, 0xc2, 0xf3, 0x0e,
  0x6e, 0xfe, 0x6d, 0x15, 0xb2, 0x40, 0xea, 0x02, 0x6c, 0xbf, 0x17, 0x80, 0xaf, 0xe1, 0xf7, 0x1f,
  0x6a, 0x8c, 0xea, 0x0c, 0xb4, 0x85, 0xac, 0x8e, 0xea, 0x0e, 0x2a, 0x0a, 0x96, 0x0c, 0x95, 0xff,
  0x6b, 0x87, 0x67, 0x01, 0x48, 0x0d, 0xb2, 0x0e, 0xd7, 0x40, 0xea, 0x6c, 0xe8, 0x0e, 0x97, 0x03,
  0x22, 0x01, 0x49, 0xff, 0x6b, 0x6c, 0xe9, 0x00, 0xf4, 0xe8, 0x9f, 0xc2, 0x17, 0xc4, 0x10, 0x12,
  0x80, 0x00, 0xde, 0x12, 0x80, 0xc9, 0x01, 0x07, 0x80, 0x50, 0x1c, 0x13, 0x80, 0x6d, 0x80, 0x01,
  0x80, 0x14, 0xd7, 0x11, 0x80, 0x11, 0x46, 0x08, 0x80, 0x19, 0xd3, 0x11, 0x80, 0xfd, 0x63, 0x05,
  0x62, 0x04, 0xd0, 0x10, 0xb2, 0x00, 0x9a, 0x10, 0xb2, 0x40, 0xea, 0x00, 0x65, 0x0f, 0xb2, 0x85,
  0xaa, 0x00, 0x6b, 0x0a, 0x28, 0x00, 0x6a, 0x04, 0x2b, 0x0d, 0xb2, 0x40, 0xea, 0x01, 0x6c, 0x01,
  0x6a, 0x05, 0x97, 0x04, 0x90, 0x00, 0xef, 0x03, 0x63, 0xa0, 0xa8, 0xe1, 0xf7, 0x1f, 0x6a, 0xac,
  0xea, 0x8e, 0xea, 0x03, 0x2a, 0x01, 0x4b, 0xff, 0x6a, 0x4c, 0xeb, 0x00, 0xf4, 0x08, 0x98, 0xe9,
  0x17, 0xc4, 0x10, 0x12, 0x80, 0x25, 0xb0, 0x11, 0x80, 0x00, 0xde, 0x12, 0x80, 0x6d, 0xa3, 0x11,
  0x80, 0xfd, 0x63, 0x05, 0x62, 0x0d, 0xb2, 0x40, 0x9a, 0x40, 0xea, 0x00, 0x65, 0x0c, 0xb3, 0x11,
  0x22, 0x40, 0xa3, 0x0a, 0x5a, 0x01, 0x4a, 0x0d, 0x61, 0x0a, 0xb2, 0x40, 0xea, 0x00, 0x65, 0x01,
  0x72, 0x05, 0x61, 0x00, 0xf2, 0x00, 0x6c, 0x08, 0xb2, 0x40, 0xea, 0x00, 0x65, 0x05, 0x97, 0x00,
  0xef, 0x03, 0x63, 0x40, 0xc3, 0xfb, 0x17, 0x00, 0x65, 0xd4, 0x04, 0x12, 0x80, 0x3d, 0xfa, 0x12,
  0x80, 0x1d, 0xb1, 0x11, 0x80, 0x99, 0x32, 0x01, 0x80, 0xf8, 0x63, 0x0f, 0x62, 0x0e, 0xd1, 0x0d,
  0xd0, 0x68, 0x44, 0xf8, 0x4b, 0xff, 0xf7, 0x1f, 0x6e, 0x6c, 0xee, 0x44, 0xa5, 0x0a, 0x5e, 0x03,
  0x68, 0xd8, 0x67, 0x0b, 0xe8, 0xc4, 0x37, 0x0c, 0xea, 0xed, 0xea, 0x01, 0x69, 0x44, 0xc5, 0x15,
  0x26, 0xff, 0x6c, 0x8c, 0xeb, 0x7f, 0x4b, 0x01, 0x4b, 0x68, 0x33, 0x21, 0xb4, 0x6d, 0xe4, 0x60,
  0x9b, 0x63, 0xa3, 0x6a, 0x33, 0x6c, 0xe9, 0x02, 0x6b, 0x6b, 0xeb, 0x6c, 0xea, 0x2d, 0xea, 0x44,
  0xc5, 0x0f, 0x97, 0x0e, 0x91, 0x0d, 0x90, 0x00, 0xef, 0x08, 0x63, 0x05, 0x67, 0x19, 0xb2, 0x08,
  0x05, 0x40, 0xea, 0x0a, 0xd4, 0xff, 0x72, 0x0a, 0x93, 0x1a, 0x60, 0x5d, 0x67, 0x70, 0xaa, 0xa0,
  0xf2, 0x1c, 0x6a, 0x02, 0x6d, 0x58, 0xeb, 0x14, 0xb3, 0xab, 0xed, 0x12, 0xea, 0x4d, 0xe3, 0xc0,
  0xf0, 0x90, 0xa3, 0x44, 0xa0, 0x00, 0xf2, 0x66, 0xa3, 0x2c, 0xec, 0xac, 0xea, 0x6c, 0xe9, 0x05,
  0x6b, 0x8d, 0xea, 0x6b, 0xeb, 0x28, 0x31, 0x6c, 0xea, 0x2d, 0xea, 0x44, 0xc0, 0xd9, 0x17, 0x0b,
  0xb2, 0x05, 0xd2, 0x01, 0x6a, 0x04, 0xd2, 0x06, 0xd3, 0x88, 0xf6, 0x0a, 0x6f, 0xa2, 0xf5, 0x01,
  0x6e, 0xfe, 0x6d, 0x07, 0xb2, 0x40, 0xea, 0x02, 0x6c, 0xcb, 0x17, 0x00, 0x65, 0x04, 0x3c, 0x12,
  0x80, 0xc9, 0x01, 0x07, 0x80, 0x50, 0x1c, 0x13, 0x80, 0x14, 0xd7, 0x11, 0x80, 0x11, 0x46, 0x08,
  0x80, 0xfa, 0x63, 0x0b, 0x62, 0x0a, 0xd1, 0x09, 0xd0, 0x00, 0x6a, 0x04, 0xd2, 0x05, 0xd2, 0x04,
  0x05, 0x2a, 0xb2, 0x40, 0xea, 0x24, 0x67, 0x5d, 0x67, 0x74, 0xa2, 0x02, 0x6a, 0xff, 0x6c, 0x4c,
  0xeb, 0x11, 0x67, 0x8c, 0xeb, 0x8c, 0xe8, 0x25, 0x23, 0x48, 0x40, 0xf8, 0x4a, 0x8c, 0xea, 0x7f,
  0x4a, 0x01, 0x4a, 0x48, 0x32, 0x22, 0xb3, 0x49, 0xe3, 0x40, 0x9a, 0x55, 0xaa, 0x44, 0x32, 0x00,
  0xf1, 0x00, 0x52, 0x01, 0x61, 0xff, 0x6a, 0x7d, 0x67, 0x55, 0xc3, 0x02, 0x6a, 0x56, 0xc3, 0x7d,
  0x67, 0x40, 0xf6, 0x05, 0x6a, 0x48, 0xcb, 0x03, 0x6a, 0x52, 0xc3, 0x13, 0xc3, 0x19, 0xb2, 0x05,
  0x96, 0x04, 0x95, 0x40, 0x9a, 0x40, 0xea, 0x02, 0x6c, 0x0b, 0x97, 0x0a, 0x91, 0x09, 0x90, 0x00,
  0xef, 0x06, 0x63, 0x06, 0x05, 0x14, 0xb2, 0x40, 0xea, 0x91, 0x67, 0xff, 0x72, 0xe8, 0x60, 0x5d,
  0x67, 0xac, 0xaa, 0xa0, 0xf2, 0x1c, 0x6b, 0x11, 0xb2, 0x78, 0xed, 0x12, 0xec, 0x91, 0xe2, 0x80,
  0xf0, 0xd4, 0xac, 0x00, 0xf1, 0x00, 0x5e, 0x01, 0x61, 0xff, 0x6e, 0x78, 0xed, 0x9d, 0x67, 0xd5,
  0xc4, 0x12, 0xeb, 0x69, 0xe2, 0x80, 0xf0, 0x58, 0xaa, 0x44, 0x32, 0x00, 0xf1, 0x00, 0x52, 0x01,
  0x61, 0xff, 0x6a, 0x7d, 0x67, 0xcb, 0x17, 0x00, 0x65, 0xb9, 0xb1, 0x11, 0x80, 0x04, 0x3c, 0x12,
  0x80, 0x78, 0x00, 0x12, 0x80, 0xc9, 0x01, 0x07, 0x80, 0x50, 0x1c, 0x13, 0x80, 0xfc, 0x63, 0x07,
  0x62, 0x06, 0xd0, 0x00, 0x6a, 0x04, 0xd2, 0x05, 0xd2, 0x04, 0x05, 0x0b, 0xb2, 0x40, 0xea, 0x04,
  0x67, 0x7d, 0x67, 0x40, 0xf6, 0x05, 0x6a, 0x48, 0xcb, 0x11, 0x6a, 0x52, 0xc3, 0x13, 0xc3, 0x07,
  0xb2, 0x05, 0x96, 0x04, 0x95, 0x40, 0x9a, 0x40, 0xea, 0x02, 0x6c, 0x07, 0x97, 0x06, 0x90, 0x00,
  0xef, 0x04, 0x63, 0x00, 0x65, 0xb9, 0xb1, 0x11, 0x80, 0x78, 0x00, 0x12, 0x80, 0xfc, 0x63, 0x07,
  0x62, 0x06, 0xd0, 0x00, 0x6a, 0x04, 0xd2, 0x05, 0xd2, 0x04, 0x05, 0x0f, 0xb2, 0x40, 0xea, 0x04,
  0x67, 0x0e, 0xb2, 0x4f, 0xa2, 0x7d, 0x67, 0x75, 0xa3, 0x4b, 0xea, 0xc0, 0xf7, 0x42, 0x32, 0x6d,
  0xea, 0x7d, 0x67, 0x55, 0xc3, 0x40, 0xf6, 0x05, 0x6a, 0x48, 0xcb, 0x21, 0x6a, 0x52, 0xc3, 0x13,
  0xc3, 0x07, 0xb2, 0x05, 0x96, 0x04, 0x95, 0x40, 0x9a, 0x40, 0xea, 0x02, 0x6c, 0x07, 0x97, 0x06,
  0x90, 0x00, 0xef, 0x04, 0x63, 0xb9, 0xb1, 0x11, 0x80, 0x90, 0xfa, 0x12, 0x80, 0x78, 0x00, 0x12,
  0x80, 0xf9, 0x63, 0x0d, 0x62, 0x0c, 0xd1, 0x0b, 0xd0, 0x40, 0xa4, 0x24, 0x67, 0x30, 0x72, 0x0d,
  0x61, 0x5a, 0xb2, 0x40, 0xea, 0x00, 0x65, 0x01, 0x6b, 0x6e, 0xea, 0x01, 0x5a, 0x18, 0x67, 0x50,
  0x67, 0x0d, 0x97, 0x0c, 0x91, 0x0b, 0x90, 0x00, 0xef, 0x07, 0x63, 0x23, 0x72, 0x06, 0x61, 0x54,
  0xb5, 0x54, 0xb2, 0x40, 0xea, 0x23, 0x6c, 0x01, 0x68, 0xf2, 0x17, 0x42, 0x72, 0x51, 0x61, 0x02,
  0xa4, 0x01, 0x6a, 0x51, 0xb1, 0x4c, 0xe8, 0x49, 0x28, 0x50, 0xb2, 0x51, 0xb0, 0x08, 0x04, 0x40,
  0x9a, 0x08, 0xd2, 0x50, 0xb2, 0x40, 0xea, 0x00, 0x65, 0x45, 0xa8, 0x01, 0x6c, 0x01, 0x4a, 0x40,
  0xe9, 0x45, 0xc8, 0x44, 0xa8, 0x01, 0x72, 0x19, 0x60, 0x02, 0x72, 0x33, 0x60, 0x45, 0xa8, 0x64,
  0x6b, 0x7b, 0xea, 0x01, 0x2b, 0xe5, 0xe8, 0x10, 0xeb, 0xde, 0x2b, 0x64, 0xa8, 0x06, 0xd2, 0x46,
  0xb2, 0x05, 0xd2, 0x02, 0x6a, 0x07, 0xd3, 0x04, 0xd2, 0x05, 0xf7, 0x1b, 0x6f, 0x01, 0xf1, 0x0c,
  0x6e, 0xfe, 0x6d, 0x42, 0xb2, 0x40, 0xea, 0x04, 0x6c, 0xce, 0x17, 0x00, 0xf2, 0x00, 0x6c, 0x40,
  0xb2, 0x40, 0xea, 0x00, 0x65, 0xe3, 0x22, 0x3f, 0xb2, 0x85, 0xaa, 0x09, 0x05, 0x3e, 0xb2, 0x40,
  0xea, 0x00, 0x65, 0xff, 0x72, 0xdb, 0x60, 0x5d, 0x67, 0x72, 0xaa, 0xa0, 0xf2, 0x1c, 0x6a, 0x58,
  0xeb, 0x3a, 0xb2, 0x12, 0xeb, 0x69, 0xe2, 0xc0, 0xf0, 0x8c, 0xa2, 0x39, 0xb2, 0x40, 0xea, 0x00,
  0x65, 0xcd, 0x17, 0x34, 0xb2, 0x09, 0x05, 0x86, 0xaa, 0xe9, 0x17, 0x40, 0xe9, 0x00, 0x6c, 0x9f,
  0x17, 0x43, 0x72, 0x0d, 0x61, 0x41, 0x9c, 0x25, 0xf7, 0x01, 0x6f, 0x01, 0xf1, 0x1c, 0x6e, 0x07,
  0xd2, 0x40, 0x9c, 0x06, 0xd2, 0x28, 0xb2, 0x05, 0xd2, 0x02, 0x6a, 0x04, 0xd2, 0xc9, 0x17, 0x45,
  0x72, 0x00, 0x68, 0x8d, 0x61, 0x41, 0x9c, 0x88, 0xf6, 0x0b, 0x6f, 0x21, 0xf1, 0x04, 0x6e, 0x07,
  0xd2, 0x40, 0x9c, 0xfe, 0x6d, 0x06, 0xd2, 0x20, 0xb2, 0x05, 0xd2, 0x02, 0x6a, 0x04, 0xd2, 0x1f,
  0xb2, 0x40, 0xea, 0x04, 0x6c, 0x82, 0xa1, 0x03, 0x74, 0x1c, 0x60, 0x04, 0x5c, 0x03, 0x60, 0x15,
  0x2c, 0x20, 0xb2, 0x08, 0x10, 0x11, 0x74, 0x1a, 0x60, 0x12, 0x5c, 0x07, 0x60, 0x10, 0x74, 0x1e,
  0xb2, 0x7f, 0xf7, 0x19, 0x61, 0x40, 0xea, 0x01, 0x68, 0x6a, 0x17, 0x20, 0x74, 0x12, 0x60, 0x21,
  0x74, 0x7f, 0xf7, 0x11, 0x61, 0x83, 0xa1, 0x19, 0xb2, 0x06, 0x10, 0x19, 0xb2, 0x40, 0xea, 0xa3,
  0xa1, 0x6a, 0x17, 0x83, 0xa1, 0x17, 0xb2, 0x40, 0xea, 0x01, 0x68, 0x59, 0x17, 0x83, 0xa1, 0x16,
  0xb2, 0xfa, 0x17, 0x16, 0xb2, 0xe7, 0x17, 0x00, 0x65, 0x1d, 0x99, 0x11, 0x80, 0x00, 0x00, 0x04,
  0x00, 0x69, 0xf4, 0x00, 0x80, 0x1d, 0xa9, 0x11, 0x80, 0xcc, 0xad, 0x00, 0xb0, 0x40, 0xfa, 0x12,
  0x80, 0x71, 0x9d, 0x11, 0x80, 0x14, 0xd7, 0x11, 0x80, 0x11, 0x46, 0x08, 0x80, 0x99, 0x32, 0x01,
  0x80, 0x00, 0xde, 0x12, 0x80, 0xc9, 0x01, 0x07, 0x80, 0x50, 0x1c, 0x13, 0x80, 0xfd, 0x1f, 0x00,
  0x80, 0x1d, 0xa6, 0x11, 0x80, 0x0d, 0xa8, 0x11, 0x80, 0x8d, 0xb3, 0x11, 0x80, 0x81, 0xa6, 0x11,
  0x80, 0x81, 0xb2, 0x11, 0x80, 0x4d, 0xb3, 0x11, 0x80, 0x51, 0xa8, 0x11, 0x80, 0x0a, 0xb2, 0x50,
  0xa2, 0x0a, 0xb4, 0x60, 0xa4, 0x4b, 0xea, 0xc0, 0xf7, 0x42, 0x32, 0x4e, 0xeb, 0x09, 0x23, 0xfd,
  0x63, 0x05, 0x62, 0x40, 0xc4, 0x06, 0xb2, 0x40, 0xea, 0x00, 0x65, 0x05, 0x97, 0x00, 0xef, 0x03,
  0x63, 0x20, 0xe8, 0x00, 0x65, 0x00, 0xde, 0x12, 0x80, 0x1a, 0xfa, 0x12, 0x80, 0x0d, 0xa8, 0x11,
  0x80, 0x0a, 0xb2, 0x4e, 0xa2, 0x0a, 0xb4, 0x60, 0xa4, 0x4b, 0xea, 0xc0, 0xf7, 0x42, 0x32, 0x4e,
  0xeb, 0x09, 0x23, 0xfd, 0x63, 0x05, 0x62, 0x40, 0xc4, 0x06, 0xb2, 0x40, 0xea, 0x00, 0x65, 0x05,
  0x97, 0x00, 0xef, 0x03, 0x63, 0x20, 0xe8, 0x00, 0x65, 0x00, 0xde, 0x12, 0x80, 0x19, 0xfa, 0x12,
  0x80, 0x51, 0xa8, 0x11, 0x80, 0x05, 0xb2, 0x81, 0x9a, 0x00, 0x6b, 0x2e, 0xf5, 0x10, 0x5c, 0x01,
  0x60, 0x61, 0x44, 0x20, 0xe8, 0x61, 0xda, 0x00, 0x65, 0x40, 0xfa, 0x12, 0x80, 0xfd, 0x63, 0x05,
  0x62, 0x04, 0xd0, 0x04, 0x67, 0x20, 0xf0, 0x90, 0xa4, 0x14, 0xb2, 0x40, 0xea, 0x00, 0x65, 0x20,
  0xf0, 0x6e, 0xa0, 0x01, 0x73, 0x1d, 0x61, 0x4c, 0x34, 0x11, 0xb3, 0x8d, 0xe3, 0x60, 0xa3, 0x18,
  0x23, 0x10, 0xb3, 0x80, 0x9b, 0x6f, 0x98, 0x8e, 0xeb, 0x13, 0x2b, 0x12, 0x24, 0x0e, 0xb3, 0xff,
  0xf7, 0x1f, 0x6d, 0x80, 0xab, 0x04, 0x6b, 0x64, 0xea, 0xac, 0xec, 0x8d, 0xeb, 0x60, 0x33, 0x60,
  0x33, 0x0a, 0xb2, 0x63, 0x33, 0x40, 0x9a, 0x63, 0x33, 0x80, 0xf1, 0x10, 0x6c, 0x40, 0xea, 0x6c,
  0xed, 0x05, 0x97, 0x04, 0x90, 0x00, 0xef, 0x03, 0x63, 0xd9, 0x3a, 0x04, 0x80, 0xe4, 0x32, 0x12,
  0x80, 0x54, 0x19, 0x12, 0x80, 0x90, 0x01, 0x00, 0xb6, 0xe8, 0x04, 0x12, 0x80, 0xfd, 0x63, 0x05,
  0x62, 0x04, 0xd0, 0x1d, 0xb2, 0xc2, 0xa2, 0x00, 0x6a, 0xc3, 0xea, 0x1c, 0xb3, 0xa0, 0xf2, 0x1c,
  0x6d, 0x21, 0x61, 0xb8, 0xec, 0x12, 0xea, 0x4d, 0xe3, 0xc0, 0xf0, 0xac, 0xa3, 0xc0, 0xf0, 0x97,
  0xa3, 0x17, 0xb2, 0x40, 0xea, 0x00, 0x65, 0x17, 0xb3, 0xff, 0xf7, 0x1f, 0x6d, 0x80, 0xab, 0x04,
  0x6b, 0x64, 0xea, 0xac, 0xec, 0x6f, 0xeb, 0x8c, 0xeb, 0x60, 0x33, 0x60, 0x33, 0x12, 0xb2, 0x63,
  0x33, 0x40, 0x9a, 0x63, 0x33, 0x80, 0xf1, 0x10, 0x6c, 0x40, 0xea, 0x6c, 0xed, 0x05, 0x97, 0x04,
  0x90, 0x00, 0xef, 0x03, 0x63, 0xb8, 0xec, 0x04, 0x42, 0x04, 0x30, 0x0c, 0xb7, 0x1d, 0xe7, 0x12,
  0xed, 0xb5, 0xe3, 0x40, 0xf2, 0xb4, 0xad, 0x60, 0xaf, 0xae, 0xeb, 0xf0, 0x23, 0x01, 0x4a, 0xff,
  0x6b, 0x6c, 0xea, 0xca, 0x17, 0x90, 0xfa, 0x12, 0x80, 0x50, 0x1c, 0x13, 0x80, 0xd9, 0x3a, 0x04,
  0x80, 0x90, 0x01, 0x00, 0xb6, 0xe8, 0x04, 0x12, 0x80, 0x6c, 0xfa, 0x12, 0x80, 0x20, 0xe8, 0x00,
  0x65, 0xff, 0x63, 0x01, 0xd1, 0x00, 0xd0, 0x01, 0x6d, 0x44, 0x67, 0x1a, 0xb7, 0xac, 0xea, 0xff,
  0x6e, 0x96, 0x30, 0x43, 0xc7, 0x8e, 0x32, 0x18, 0xb1, 0xac, 0xea, 0xcc, 0xe8, 0x4e, 0xc1, 0x50,
  0x67, 0xac, 0xea, 0x8a, 0x33, 0x44, 0xc7, 0x9a, 0x32, 0xcc, 0xea, 0xac, 0xeb, 0xcc, 0xeb, 0xc2,
  0x67, 0xac, 0xee, 0xc0, 0xc7, 0x9e, 0x36, 0xac, 0xee, 0xcf, 0xc7, 0x84, 0x6e, 0x3a, 0x65, 0x8c,
  0xee, 0x84, 0x6a, 0x86, 0x34, 0x4e, 0xee, 0x0d, 0xec, 0x59, 0x67, 0x8d, 0xea, 0x4c, 0xed, 0x42,
  0xa7, 0x01, 0x5e, 0xd8, 0x67, 0x70, 0xc1, 0xca, 0xc7, 0xaf, 0xc1, 0x02, 0x2a, 0x40, 0xf0, 0x40,
  0xc1, 0x02, 0x2b, 0x06, 0xb2, 0x60, 0xc2, 0x01, 0x91, 0x00, 0x90, 0x20, 0xe8, 0x01, 0x63, 0x00,
  0x65, 0x90, 0xfa, 0x12, 0x80, 0x00, 0xde, 0x12, 0x80, 0x3d, 0xfa, 0x12, 0x80, 0xf7, 0x63, 0x11,
  0x62, 0x10, 0xd1, 0x0f, 0xd0, 0x42, 0xa4, 0x04, 0x67, 0x01, 0x6c, 0x00, 0x6b, 0x8b, 0xec, 0x0b,
  0xd2, 0x5a, 0xb2, 0x69, 0xc2, 0x6a, 0xc2, 0x86, 0xca, 0xa3, 0xa0, 0x61, 0xc2, 0x62, 0xc2, 0x01,
  0x6b, 0xa8, 0xc2, 0x83, 0xca, 0x6b, 0xeb, 0x56, 0xb2, 0x62, 0xda, 0x66, 0xca, 0x16, 0x6e, 0x55,
  0xb4, 0x55, 0xb2, 0x40, 0xea, 0xff, 0x6d, 0x0b, 0x92, 0xff, 0xf7, 0x1f, 0x6d, 0x00, 0x69, 0x49,
  0xe0, 0x42, 0xa2, 0x0a, 0xd5, 0x09, 0xd5, 0x0c, 0xd2, 0x00, 0x6a, 0xfa, 0x65, 0x08, 0xd5, 0x07,
  0xd5, 0x06, 0xd2, 0x00, 0x6c, 0x00, 0x6e, 0x04, 0xd2, 0x0b, 0x92, 0x04, 0x93, 0xfe, 0x4a, 0x42,
  0xeb, 0x1f, 0x61, 0x80, 0xf0, 0x05, 0x24, 0x06, 0x93, 0x44, 0xb2, 0xc2, 0xc2, 0x61, 0xc2, 0x07,
  0x93, 0x63, 0xca, 0x08, 0x93, 0x42, 0xb2, 0x64, 0xca, 0x09, 0x93, 0x66, 0xca, 0x0a, 0x93, 0x65,
  0xca, 0x5f, 0x67, 0x03, 0x22, 0x3d, 0xb2, 0x29, 0xc2, 0x02, 0x24, 0x3c, 0xb2, 0xa6, 0xca, 0x3f,
  0xb2, 0x40, 0xea, 0x0c, 0x94, 0x11, 0x97, 0x10, 0x91, 0x0f, 0x90, 0x00, 0x6a, 0x00, 0xef, 0x09,
  0x63, 0x04, 0x92, 0x01, 0x6f, 0x1f, 0x65, 0x4d, 0xe0, 0x85, 0xa3, 0x01, 0xf7, 0x00, 0x6a, 0xf8,
  0x67, 0x80, 0x34, 0x8c, 0xea, 0x84, 0xa3, 0x8d, 0xea, 0x86, 0xa3, 0x86, 0x33, 0xec, 0xeb, 0xd9,
  0xe3, 0xff, 0x6f, 0x05, 0xd3, 0xec, 0xee, 0x78, 0x67, 0x92, 0x37, 0x6c, 0xef, 0x06, 0x93, 0xed,
  0xe3, 0x06, 0xd3, 0x06, 0x03, 0xf8, 0x67, 0x60, 0xa3, 0x8c, 0xef, 0x1f, 0x65, 0x06, 0xd3, 0x01,
  0x60, 0x07, 0xd2, 0x05, 0x93, 0x01, 0x23, 0x08, 0xd2, 0x6f, 0x46, 0x3b, 0x65, 0xff, 0x6b, 0xe3,
  0x67, 0x79, 0x67, 0x6c, 0xef, 0x0a, 0x5f, 0x12, 0x60, 0x05, 0x93, 0x1a, 0x65, 0x08, 0x2b, 0x63,
  0x46, 0x64, 0x33, 0x1b, 0x65, 0xf8, 0x67, 0x22, 0xb3, 0xed, 0xe3, 0x60, 0xab, 0x1b, 0x65, 0x79,
  0x67, 0x04, 0x4b, 0x1f, 0xb7, 0x64, 0x33, 0x6d, 0xe7, 0xf8, 0x67, 0xe0, 0xcb, 0x08, 0x6b, 0x8c,
  0xeb, 0x01, 0x23, 0x09, 0xd2, 0x01, 0x6f, 0x1f, 0x65, 0x8a, 0x33, 0xf8, 0x67, 0xec, 0xeb, 0x04,
  0x23, 0x9e, 0x37, 0x1f, 0x65, 0x01, 0x61, 0x0a, 0xd2, 0x7c, 0x6f, 0xeb, 0xef, 0x8c, 0xef, 0x84,
  0x77, 0x0c, 0x61, 0x12, 0x23, 0x01, 0x6c, 0xfc, 0x65, 0x04, 0x97, 0xff, 0x6c, 0xa2, 0x67, 0x03,
  0x4f, 0x8c, 0xef, 0x04, 0xd7, 0x01, 0x6c, 0x23, 0x67, 0x7f, 0x17, 0x03, 0x23, 0x9e, 0x34, 0x71,
  0x67, 0xf3, 0x2c, 0x71, 0x67, 0x45, 0x67, 0xf0, 0x17, 0x01, 0x6a, 0xfa, 0x65, 0x01, 0x69, 0xf9,
  0x17, 0x5f, 0x67, 0x88, 0x2a, 0x8c, 0x17, 0x00, 0x65, 0x90, 0xfa, 0x12, 0x80, 0x00, 0xde, 0x12,
  0x80, 0x74, 0xfa, 0x12, 0x80, 0x8d, 0xef, 0x00, 0x80, 0x31, 0xb7, 0x11, 0x80, 0x6c, 0xfa, 0x12,
  0x80, 0xfb, 0x63, 0x09, 0x62, 0x63, 0xa4, 0x0b, 0xb2, 0x29, 0xf2, 0x1a, 0x6f, 0x6e, 0xc2, 0x0a,
  0xb2, 0x51, 0xa2, 0x60, 0xf2, 0x14, 0x6e, 0xf9, 0x6d, 0x06, 0xd2, 0x08, 0xb2, 0x05, 0xd2, 0x01,
  0x6a, 0x04, 0xd2, 0x07, 0xb2, 0x40, 0xea, 0x01, 0x6c, 0x09, 0x97, 0x00, 0x6a, 0x00, 0xef, 0x05,
  0x63, 0x90, 0xfa, 0x12, 0x80, 0x00, 0xde, 0x12, 0x80, 0x14, 0xd7, 0x11, 0x80, 0x11, 0x46, 0x08,
  0x80, 0xf7, 0x63, 0x11, 0x62, 0x10, 0xd1, 0x0f, 0xd0, 0x42, 0xa4, 0x12, 0xd4, 0x12, 0x95, 0x01,
  0x6c, 0x00, 0x6b, 0x8b, 0xec, 0x0c, 0xd2, 0x62, 0xb2, 0x69, 0xc2, 0x6a, 0xc2, 0x86, 0xca, 0xa3,
  0xa5, 0x61, 0xc2, 0x62, 0xc2, 0x01, 0x6b, 0xa8, 0xc2, 0x6b, 0xeb, 0x83, 0xca, 0x5d, 0xb2, 0x62,
  0xda, 0x66, 0xca, 0x16, 0x6e, 0x5c, 0xb4, 0x5d, 0xb2, 0x40, 0xea, 0xff, 0x6d, 0xff, 0xf7, 0x1f,
  0x6e, 0x00, 0x6a, 0x00, 0x6b, 0x06, 0xd2, 0x0b, 0xd2, 0x3e, 0x65, 0x0a, 0xd6, 0x09, 0xd6, 0x08,
  0xd6, 0x05, 0xd2, 0x00, 0x6f, 0x04, 0xd3, 0xfb, 0x65, 0x0c, 0x93, 0x04, 0x94, 0xfe, 0x4b, 0x62,
  0xec, 0x21, 0x61, 0x80, 0xf0, 0x16, 0x22, 0x05, 0x94, 0x4d, 0xb3, 0xe2, 0xc3, 0x81, 0xc3, 0x08,
  0x94, 0x83, 0xcb, 0x09, 0x94, 0x4b, 0xb3, 0x84, 0xcb, 0x0a, 0x94, 0x86, 0xcb, 0x99, 0x67, 0x85,
  0xcb, 0x06, 0x93, 0x04, 0x23, 0x0b, 0x94, 0x46, 0xb3, 0x89, 0xc3, 0x02, 0x22, 0x44, 0xb2, 0xc6,
  0xca, 0x9f, 0x67, 0x47, 0xb2, 0x40, 0xea, 0x00, 0x65, 0x11, 0x97, 0x10, 0x91, 0x0f, 0x90, 0x00,
  0x6a, 0x00, 0xef, 0x09, 0x63, 0x04, 0x92, 0x12, 0x93, 0xff, 0xf7, 0x1f, 0x69, 0x55, 0xe3, 0x45,
  0xa5, 0x01, 0xf7, 0x00, 0x6b, 0x1b, 0x65, 0x40, 0x32, 0x6c, 0xea, 0x64, 0xa5, 0x98, 0x67, 0x18,
  0x67, 0x6d, 0xea, 0x67, 0xa5, 0x60, 0x33, 0x8c, 0xeb, 0x86, 0xa5, 0x8d, 0xeb, 0x89, 0xa5, 0xa8,
  0xa5, 0x80, 0x34, 0x0c, 0xec, 0xad, 0xec, 0x1f, 0x67, 0x8d, 0xe8, 0x07, 0xd0, 0xa4, 0x67, 0x07,
  0x04, 0x80, 0xa4, 0x2c, 0xed, 0x01, 0x68, 0xfc, 0x65, 0xa6, 0x34, 0x2c, 0xec, 0x8c, 0xe8, 0x1d,
  0xe7, 0xff, 0x68, 0x07, 0xd4, 0x0c, 0xef, 0x01, 0x6c, 0x72, 0x30, 0x8c, 0xe8, 0x05, 0x94, 0x11,
  0xe4, 0x05, 0xd4, 0x05, 0x04, 0x80, 0xa4, 0x05, 0xd4, 0x01, 0x6c, 0x1c, 0x65, 0x18, 0x67, 0xac,
  0xe8, 0x18, 0x65, 0x01, 0x60, 0x08, 0xd2, 0x01, 0x6c, 0x07, 0x90, 0x1c, 0x65, 0x98, 0x67, 0x8c,
  0xe8, 0x90, 0x67, 0x2c, 0xec, 0x01, 0x24, 0x09, 0xd2, 0x2f, 0x47, 0xff, 0x68, 0x2c, 0xe8, 0x0a,
  0x58, 0x10, 0x60, 0x1a, 0x65, 0x08, 0x2c, 0x83, 0x47, 0x84, 0x34, 0x1c, 0x65, 0x18, 0x67, 0x1d,
  0xb4, 0x11, 0xe4, 0x80, 0xac, 0x1c, 0x65, 0x04, 0x49, 0x1a, 0xb4, 0x24, 0x31, 0x25, 0xe4, 0x98,
  0x67, 0x80, 0xc9, 0x08, 0x75, 0x01, 0x61, 0x0a, 0xd2, 0xaa, 0x35, 0x01, 0x6c, 0x8c, 0xed, 0x04,
  0x25, 0x80, 0x6c, 0x6c, 0xec, 0x01, 0x2c, 0x3a, 0x65, 0x84, 0x6c, 0x1c, 0x65, 0x98, 0x67, 0x6c,
  0xec, 0x84, 0x74, 0x03, 0x61, 0x01, 0x6c, 0x06, 0xd4, 0x0b, 0xd4, 0x04, 0x25, 0x80, 0x6c, 0x8c,
  0xeb, 0x01, 0x23, 0xc2, 0x67, 0x04, 0x93, 0xff, 0x6a, 0x06, 0x4b, 0x4c, 0xeb, 0x04, 0xd3, 0x01,
  0x6a, 0x63, 0x17, 0x06, 0x93, 0x7f, 0xf7, 0x16, 0x2b, 0x7b, 0x17, 0x00, 0x65, 0x90, 0xfa, 0x12,
  0x80, 0x00, 0xde, 0x12, 0x80, 0x74, 0xfa, 0x12, 0x80, 0x8d, 0xef, 0x00, 0x80, 0x31, 0xb7, 0x11,
  0x80, 0x6c, 0xfa, 0x12, 0x80, 0x0a, 0xb2, 0xc2, 0xa2, 0x00, 0x6a, 0xc3, 0xea, 0x02, 0x61, 0x20,
  0xe8, 0x00, 0x6a, 0xa4, 0x42, 0xa4, 0x35, 0x07, 0xb3, 0xad, 0xe3, 0x60, 0xab, 0x8e, 0xeb, 0x04,
  0x23, 0x01, 0x4a, 0xff, 0x6b, 0x6c, 0xea, 0xf1, 0x17, 0x20, 0xe8, 0x01, 0x6a, 0x90, 0xfa, 0x12,
  0x80, 0x6c, 0xfa, 0x12, 0x80, 0xfd, 0x63, 0x05, 0x62, 0x04, 0xd0, 0x0d, 0xb7, 0xff, 0xf7, 0x1f,
  0x6a, 0x3f, 0x68, 0xa0, 0xaf, 0x4c, 0xed, 0x65, 0x67, 0x4c, 0xeb, 0x62, 0x33, 0x0c, 0xeb, 0x8e,
  0xeb, 0xc5, 0x67, 0x03, 0x2b, 0x07, 0xf7, 0x00, 0x6e, 0xad, 0xee, 0xcc, 0xea, 0x40, 0xcf, 0x05,
  0xb2, 0x40, 0xea, 0x00, 0x65, 0x05, 0x97, 0x04, 0x90, 0x00, 0xef, 0x03, 0x63, 0x46, 0x10, 0x00,
  0xb6, 0xfd, 0xa6, 0x05, 0x80, 0xfa, 0x63, 0x0b, 0x62, 0x0a, 0xd1, 0x09, 0xd0, 0x0e, 0x5c, 0x04,
  0x67, 0x12, 0x61, 0x3d, 0xb2, 0x05, 0xd2, 0x01, 0x6a, 0x06, 0xd4, 0x04, 0xd2, 0x81, 0xf4, 0x06,
  0x6f, 0xc5, 0x6e, 0xf7, 0x6d, 0x39, 0xb2, 0x40, 0xea, 0x02, 0x6c, 0x05, 0x6a, 0x0b, 0x97, 0x0a,
  0x91, 0x09, 0x90, 0x00, 0xef, 0x06, 0x63, 0x05, 0x74, 0x38, 0x67, 0x01, 0x21, 0x2b, 0x2c, 0x34,
  0xb2, 0x40, 0xea, 0x00, 0x65, 0x33, 0xb7, 0xff, 0xf7, 0x1f, 0x6b, 0x80, 0xaf, 0x6c, 0xec, 0xc4,
  0x67, 0x48, 0x29, 0x31, 0xb5, 0x0f, 0x69, 0xa0, 0xad, 0xac, 0xeb, 0x62, 0x33, 0x72, 0x33, 0xa7,
  0x43, 0x01, 0x4d, 0x2c, 0xed, 0x03, 0x5d, 0x12, 0x60, 0x82, 0x35, 0x3f, 0x69, 0x2c, 0xed, 0x6e,
  0xed, 0x03, 0x2d, 0x07, 0xf7, 0x00, 0x6e, 0x8d, 0xee, 0x3f, 0x6d, 0xcc, 0xed, 0x6e, 0xed, 0x02,
  0x2d, 0x3f, 0x6b, 0x6d, 0xee, 0xff, 0xf7, 0x1f, 0x6b, 0xcc, 0xeb, 0x60, 0xcf, 0x82, 0x67, 0x23,
  0xb2, 0x40, 0xea, 0x00, 0x65, 0x22, 0xb2, 0x60, 0xa2, 0x22, 0xb1, 0x01, 0x6a, 0x4c, 0xeb, 0xff,
  0x6c, 0x8c, 0xeb, 0x00, 0xc9, 0x11, 0x23, 0x4b, 0x40, 0x8c, 0xea, 0x02, 0x5a, 0x0d, 0x61, 0x16,
  0xb2, 0x05, 0xd2, 0xff, 0x6e, 0x01, 0x6a, 0x04, 0xd2, 0x06, 0xd0, 0x82, 0xf2, 0x00, 0x6f, 0x03,
  0x4e, 0xf7, 0x6d, 0x12, 0xb2, 0x40, 0xea, 0x05, 0x6c, 0x01, 0x70, 0x00, 0x6a, 0xaf, 0x61, 0x40,
  0xa9, 0xff, 0xf7, 0x1f, 0x6b, 0x6c, 0xea, 0x42, 0x32, 0x01, 0x6b, 0x6c, 0xea, 0xa7, 0x22, 0x04,
  0x6a, 0xa5, 0x17, 0xd4, 0x28, 0x10, 0xb3, 0xa4, 0xa3, 0x03, 0x25, 0x71, 0xa3, 0xff, 0x73, 0xbb,
  0x17, 0x0e, 0xb5, 0xa0, 0xf1, 0x64, 0xa5, 0x01, 0x69, 0x2c, 0xeb, 0xc8, 0x23, 0xc0, 0xf1, 0x65,
  0xa5, 0xf5, 0x17, 0x00, 0x65, 0x14, 0xd7, 0x11, 0x80, 0x11, 0x46, 0x08, 0x80, 0xe4, 0x94, 0x00,
  0x80, 0x46, 0x10, 0x00, 0xb6, 0x54, 0x10, 0x00, 0xb6, 0x00, 0x95, 0x00, 0x80, 0xb8, 0x32, 0x12,
  0x80, 0x00, 0x10, 0x00, 0xb6, 0xc8, 0x49, 0x12, 0x80, 0x04, 0x3c, 0x12, 0x80, 0xff, 0x63, 0x01,
  0xd0, 0x0f, 0xb4, 0x31, 0x68, 0x0b, 0xe8, 0x40, 0x9c, 0x20, 0x6f, 0xff, 0x6e, 0x62, 0x67, 0x0c,
  0xeb, 0xed, 0xeb, 0xcc, 0xeb, 0xa3, 0x67, 0xff, 0x6b, 0x01, 0x4b, 0x6b, 0xeb, 0x4c, 0xeb, 0x42,
  0x32, 0x0c, 0xea, 0xad, 0xeb, 0xed, 0xea, 0x1f, 0xf7, 0x01, 0x6d, 0xcc, 0xea, 0xab, 0xed, 0x01,
  0x90, 0xac, 0xeb, 0x40, 0x32, 0x6d, 0xea, 0x40, 0xdc, 0x20, 0xe8, 0x01, 0x63, 0xc0, 0xad, 0x00,
  0xb0, 0xf8, 0x63, 0x0f, 0x62, 0x0e, 0xd1, 0x0d, 0xd0, 0x34, 0xb1, 0x10, 0x6c, 0x34, 0xb3, 0x40,
  0x99, 0x8b, 0xec, 0x07, 0xd2, 0x33, 0xb2, 0xe0, 0x9a, 0x04, 0xd2, 0x33, 0xb2, 0x05, 0xd2, 0x40,
  0x9a, 0x08, 0xd2, 0x32, 0xb2, 0x00, 0x9a, 0x06, 0xd2, 0x00, 0xf6, 0xe2, 0x32, 0x8c, 0xea, 0x40,
  0x72, 0xc0, 0x9b, 0x20, 0x61, 0x2e, 0xb2, 0xf0, 0x6c, 0x02, 0x6d, 0x4c, 0xef, 0x2d, 0xb2, 0x40,
  0xea, 0x09, 0xd7, 0x2d, 0xb4, 0x09, 0x97, 0x8c, 0xea, 0x05, 0x22, 0x03, 0x6a, 0x4b, 0xea, 0x4c,
  0xef, 0x2a, 0xb2, 0x4c, 0xe8, 0x2a, 0xb2, 0x08, 0x93, 0x4c, 0xe8, 0x06, 0x92, 0x00, 0xda, 0x05,
  0x92, 0x60, 0xda, 0x04, 0x92, 0xe0, 0xda, 0x07, 0x92, 0x40, 0xd9, 0x0f, 0x97, 0x0e, 0x91, 0x0d,
  0x90, 0x00, 0xef, 0x08, 0x63, 0x00, 0xf7, 0xe2, 0x32, 0x03, 0x6c, 0x8c, 0xea, 0x01, 0x72, 0xf5,
  0x61, 0x20, 0xb2, 0xf0, 0x6c, 0x02, 0x6d, 0x4c, 0xef, 0x1a, 0xb2, 0x0b, 0xd3, 0x0a, 0xd6, 0x40,
  0xea, 0x09, 0xd7, 0x19, 0xb4, 0x09, 0x97, 0x0a, 0x96, 0x8c, 0xea, 0x0b, 0x93, 0x0c, 0x22, 0x0b,
  0x6a, 0x4b, 0xea, 0x16, 0xb4, 0xec, 0xea, 0xff, 0x6d, 0xac, 0xea, 0x1f, 0xf6, 0x01, 0x4d, 0xac,
  0xef, 0x8c, 0xe8, 0x4d, 0xef, 0x8c, 0xee, 0x12, 0xb2, 0x08, 0x94, 0x4c, 0xe8, 0x12, 0xb2, 0xcc,
  0xea, 0x12, 0xb6, 0x4d, 0xee, 0x06, 0x92, 0x00, 0xda, 0x05, 0x92, 0x80, 0xda, 0x04, 0x92, 0xe0,
  0xda, 0x07, 0x92, 0x40, 0xd9, 0xc0, 0xdb, 0xc9, 0x17, 0x38, 0xad, 0x00, 0xb0, 0xdc, 0xad, 0x00,
  0xb0, 0x50, 0xad, 0x00, 0xb0, 0xc4, 0xad, 0x00, 0xb0, 0xd8, 0xad, 0x00, 0xb0, 0xff, 0x7f, 0xf8,
  0xff, 0x45, 0x1c, 0x01, 0x80, 0x00, 0x00, 0x00, 0x01, 0xff, 0xff, 0xff, 0xfd, 0xff, 0xff, 0xff,
  0xfe, 0xff, 0x5f, 0x18, 0xff, 0xf0, 0xff, 0xff, 0xf6, 0x07, 0x00, 0x00, 0x09, 0xfd, 0x63, 0x05,
  0x62, 0x06, 0xb3, 0x07, 0xb2, 0x60, 0xda, 0x07, 0xb2, 0x40, 0xea, 0x00, 0x65, 0x06, 0xb2, 0x40,
  0xea, 0x00, 0x65, 0x05, 0x97, 0x00, 0xef, 0x03, 0x63, 0x65, 0xbb, 0x11, 0x80, 0x60, 0x0a, 0x12,
  0x80, 0xcd, 0xbc, 0x11, 0x80, 0x11, 0xbd, 0x11, 0x80, 0xfd, 0x63, 0x05, 0x62, 0x05, 0xb2, 0x40,
  0xea, 0x00, 0x65, 0x05, 0xb2, 0x40, 0xea, 0x00, 0x65, 0x05, 0x97, 0x00, 0xef, 0x03, 0x63, 0x00,
  0x65, 0xc9, 0xce, 0x11, 0x80, 0x1d, 0xbe, 0x11, 0x80, 0xfb, 0x63, 0x09, 0x62, 0x08, 0xd1, 0x07,
  0xd0, 0x0b, 0xd5, 0x13, 0xb5, 0x40, 0x9d, 0x0a, 0xd4, 0x22, 0x6c, 0x26, 0x67, 0x40, 0xea, 0x04,
  0xd5, 0x04, 0x95, 0x02, 0x67, 0x21, 0x6c, 0x40, 0x9d, 0x00, 0x30, 0x40, 0xea, 0x00, 0x30, 0x0a,
  0x97, 0x4d, 0xe8, 0x01, 0x6e, 0x00, 0xdf, 0x0b, 0xb0, 0x40, 0x98, 0x43, 0x6d, 0x40, 0xea, 0x01,
  0x6c, 0x0b, 0x93, 0x01, 0x6e, 0x44, 0x6d, 0x40, 0xcb, 0x40, 0x98, 0x40, 0xea, 0x01, 0x6c, 0x40,
  0xc9, 0x09, 0x97, 0x08, 0x91, 0x07, 0x90, 0x00, 0xef, 0x05, 0x63, 0x00, 0x65, 0x04, 0x07, 0x12,
  0x80, 0x0c, 0x07, 0x12, 0x80, 0xfc, 0x63, 0x07, 0x62, 0x06, 0xd1, 0x05, 0xd0, 0x0c, 0xb0, 0x0d,
  0xb1, 0xbe, 0xa8, 0x40, 0x99, 0x40, 0xea, 0x8e, 0x98, 0x40, 0x99, 0x40, 0xf0, 0xa4, 0xa8, 0x40,
  0xea, 0x90, 0x98, 0x09, 0xb2, 0x04, 0x6b, 0x60, 0xc2, 0x6c, 0x6b, 0x08, 0xb2, 0x6b, 0xeb, 0xc0,
  0xf1, 0x71, 0xc2, 0x07, 0x97, 0x06, 0x91, 0x05, 0x90, 0x00, 0xef, 0x04, 0x63, 0xb8, 0x1c, 0x12,
  0x80, 0x50, 0x06, 0x12, 0x80, 0xbc, 0x06, 0x12, 0x80, 0xa8, 0x00, 0x12, 0x80, 0xfd, 0x63, 0x05,
  0x62, 0x08, 0xb3, 0x40, 0xa3, 0x20, 0x6c, 0x8c, 0xea, 0x04, 0x22, 0x77, 0xa3, 0x06, 0xb2, 0x00,
  0xf4, 0x68, 0xc2, 0x06, 0xb2, 0x40, 0x9a, 0x40, 0xea, 0x00, 0x65, 0x05, 0x97, 0x00, 0xef, 0x03,
  0x63, 0xb4, 0xfa, 0x12, 0x80, 0xa8, 0x00, 0x12, 0x80, 0xac, 0x06, 0x12, 0x80, 0xfb, 0x63, 0x09,
  0x62, 0x2c, 0xb2, 0x60, 0xa2, 0x01, 0x6c, 0x8c, 0xeb, 0x43, 0x23, 0x20, 0xf0, 0x72, 0xa2, 0x20,
  0xf0, 0x91, 0xa2, 0x60, 0x33, 0x8d, 0xeb, 0xff, 0xf7, 0x1f, 0x73, 0x09, 0x60, 0x62, 0x34, 0x9e,
  0x35, 0xff, 0xf7, 0x1f, 0x6f, 0x22, 0x2d, 0x92, 0x34, 0xff, 0x4c, 0x02, 0x5c, 0x21, 0x61, 0x6e,
  0xa2, 0xad, 0xa2, 0x8f, 0xa2, 0x60, 0x33, 0x6d, 0xed, 0x70, 0xa2, 0x80, 0x34, 0x80, 0x34, 0xad,
  0xec, 0x00, 0xf6, 0x60, 0x33, 0xb2, 0xa2, 0xd4, 0xa2, 0x6d, 0xec, 0x71, 0xa2, 0x53, 0xa2, 0xa0,
  0x35, 0xc0, 0x36, 0x6d, 0xed, 0x4d, 0xee, 0x18, 0xb2, 0x40, 0xea, 0x00, 0x65, 0x17, 0xb2, 0x40,
  0x9a, 0x40, 0xea, 0x00, 0x65, 0x09, 0x97, 0x00, 0xef, 0x05, 0x63, 0x70, 0x33, 0xec, 0xeb, 0xd3,
  0x17, 0x82, 0xaa, 0x61, 0xaa, 0xa7, 0xa2, 0x80, 0x34, 0xc9, 0xa2, 0x80, 0x34, 0x6d, 0xec, 0x66,
  0xa2, 0x48, 0xa2, 0xa0, 0x35, 0xc0, 0x36, 0x6d, 0xed, 0x4d, 0xee, 0xec, 0xed, 0xec, 0xee, 0xe3,
  0x17, 0x0b, 0xb2, 0x49, 0xf6, 0x1a, 0x6f, 0x20, 0xf3, 0x14, 0x6e, 0x06, 0xd2, 0x09, 0xb2, 0x05,
  0xd2, 0x01, 0x6a, 0x04, 0xd2, 0xfd, 0x6d, 0x08, 0xb2, 0x40, 0xea, 0x02, 0x6c, 0xd7, 0x17, 0x00,
  0x65, 0xb4, 0xfa, 0x12, 0x80, 0xc9, 0xa6, 0x03, 0x80, 0xa4, 0xfa, 0x12, 0x80, 0xef, 0xbe, 0xad,
  0xde, 0x14, 0xd7, 0x11, 0x80, 0x11, 0x46, 0x08, 0x80, 0xfa, 0x63, 0x0b, 0x62, 0x11, 0xb2, 0x40,
  0x9a, 0x40, 0xea, 0x04, 0x6c, 0x3f, 0x6b, 0x6c, 0xea, 0xff, 0x6c, 0x0f, 0xb3, 0x8c, 0xea, 0x48,
  0xc3, 0x0e, 0xb3, 0x20, 0xf0, 0x75, 0xa3, 0x02, 0x6d, 0xac, 0xeb, 0x8c, 0xeb, 0x0d, 0x23, 0x06,
  0xd2, 0x0b, 0xb2, 0x05, 0xd2, 0x01, 0x6a, 0x04, 0xd2, 0x49, 0xf6, 0x15, 0x6f, 0xc0, 0xf4, 0x07,
  0x6e, 0xfd, 0x6d, 0x08, 0xb2, 0x40, 0xea, 0x05, 0x6c, 0x0b, 0x97, 0x00, 0xef, 0x06, 0x63, 0x00,
  0x65, 0x04, 0x07, 0x12, 0x80, 0xa4, 0x38, 0x12, 0x80, 0x60, 0x38, 0x12, 0x80, 0x14, 0xd7, 0x11,
  0x80, 0x11, 0x46, 0x08, 0x80, 0xf8, 0x63, 0x0f, 0x62, 0x0e, 0xd1, 0x0d, 0xd0, 0x49, 0xb0, 0x20,
  0xf0, 0x55, 0xa0, 0x02, 0x6b, 0x24, 0x67, 0x6c, 0xea, 0x1b, 0x22, 0x47, 0xb2, 0x68, 0xa2, 0x47,
  0xb2, 0xa1, 0x80, 0x40, 0x9a, 0x02, 0x6c, 0x0b, 0xd3, 0x40, 0xea, 0x0a, 0xd5, 0x0a, 0x95, 0x0b,
  0x93, 0x09, 0xd2, 0x43, 0xb2, 0x05, 0xd2, 0x04, 0x6a, 0x08, 0xd5, 0x04, 0xd2, 0x07, 0xd1, 0x06,
  0xd3, 0x29, 0xf6, 0x11, 0x6f, 0xc0, 0xf4, 0x18, 0x6e, 0xfd, 0x6d, 0x3e, 0xb2, 0x40, 0xea, 0x01,
  0x6c, 0x54, 0x80, 0x2e, 0xea, 0x68, 0x22, 0x3c, 0xb2, 0x40, 0x9a, 0x40, 0xea, 0x34, 0xc0, 0x3b,
  0xb2, 0x40, 0x9a, 0x40, 0xea, 0x91, 0x67, 0x3a, 0xb2, 0x40, 0x9a, 0x40, 0xea, 0x00, 0x65, 0x39,
  0xb2, 0x40, 0x9a, 0x02, 0x22, 0x40, 0xea, 0x00, 0x65, 0x37, 0xb2, 0x60, 0x9a, 0xff, 0x6d, 0x37,
  0x4d, 0x36, 0xb4, 0x40, 0xeb, 0x0a, 0xd2, 0x0a, 0x92, 0xa0, 0xf1, 0x1c, 0x6d, 0x34, 0xb4, 0x60,
  0x9a, 0x40, 0xeb, 0x00, 0x65, 0x0a, 0x92, 0xc0, 0xf1, 0x04, 0x6d, 0x32, 0xb4, 0x40, 0x9a, 0x40,
  0xea, 0x00, 0x65, 0x31, 0xb3, 0x85, 0xa0, 0x40, 0x9b, 0xf1, 0x67, 0x00, 0x6e, 0x00, 0x6d, 0x40,
  0xea, 0x0b, 0xd3, 0x0b, 0x93, 0x86, 0xa0, 0x0a, 0xd2, 0x40, 0x9b, 0xf1, 0x67, 0x00, 0x6e, 0x40,
  0xea, 0x00, 0x6d, 0x40, 0x33, 0x0a, 0x92, 0xff, 0xf7, 0x1f, 0x6c, 0x4d, 0xeb, 0x27, 0xb2, 0x8c,
  0xeb, 0x60, 0xca, 0x20, 0xf0, 0x71, 0xa0, 0x20, 0xf0, 0x50, 0xa0, 0x60, 0x33, 0x4d, 0xeb, 0x24,
  0xb2, 0x8c, 0xeb, 0x60, 0xca, 0x20, 0xf0, 0x4f, 0xa0, 0x20, 0xf0, 0x6e, 0xa0, 0x00, 0x68, 0x40,
  0x32, 0x6d, 0xea, 0x20, 0xb3, 0x8c, 0xea, 0x40, 0xcb, 0x08, 0x32, 0x1f, 0xb3, 0x69, 0xe2, 0x40,
  0x9a, 0x0d, 0x22, 0x43, 0xa2, 0x01, 0x6b, 0x6c, 0xea, 0x09, 0x22, 0x1c, 0xb2, 0x40, 0x9a, 0x40,
  0xea, 0x90, 0x67, 0x1b, 0xb3, 0x60, 0x9b, 0xa2, 0x67, 0x40, 0xeb, 0x90, 0x67, 0x01, 0x48, 0xff,
  0x6a, 0x4c, 0xe8, 0x0b, 0x58, 0xe9, 0x61, 0x0f, 0x97, 0x0e, 0x91, 0x0d, 0x90, 0x00, 0xef, 0x08,
  0x63, 0x60, 0x38, 0x12, 0x80, 0xa4, 0x38, 0x12, 0x80, 0x04, 0x07, 0x12, 0x80, 0x14, 0xd7, 0x11,
  0x80, 0x11, 0x46, 0x08, 0x80, 0xc8, 0x06, 0x12, 0x80, 0xcc, 0x06, 0x12, 0x80, 0xe0, 0x06, 0x12,
  0x80, 0x64, 0x14, 0x12, 0x80, 0xe8, 0x06, 0x12, 0x80, 0x75, 0x38, 0x12, 0x80, 0x7d, 0x38, 0x12,
  0x80, 0x85, 0x38, 0x12, 0x80, 0xd0, 0x06, 0x12, 0x80, 0xe8, 0x10, 0x00, 0xb6, 0xea, 0x10, 0x00,
  0xb6, 0xf0, 0x10, 0x00, 0xb6, 0x04, 0x3e, 0x12, 0x80, 0xec, 0x06, 0x12, 0x80, 0x00, 0x07, 0x12,
  0x80, 0xfb, 0x63, 0x09, 0x62, 0x08, 0xd1, 0x07, 0xd0, 0x13, 0xb1, 0x00, 0x6d, 0x40, 0xe9, 0x0e,
  0x6c, 0x08, 0xf0, 0x00, 0x6e, 0xcd, 0xea, 0xff, 0xf7, 0x1f, 0x6e, 0x10, 0xb3, 0x4c, 0xee, 0x00,
  0x6d, 0x0e, 0x6c, 0x40, 0xeb, 0x04, 0xd3, 0x00, 0x6d, 0x40, 0xe9, 0x2e, 0x6c, 0x00, 0x6d, 0x0e,
  0x6c, 0x40, 0xe9, 0x02, 0x67, 0x04, 0x93, 0xf7, 0xf7, 0x1f, 0x6e, 0x4c, 0xee, 0x00, 0x6d, 0x40,
  0xeb, 0x0e, 0x6c, 0x12, 0x30, 0x07, 0x6a, 0x0c, 0xea, 0x09, 0x97, 0x08, 0x91, 0x07, 0x90, 0x00,
  0xef, 0x05, 0x63, 0x00, 0x65, 0x89, 0xca, 0x03, 0x80, 0x2d, 0xcc, 0x03, 0x80, 0xfd, 0x63, 0x05,
  0x62, 0x09, 0xb3, 0x40, 0xa3, 0x10, 0x6c, 0x8c, 0xea, 0x08, 0x22, 0x56, 0xa3, 0x82, 0x67, 0x07,
  0xb2, 0x40, 0xea, 0x00, 0x65, 0x05, 0x97, 0x00, 0xef, 0x03, 0x63, 0x05, 0xb2, 0x40, 0xea, 0x00,
  0x6c, 0xf5, 0x17, 0x00, 0x65, 0xb4, 0xfa, 0x12, 0x80, 0x3d, 0xa0, 0x03, 0x80, 0x0d, 0xa0, 0x03,
  0x80, 0xfb, 0x63, 0x09, 0x62, 0x08, 0xd1, 0x07, 0xd0, 0x20, 0xb0, 0x21, 0xb1, 0x80, 0xf0, 0xa4,
  0xa8, 0x80, 0xf0, 0x80, 0x98, 0x40, 0x99, 0x40, 0xea, 0x00, 0x65, 0x1e, 0xb2, 0x40, 0x9a, 0x40,
  0xea, 0x00, 0x65, 0xa2, 0xa8, 0x40, 0x99, 0x40, 0xea, 0x80, 0x98, 0xa6, 0xa8, 0x40, 0x99, 0x40,
  0xea, 0x82, 0x98, 0x19, 0xb2, 0x63, 0x9a, 0x40, 0xeb, 0x04, 0xd2, 0x04, 0x92, 0x45, 0x9a, 0x40,
  0xea, 0x00, 0x65, 0x16, 0xb2, 0x40, 0x9a, 0x40, 0xea, 0x00, 0x65, 0x40, 0xf0, 0xac, 0xa8, 0x40,
  0x99, 0x92, 0x98, 0x13, 0xb0, 0x40, 0xea, 0x00, 0x65, 0x12, 0xb2, 0x80, 0xa2, 0x12, 0xb2, 0x40,
  0xea, 0x00, 0x65, 0x12, 0xb2, 0xa0, 0xa2, 0x40, 0x98, 0x40, 0xea, 0x21, 0x6c, 0x40, 0x98, 0x00,
  0x6d, 0x40, 0xea, 0x22, 0x6c, 0x0e, 0xb2, 0x40, 0x9a, 0x40, 0xea, 0x00, 0x65, 0x09, 0x97, 0x08,
  0x91, 0x07, 0x90, 0x00, 0xef, 0x05, 0x63, 0x00, 0x65, 0xb8, 0x1c, 0x12, 0x80, 0x50, 0x06, 0x12,
  0x80, 0x68, 0x06, 0x12, 0x80, 0x78, 0x06, 0x12, 0x80, 0xa4, 0xfa, 0x12, 0x80, 0x08, 0x07, 0x12,
  0x80, 0x9e, 0x38, 0x12, 0x80, 0x3d, 0xa0, 0x03, 0x80, 0xa0, 0x38, 0x12, 0x80, 0x74, 0x06, 0x12,
  0x80, 0xfb, 0x63, 0x09, 0x62, 0x08, 0xd1, 0x07, 0xd0, 0x1b, 0xb1, 0x1c, 0xb3, 0x01, 0x6e, 0x40,
  0x99, 0x75, 0x6d, 0x06, 0x6c, 0x04, 0xd2, 0x40, 0x99, 0x01, 0x68, 0x6c, 0xea, 0x18, 0xb3, 0x6d,
  0xea, 0x40, 0xd9, 0x18, 0xb2, 0x40, 0x9a, 0x40, 0xea, 0x00, 0x65, 0x4d, 0xe8, 0xff, 0xf7, 0x1f,
  0x6b, 0x15, 0xb2, 0xf0, 0x67, 0x6c, 0xef, 0x60, 0x9a, 0x01, 0x6e, 0x75, 0x6d, 0x06, 0x6c, 0x40,
  0xeb, 0x05, 0xd2, 0x12, 0xb2, 0x40, 0xea, 0x01, 0x6c, 0x05, 0x92, 0x02, 0x6f, 0xeb, 0xef, 0x40,
  0x9a, 0xff, 0xf7, 0x1f, 0x6b, 0x0c, 0xef, 0x6c, 0xef, 0x01, 0x6e, 0x75, 0x6d, 0x40, 0xea, 0x06,
  0x6c, 0x0a, 0xb2, 0x40, 0xea, 0x01, 0x6c, 0x04, 0x92, 0x09, 0x97, 0x07, 0x90, 0x40, 0xd9, 0x08,
  0x91, 0x00, 0xef, 0x05, 0x63, 0x00, 0xa0, 0x00, 0xb0, 0xff, 0xff, 0xff, 0xf7, 0x00, 0x00, 0x00,
  0x08, 0x0c, 0x07, 0x12, 0x80, 0x10, 0x07, 0x12, 0x80, 0xf5, 0x9a, 0x00, 0x80, 0xfd, 0x63, 0x05,
  0x62, 0x06, 0xb2, 0x40, 0x9a, 0x40, 0xea, 0x00, 0x65, 0x82, 0x67, 0x05, 0xb2, 0x40, 0xea, 0x00,
  0x65, 0x05, 0x97, 0x00, 0xef, 0x03, 0x63, 0x00, 0x65, 0xb0, 0xfa, 0x12, 0x80, 0xc1, 0xbd, 0x03,
  0x80, 0xfb, 0x63, 0x09, 0x62, 0x08, 0xd0, 0x2e, 0xb0, 0xc0, 0xf1, 0x6f, 0xa0, 0x01, 0x6a, 0x06,
  0xd2, 0x4d, 0xeb, 0xc0, 0xf1, 0x6f, 0xc0, 0x2b, 0xb3, 0x05, 0xd3, 0x04, 0xd2, 0x49, 0xf6, 0x12,
  0x6f, 0x60, 0xf5, 0x04, 0x6e, 0xfd, 0x6d, 0x28, 0xb2, 0x40, 0xea, 0x01, 0x6c, 0x27, 0xb2, 0x40,
  0xea, 0x00, 0x65, 0x27, 0xb2, 0x27, 0xb3, 0x60, 0xda, 0x00, 0xf2, 0x0a, 0x6b, 0x62, 0xca, 0x26,
  0xb3, 0x70, 0xda, 0x18, 0x6b, 0x40, 0xf0, 0x64, 0xca, 0x24, 0xb3, 0x62, 0xda, 0x12, 0x6b, 0x66,
  0xca, 0x23, 0xb3, 0x6e, 0xda, 0x54, 0x6b, 0x7e, 0xca, 0x22, 0xb3, 0x72, 0xda, 0x0c, 0x6b, 0x40,
  0xf0, 0x6c, 0xca, 0x21, 0xb3, 0x80, 0xf0, 0x68, 0xda, 0x6a, 0x6b, 0x80, 0xf0, 0x6c, 0xca, 0x1f,
  0xb3, 0x20, 0xf0, 0x52, 0xa3, 0x20, 0xf0, 0x71, 0xa3, 0x40, 0x32, 0x6d, 0xea, 0xff, 0xf7, 0x1f,
  0x72, 0x06, 0x60, 0x42, 0x33, 0x7e, 0x34, 0x15, 0x2c, 0x72, 0x33, 0x19, 0xb2, 0x60, 0xc2, 0x18,
  0xb2, 0x40, 0xa2, 0xff, 0x6b, 0xff, 0x4a, 0x6c, 0xea, 0x02, 0x5a, 0x07, 0x60, 0x2a, 0x6a, 0x80,
  0xf2, 0x42, 0xc0, 0x80, 0xf2, 0x43, 0xc0, 0x80, 0xf2, 0x44, 0xc0, 0x09, 0x97, 0x08, 0x90, 0x00,
  0xef, 0x05, 0x63, 0x50, 0x32, 0xff, 0xf7, 0x1f, 0x6b, 0x6c, 0xea, 0xe0, 0x17, 0xa8, 0x00, 0x12,
  0x80, 0x14, 0xd7, 0x11, 0x80, 0x11, 0x46, 0x08, 0x80, 0x79, 0xa4, 0x03, 0x80, 0xb8, 0x1c, 0x12,
  0x80, 0xfc, 0xdb, 0x11, 0x80, 0xe8, 0xda, 0x11, 0x80, 0xd8, 0xdb, 0x11, 0x80, 0x30, 0xdb, 0x11,
  0x80, 0x18, 0xdb, 0x11, 0x80, 0x14, 0xda, 0x11, 0x80, 0xb4, 0xfa, 0x12, 0x80, 0xa0, 0xfa, 0x12,
  0x80, 0xfa, 0x63, 0x0b, 0x62, 0x0a, 0xd1, 0x09, 0xd0, 0x15, 0xb5, 0x60, 0xf2, 0x58, 0xa5, 0x20,
  0x6b, 0xff, 0x69, 0x6c, 0xea, 0x2c, 0xea, 0x06, 0xd5, 0x1b, 0x22, 0x12, 0xb2, 0x4f, 0xa2, 0x7d,
  0x67, 0x04, 0x67, 0x50, 0xc3, 0x10, 0xb2, 0x40, 0x9a, 0x40, 0xea, 0x04, 0x04, 0x06, 0x95, 0x5d,
  0x67, 0x70, 0xa2, 0xc0, 0xf0, 0x9c, 0xa5, 0x08, 0x6a, 0x60, 0xf2, 0xdf, 0x85, 0x4c, 0xec, 0x00,
  0x6a, 0x07, 0x24, 0xcf, 0xe3, 0x2c, 0xeb, 0x63, 0xe8, 0x58, 0x67, 0x01, 0x6b, 0x6e, 0xea, 0x2c,
  0xea, 0x0b, 0x97, 0x0a, 0x91, 0x09, 0x90, 0x00, 0xef, 0x06, 0x63, 0x00, 0x65, 0xa8, 0x00, 0x12,
  0x80, 0x60, 0x38, 0x12, 0x80, 0xe4, 0x06, 0x12, 0x80, 0x14, 0xb5, 0x60, 0xf2, 0x58, 0xa5, 0x04,
  0x6b, 0xff, 0x6e, 0x6c, 0xea, 0xcc, 0xea, 0x11, 0x22, 0x60, 0xf2, 0x9b, 0xa5, 0x60, 0xf2, 0x5a,
  0xa5, 0x60, 0xf2, 0x7c, 0xa5, 0x80, 0x34, 0x4d, 0xec, 0x60, 0xf2, 0x5d, 0xa5, 0x60, 0x33, 0x60,
  0x33, 0x6d, 0xec, 0x00, 0xf6, 0x40, 0x32, 0x20, 0xe8, 0x8d, 0xea, 0x09, 0xb4, 0x61, 0xa4, 0x01,
  0x6a, 0x4c, 0xeb, 0xcc, 0xeb, 0x00, 0x6a, 0x05, 0x23, 0x50, 0xac, 0x6f, 0xac, 0x40, 0x32, 0x40,
  0x32, 0x6d, 0xea, 0x20, 0xe8, 0x00, 0x65, 0x00, 0x65, 0xa8, 0x00, 0x12, 0x80, 0xb4, 0xfa, 0x12,
  0x80, 0x0b, 0xb3, 0x60, 0xf2, 0x58, 0xa3, 0x02, 0x6c, 0xff, 0x6d, 0x8c, 0xea, 0xac, 0xea, 0x04,
  0x22, 0x60, 0xf2, 0x59, 0x83, 0x20, 0xe8, 0x00, 0x65, 0x06, 0xb4, 0x60, 0xa4, 0x40, 0x6a, 0x4c,
  0xeb, 0xac, 0xeb, 0x00, 0x6a, 0x01, 0x23, 0x59, 0x84, 0x20, 0xe8, 0x00, 0x65, 0xa8, 0x00, 0x12,
  0x80, 0xb4, 0xfa, 0x12, 0x80, 0xfb, 0x63, 0x09, 0x62, 0x08, 0xd1, 0x07, 0xd0, 0x1c, 0xb3, 0x41,
  0x83, 0x00, 0x52, 0x2e, 0x60, 0x20, 0xf0, 0x0e, 0xa3, 0x07, 0x6e, 0x1a, 0xb7, 0x13, 0x30, 0x70,
  0x67, 0xcc, 0xeb, 0x00, 0x6d, 0x0e, 0x6c, 0x05, 0xd3, 0x40, 0xef, 0x04, 0xd7, 0x08, 0xf0, 0x00,
  0x6e, 0x4d, 0xee, 0xff, 0xf7, 0x1f, 0x69, 0x2c, 0xee, 0x00, 0x6d, 0x13, 0xb0, 0x40, 0xe8, 0x0e,
  0x6c, 0x04, 0x97, 0x00, 0x6d, 0x40, 0xef, 0x2e, 0x6c, 0x05, 0x93, 0x2c, 0xea, 0x71, 0x69, 0x2b,
  0xe9, 0x2c, 0xea, 0x70, 0x36, 0x4d, 0xee, 0x00, 0x6d, 0x40, 0xe8, 0x2e, 0x6c, 0x04, 0x97, 0x00,
  0x6d, 0x40, 0xef, 0x0e, 0x6c, 0xf7, 0xf7, 0x1f, 0x6e, 0x4c, 0xee, 0x00, 0x6d, 0x40, 0xe8, 0x0e,
  0x6c, 0x09, 0x97, 0x08, 0x91, 0x07, 0x90, 0x00, 0xef, 0x05, 0x63, 0x00, 0x65, 0xb4, 0xfa, 0x12,
  0x80, 0x89, 0xca, 0x03, 0x80, 0x2d, 0xcc, 0x03, 0x80, 0xfd, 0x63, 0x05, 0x62, 0x08, 0xb3, 0x40,
  0xa3, 0x08, 0x6c, 0x8c, 0xea, 0x06, 0x22, 0x07, 0xb2, 0x40, 0xea, 0x95, 0xa3, 0x05, 0x97, 0x00,
  0xef, 0x03, 0x63, 0x05, 0xb2, 0x40, 0xea, 0x00, 0x65, 0xf9, 0x17, 0x00, 0x65, 0xb4, 0xfa, 0x12,
  0x80, 0xc1, 0xa0, 0x03, 0x80, 0x85, 0xb4, 0x03, 0x80, 0xfd, 0x63, 0x05, 0x62, 0x2e, 0xb2, 0x2f,
  0xb3, 0x60, 0xda, 0x2f, 0xb2, 0x2f, 0xb3, 0x60, 0xda, 0x2f, 0xb2, 0x30, 0xb3, 0x64, 0xda, 0x30,
  0xb3, 0x65, 0xda, 0x30, 0xb3, 0x60, 0xda, 0x30, 0xb3, 0x61, 0xda, 0x30, 0xb3, 0x62, 0xda, 0x30,
  0xb3, 0x63, 0xda, 0x30, 0xb2, 0x30, 0xb3, 0x61, 0xda, 0x30, 0xb2, 0x31, 0xb3, 0x60, 0xda, 0x31,
  0xb2, 0x31, 0xb3, 0x60, 0xda, 0x31, 0xb2, 0x32, 0xb3, 0x60, 0xda, 0x32, 0xb2, 0x32, 0xb3, 0x60,
  0xda, 0x32, 0xb2, 0x33, 0xb3, 0x60, 0xda, 0x33, 0xb2, 0x33, 0xb3, 0x60, 0xda, 0x33, 0xb2, 0x34,
  0xb3, 0x60, 0xda, 0x34, 0xb2, 0x34, 0xb3, 0x60, 0xda, 0x34, 0xb2, 0x35, 0xb3, 0x60, 0xda, 0x35,
  0xb2, 0x35, 0xb3, 0x60, 0xda, 0x35, 0xb2, 0x36, 0xb3, 0x60, 0xda, 0x36, 0xb2, 0x58, 0x6b, 0x80,
  0xf2, 0x62, 0xc2, 0x80, 0xf2, 0x65, 0xc2, 0x80, 0xf2, 0x66, 0xc2, 0x80, 0xf2, 0x67, 0xc2, 0x80,
  0xf2, 0x68, 0xc2, 0x80, 0xf2, 0x69, 0xc2, 0x70, 0x6b, 0x5c, 0x6c, 0x80, 0xf2, 0x6a, 0xc2, 0x80,
  0xf2, 0x6b, 0xc2, 0x80, 0xf2, 0x6c, 0xc2, 0x80, 0xf2, 0x6d, 0xc2, 0x48, 0x6b, 0x80, 0xf2, 0x83,
  0xc2, 0x80, 0xf2, 0x84, 0xc2, 0x20, 0xf4, 0x60, 0xc2, 0x27, 0xb2, 0x40, 0xea, 0x00, 0x65, 0x05,
  0x97, 0x00, 0xef, 0x03, 0x63, 0x58, 0x06, 0x12, 0x80, 0xd1, 0xc3, 0x11, 0x80, 0x6c, 0x06, 0x12,
  0x80, 0xc5, 0xbe, 0x11, 0x80, 0x78, 0x06, 0x12, 0x80, 0x81, 0xcc, 0x11, 0x80, 0x55, 0xce, 0x11,
  0x80, 0x3d, 0xc2, 0x11, 0x80, 0x39, 0xc6, 0x11, 0x80, 0x0d, 0xbf, 0x11, 0x80, 0xad, 0xc3, 0x11,
  0x80, 0x94, 0x06, 0x12, 0x80, 0x3d, 0xbf, 0x11, 0x80, 0xac, 0x06, 0x12, 0x80, 0x21, 0xc3, 0x11,
  0x80, 0xb0, 0xfa, 0x12, 0x80, 0x29, 0xc5, 0x11, 0x80, 0xdc, 0x06, 0x12, 0x80, 0x81, 0xc5, 0x11,
  0x80, 0xa8, 0x06, 0x12, 0x80, 0x09, 0xc0, 0x11, 0x80, 0xc4, 0x06, 0x12, 0x80, 0x65, 0xc0, 0x11,
  0x80, 0xa0, 0x06, 0x12, 0x80, 0x71, 0xc2, 0x11, 0x80, 0xac, 0xfa, 0x12, 0x80, 0x69, 0xbe, 0x11,
  0x80, 0xa8, 0xfa, 0x12, 0x80, 0xe1, 0xc1, 0x11, 0x80, 0xa4, 0xfa, 0x12, 0x80, 0xb5, 0xc5, 0x11,
  0x80, 0x54, 0x06, 0x12, 0x80, 0xf5, 0xca, 0x11, 0x80, 0xfc, 0x06, 0x12, 0x80, 0xc1, 0xc4, 0x11,
  0x80, 0xa8, 0x00, 0x12, 0x80, 0x0d, 0xc3, 0x00, 0x80, 0xf7, 0x63, 0x11, 0x62, 0x10, 0xd1, 0x0f,
  0xd0, 0x31, 0xb0, 0x40, 0x98, 0x01, 0x6e, 0x5a, 0x6d, 0x40, 0xea, 0x00, 0x6c, 0x0d, 0xd2, 0x40,
  0x98, 0x01, 0x6e, 0x5c, 0x6d, 0x40, 0xea, 0x00, 0x6c, 0x2c, 0xb0, 0x2d, 0xb1, 0x0c, 0xd2, 0x80,
  0xf0, 0xac, 0xa8, 0x80, 0xf0, 0x88, 0x98, 0x40, 0x99, 0x40, 0xea, 0x00, 0x65, 0x0d, 0x97, 0x29,
  0xb3, 0xff, 0xf7, 0x1f, 0x6a, 0x4c, 0xef, 0x40, 0x9b, 0x01, 0x6e, 0x5a, 0x6d, 0x00, 0x6c, 0x40,
  0xea, 0x0d, 0xd3, 0x0d, 0x93, 0x0c, 0x97, 0xff, 0xf7, 0x1f, 0x6a, 0x60, 0x9b, 0x4c, 0xef, 0x01,
  0x6e, 0x5c, 0x6d, 0x40, 0xeb, 0x00, 0x6c, 0x0b, 0x06, 0x20, 0xf0, 0x0e, 0x05, 0x1e, 0xb2, 0x40,
  0xea, 0x0a, 0x04, 0x1e, 0xb2, 0x40, 0x9a, 0x00, 0x6d, 0x40, 0xea, 0x00, 0x6c, 0x40, 0x99, 0x80,
  0xf0, 0xb4, 0xa8, 0x80, 0xf0, 0x90, 0x98, 0x40, 0xea, 0x00, 0x65, 0x5d, 0x67, 0xd6, 0xaa, 0xb7,
  0xaa, 0x17, 0xb2, 0x40, 0xea, 0x0a, 0x94, 0x17, 0xb2, 0x40, 0xa2, 0x08, 0x6b, 0x6c, 0xea, 0x14,
  0x22, 0x5d, 0x67, 0x56, 0xaa, 0x68, 0xf6, 0x0e, 0x6f, 0x00, 0xf3, 0x05, 0x6e, 0x08, 0xd2, 0x5d,
  0x67, 0x57, 0xaa, 0xfd, 0x6d, 0x07, 0xd2, 0x0a, 0x92, 0x06, 0xd2, 0x0f, 0xb2, 0x05, 0xd2, 0x03,
  0x6a, 0x04, 0xd2, 0x0e, 0xb2, 0x40, 0xea, 0x05, 0x6c, 0x11, 0x97, 0x10, 0x91, 0x0f, 0x90, 0x00,
  0xef, 0x09, 0x63, 0x00, 0x65, 0x0c, 0x07, 0x12, 0x80, 0xb8, 0x1c, 0x12, 0x80, 0x50, 0x06, 0x12,
  0x80, 0x10, 0x07, 0x12, 0x80, 0x45, 0xa6, 0x03, 0x80, 0x08, 0x07, 0x12, 0x80, 0xc9, 0xa6, 0x03,
  0x80, 0x98, 0x38, 0x12, 0x80, 0x14, 0xd7, 0x11, 0x80, 0x11, 0x46, 0x08, 0x80, 0xfb, 0x63, 0x09,
  0x62, 0x30, 0xb2, 0x40, 0x9a, 0x40, 0xea, 0x00, 0x65, 0x2f, 0xb2, 0x60, 0xa2, 0x01, 0x6c, 0x8c,
  0xeb, 0x47, 0x23, 0x20, 0xf0, 0x72, 0xa2, 0x20, 0xf0, 0x91, 0xa2, 0x60, 0x33, 0x8d, 0xeb, 0xff,
  0xf7, 0x1f, 0x73, 0x09, 0x60, 0x62, 0x34, 0x9e, 0x35, 0xff, 0xf7, 0x1f, 0x6f, 0x26, 0x2d, 0x92,
  0x34, 0xff, 0x4c, 0x02, 0x5c, 0x25, 0x61, 0x6e, 0xa2, 0xad, 0xa2, 0x8f, 0xa2, 0x60, 0x33, 0x6d,
  0xed, 0x70, 0xa2, 0x80, 0x34, 0x80, 0x34, 0xad, 0xec, 0x00, 0xf6, 0x60, 0x33, 0xb2, 0xa2, 0xd4,
  0xa2, 0x6d, 0xec, 0x71, 0xa2, 0x53, 0xa2, 0xa0, 0x35, 0xc0, 0x36, 0x6d, 0xed, 0x4d, 0xee, 0x1b,
  0xb2, 0x40, 0xea, 0x00, 0x65, 0x1a, 0xb2, 0x40, 0x9a, 0x40, 0xea, 0x00, 0x65, 0x19, 0xb2, 0x40,
  0x9a, 0x40, 0xea, 0x00, 0x65, 0x09, 0x97, 0x00, 0xef, 0x05, 0x63, 0x70, 0x33, 0xec, 0xeb, 0xcf,
  0x17, 0x82, 0xaa, 0x61, 0xaa, 0xa7, 0xa2, 0x80, 0x34, 0xc9, 0xa2, 0x80, 0x34, 0x6d, 0xec, 0x66,
  0xa2, 0x48, 0xa2, 0xa0, 0x35, 0xc0, 0x36, 0x6d, 0xed, 0x4d, 0xee, 0xec, 0xed, 0xec, 0xee, 0xdf,
  0x17, 0x0d, 0xb2, 0x88, 0xf6, 0x00, 0x6f, 0x60, 0xf3, 0x02, 0x6e, 0x06, 0xd2, 0x0b, 0xb2, 0x05,
  0xd2, 0x01, 0x6a, 0x04, 0xd2, 0xfd, 0x6d, 0x0a, 0xb2, 0x40, 0xea, 0x02, 0x6c, 0xd3, 0x17, 0x00,
  0x65, 0x68, 0x06, 0x12, 0x80, 0xb4, 0xfa, 0x12, 0x80, 0xc9, 0xa6, 0x03, 0x80, 0xa4, 0xfa, 0x12,
  0x80, 0x74, 0x06, 0x12, 0x80, 0xef, 0xbe, 0xad, 0xde, 0x14, 0xd7, 0x11, 0x80, 0x11, 0x46, 0x08,
  0x80, 0x03, 0xb2, 0x40, 0xa2, 0x01, 0x6b, 0x20, 0xe8, 0x6c, 0xea, 0x00, 0x65, 0xb4, 0xfa, 0x12,
  0x80, 0xfd, 0x63, 0x05, 0x62, 0x04, 0xb2, 0x40, 0x9a, 0x04, 0xb4, 0x40, 0xea, 0x18, 0x6d, 0x05,
  0x97, 0x00, 0xef, 0x03, 0x63, 0x50, 0x06, 0x12, 0x80, 0xe4, 0xd9, 0x11, 0x80, 0xfd, 0x63, 0x05,
  0x62, 0x05, 0xb2, 0x06, 0xb3, 0x60, 0x9b, 0x40, 0xf0, 0xa4, 0xaa, 0x40, 0xeb, 0x90, 0x9a, 0x05,
  0x97, 0x00, 0xef, 0x03, 0x63, 0xb8, 0x1c, 0x12, 0x80, 0x50, 0x06, 0x12, 0x80, 0x04, 0xb2, 0x01,
  0x6b, 0x00, 0xf4, 0x66, 0xc2, 0x03, 0xb2, 0x00, 0x6b, 0x20, 0xe8, 0x74, 0xc2, 0xa8, 0x00, 0x12,
  0x80, 0x60, 0x38, 0x12, 0x80, 0x05, 0xb2, 0x00, 0x6b, 0x00, 0xf4, 0x66, 0xc2, 0x80, 0x6b, 0x04,
  0xb2, 0x6b, 0xeb, 0x20, 0xe8, 0x74, 0xc2, 0x00, 0x65, 0xa8, 0x00, 0x12, 0x80, 0x60, 0x38, 0x12,
  0x80, 0xf5, 0x63, 0x15, 0x62, 0x14, 0xd1, 0x13, 0xd0, 0x34, 0xb0, 0x4e, 0xa8, 0x6d, 0xa8, 0x8e,
  0xa0, 0x40, 0x32, 0x40, 0x32, 0x6d, 0xea, 0x0f, 0xd2, 0x20, 0xf0, 0x4c, 0xa0, 0x6f, 0xa8, 0x80,
  0x34, 0x0e, 0xd2, 0x20, 0xf0, 0x4b, 0xa0, 0x2e, 0xb1, 0x49, 0xf6, 0x13, 0x6f, 0x0d, 0xd2, 0x20,
  0xf0, 0x4a, 0xa0, 0x80, 0xf3, 0x1a, 0x6e, 0xfd, 0x6d, 0x0c, 0xd2, 0x50, 0xa8, 0x40, 0x32, 0x40,
  0x32, 0x6d, 0xea, 0x0b, 0xd2, 0x59, 0x80, 0x73, 0xa0, 0x0a, 0xd2, 0x54, 0xa0, 0x40, 0x32, 0x6d,
  0xea, 0x09, 0xd2, 0x52, 0xa0, 0x71, 0xa0, 0x40, 0x32, 0x6d, 0xea, 0x08, 0xd2, 0x4d, 0xa0, 0x6f,
  0xa0, 0x4d, 0xec, 0x50, 0xa0, 0x60, 0x33, 0x60, 0x33, 0x6d, 0xec, 0x00, 0xf6, 0x40, 0x32, 0x8d,
  0xea, 0x07, 0xd2, 0x01, 0x6a, 0x1b, 0xb3, 0x06, 0xd2, 0x0a, 0x6a, 0x05, 0xd3, 0x04, 0xd2, 0x03,
  0x6c, 0x40, 0xe9, 0x10, 0xd3, 0x20, 0xf0, 0x52, 0xa0, 0x20, 0xf0, 0x91, 0xa0, 0x10, 0x93, 0x40,
  0x32, 0x8d, 0xea, 0x0e, 0xd2, 0x20, 0xf0, 0x4e, 0xa0, 0x05, 0xd3, 0x49, 0xf6, 0x14, 0x6f, 0x0d,
  0xd2, 0x20, 0xf0, 0x4d, 0xa0, 0xa0, 0xf3, 0x05, 0x6e, 0xfd, 0x6d, 0x0c, 0xd2, 0x58, 0x80, 0x03,
  0x6c, 0x0b, 0xd2, 0x57, 0xa0, 0x0a, 0xd2, 0x56, 0xa0, 0x09, 0xd2, 0x55, 0xa0, 0x08, 0xd2, 0x40,
  0xa8, 0x07, 0xd2, 0x4a, 0xa0, 0x06, 0xd2, 0x09, 0x6a, 0x40, 0xe9, 0x04, 0xd2, 0x15, 0x97, 0x14,
  0x91, 0x13, 0x90, 0x00, 0xef, 0x0b, 0x63, 0x00, 0x65, 0xb4, 0xfa, 0x12, 0x80, 0x11, 0x46, 0x08,
  0x80, 0x14, 0xd7, 0x11, 0x80, 0xfb, 0x63, 0x09, 0x62, 0x08, 0xd1, 0x07, 0xd0, 0x00, 0x69, 0xc0,
  0xf1, 0x0f, 0x68, 0x11, 0xb2, 0x40, 0x6b, 0x90, 0x67, 0x60, 0xc2, 0x10, 0xb2, 0x40, 0xea, 0x04,
  0x05, 0x9d, 0x67, 0x90, 0xa4, 0x0e, 0xb3, 0x29, 0xe3, 0x01, 0x49, 0x82, 0xc2, 0x01, 0x48, 0xff,
  0xf7, 0x1f, 0x6a, 0x31, 0x59, 0x4c, 0xe8, 0xed, 0x61, 0x4c, 0xa3, 0x8b, 0xa3, 0x40, 0x32, 0x8d,
  0xea, 0x4f, 0xea, 0x40, 0xcb, 0x07, 0xb2, 0x40, 0xea, 0x00, 0x65, 0x09, 0x97, 0x08, 0x91, 0x07,
  0x90, 0x00, 0xef, 0x05, 0x63, 0x13, 0xa0, 0x00, 0xb0, 0xdd, 0xbf, 0x00, 0x80, 0xb4, 0xfa, 0x12,
  0x80, 0x11, 0xca, 0x11, 0x80, 0xf9, 0x63, 0x0d, 0x62, 0x0c, 0xd1, 0x0b, 0xd0, 0x5d, 0x67, 0x58,
  0xa2, 0x20, 0x6d, 0xab, 0xed, 0xac, 0xea, 0x7d, 0x67, 0x58, 0xc3, 0x01, 0xa4, 0x5d, 0x67, 0x59,
  0xa2, 0x1f, 0x6f, 0xc2, 0xa4, 0x70, 0x67, 0xec, 0xeb, 0xac, 0xea, 0x6d, 0xea, 0x7d, 0x67, 0x59,
  0xc3, 0xcc, 0x33, 0x18, 0x6a, 0x4c, 0xeb, 0x5d, 0x67, 0x5a, 0xa2, 0x16, 0x30, 0x0d, 0xeb, 0xac,
  0xea, 0xec, 0xeb, 0x4d, 0xeb, 0x5d, 0x67, 0x7a, 0xc2, 0x5b, 0xa2, 0xcb, 0x33, 0xec, 0xeb, 0xac,
  0xea, 0x6d, 0xea, 0x7d, 0x67, 0x5b, 0xc3, 0x43, 0xa4, 0x1e, 0x6b, 0xde, 0x36, 0x44, 0x32, 0x6c,
  0xea, 0x7d, 0x67, 0x7c, 0xa3, 0xcd, 0xea, 0xec, 0xea, 0xac, 0xeb, 0x6d, 0xea, 0x7d, 0x67, 0x5c,
  0xc3, 0x00, 0x6a, 0x04, 0x03, 0x51, 0xe3, 0x68, 0xa4, 0xc0, 0xf6, 0x60, 0x33, 0xc0, 0xf6, 0x63,
  0x33, 0x68, 0x35, 0x6d, 0xe5, 0x64, 0x33, 0x04, 0x6d, 0xba, 0xeb, 0x01, 0x2d, 0xe5, 0xe8, 0x0a,
  0x6d, 0x12, 0xeb, 0x05, 0x4b, 0xba, 0xeb, 0x01, 0x2d, 0xe5, 0xe8, 0x10, 0xed, 0x00, 0x55, 0x12,
  0xeb, 0x40, 0x61, 0x60, 0xc4, 0x01, 0x4a, 0xff, 0x6b, 0x6c, 0xea, 0x05, 0x5a, 0xe2, 0x61, 0x5d,
  0x67, 0xf0, 0xa2, 0x53, 0xa2, 0x0f, 0x6c, 0xe0, 0x37, 0x8c, 0xea, 0x6c, 0xea, 0xf0, 0x37, 0x4d,
  0xef, 0x5d, 0x67, 0x51, 0xa2, 0x01, 0xf7, 0x00, 0x6b, 0x18, 0xb1, 0x40, 0x32, 0x6c, 0xea, 0x4d,
  0xef, 0x5d, 0x67, 0x52, 0xa2, 0xff, 0x6b, 0xff, 0xf7, 0x1f, 0x68, 0x50, 0x32, 0x6c, 0xea, 0x4d,
  0xef, 0x40, 0x99, 0x0c, 0xef, 0x01, 0x6e, 0x63, 0x6d, 0x40, 0xea, 0x03, 0x6c, 0x5d, 0x67, 0xf4,
  0xa2, 0x0f, 0xb2, 0x40, 0x9a, 0xe0, 0x37, 0xf0, 0x37, 0x01, 0x6e, 0x62, 0x6d, 0x03, 0x6c, 0x40,
  0xea, 0x08, 0xd7, 0x08, 0x97, 0xe1, 0xf7, 0x1f, 0x6b, 0x6c, 0xea, 0x4d, 0xef, 0x40, 0x99, 0x0c,
  0xef, 0x01, 0x6e, 0x62, 0x6d, 0x40, 0xea, 0x03, 0x6c, 0x0d, 0x97, 0x0c, 0x91, 0x0b, 0x90, 0x00,
  0xef, 0x07, 0x63, 0xff, 0x4b, 0xbe, 0x17, 0x00, 0x65, 0x10, 0x07, 0x12, 0x80, 0x0c, 0x07, 0x12,
  0x80, 0x0d, 0xb2, 0x60, 0xa2, 0x0d, 0xb2, 0x60, 0xf2, 0x58, 0xa2, 0x40, 0x6c, 0x7e, 0x33, 0x8c,
  0xea, 0x04, 0x2a, 0x0b, 0xb4, 0x03, 0x2b, 0x20, 0xe8, 0x00, 0x65, 0x0a, 0xb4, 0xa0, 0xa4, 0x01,
  0x25, 0x01, 0x2b, 0xf9, 0x22, 0xfd, 0x63, 0x05, 0x62, 0x07, 0xb2, 0x40, 0xea, 0x00, 0x65, 0x05,
  0x97, 0x00, 0xef, 0x03, 0x63, 0xb4, 0xfa, 0x12, 0x80, 0xa8, 0x00, 0x12, 0x80, 0xce, 0xfa, 0x12,
  0x80, 0x37, 0x03, 0x12, 0x80, 0x55, 0xcb, 0x11, 0x80, 0xfd, 0x63, 0x05, 0x62, 0x04, 0xd0, 0x0c,
  0xb2, 0x40, 0x9a, 0x04, 0x67, 0x40, 0xea, 0x29, 0x6c, 0x00, 0x30, 0xe1, 0xf7, 0x1f, 0x6d, 0x09,
  0xb3, 0xac, 0xea, 0x10, 0x30, 0x60, 0x9b, 0x0d, 0xea, 0xff, 0xf7, 0x1f, 0x6d, 0x4c, 0xed, 0x40,
  0xeb, 0x29, 0x6c, 0x05, 0x97, 0x04, 0x90, 0x00, 0xef, 0x03, 0x63, 0x00, 0x65, 0x04, 0x07, 0x12,
  0x80, 0x08, 0x07, 0x12, 0x80, 0xfb, 0x63, 0x09, 0x62, 0x08, 0xd1, 0x07, 0xd0, 0x17, 0xb3, 0x0a,
  0xd4, 0x00, 0x6d, 0x0e, 0x6c, 0x40, 0xeb, 0x04, 0xd3, 0x08, 0xf0, 0x00, 0x6e, 0x4d, 0xee, 0xff,
  0xf7, 0x1f, 0x68, 0x0c, 0xee, 0x12, 0xb1, 0x00, 0x6d, 0x40, 0xe9, 0x0e, 0x6c, 0x04, 0x93, 0x00,
  0x6d, 0x40, 0xeb, 0x2a, 0x6c, 0x0a, 0x97, 0x0c, 0xea, 0x10, 0x68, 0x0b, 0xe8, 0x0f, 0x6e, 0xec,
  0xee, 0x0c, 0xea, 0x4d, 0xee, 0x00, 0x6d, 0x40, 0xe9, 0x2a, 0x6c, 0x04, 0x93, 0x00, 0x6d, 0x40,
  0xeb, 0x0e, 0x6c, 0xf7, 0xf7, 0x1f, 0x6e, 0x4c, 0xee, 0x00, 0x6d, 0x40, 0xe9, 0x0e, 0x6c, 0x09,
  0x97, 0x08, 0x91, 0x07, 0x90, 0x00, 0xef, 0x05, 0x63, 0x89, 0xca, 0x03, 0x80, 0x2d, 0xcc, 0x03,
  0x80, 0xfb, 0x63, 0x09, 0x62, 0x08, 0xd1, 0x07, 0xd0, 0x17, 0xb3, 0x0a, 0xd4, 0x00, 0x6d, 0x0e,
  0x6c, 0x40, 0xeb, 0x04, 0xd3, 0x08, 0xf0, 0x00, 0x6e, 0x4d, 0xee, 0xff, 0xf7, 0x1f, 0x68, 0x0c,
  0xee, 0x12, 0xb1, 0x00, 0x6d, 0x40, 0xe9, 0x0e, 0x6c, 0x04, 0x93, 0x00, 0x6d, 0x40, 0xeb, 0x28,
  0x6c, 0x0a, 0x97, 0x0c, 0xea, 0x10, 0x68, 0x0b, 0xe8, 0x0f, 0x6e, 0xec, 0xee, 0x0c, 0xea, 0x4d,
  0xee, 0x00, 0x6d, 0x40, 0xe9, 0x28, 0x6c, 0x04, 0x93, 0x00, 0x6d, 0x40, 0xeb, 0x0e, 0x6c, 0xf7,
  0xf7, 0x1f, 0x6e, 0x4c, 0xee, 0x00, 0x6d, 0x40, 0xe9, 0x0e, 0x6c, 0x09, 0x97, 0x08, 0x91, 0x07,
  0x90, 0x00, 0xef, 0x05, 0x63, 0x89, 0xca, 0x03, 0x80, 0x2d, 0xcc, 0x03, 0x80, 0xfb, 0x63, 0x09,
  0x62, 0x08, 0xd1, 0x07, 0xd0, 0x1a, 0xb7, 0x24, 0x67, 0x00, 0x6d, 0x0e, 0x6c, 0x40, 0xef, 0x04,
  0xd7, 0x08, 0xf0, 0x00, 0x6e, 0x4d, 0xee, 0xff, 0xf7, 0x1f, 0x68, 0x0c, 0xee, 0x15, 0xb3, 0x00,
  0x6d, 0x0e, 0x6c, 0x40, 0xeb, 0x05, 0xd3, 0x04, 0x97, 0x00, 0x6d, 0x40, 0xef, 0x36, 0x6c, 0x0c,
  0xea, 0x83, 0xf7, 0x01, 0x68, 0x05, 0x93, 0x0b, 0xe8, 0x3c, 0x36, 0x83, 0xf7, 0x00, 0x69, 0x0c,
  0xea, 0x2c, 0xee, 0x4d, 0xee, 0x00, 0x6d, 0x36, 0x6c, 0x40, 0xeb, 0x03, 0x67, 0x04, 0x97, 0x00,
  0x6d, 0x40, 0xef, 0x0e, 0x6c, 0xf7, 0xf7, 0x1f, 0x6e, 0x4c, 0xee, 0x00, 0x6d, 0x40, 0xe8, 0x0e,
  0x6c, 0x09, 0x97, 0x08, 0x91, 0x07, 0x90, 0x00, 0xef, 0x05, 0x63, 0x00, 0x65, 0x89, 0xca, 0x03,
  0x80, 0x2d, 0xcc, 0x03, 0x80, 0xfd, 0x63, 0x05, 0x62, 0x04, 0xd0, 0x15, 0xb0, 0x41, 0xa0, 0x08,
  0x6b, 0x6c, 0xea, 0x05, 0x22, 0x20, 0xf0, 0x8d, 0xa0, 0x12, 0xb2, 0x40, 0xea, 0x00, 0x65, 0x41,
  0xa0, 0x04, 0x6b, 0x6c, 0xea, 0x05, 0x22, 0x20, 0xf0, 0x8c, 0xa0, 0x0f, 0xb2, 0x40, 0xea, 0x00,
  0x65, 0x41, 0xa0, 0x40, 0x6b, 0x6c, 0xea, 0x05, 0x22, 0x20, 0xf0, 0x8a, 0xa0, 0x0b, 0xb2, 0x40,
  0xea, 0x00, 0x65, 0x40, 0xa0, 0x02, 0x6b, 0x6c, 0xea, 0x05, 0x22, 0x20, 0xf0, 0x8b, 0xa0, 0x08,
  0xb2, 0x40, 0xea, 0x00, 0x65, 0x05, 0x97, 0x04, 0x90, 0x00, 0xef, 0x03, 0x63, 0xb4, 0xfa, 0x12,
  0x80, 0xc9, 0xcc, 0x11, 0x80, 0x05, 0xcd, 0x11, 0x80, 0x71, 0xcd, 0x11, 0x80, 0xdd, 0xcd, 0x11,
  0x80, 0x20, 0xe8, 0x00, 0x65, 0x20, 0xe8, 0x00, 0x65, 0x20, 0xe8, 0x00, 0x65, 0x0c, 0xb3, 0x86,
  0x32, 0x6c, 0xea, 0x0c, 0xb3, 0x53, 0xe4, 0x44, 0x67, 0x8a, 0x34, 0x6c, 0xea, 0x6c, 0xec, 0x91,
  0xe2, 0x92, 0x32, 0x89, 0xe2, 0x08, 0xb4, 0x4c, 0xec, 0x80, 0x32, 0x89, 0xe2, 0x40, 0x33, 0x60,
  0x33, 0x69, 0xe2, 0x00, 0xf6, 0x42, 0x32, 0x20, 0xe8, 0x00, 0x65, 0x00, 0x65, 0x55, 0x55, 0x55,
  0x55, 0x33, 0x33, 0x33, 0x33, 0x0f, 0x0f, 0x0f, 0x0f, 0xfc, 0x63, 0x07, 0x62, 0x06, 0xd1, 0x05,
  0xd0, 0x00, 0x6e, 0x04, 0x67, 0xaa, 0x31, 0x00, 0x6f, 0xe8, 0x32, 0x49, 0xe0, 0x81, 0xa2, 0x60,
  0xa2, 0x80, 0x34, 0x6d, 0xec, 0x62, 0xa2, 0x60, 0x33, 0x60, 0x33, 0x8d, 0xeb, 0x83, 0xa2, 0x17,
  0xb2, 0x3a, 0x65, 0x00, 0xf6, 0x80, 0x34, 0x40, 0xea, 0x6d, 0xec, 0x01, 0x4f, 0xff, 0x6c, 0x8c,
  0xef, 0x59, 0xe6, 0x23, 0xef, 0x59, 0x67, 0x8c, 0xee, 0x3a, 0x65, 0xe6, 0x61, 0x04, 0x6b, 0x6b,
  0xeb, 0xac, 0xeb, 0x8c, 0xeb, 0x00, 0x69, 0x00, 0x6c, 0xa3, 0xeb, 0x0b, 0x61, 0x59, 0x67, 0x40,
  0xea, 0x00, 0x65, 0x07, 0x97, 0x06, 0x91, 0x05, 0x90, 0x49, 0xe6, 0xff, 0x6b, 0x6c, 0xea, 0x00,
  0xef, 0x04, 0x63, 0x7d, 0xe0, 0xe0, 0xa7, 0x01, 0x4b, 0xe4, 0xe9, 0xed, 0xec, 0x08, 0x49, 0xff,
  0x6f, 0xec, 0xe9, 0xec, 0xeb, 0xe9, 0x17, 0x00, 0x65, 0xcd, 0xce, 0x11, 0x80, 0xff, 0x63, 0x01,
  0xd0, 0x00, 0x6a, 0x5d, 0xe4, 0x4d, 0xe5, 0x60, 0xa3, 0x00, 0xa7, 0x01, 0x4a, 0x0c, 0xeb, 0x60,
  0xc7, 0xff, 0x6b, 0x6c, 0xea, 0xc3, 0xea, 0xf5, 0x61, 0x01, 0x90, 0x20, 0xe8, 0x01, 0x63, 0x00,
  0x65, 0xfb, 0x63, 0x09, 0x62, 0x08, 0xd1, 0x07, 0xd0, 0x00, 0x6a, 0x24, 0xb0, 0x40, 0xd8, 0x20,
  0xa4, 0x23, 0xb3, 0x0a, 0xd4, 0x28, 0x32, 0x29, 0xe2, 0x4c, 0x32, 0x49, 0xe3, 0x82, 0xaa, 0x21,
  0xb2, 0x40, 0xea, 0x04, 0xd3, 0x04, 0x93, 0x0a, 0x95, 0x00, 0x6f, 0x04, 0x22, 0x42, 0x9a, 0xf9,
  0xaa, 0x01, 0x5f, 0xf8, 0x67, 0x80, 0xa5, 0x1c, 0xb2, 0x04, 0xd7, 0x40, 0xea, 0x05, 0xd3, 0x04,
  0x97, 0x23, 0x27, 0x1a, 0xb2, 0x05, 0x93, 0xff, 0xf7, 0x1f, 0x6d, 0x80, 0xaa, 0x28, 0x32, 0x25,
  0xe2, 0x2c, 0x31, 0x25, 0xe3, 0x63, 0xa9, 0xa0, 0xf2, 0x1c, 0x6a, 0xac, 0xec, 0x58, 0xeb, 0x14,
  0xb2, 0x12, 0xeb, 0x69, 0xe2, 0xc0, 0xf0, 0x70, 0xa2, 0x6b, 0xeb, 0xc0, 0xf7, 0x62, 0x32, 0x10,
  0x6b, 0x6b, 0xeb, 0x8c, 0xeb, 0x6d, 0xea, 0x40, 0x32, 0x40, 0x32, 0x0e, 0xb3, 0x43, 0x32, 0x60,
  0x9b, 0x43, 0x32, 0x4c, 0xed, 0x40, 0xeb, 0x5e, 0x6c, 0x0b, 0xb2, 0x40, 0xd8, 0x09, 0x97, 0x08,
  0x91, 0x07, 0x90, 0x01, 0x6a, 0x00, 0xef, 0x05, 0x63, 0x30, 0x15, 0x12, 0x80, 0xb8, 0x58, 0x12,
  0x80, 0x51, 0xa9, 0x02, 0x80, 0x7d, 0x4e, 0x00, 0x80, 0x5e, 0x00, 0x00, 0xb6, 0x50, 0x1c, 0x13,
  0x80, 0xe8, 0x04, 0x12, 0x80, 0xb1, 0xcf, 0x11, 0x80, 0xf5, 0x63, 0x15, 0x62, 0x14, 0xd1, 0x13,
  0xd0, 0x6a, 0xa4, 0xc9, 0xa4, 0x48, 0xa4, 0x60, 0x33, 0xcd, 0xeb, 0x60, 0x33, 0x4d, 0xeb, 0xee,
  0xa4, 0x47, 0xa4, 0xcd, 0xa4, 0x60, 0x33, 0x4d, 0xeb, 0xe0, 0x37, 0x4c, 0xa4, 0xcd, 0xef, 0xe0,
  0x37, 0x4d, 0xef, 0xd2, 0xa4, 0x4b, 0xa4, 0x31, 0xa4, 0xe0, 0x37, 0x4d, 0xef, 0xc0, 0x36, 0x50,
  0xa4, 0x2d, 0xee, 0xc0, 0x36, 0x4d, 0xee, 0x4f, 0xa4, 0xc0, 0x36, 0x06, 0xa4, 0x4d, 0xee, 0x55,
  0xa4, 0x1a, 0x65, 0x56, 0xa4, 0x38, 0x67, 0x03, 0x58, 0x40, 0x32, 0x2d, 0xea, 0x34, 0xa4, 0x40,
  0x32, 0x93, 0xa4, 0x2d, 0xea, 0x40, 0x32, 0x4d, 0xec, 0xe0, 0xf0, 0x0a, 0x60, 0xa0, 0xf2, 0x1c,
  0x6a, 0x58, 0xed, 0x25, 0x67, 0x74, 0xb2, 0x12, 0xed, 0xa9, 0xe2, 0xa0, 0xf0, 0x1e, 0xc2, 0x61,
  0xda, 0xe3, 0xda, 0xc4, 0xda, 0x85, 0xda, 0x0a, 0x28, 0x00, 0x6d, 0x70, 0xb2, 0x40, 0xea, 0x91,
  0x67, 0x50, 0x67, 0x15, 0x97, 0x14, 0x91, 0x13, 0x90, 0x00, 0xef, 0x0b, 0x63, 0x04, 0x23, 0x6c,
  0xb2, 0x40, 0xa2, 0x01, 0x72, 0x06, 0x61, 0x27, 0x6d, 0x68, 0xb2, 0x40, 0xea, 0x91, 0x67, 0x00,
  0x68, 0xef, 0x17, 0x02, 0x6d, 0x67, 0xb2, 0x40, 0xea, 0x91, 0x67, 0xff, 0x72, 0x00, 0x68, 0xe8,
  0x60, 0x65, 0xb2, 0x41, 0xa2, 0x02, 0x5a, 0x0c, 0xd2, 0x80, 0xf0, 0x19, 0x61, 0x04, 0x34, 0x63,
  0xb2, 0x89, 0xe2, 0x63, 0xb4, 0xc0, 0x9c, 0x80, 0xaa, 0x0a, 0x6d, 0x40, 0xee, 0x01, 0x48, 0xff,
  0x6a, 0x4c, 0xe8, 0x04, 0x58, 0xf3, 0x61, 0x0e, 0xd2, 0x00, 0x6a, 0x0d, 0xd2, 0xff, 0x6a, 0x00,
  0x68, 0x0f, 0xd2, 0xa0, 0xf2, 0x1c, 0x6a, 0x58, 0xe8, 0x53, 0xb4, 0x12, 0xeb, 0x6d, 0xe4, 0xc0,
  0xf0, 0x4f, 0xa3, 0x01, 0x72, 0x53, 0x61, 0xc0, 0xf0, 0x50, 0xa3, 0x50, 0x2a, 0x0c, 0x92, 0xa4,
  0xf3, 0x0f, 0x6f, 0xaa, 0xf4, 0x15, 0x6e, 0x09, 0xd2, 0x0d, 0x92, 0xfa, 0x6d, 0x08, 0xd2, 0x60,
  0xf0, 0x40, 0xab, 0x06, 0xd0, 0x10, 0xd3, 0x07, 0xd2, 0x4e, 0xb2, 0x05, 0xd2, 0x04, 0x6a, 0x04,
  0xd2, 0x4d, 0xb2, 0x40, 0xea, 0x01, 0x6c, 0x10, 0x93, 0x48, 0xb2, 0xc0, 0xf0, 0x8c, 0xa3, 0x60,
  0xf0, 0xe0, 0xab, 0x0d, 0x93, 0x84, 0x35, 0xa9, 0xe2, 0xc0, 0xaa, 0x48, 0xb2, 0xe3, 0xeb, 0x49,
  0xe6, 0xa0, 0xaa, 0xff, 0xf7, 0x1f, 0x6a, 0x4c, 0xed, 0x05, 0x60, 0xff, 0x6b, 0x6c, 0xef, 0x0d,
  0xd7, 0x0e, 0xd4, 0x0f, 0xd0, 0x02, 0xf0, 0x01, 0x6c, 0x8b, 0xec, 0x3d, 0xb7, 0x8c, 0xed, 0x4c,
  0xed, 0x40, 0x9f, 0x86, 0x67, 0x11, 0xd6, 0x40, 0xea, 0x10, 0xd7, 0xa0, 0xf2, 0x1c, 0x6c, 0x98,
  0xe8, 0x31, 0xb4, 0x10, 0x97, 0x11, 0x96, 0xff, 0xf7, 0x1f, 0x6a, 0xe0, 0x9f, 0x12, 0xed, 0xb1,
  0xe4, 0x60, 0xf0, 0xa0, 0xac, 0x06, 0xf0, 0x00, 0x6c, 0xa6, 0x35, 0x8d, 0xed, 0x4c, 0xed, 0x40,
  0xef, 0x86, 0x67, 0x0c, 0x93, 0xff, 0x6a, 0xff, 0x4b, 0x4c, 0xeb, 0x0c, 0xd3, 0x0c, 0x92, 0x05,
  0x22, 0x01, 0x48, 0xff, 0x6a, 0x4c, 0xe8, 0x0a, 0x58, 0x9c, 0x61, 0x0e, 0x92, 0xff, 0x72, 0x0d,
  0x60, 0x0d, 0x92, 0x26, 0xb3, 0x02, 0xf0, 0x00, 0x6c, 0x46, 0x35, 0x0e, 0x92, 0x8d, 0xed, 0x44,
  0x32, 0x49, 0xe3, 0x23, 0xb3, 0x60, 0x9b, 0x40, 0xeb, 0x80, 0xaa, 0x0d, 0x92, 0xa4, 0xf3, 0x0e,
  0x6f, 0xca, 0xf4, 0x1a, 0x6e, 0x08, 0xd2, 0x0f, 0x92, 0xfa, 0x6d, 0x07, 0xd2, 0x20, 0xb2, 0x06,
  0xd2, 0x1c, 0xb2, 0x05, 0xd2, 0x03, 0x6a, 0x04, 0xd2, 0x1b, 0xb2, 0x40, 0xea, 0x01, 0x6c, 0x2a,
  0x6a, 0x7d, 0x67, 0x20, 0xf0, 0x48, 0xc3, 0xa0, 0xf2, 0x1c, 0x6a, 0x58, 0xe9, 0x19, 0xb2, 0x0e,
  0xb0, 0x9d, 0x67, 0x03, 0x6f, 0x05, 0x6e, 0x0a, 0x05, 0x12, 0xeb, 0x49, 0xe3, 0x40, 0xaa, 0x61,
  0xe0, 0xc0, 0xf0, 0x78, 0xa0, 0x55, 0xcc, 0x00, 0x6a, 0x20, 0xf0, 0x6c, 0xc4, 0x05, 0xd2, 0x64,
  0x6a, 0x04, 0xd2, 0x11, 0xb2, 0x40, 0xea, 0x91, 0x67, 0x02, 0x6a, 0xa0, 0xf0, 0x5f, 0xc0, 0x37,
  0x17, 0x12, 0x68, 0x26, 0x17, 0x50, 0x1c, 0x13, 0x80, 0x39, 0x10, 0x02, 0x80, 0x88, 0x32, 0x12,
  0x80, 0x6d, 0x10, 0x02, 0x80, 0xa4, 0x32, 0x12, 0x80, 0x04, 0xbc, 0x08, 0x80, 0xe8, 0x04, 0x12,
  0x80, 0x14, 0xd7, 0x11, 0x80, 0x11, 0x46, 0x08, 0x80, 0x00, 0x00, 0x00, 0xb6, 0x00, 0xef, 0xbe,
  0x00, 0xb0, 0x1c, 0x13, 0x80, 0xb5, 0x0c, 0x07, 0x80, 0xff, 0x6a, 0x6f, 0x44, 0x40, 0xcd, 0xff,
  0xf7, 0x1f, 0x6e, 0x43, 0x67, 0xcc, 0xea, 0x0c, 0x5a, 0x0e, 0x60, 0x64, 0x34, 0x0a, 0xb3, 0x8d,
  0xe3, 0x40, 0xa3, 0x02, 0x2a, 0x20, 0xe8, 0xff, 0x6a, 0x41, 0xa3, 0xcc, 0xea, 0xff, 0x72, 0x40,
  0xcd, 0xf9, 0x60, 0x20, 0xe8, 0x00, 0x6a, 0x48, 0x44, 0xf8, 0x4a, 0x4c, 0xee, 0x0a, 0x5e, 0xf2,
  0x60, 0x80, 0xcd, 0xf7, 0x17, 0x58, 0x59, 0x12, 0x80, 0xfb, 0x63, 0x09, 0x62, 0x08, 0xd1, 0x07,
  0xd0, 0x2c, 0xb2, 0x40, 0xa2, 0x00, 0xf4, 0x6c, 0x9c, 0x0c, 0x22, 0x01, 0x6a, 0x4b, 0xea, 0x40,
  0xdb, 0x41, 0xa4, 0x31, 0x6f, 0xeb, 0xef, 0xec, 0xea, 0x20, 0x6f, 0xed, 0xea, 0x41, 0xc4, 0x00,
  0x6a, 0x15, 0x10, 0x41, 0xa4, 0x03, 0x6c, 0x52, 0x32, 0x8c, 0xea, 0x0f, 0x22, 0x02, 0x72, 0xf7,
  0x60, 0xe0, 0x9b, 0x41, 0x47, 0x0e, 0x2a, 0x01, 0x6a, 0x40, 0xf2, 0x47, 0xc5, 0x01, 0x69, 0x51,
  0x67, 0x09, 0x97, 0x08, 0x91, 0x07, 0x90, 0x00, 0xef, 0x05, 0x63, 0x02, 0x6a, 0x40, 0xf2, 0x47,
  0xc5, 0xef, 0x17, 0x40, 0xf2, 0x27, 0xa5, 0x04, 0xd7, 0x01, 0x71, 0xf1, 0x60, 0x02, 0x71, 0x00,
  0x69, 0xee, 0x60, 0xed, 0x26, 0x14, 0xb2, 0x05, 0x67, 0x40, 0xea, 0x26, 0x67, 0x13, 0xb2, 0x40,
  0xea, 0x00, 0x65, 0x13, 0xb3, 0xff, 0xf7, 0x1f, 0x6d, 0x04, 0x97, 0x80, 0xab, 0x11, 0xb3, 0x80,
  0x34, 0x60, 0xab, 0x80, 0x34, 0xac, 0xeb, 0x8d, 0xeb, 0x0f, 0xb4, 0x8c, 0xeb, 0xe2, 0xeb, 0x02,
  0x60, 0x0e, 0xb4, 0x8d, 0xeb, 0xef, 0xe3, 0x62, 0xe9, 0x00, 0x69, 0x04, 0x60, 0x01, 0x6b, 0x40,
  0xf2, 0x67, 0xc0, 0x01, 0x69, 0x82, 0x67, 0x0a, 0xb2, 0x40, 0xea, 0x00, 0x65, 0xc8, 0x17, 0x00,
  0x65, 0x47, 0x12, 0x12, 0x80, 0x9d, 0x63, 0x03, 0x80, 0xe4, 0x94, 0x00, 0x80, 0x66, 0x00, 0x00,
  0xb6, 0x64, 0x00, 0x00, 0xb6, 0xff, 0xff, 0xff, 0x0f, 0x00, 0x00, 0x00, 0x10, 0x00, 0x95, 0x00,
  0x80, 0xf9, 0x63, 0x0d, 0x62, 0x0c, 0xd1, 0x0b, 0xd0, 0x4a, 0xa4, 0xe5, 0x9c, 0x64, 0x67, 0x04,
  0xd2, 0x20, 0xf0, 0x4e, 0xa7, 0x02, 0x72, 0xe0, 0xf0, 0x14, 0x61, 0x48, 0xac, 0x20, 0xf0, 0x8c,
  0xa7, 0x8e, 0xea, 0xe0, 0xf0, 0x0e, 0x2a, 0x01, 0x6a, 0x09, 0xa3, 0x40, 0xc5, 0xa8, 0xa3, 0x20,
  0xf0, 0x50, 0xa7, 0x3e, 0x65, 0x28, 0xab, 0xae, 0xea, 0x24, 0x2a, 0x20, 0xf0, 0x53, 0xa7, 0x04,
  0x6c, 0x01, 0x4a, 0x20, 0xf0, 0x53, 0xc7, 0x43, 0xa3, 0x8c, 0xea, 0x05, 0x2a, 0x20, 0xf0, 0x54,
  0xa7, 0x01, 0x4a, 0x20, 0xf0, 0x54, 0xc7, 0xa0, 0xf2, 0x1c, 0x6a, 0x58, 0xe9, 0x8c, 0xb4, 0x12,
  0xea, 0x49, 0xe4, 0xa0, 0xf0, 0x97, 0xa2, 0x02, 0x74, 0x0c, 0x61, 0x81, 0x9b, 0x08, 0xf4, 0x10,
  0x6e, 0x8c, 0xee, 0x1e, 0x65, 0xc0, 0xf0, 0x13, 0x60, 0xa0, 0xf0, 0x8a, 0xaa, 0x01, 0x4c, 0xa0,
  0xf0, 0x8a, 0xca, 0x0b, 0x2d, 0xa0, 0xf2, 0x1c, 0x6a, 0x58, 0xe9, 0x81, 0xb2, 0x12, 0xec, 0x89,
  0xe2, 0xc0, 0xf0, 0x50, 0xa2, 0x01, 0x72, 0xa0, 0xf0, 0x14, 0x61, 0x43, 0xa3, 0x02, 0x6c, 0xff,
  0x6d, 0x8c, 0xea, 0xac, 0xea, 0xa0, 0xf0, 0x0d, 0x22, 0x04, 0x92, 0x10, 0x6e, 0xcb, 0xee, 0x4c,
  0x34, 0x78, 0xb2, 0x89, 0xe2, 0x43, 0xaa, 0x78, 0xb4, 0x89, 0xe2, 0x80, 0xaa, 0xff, 0xf7, 0x1f,
  0x6a, 0x8c, 0xea, 0x42, 0x34, 0xcc, 0xec, 0xac, 0xec, 0x04, 0x24, 0x18, 0xf0, 0x00, 0x72, 0x80,
  0xf0, 0x18, 0x61, 0x0e, 0xd3, 0x01, 0x6a, 0x79, 0x67, 0x40, 0xc3, 0x04, 0x93, 0x00, 0x6a, 0x20,
  0xf0, 0x4e, 0xc7, 0x6e, 0xb2, 0x69, 0xe2, 0x80, 0xa2, 0xff, 0x6d, 0x05, 0xd7, 0x02, 0x4c, 0x80,
  0xc2, 0x82, 0x40, 0x6b, 0xb2, 0x40, 0xea, 0xac, 0xec, 0x6a, 0xb2, 0x40, 0xea, 0x90, 0x67, 0x01,
  0x6a, 0x69, 0xb6, 0x44, 0xe8, 0x80, 0xa6, 0x4f, 0xea, 0x00, 0xf6, 0x40, 0x32, 0x00, 0xf6, 0x43,
  0x32, 0x4c, 0xec, 0xff, 0x6d, 0xac, 0xec, 0x80, 0xc6, 0x05, 0x97, 0x0e, 0x93, 0x0a, 0x2c, 0x63,
  0xb5, 0x06, 0xd7, 0x40, 0xed, 0x05, 0xd2, 0x62, 0xb5, 0x40, 0xed, 0x00, 0x6c, 0x0e, 0x93, 0x06,
  0x97, 0x05, 0x92, 0x60, 0xb4, 0x80, 0xa4, 0x13, 0x2c, 0x5f, 0xb5, 0xc0, 0xa5, 0x86, 0x67, 0x87,
  0xe8, 0x01, 0x68, 0x0c, 0xec, 0x0c, 0x24, 0xcc, 0xea, 0x40, 0xc5, 0x09, 0x2a, 0x5b, 0xb2, 0x5c,
  0xb4, 0x40, 0x9a, 0x80, 0xa4, 0x0e, 0xd3, 0x40, 0xea, 0x07, 0x67, 0x0e, 0x93, 0xf0, 0x67, 0xa0,
  0xf2, 0x1c, 0x6a, 0x58, 0xe9, 0x4a, 0xb2, 0x12, 0xec, 0x89, 0xe2, 0x56, 0x9a, 0x20, 0xf0, 0x46,
  0xa2, 0x02, 0x72, 0x47, 0x61, 0x48, 0xab, 0x53, 0xb5, 0x0e, 0xd3, 0x06, 0xd2, 0x04, 0x92, 0x09,
  0xd7, 0x07, 0xd5, 0x44, 0x31, 0x25, 0xe2, 0x28, 0x31, 0xff, 0x6a, 0xf4, 0x49, 0x4c, 0xe9, 0xc7,
  0x41, 0x86, 0x67, 0x40, 0xed, 0x08, 0xd6, 0x02, 0x67, 0x07, 0x95, 0x47, 0x41, 0x01, 0x4a, 0x82,
  0x67, 0x40, 0xed, 0x05, 0xd2, 0x22, 0x67, 0x06, 0x92, 0x47, 0xb4, 0x07, 0xd4, 0x50, 0x32, 0x06,
  0xd2, 0x49, 0xe4, 0xac, 0xa2, 0x08, 0x96, 0x0e, 0x93, 0x4c, 0x25, 0x09, 0x97, 0x4e, 0xa2, 0x0f,
  0x6c, 0x20, 0xf0, 0xb2, 0xa7, 0x2c, 0xec, 0xa3, 0xea, 0x35, 0x60, 0x02, 0x2c, 0x01, 0x70, 0x0d,
  0x60, 0x10, 0x6a, 0x4b, 0xea, 0x86, 0x67, 0x3d, 0xb0, 0x01, 0x6d, 0x4c, 0xe9, 0x40, 0xe8, 0x0e,
  0xd3, 0x05, 0x94, 0x40, 0xe8, 0xb1, 0x67, 0x01, 0x68, 0x0e, 0x93, 0x06, 0x94, 0x07, 0x92, 0x89,
  0xe2, 0x00, 0x6c, 0x8c, 0xc2, 0x07, 0x92, 0x06, 0x94, 0x99, 0xe2, 0x0f, 0x6a, 0x4c, 0xe9, 0x21,
  0xde, 0x02, 0xde, 0x04, 0x92, 0x63, 0xa3, 0x23, 0xb4, 0x4c, 0x32, 0x0d, 0x97, 0x0c, 0x91, 0x0b,
  0x90, 0x49, 0xe4, 0x6a, 0x33, 0x01, 0x6c, 0x8c, 0xeb, 0x60, 0xc2, 0x00, 0xef, 0x07, 0x63, 0x11,
  0xf1, 0x00, 0x6e, 0xcc, 0xec, 0x3f, 0xf7, 0x0d, 0x24, 0xa0, 0xf0, 0x90, 0xaa, 0x01, 0x4c, 0xa0,
  0xf0, 0x90, 0xca, 0x27, 0x17, 0x8d, 0xe8, 0xd9, 0x20, 0x10, 0x6a, 0x4b, 0xea, 0x86, 0x67, 0x23,
  0xb0, 0x00, 0x6d, 0x4c, 0xe9, 0x40, 0xe8, 0x0e, 0xd3, 0x05, 0x94, 0x40, 0xe8, 0xb1, 0x67, 0x00,
  0x68, 0xcb, 0x17, 0xa2, 0x9a, 0x41, 0x9a, 0x0f, 0x6c, 0x2c, 0xec, 0x4e, 0xec, 0x03, 0x2c, 0xb3,
  0xe0, 0x01, 0x74, 0xc8, 0x60, 0x01, 0x45, 0x01, 0x28, 0x01, 0x4a, 0x2e, 0xea, 0x0f, 0x6c, 0x8c,
  0xea, 0x4e, 0xe9, 0x86, 0x67, 0x15, 0xb2, 0xb0, 0x67, 0x0e, 0xd3, 0x40, 0xea, 0x08, 0xd2, 0x05,
  0x94, 0x08, 0x92, 0x40, 0xea, 0xb1, 0x67, 0x0e, 0x93, 0xb5, 0x17, 0x00, 0x65, 0x50, 0x1c, 0x13,
  0x80, 0xe4, 0x32, 0x12, 0x80, 0x00, 0x00, 0x00, 0xb6, 0x10, 0x13, 0x12, 0x80, 0xd1, 0xbf, 0x02,
  0x80, 0xd1, 0x40, 0x01, 0x80, 0xab, 0x13, 0x12, 0x80, 0xdd, 0x46, 0x01, 0x80, 0x75, 0x46, 0x01,
  0x80, 0xd2, 0x16, 0x12, 0x80, 0xa8, 0x13, 0x12, 0x80, 0xe8, 0x09, 0x12, 0x80, 0x9e, 0x00, 0x12,
  0x80, 0x11, 0x42, 0x01, 0x80, 0x0c, 0xf8, 0x12, 0x80, 0xa9, 0x41, 0x01, 0x80, 0x02, 0x74, 0x1c,
  0x61, 0x0f, 0xb2, 0x40, 0xa2, 0x01, 0x72, 0x15, 0x61, 0x0e, 0xb2, 0xe0, 0xf1, 0x46, 0xa2, 0x0b,
  0x72, 0x13, 0x60, 0xfd, 0x63, 0x05, 0x62, 0x7f, 0x4a, 0x01, 0x4a, 0x0a, 0xb3, 0x48, 0x32, 0x49,
  0xe3, 0xa0, 0x9a, 0x05, 0x6e, 0x08, 0xb4, 0x09, 0xb2, 0x40, 0xea, 0x4a, 0x4d, 0x05, 0x97, 0x00,
  0xef, 0x03, 0x63, 0x07, 0xb2, 0x40, 0xa2, 0xeb, 0x17, 0x20, 0xe8, 0x00, 0x65, 0x1c, 0x0b, 0x12,
  0x80, 0x04, 0x3c, 0x12, 0x80, 0xd0, 0xf8, 0x12, 0x80, 0x5d, 0xee, 0x00, 0x80, 0x1d, 0x0b, 0x12,
  0x80, 0x20, 0xe8, 0x00, 0x65, 0x41, 0x00, 0x00, 0x00, 0x41, 0x52, 0x01, 0x42, 0x4f, 0x02, 0x42,
  0x52, 0x01, 0x43, 0x4c, 0x01, 0x43, 0x4f, 0x02, 0x43, 0x52, 0x02, 0x45, 0x43, 0x01, 0x53, 0x56,
  0x02, 0x47, 0x54, 0x02, 0x48, 0x4e, 0x02, 0x4d, 0x58, 0x01, 0x4e, 0x49, 0x01, 0x50, 0x41, 0x02,
  0x50, 0x59, 0x01, 0x50, 0x45, 0x02, 0x55, 0x53, 0x02, 0x55, 0x59, 0x02, 0x56, 0x45, 0x02, 0x50,
  0x52, 0x02, 0x44, 0x4f, 0x01, 0x41, 0x54, 0x01, 0x42, 0x45, 0x01, 0x43, 0x59, 0x01, 0x43, 0x5a,
  0x01, 0x44, 0x4b, 0x01, 0x45, 0x45, 0x01, 0x46, 0x49, 0x01, 0x46, 0x52, 0x01, 0x44, 0x45, 0x01,
  0x47, 0x52, 0x01, 0x48, 0x55, 0x01, 0x49, 0x53, 0x01, 0x49, 0x45, 0x01, 0x49, 0x54, 0x01, 0x4c,
  0x56, 0x01, 0x4c, 0x49, 0x01, 0x4c, 0x54, 0x01, 0x4c, 0x55, 0x01, 0x4d, 0x54, 0x01, 0x4d, 0x43,
  0x01, 0x4e, 0x4c, 0x01, 0x4e, 0x4f, 0x01, 0x50, 0x4c, 0x01, 0x50, 0x54, 0x01, 0x53, 0x4b, 0x01,
  0x53, 0x49, 0x01, 0x45, 0x53, 0x01, 0x53, 0x45, 0x01, 0x43, 0x48, 0x01, 0x47, 0x42, 0x01, 0x41,
  0x4c, 0x01, 0x41, 0x5a, 0x01, 0x42, 0x48, 0x01, 0x42, 0x41, 0x01, 0x42, 0x47, 0x01, 0x48, 0x52,
  0x01, 0x45, 0x47, 0x01, 0x47, 0x48, 0x01, 0x49, 0x51, 0x01, 0x49, 0x4c, 0x01, 0x4a, 0x4f, 0x01,
  0x4b, 0x5a, 0x01, 0x4b, 0x45, 0x01, 0x4b, 0x57, 0x01, 0x4b, 0x47, 0x01, 0x4c, 0x42, 0x01, 0x4c,
  0x53, 0x01, 0x4d, 0x4b, 0x01, 0x4d, 0x41, 0x01, 0x4d, 0x5a, 0x01, 0x4e, 0x41, 0x01, 0x4e, 0x47,
  0x01, 0x4f, 0x4d, 0x01, 0x51, 0x41, 0x01, 0x52, 0x4f, 0x01, 0x52, 0x55, 0x01, 0x53, 0x41, 0x01,
  0x53, 0x4e, 0x01, 0x52, 0x53, 0x01, 0x4d, 0x45, 0x01, 0x5a, 0x41, 0x01, 0x54, 0x52, 0x01, 0x55,
  0x41, 0x01, 0x41, 0x45, 0x01, 0x59, 0x45, 0x01, 0x5a, 0x57, 0x01, 0x42, 0x44, 0x01, 0x4b, 0x48,
  0x01, 0x43, 0x4e, 0x00, 0x48, 0x4b, 0x01, 0x49, 0x4e, 0x01, 0x49, 0x44, 0x01, 0x4b, 0x52, 0x03,
  0x4d, 0x59, 0x01, 0x50, 0x4b, 0x01, 0x50, 0x48, 0x01, 0x53, 0x47, 0x01, 0x4c, 0x4b, 0x01, 0x54,
  0x57, 0x02, 0x54, 0x48, 0x01, 0x56, 0x4e, 0x01, 0x41, 0x55, 0x01, 0x4e, 0x5a, 0x01, 0x50, 0x47,
  0x01, 0x43, 0x41, 0x02, 0x4a, 0x50, 0x01, 0x4a, 0x4d, 0x01, 0x41, 0x4e, 0x01, 0x54, 0x54, 0x01,
  0x54, 0x4e, 0x01, 0x41, 0x46, 0x00, 0x44, 0x5a, 0x01, 0x41, 0x53, 0x00, 0x41, 0x44, 0x00, 0x41,
  0x4f, 0x01, 0x41, 0x49, 0x00, 0x41, 0x51, 0x00, 0x41, 0x47, 0x01, 0x41, 0x4d, 0x01, 0x41, 0x57,
  0x01, 0x42, 0x53, 0x01, 0x42, 0x42, 0x01, 0x42, 0x59, 0x01, 0x42, 0x5a, 0x01, 0x42, 0x4a, 0x01,
  0x42, 0x4d, 0x01, 0x42, 0x54, 0x00, 0x42, 0x57, 0x01, 0x42, 0x56, 0x00, 0x49, 0x4f, 0x00, 0x56,
  0x47, 0x00, 0x42, 0x4e, 0x01, 0x42, 0x46, 0x01, 0x4d, 0x4d, 0x00, 0x42, 0x49, 0x01, 0x43, 0x4d,
  0x01, 0x43, 0x56, 0x01, 0x4b, 0x59, 0x00, 0x43, 0x46, 0x01, 0x54, 0x44, 0x01, 0x43, 0x58, 0x00,
  0x43, 0x43, 0x00, 0x4b, 0x4d, 0x01, 0x43, 0x47, 0x01, 0x43, 0x44, 0x01, 0x43, 0x4b, 0x00, 0x43,
  0x49, 0x01, 0x44, 0x4a, 0x01, 0x44, 0x4d, 0x01, 0x47, 0x51, 0x01, 0x45, 0x52, 0x01, 0x45, 0x54,
  0x01, 0x46, 0x4b, 0x00, 0x46, 0x4f, 0x00, 0x46, 0x4a, 0x01, 0x47, 0x46, 0x00, 0x50, 0x46, 0x00,
  0x54, 0x46, 0x01, 0x47, 0x41, 0x01, 0x47, 0x4d, 0x01, 0x47, 0x45, 0x01, 0x47, 0x49, 0x01, 0x47,
  0x4c, 0x01, 0x47, 0x44, 0x01, 0x47, 0x50, 0x01, 0x47, 0x55, 0x01, 0x47, 0x47, 0x00, 0x47, 0x4e,
  0x01, 0x47, 0x57, 0x01, 0x47, 0x59, 0x01, 0x48, 0x54, 0x01, 0x48, 0x4d, 0x00, 0x56, 0x41, 0x00,
  0x49, 0x4d, 0x00, 0x4a, 0x45, 0x00, 0x4b, 0x49, 0x00, 0x4c, 0x41, 0x01, 0x4c, 0x52, 0x01, 0x4c,
  0x59, 0x00, 0x4d, 0x4f, 0x01, 0x4d, 0x47, 0x01, 0x4d, 0x57, 0x01, 0x4d, 0x56, 0x00, 0x4d, 0x4c,
  0x01, 0x4d, 0x48, 0x01, 0x4d, 0x51, 0x01, 0x4d, 0x52, 0x01, 0x4d, 0x55, 0x01, 0x59, 0x54, 0x01,
  0x46, 0x4d, 0x01, 0x4d, 0x44, 0x01, 0x4d, 0x4e, 0x01, 0x4d, 0x53, 0x00, 0x4e, 0x52, 0x00, 0x4e,
  0x50, 0x01, 0x4e, 0x43, 0x00, 0x4e, 0x45, 0x01, 0x4e, 0x55, 0x00, 0x4e, 0x46, 0x00, 0x4d, 0x50,
  0x01, 0x50, 0x57, 0x01, 0x52, 0x45, 0x00, 0x52, 0x57, 0x01, 0x53, 0x48, 0x00, 0x4b, 0x4e, 0x01,
  0x4c, 0x43, 0x01, 0x4d, 0x46, 0x01, 0x53, 0x58, 0x01, 0x50, 0x4d, 0x00, 0x56, 0x43, 0x00, 0x57,
  0x53, 0x00, 0x53, 0x4d, 0x00, 0x53, 0x54, 0x01, 0x53, 0x43, 0x01, 0x53, 0x4c, 0x01, 0x53, 0x42,
  0x00, 0x53, 0x4f, 0x01, 0x47, 0x53, 0x00, 0x53, 0x52, 0x01, 0x53, 0x4a, 0x00, 0x53, 0x5a, 0x01,
  0x54, 0x4a, 0x01, 0x54, 0x5a, 0x01, 0x54, 0x47, 0x01, 0x54, 0x4b, 0x00, 0x54, 0x4f, 0x00, 0x54,
  0x4d, 0x01, 0x54, 0x43, 0x00, 0x54, 0x56, 0x00, 0x55, 0x47, 0x01, 0x56, 0x49, 0x01, 0x55, 0x5a,
  0x01, 0x56, 0x55, 0x00, 0x57, 0x46, 0x00, 0x45, 0x48, 0x01, 0x5a, 0x4d, 0x01, 0x49, 0x52, 0x00,
  0x50, 0x53, 0x00, 0x00, 0x00, 0x42, 0x02, 0xbf, 0x04, 0x44, 0x02, 0x75, 0x63, 0x16, 0x03, 0x72,
  0xfb, 0x14, 0x03, 0x00, 0x00, 0x74, 0x03, 0x8a, 0x04, 0x72, 0x03, 0xd9, 0x02, 0x70, 0x03, 0x63,
  0x01, 0x6e, 0x03, 0x29, 0x03, 0x6c, 0x03, 0x3f, 0x00, 0x6a, 0x03, 0x3f, 0x00, 0x68, 0x03, 0x3f,
  0x00, 0x66, 0x03, 0x3f, 0x00, 0x34, 0x00, 0x00, 0xe3, 0x38, 0x00, 0x7b, 0xe8, 0x02, 0x01, 0x20,
  0x00, 0x0e, 0x20, 0xc3, 0x00, 0x00, 0x20, 0x11, 0x50, 0x3f, 0x20, 0x03, 0x04, 0x0f, 0x20, 0x00,
  0x30, 0x08, 0x20, 0x7e, 0x56, 0x0e, 0x20, 0xc3, 0x40, 0x30, 0x20, 0x04, 0x04, 0x36, 0x20, 0x06,
  0x00, 0x2d, 0x20, 0xa0, 0x3f, 0x39, 0x20, 0x30, 0x0a, 0x2b, 0x20, 0x04, 0x89, 0x0e, 0x20, 0xc3,
  0x00, 0x21, 0x20, 0x80, 0x80, 0x22, 0x20, 0x80, 0x80, 0x02, 0x01, 0x20, 0x00, 0x7c, 0xe1, 0x01,
  0x00, 0x40, 0x00, 0x00, 0x38, 0x42, 0x00, 0x00, 0x01, 0x46, 0x00, 0x84, 0x00, 0x48, 0x00, 0xc0,
  0x00, 0x4a, 0x00, 0x00, 0x00, 0x4c, 0x00, 0x20, 0x68, 0x4e, 0x00, 0x2f, 0x00, 0x50, 0x00, 0x10,
  0xcc, 0x52, 0x00, 0x00, 0x34, 0x54, 0x00, 0x00, 0x00, 0x56, 0x00, 0x00, 0x20, 0x58, 0x00, 0x11,
  0x55, 0x5a, 0x00, 0x00, 0x80, 0x5c, 0x00, 0x00, 0x00, 0x5e, 0x00, 0x05, 0x28, 0x5a, 0x00, 0x00,
  0x00, 0x0c, 0x01, 0x00, 0x00, 0x0e, 0x01, 0x01, 0x00, 0x02, 0x01, 0x60, 0xc0, 0x02, 0x01, 0x22,
  0xc0, 0x7c, 0xe1, 0x96, 0x00, 0x5a, 0x00, 0x00, 0x20, 0x08, 0x0e, 0x00, 0x02, 0x0e, 0x01, 0x01,
  0x00, 0x02, 0x01, 0x20, 0xe0, 0x02, 0x01, 0x22, 0xc0, 0x7c, 0xe1, 0x96, 0x00, 0x02, 0x01, 0x20,
  0x00, 0x0e, 0x20, 0xc3, 0x40, 0x30, 0x20, 0x04, 0x00, 0x0e, 0x20, 0xc3, 0x00, 0x0f, 0x20, 0x00,
  0x20, 0x34, 0x00, 0x00, 0xe0, 0x38, 0x00, 0x78, 0xe8, 0x42, 0x02, 0xbf, 0x04, 0x44, 0x02, 0x75,
  0x63, 0x16, 0x03, 0x73, 0xfb, 0x14, 0x03, 0x00, 0x20, 0x74, 0x03, 0x89, 0x04, 0x72, 0x03, 0xd4,
  0x03, 0x70, 0x03, 0xda, 0x03, 0x6e, 0x03, 0xa3, 0x02, 0x6c, 0x03, 0xab, 0x02, 0x6a, 0x03, 0x3f,
  0x00, 0x68, 0x03, 0x3f, 0x00, 0x66, 0x03, 0x3f, 0x00, 0x30, 0x06, 0x26, 0x67, 0x32, 0x06, 0x12,
  0x5d, 0x34, 0x06, 0x7f, 0xe8, 0x36, 0x06, 0xc8, 0x36, 0x38, 0x06, 0x51, 0x32, 0x3a, 0x06, 0xd3,
  0x00, 0x16, 0x00, 0xb2, 0xa2, 0x5a, 0x01, 0xd6, 0x26, 0x0e, 0x03, 0x9e, 0x46, 0x3e, 0x03, 0x06,
  0x03, 0x40, 0x03, 0x8b, 0x03, 0x2e, 0x02, 0x42, 0x00, 0x3a, 0x02, 0xa6, 0x04, 0x3c, 0x02, 0x7e,
  0xc0, 0x4e, 0x02, 0x9a, 0x46, 0x60, 0x02, 0x36, 0x21, 0x08, 0x03, 0x29, 0x29, 0x34, 0x03, 0xca,
  0x00, 0x42, 0x03, 0x01, 0x29, 0x48, 0x03, 0x29, 0x25, 0x1a, 0x06, 0x8b, 0xd3, 0x30, 0x06, 0x26,
  0x67, 0x32, 0x06, 0x12, 0x5d, 0x34, 0x06, 0x7f, 0xe8, 0x36, 0x06, 0xc8, 0x36, 0x38, 0x06, 0x51,
  0x32, 0x3a, 0x06, 0xd3, 0x00, 0x2a, 0x06, 0x64, 0x09, 0x42, 0x06, 0x4d, 0x43, 0x44, 0x06, 0x90,
  0x46, 0x46, 0x06, 0x36, 0x2d, 0x56, 0x06, 0x27, 0x04, 0x6e, 0x06, 0x8a, 0x53, 0x34, 0x01, 0x00,
  0x00, 0x38, 0x01, 0x00, 0x00, 0x60, 0x01, 0x4a, 0x26, 0x62, 0x01, 0x59, 0x26, 0x64, 0x01, 0x44,
  0x3b, 0x68, 0x01, 0x44, 0x51, 0x06, 0x00, 0x64, 0x30, 0x08, 0x00, 0x94, 0x00, 0x10, 0x00, 0x9e,
  0x56, 0x18, 0x00, 0x21, 0x69, 0x66, 0x00, 0x59, 0x40, 0x38, 0x0d, 0x14, 0x20, 0x0e, 0x06, 0x6a,
  0x00, 0x10, 0x06, 0x8c, 0x55, 0x12, 0x06, 0x0a, 0x28, 0x0e, 0x20, 0xc3, 0x80, 0x3e, 0x20, 0x02,
  0x02, 0x0e, 0x20, 0xc3, 0x00, 0x0e, 0x20, 0xc3, 0x20, 0x2a, 0x20, 0x70, 0x04, 0x2b, 0x20, 0x62,
  0x00, 0x2d, 0x20, 0x92, 0x80, 0x2e, 0x20, 0x80, 0x44, 0x0e, 0x20, 0xc3, 0x00, 0x0e, 0x20, 0xc3,
  0x20, 0x2a, 0x20, 0x70, 0x04, 0x0e, 0x20, 0xc3, 0x00, 0x0e, 0x20, 0xc3, 0x40, 0x36, 0x20, 0x06,
  0x00, 0x0e, 0x20, 0xc3, 0x00, 0x0e, 0x20, 0xc3, 0x20, 0x36, 0x20, 0x0d, 0x00, 0x37, 0x20, 0x0d,
  0x00, 0x38, 0x20, 0x2c, 0x00, 0x0e, 0x20, 0xc3, 0x00, 0x14, 0x20, 0x00, 0x00, 0x00, 0x20, 0x00,
  0x10, 0x00, 0xa0, 0x0a, 0x00, 0x1c, 0x20, 0x21, 0x00, 0x00, 0xa0, 0x32, 0x00, 0x00, 0x20, 0x00,
  0x00, 0x29, 0x20, 0x90, 0x71, 0x0f, 0x20, 0x00, 0x00, 0x10, 0x20, 0x00, 0x20, 0x0e, 0x20, 0xc3,
  0x40, 0x32, 0x20, 0x07, 0x00, 0x33, 0x20, 0x20, 0x50, 0x34, 0x20, 0x27, 0x87, 0x32, 0x20, 0x06,
  0x00, 0x33, 0x20, 0x20, 0x50, 0x34, 0x20, 0x27, 0x87, 0x32, 0x20, 0x05, 0x00, 0x33, 0x20, 0x20,
  0x50, 0x34, 0x20, 0x27, 0x87, 0x32, 0x20, 0x04, 0x00, 0x33, 0x20, 0x20, 0x50, 0x34, 0x20, 0x27,
  0x87, 0x32, 0x20, 0x03, 0x00, 0x33, 0x20, 0x20, 0x50, 0x34, 0x20, 0x27, 0x87, 0x32, 0x20, 0x02,
  0x00, 0x33, 0x20, 0x20, 0x50, 0x34, 0x20, 0x27, 0x87, 0x32, 0x20, 0x01, 0x00, 0x33, 0x20, 0x20,
  0x50, 0x34, 0x20, 0x27, 0x87, 0x32, 0x20, 0x00, 0x00, 0x33, 0x20, 0x20, 0x50, 0x34, 0x20, 0x27,
  0x87, 0x0e, 0x20, 0xc3, 0x00, 0x10, 0x20, 0x00, 0x00, 0x0e, 0x20, 0xc3, 0x40, 0x31, 0x20, 0x00,
  0x12, 0x32, 0x20, 0x1f, 0x00, 0x33, 0x20, 0x70, 0x00, 0x34, 0x20, 0x1b, 0x00, 0x32, 0x20, 0x1e,
  0x00, 0x33, 0x20, 0x40, 0x00, 0x34, 0x20, 0x1b, 0x00, 0x32, 0x20, 0x1b, 0x00, 0x33, 0x20, 0x40,
  0x00, 0x34, 0x20, 0x1b, 0x00, 0x32, 0x20, 0x1a, 0x00, 0x33, 0x20, 0xb0, 0x08, 0x34, 0x20, 0x1b,
  0x00, 0x32, 0x20, 0x17, 0x00, 0x33, 0x20, 0x00, 0x00, 0x34, 0x20, 0x1f, 0x10, 0x32, 0x20, 0x16,
  0x00, 0x33, 0x20, 0x00, 0x00, 0x34, 0x20, 0x1b, 0x10, 0x32, 0x20, 0x13, 0x00, 0x33, 0x20, 0x00,
  0x07, 0x34, 0x20, 0x1b, 0x10, 0x32, 0x20, 0x12, 0x00, 0x33, 0x20, 0x00, 0x07, 0x34, 0x20, 0x12,
  0x1f, 0x32, 0x20, 0x0f, 0x00, 0x33, 0x20, 0x70, 0x00, 0x34, 0x20, 0x1b, 0x00, 0x32, 0x20, 0x0e,
  0x00, 0x33, 0x20, 0x40, 0x00, 0x34, 0x20, 0x1b, 0x00, 0x32, 0x20, 0x0b, 0x00, 0x33, 0x20, 0x40,
  0x00, 0x34, 0x20, 0x1b, 0x00, 0x32, 0x20, 0x0a, 0x00, 0x33, 0x20, 0xb0, 0x08, 0x34, 0x20, 0x1b,
  0x00, 0x32, 0x20, 0x07, 0x00, 0x33, 0x20, 0xb0, 0x08, 0x34, 0x20, 0x1b, 0x00, 0x32, 0x20, 0x06,
  0x00, 0x33, 0x20, 0xb0, 0x02, 0x34, 0x20, 0x1b, 0x00, 0x32, 0x20, 0x03, 0x00, 0x33, 0x20, 0xb0,
  0x02, 0x34, 0x20, 0x1b, 0x00, 0x32, 0x20, 0x02, 0x00, 0x33, 0x20, 0x90, 0x07, 0x34, 0x20, 0x1b,
  0x00, 0x32, 0x20, 0x2f, 0x00, 0x33, 0x20, 0x70, 0x00, 0x34, 0x20, 0x1c, 0x00, 0x32, 0x20, 0x2e,
  0x00, 0x33, 0x20, 0x40, 0x00, 0x34, 0x20, 0x1c, 0x00, 0x32, 0x20, 0x2b, 0x00, 0x33, 0x20, 0x70,
  0x00, 0x34, 0x20, 0x04, 0x00, 0x32, 0x20, 0x2a, 0x00, 0x33, 0x20, 0xb0, 0x08, 0x34, 0x20, 0x1c,
  0x00, 0x32, 0x20, 0x27, 0x00, 0x33, 0x20, 0x70, 0x00, 0x34, 0x20, 0x01, 0x00, 0x32, 0x20, 0x26,
  0x00, 0x33, 0x20, 0x00, 0x00, 0x34, 0x20, 0x1c, 0x00, 0x32, 0x20, 0x23, 0x00, 0x33, 0x20, 0xb0,
  0x02, 0x34, 0x20, 0x1c, 0x00, 0x32, 0x20, 0x22, 0x00, 0x33, 0x20, 0x90, 0x07, 0x34, 0x20, 0x1c,
  0x00, 0x31, 0x20, 0x00, 0x02, 0x0e, 0x20, 0xc3, 0x00, 0x0e, 0x20, 0xc3, 0x20, 0x25, 0x20, 0xa8,
  0xb2, 0x0e, 0x20, 0xc3, 0x00, 0x02, 0x20, 0x02, 0x00, 0x0e, 0x20, 0xc3, 0x40, 0x28, 0x20, 0x37,
  0xe2, 0x29, 0x20, 0x00, 0x20, 0x2a, 0x20, 0x16, 0x02, 0x2b, 0x20, 0x0c, 0x88, 0x2c, 0x20, 0x82,
  0x02, 0x2e, 0x20, 0x04, 0xa4, 0x31, 0x20, 0x00, 0x0a, 0x32, 0x20, 0x07, 0x00, 0x33, 0x20, 0x40,
  0x22, 0x34, 0x20, 0x6e, 0x04, 0x32, 0x20, 0x06, 0x00, 0x33, 0x20, 0x40, 0x22, 0x34, 0x20, 0x6e,
  0x04, 0x32, 0x20, 0x05, 0x00, 0x33, 0x20, 0x40, 0x22, 0x34, 0x20, 0x6e, 0x04, 0x32, 0x20, 0x04,
  0x00, 0x33, 0x20, 0x40, 0x22, 0x34, 0x20, 0x6e, 0x04, 0x32, 0x20, 0x03, 0x00, 0x33, 0x20, 0x40,
  0x22, 0x34, 0x20, 0x6e, 0x04, 0x32, 0x20, 0x02, 0x00, 0x33, 0x20, 0x40, 0x22, 0x34, 0x20, 0x6e,
  0x04, 0x32, 0x20, 0x01, 0x00, 0x33, 0x20, 0x40, 0x22, 0x34, 0x20, 0x6e, 0x04, 0x32, 0x20, 0x00,
  0x00, 0x33, 0x20, 0x40, 0x22, 0x34, 0x20, 0x6e, 0x04, 0x31, 0x20, 0x00, 0x02, 0x0e, 0x20, 0xc3,
  0x00, 0x0e, 0x20, 0xc1, 0x40, 0x31, 0x20, 0x20, 0x06, 0x32, 0x20, 0x79, 0x00, 0x33, 0x20, 0xfd,
  0x2f, 0x32, 0x20, 0x78, 0x00, 0x33, 0x20, 0xf5, 0x2f, 0x32, 0x20, 0x77, 0x00, 0x33, 0x20, 0xed,
  0x2f, 0x32, 0x20, 0x76, 0x00, 0x33, 0x20, 0xfc, 0x2f, 0x32, 0x20, 0x75, 0x00, 0x33, 0x20, 0xf4,
  0x2f, 0x32, 0x20, 0x74, 0x00, 0x33, 0x20, 0xf4, 0x2a, 0x32, 0x20, 0x73, 0x00, 0x33, 0x20, 0xec,
  0x2a, 0x32, 0x20, 0x72, 0x00, 0x33, 0x20, 0xfb, 0x2a, 0x32, 0x20, 0x71, 0x00, 0x33, 0x20, 0xf3,
  0x2a, 0x32, 0x20, 0x70, 0x00, 0x33, 0x20, 0xeb, 0x2a, 0x32, 0x20, 0x6f, 0x00, 0x33, 0x20, 0xfa,
  0x2a, 0x32, 0x20, 0x6e, 0x00, 0x33, 0x20, 0xf2, 0x2a, 0x32, 0x20, 0x6d, 0x00, 0x33, 0x20, 0xea,
  0x2a, 0x32, 0x20, 0x6c, 0x00, 0x33, 0x20, 0xf9, 0x2a, 0x32, 0x20, 0x6b, 0x00, 0x33, 0x20, 0xf3,
  0x23, 0x32, 0x20, 0x6a, 0x00, 0x33, 0x20, 0xeb, 0x23, 0x32, 0x20, 0x69, 0x00, 0x33, 0x20, 0xfa,
  0x23, 0x32, 0x20, 0x68, 0x00, 0x33, 0x20, 0xf2, 0x23, 0x32, 0x20, 0x67, 0x00, 0x33, 0x20, 0xea,
  0x23, 0x32, 0x20, 0x66, 0x00, 0x33, 0x20, 0xf9, 0x23, 0x32, 0x20, 0x65, 0x00, 0x33, 0x20, 0xf1,
  0x23, 0x32, 0x20, 0x64, 0x00, 0x33, 0x20, 0xcc, 0x21, 0x32, 0x20, 0x63, 0x00, 0x33, 0x20, 0xdb,
  0x21, 0x32, 0x20, 0x62, 0x00, 0x33, 0x20, 0xd3, 0x21, 0x32, 0x20, 0x61, 0x00, 0x33, 0x20, 0xcb,
  0x21, 0x32, 0x20, 0x60, 0x00, 0x33, 0x20, 0xda, 0x21, 0x32, 0x20, 0x5f, 0x00, 0x33, 0x20, 0xd2,
  0x21, 0x32, 0x20, 0x5e, 0x00, 0x33, 0x20, 0xca, 0x21, 0x32, 0x20, 0x5d, 0x00, 0x33, 0x20, 0xd9,
  0x21, 0x32, 0x20, 0x5c, 0x00, 0x33, 0x20, 0xd1, 0x21, 0x32, 0x20, 0x5b, 0x00, 0x33, 0x20, 0xc9,
  0x21, 0x32, 0x20, 0x5a, 0x00, 0x33, 0x20, 0xd8, 0x21, 0x32, 0x20, 0x59, 0x00, 0x33, 0x20, 0x3b,
  0x21, 0x32, 0x20, 0x58, 0x00, 0x33, 0x20, 0x33, 0x21, 0x32, 0x20, 0x57, 0x00, 0x33, 0x20, 0x2b,
  0x21, 0x32, 0x20, 0x56, 0x00, 0x33, 0x20, 0x3a, 0x21, 0x32, 0x20, 0x55, 0x00, 0x33, 0x20, 0x32,
  0x21, 0x32, 0x20, 0x54, 0x00, 0x33, 0x20, 0x2a, 0x21, 0x32, 0x20, 0x53, 0x00, 0x33, 0x20, 0x39,
  0x21, 0x32, 0x20, 0x52, 0x00, 0x33, 0x20, 0x31, 0x21, 0x32, 0x20, 0x51, 0x00, 0x33, 0x20, 0x29,
  0x21, 0x32, 0x20, 0x50, 0x00, 0x33, 0x20, 0x38, 0x21, 0x32, 0x20, 0x4f, 0x00, 0x33, 0x20, 0x30,
  0x21, 0x32, 0x20, 0x4e, 0x00, 0x33, 0x20, 0x28, 0x21, 0x32, 0x20, 0x4d, 0x00, 0x33, 0x20, 0x28,
  0x21, 0x32, 0x20, 0x4c, 0x00, 0x33, 0x20, 0x28, 0x21, 0x32, 0x20, 0x4b, 0x00, 0x33, 0x20, 0x28,
  0x21, 0x32, 0x20, 0x4a, 0x00, 0x33, 0x20, 0x28, 0x21, 0x31, 0x20, 0x20, 0x02, 0x0e, 0x20, 0xc1,
  0x00, 0x00, 0x00, 0x01, 0x00, 0x01, 0x00, 0x00, 0x03, 0x00, 0x00, 0x00, 0x00, 0x00, 0x04, 0x00,
  0x00, 0x00, 0x00, 0x00, 0x00, 0x00, 0x00, 0x00, 0x00, 0x00, 0x73, 0x56, 0x44, 0x36, 0xab, 0xbc,
  0x8a, 0xbc, 0xae, 0x86, 0x69, 0xee, 0xcd, 0x00, 0x12, 0xe3, 0xbb, 0x31, 0xab, 0x38, 0x5e, 0x87,
  0xba, 0xc3, 0x95, 0x25, 0xed, 0x58, 0x13, 0xee, 0xca, 0x0a, 0x3e, 0xaa, 0x6c, 0x6c, 0xf3, 0x9a,
  0x18, 0xa0, 0x8b, 0xa4, 0x52, 0xe6, 0xe3, 0xdc, 0x86, 0xc3, 0x89, 0x29, 0x9a, 0x97, 0x5b, 0x1b,
  0xa9, 0xfc, 0x40, 0xd1, 0xb7, 0x41, 0x8d, 0xf1, 0x33, 0x54, 0x02, 0x33, 0x8c, 0xb5, 0x72, 0xe3,
  0xa1, 0x58, 0xa3, 0x92, 0x98, 0xe6, 0x81, 0x95, 0xfe, 0x77, 0xfe, 0x31, 0x88, 0x00, 0x01, 0xf2,
  0xb5, 0x13, 0x95, 0x8e, 0xa4, 0x71, 0x1c, 0xc9, 0xf7, 0x00, 0x98, 0xe6, 0xac, 0x8c, 0xa6, 0x58,
  0xb3, 0x96, 0x28, 0xac, 0x53, 0xbb, 0x25, 0xa3, 0xbd, 0x59, 0xc3, 0xda, 0xbd, 0x1a, 0x2e, 0x5a,
  0x96, 0x51, 0x2b, 0xcd, 0xae, 0x73, 0x68, 0x12, 0xad, 0x12, 0x4c, 0xda, 0xb0, 0xaf, 0xf4, 0x0e,
  0x32, 0x54, 0x17, 0xd0, 0xa5, 0xfb, 0xf0, 0xb9, 0x58, 0x43, 0x55, 0xb3, 0xce, 0x51, 0x17, 0x3f,
  0x31, 0xea, 0xe6, 0xbd, 0xa2, 0x12, 0x21, 0x8d, 0x97, 0x39, 0x8b, 0x7d, 0x07, 0x7c, 0xe2, 0x02,
  0x05, 0x50, 0x9b, 0x74, 0xe6, 0x36, 0xd3, 0xc6, 0xa3, 0x58, 0x4d, 0xe3, 0xbb, 0xe6, 0x62, 0x5d,
  0x06, 0x13, 0x12, 0xff, 0x04, 0x45, 0xa5, 0x0f, 0xc5, 0x00, 0x5d, 0x89, 0xa4, 0xef, 0x23, 0x45,
  0xab, 0x45, 0x1a, 0xd2, 0x45, 0x1c, 0x3a, 0x9e, 0x74, 0x4d, 0xf6, 0xab, 0x45, 0xa6, 0x35, 0x12,
  0xab, 0x1b, 0x32, 0xe5, 0xa4, 0x67, 0xf5, 0xae, 0x12, 0x01, 0xe8, 0x77, 0x1a, 0x3d, 0x36, 0xfc,
  0x0b, 0xc4, 0x26, 0x03, 0x75, 0x0f, 0x93, 0x7a, 0x00, 0xe7, 0x5f, 0x86, 0x94, 0xdc, 0x30, 0x15,
  0xc6, 0x69, 0x91, 0x9c, 0xbf, 0x77, 0xfd, 0xa6, 0x9b, 0x86, 0x98, 0x62, 0x2f, 0xd2, 0x56, 0xb9,
  0x13, 0x36, 0x31, 0x7e, 0xee, 0xb9, 0x25, 0x0c, 0x6a, 0x1c, 0x7d, 0xef, 0xb2, 0x39, 0xb1, 0x67,
  0x01, 0x7c, 0xc3, 0xf7, 0x42, 0x4f, 0x3f, 0xf4, 0x88, 0xfa, 0xbc, 0xa5, 0x23, 0xef, 0xab, 0x4a,
  0x12, 0xeb, 0xab, 0x54, 0x36, 0x10, 0x82, 0xa7, 0x45, 0xcf, 0xac, 0x03, 0x42, 0xff, 0x13, 0xa1,
  0x45, 0x23, 0xa1, 0x45, 0xee, 0x12, 0x3a, 0x66, 0x78, 0x94, 0x5d, 0x19, 0xd6, 0xea, 0x8d, 0xca,
  0x0a, 0x94, 0x7b, 0xbe, 0x14, 0xbf, 0xc9, 0x27, 0xf5, 0x87, 0xec, 0x26, 0x29, 0xc4, 0xf8, 0x59,
  0x92, 0xf2, 0x91, 0x41, 0x09, 0xac, 0x9a, 0x4d, 0x3f, 0xb1, 0x58, 0xaa, 0x3a, 0xfd, 0x7e, 0xa8,
  0x23, 0x47, 0x77, 0xb5, 0x6f, 0x3a, 0x74, 0x06, 0xae, 0x31, 0x28, 0xee, 0x8d, 0xb1, 0x10, 0xee,
  0x41, 0x1e, 0xa3, 0x99, 0x66, 0x4e, 0xd2, 0xbc, 0x93, 0x00, 0x73, 0xe9, 0xf3, 0x63, 0x89, 0x66,
  0x72, 0xbf, 0x87, 0x96, 0x15, 0x4e, 0xcc, 0x0a, 0xe7, 0xf5, 0x1c, 0xa4, 0x85, 0x89, 0x45, 0x95,
  0x0c, 0x15, 0xbf, 0xf8, 0xd8, 0xed, 0x30, 0xea, 0x4b, 0x24, 0x7b, 0xc7, 0x2c, 0x69, 0x26, 0x5f,
  0x46, 0x24, 0x0d, 0x3b, 0x2d, 0x06, 0xfd, 0xbe, 0x96, 0xb1, 0xd1, 0xa4, 0x77, 0x78, 0x54, 0x01,
  0x56, 0x3e, 0x0f, 0xdf, 0x81, 0x8d, 0xaf, 0x68, 0x61, 0x8b, 0x50, 0x9d, 0x0b, 0x70, 0x79, 0x83,
  0xfd, 0x00, 0x95, 0xad, 0x98, 0xcd, 0x36, 0xab, 0x89, 0xc7, 0x36, 0xbb, 0x89, 0x78, 0xa5, 0x69,
  0x00, 0xf9, 0xee, 0xcb, 0x32, 0x30, 0xa1, 0xef, 0x99, 0x29, 0x76, 0x07, 0x90, 0x7b, 0x7a, 0xcb,
  0xef, 0xb0, 0x7e, 0x1d, 0x30, 0x59, 0x63, 0x36, 0x6d, 0xd3, 0xc8, 0xdb, 0x19, 0x70, 0x4a, 0x74,
  0x8b, 0xe9, 0x76, 0x45, 0x06, 0xb3, 0x4d, 0xcc, 0xca, 0x67, 0x93, 0x65, 0xbf, 0x6d, 0x6b, 0xcc,
  0x44, 0x50, 0x34, 0xf4, 0xfd, 0xbe, 0xb4, 0x7b, 0xfb, 0x00, 0xf8, 0xa3, 0x12, 0xe3, 0xbb, 0xcb,
  0x96, 0x9f, 0x87, 0x48, 0x32, 0x69, 0x32, 0xee, 0xab, 0xbb, 0xac, 0x24, 0x53, 0x71, 0x89, 0xca,
  0xab, 0x01, 0xc6, 0x5b, 0x8e, 0xb2, 0xf7, 0xf7, 0xca, 0x71, 0x53, 0x6a, 0x6e, 0x23, 0xaa, 0x58,
  0xfe, 0xed, 0x49, 0x74, 0xf4, 0x99, 0x65, 0xd0, 0xa6, 0xbf, 0x7a, 0x38, 0x9f, 0xf9, 0x73, 0x44,
  0xa9, 0x47, 0xf3, 0x97, 0xdb, 0x4d, 0x1b, 0xeb, 0x48, 0x79, 0x08, 0xe8, 0xb7, 0xa8, 0x76, 0x77,
  0x72, 0x00, 0x98, 0x56, 0xab, 0x96, 0xcd, 0xcd, 0xab, 0xeb, 0x86, 0xa4, 0x32, 0x98, 0x36, 0xcc,
  0xab, 0xbe, 0xaa, 0x85, 0x39, 0x36, 0x98, 0xce, 0x32, 0x6d, 0x53, 0x8c, 0x1f, 0x34, 0x37, 0xb7,
  0xdd, 0xc3, 0x6c, 0x2e, 0xb6, 0xf3, 0x13, 0xfa, 0x97, 0x97, 0x5f, 0xf2, 0x94, 0xec, 0x9d, 0xbe,
  0x00, 0xcd, 0xd9, 0xce, 0x23, 0x54, 0x90, 0xe4, 0x1f, 0x38, 0xc1, 0xa8, 0x5c, 0x66, 0xa8, 0x45,
  0x89, 0xb7, 0x46, 0x4f, 0x00, 0x6f, 0xb1, 0xba, 0x10, 0x0e, 0x0e, 0x68, 0xba, 0x41, 0x3a, 0x2f,
  0xc5, 0x41, 0x3a, 0x2f, 0xc5, 0x00, 0x00, 0x00, 0x00, 0x00, 0x00, 0x00, 0x00, 0x00, 0x00, 0x00,
  0x00, 0x00, 0x00, 0x00, 0x00, 0x00, 0x00, 0x00, 0x00, 0x00, 0x00, 0x00, 0x00, 0x00, 0x00, 0x00,
  0x00, 0x00, 0x00, 0x00, 0x00, 0x00, 0x00, 0x00, 0x00, 0x00, 0x00, 0x00, 0x00, 0x00, 0x00, 0x00,
  0x00, 0x00, 0x00, 0x00, 0x00, 0x00, 0x00, 0x00, 0x00, 0x00, 0x00, 0x00, 0x00, 0x00, 0x00, 0x00,
  0x00, 0x00, 0x00, 0x00, 0xff, 0x13, 0x01, 0x00, 0x51, 0x04, 0xfd, 0x77
};
#endif

#endif
